<personil_kemhan><nopeg>196511281993032001</nopeg><nip>030222780</nip><nrp_nip>196511281993032001</nrp_nip><nama>SITI ROSYATI</nama><tempat_lahir>Jakarta</tempat_lahir><tgl_lahir>1965-11-28</tgl_lahir><jenis_kelamin>PEREMPUAN</jenis_kelamin><unit_organisasi>U.O. KEMHAN</unit_organisasi><jenis_personil>PNS</jenis_personil><pangkat>PENATA MUDA TK.I III/B</pangkat><pangkat_corps>PENATA MUDA TK.I III/B </pangkat_corps><tmt_pangkat>2013-04-01</tmt_pangkat><angkatan_korps>PNS</angkatan_korps><sumber_pa_gol_3>UJIAN DINAS</sumber_pa_gol_3><tmt_pa_gol_3>2009-04-01</tmt_pa_gol_3><kategori_pangkat>III/B</kategori_pangkat><jabatan>PENGADMINISTRASI TATA USAHA SUBBAG TU BIRO BAG DUKMIN SEKJEN</jabatan><satker>ROTU SETJEN KEMHAN</satker><kode_jabatan>ANGGOTA</kode_jabatan><tmt_jabatan>2014-12-31</tmt_jabatan><eselon_jabatan>99</eselon_jabatan><kategori>ORGANIK</kategori><tmt_tni>1994-07-01</tmt_tni><tmt_kemhan>1993-03-01</tmt_kemhan><agama>ISLAM</agama><file_foto_1>foto/196511281993032001.jpg</file_foto_1><file_foto_2>foto/030222780.jpg</file_foto_2><riwayat_pangkat><pangkat><pangkat>CAPEG II/A</pangkat><tmt_pkt>1993-03-01</tmt_pkt><no_skep>SKEP/1833/VII/1993</no_skep><tgl_skep>1993-07-05</tgl_skep></pangkat><pangkat><pangkat>PENGATUR MUDA II/A</pangkat><tmt_pkt>1994-07-01</tmt_pkt><no_skep>SKEP/711/VI/1994</no_skep><tgl_skep>1994-06-28</tgl_skep></pangkat><pangkat><pangkat>PENGATUR MUDA TK.I  II/B</pangkat><tmt_pkt>1997-04-01</tmt_pkt><no_skep>03-09/00040/KEP/IV/97</no_skep><tgl_skep>1997-05-21</tgl_skep></pangkat><pangkat><pangkat>PENGATUR II/C</pangkat><tmt_pkt>2001-04-01</tmt_pkt><no_skep>03-09.73/019/KEP/IV/01</no_skep><tgl_skep>2001-05-31</tgl_skep></pangkat><pangkat><pangkat>PENGATUR TK.I II/D</pangkat><tmt_pkt>2005-04-01</tmt_pkt><no_skep>SKEP/170/III/2005</no_skep><tgl_skep>2005-03-14</tgl_skep></pangkat><pangkat><pangkat>PENATA MUDA III/A</pangkat><tmt_pkt>2009-04-01</tmt_pkt><no_skep>KEP/34/III/2009</no_skep><tgl_skep>2009-03-11</tgl_skep></pangkat><pangkat><pangkat>PENATA MUDA TK.I III/B</pangkat><tmt_pkt>2013-04-01</tmt_pkt><no_skep>KEP/278/III/2013</no_skep><tgl_skep>2013-03-27</tgl_skep></pangkat></riwayat_pangkat><riwayat_jabatan><jabatan><jabatan>TURMINMINU &amp; TAKAH SUBBAGRENMINRO ROHUBANLEM</jabatan><tmt_jab>1998-10-01</tmt_jab><no_skep>SKEP/1199/X/1998</no_skep><tgl_skep>1998-10-12</tgl_skep></jabatan><jabatan><jabatan>TURMIN SUBBAGMINMEN BAG TUPIM RO TU</jabatan><tmt_jab>2001-03-01</tmt_jab><no_skep>SKEP/250/III/2001</no_skep><tgl_skep>2001-03-21</tgl_skep></jabatan><jabatan><jabatan>Anggota Subbag Minmen Bag Banminpim Rotu Setjen Dephan</jabatan><tmt_jab>2006-03-01</tmt_jab><no_skep>KEP/192/III/2006</no_skep><tgl_skep>2006-03-21</tgl_skep></jabatan><jabatan><jabatan>ARSIPARIS PELAKSANA ROTU SETJEN KEMHAN</jabatan><tmt_jab>2009-04-01</tmt_jab><no_skep>KEP/195/X/2009</no_skep><tgl_skep>2009-10-26</tgl_skep></jabatan><jabatan><jabatan>PENGOLAH BAHAN TU MENTERI SUBBAG TU MENTERI BAG TU DAN DUKMEN ROTU SETJEN KEMHAN</jabatan><tmt_jab>2011-04-01</tmt_jab><no_skep>KEP/282/IV/2011</no_skep><tgl_skep>2011-04-19</tgl_skep></jabatan><jabatan><jabatan>SEKRETARIS PRIBADI WAMEN SUBBAGDUK WAMEN BAG TU DAN DUK WAMEN ROTU SETJEN KEMHAN</jabatan><tmt_jab>2012-08-01</tmt_jab><no_skep>KEP/624/VIII/2012</no_skep><tgl_skep>2012-08-03</tgl_skep></jabatan><jabatan><jabatan>PENGADMINISTRASI TATA USAHA SUBBAG TU BIRO BAG DUKMIN SEKJEN ROTU SETJEN KEMHAN</jabatan><tmt_jab>2014-12-31</tmt_jab><no_skep>KEP/1485/XII/2014</no_skep><tgl_skep>2014-12-18</tgl_skep></jabatan></riwayat_jabatan><riwayat_pendidikan><pendidikan_umum><pendidikan><nama_dik>SEKOLAH DASAR</nama_dik><tahun_lulus>1977</tahun_lulus></pendidikan><pendidikan><nama_dik>SEKOLAH LANJUTAN TINGKAT PERTAMA (SLTP)</nama_dik><tahun_lulus>1981</tahun_lulus></pendidikan><pendidikan><nama_dik>SEKOLAH LANJUTAN TINGKAT ATAS (SLTA)</nama_dik><tahun_lulus>1984</tahun_lulus></pendidikan></pendidikan_umum><pendidikan_pembentukan><pendidikan><nama_dik>TAR P4</nama_dik><tahun_lulus>1993</tahun_lulus></pendidikan><pendidikan><nama_dik>LATPRAJAB</nama_dik><tahun_lulus>1993</tahun_lulus></pendidikan><pendidikan><nama_dik>SOSIALISASI JAB FUNGSIONAL ARSIPARIS</nama_dik><tahun_lulus>2004</tahun_lulus></pendidikan><pendidikan><nama_dik>PENATARAN KESEKRETARIATAN</nama_dik><tahun_lulus>2006</tahun_lulus></pendidikan></pendidikan_pembentukan></riwayat_pendidikan><riwayat_penugasan></riwayat_penugasan><riwayat_tanda_jasa><tanda_jasa><nama_tanda_jasa>SATYALANCANA KARYA SATYA X TAHUN</nama_tanda_jasa><no_skep>KEPPRES RI NO 095/TK/TH 2006</no_skep><tgl_skep>2006-11-23</tgl_skep></tanda_jasa><tanda_jasa><nama_tanda_jasa>SATYALANCANA KARYA SATYA XX TAHUN</nama_tanda_jasa><no_skep>KEPPRES RI NOMOR:104/TK/TAHUN 2013</no_skep><tgl_skep>2013-12-30</tgl_skep></tanda_jasa></riwayat_tanda_jasa><riwayat_bahasa><bahasa><nama_bahasa>INGGRIS</nama_bahasa><keterangan>PASIF</keterangan></bahasa><bahasa><nama_bahasa>BUGIS</nama_bahasa><keterangan>AKTIF</keterangan></bahasa></riwayat_bahasa><riwayat_keluarga><keluarga><nama_keluarga>MUKHTAR, SE</nama_keluarga><jenis_kelamin>LAKI-LAKI</jenis_kelamin><tgl_lahir>1962-04-24</tgl_lahir><hubungan>SUAMI</hubungan></keluarga><keluarga><nama_keluarga>RIZKI FAUZIAH</nama_keluarga><jenis_kelamin>PEREMPUAN</jenis_kelamin><tgl_lahir>1996-05-23</tgl_lahir><hubungan>ANAK</hubungan></keluarga><keluarga><nama_keluarga>RIFQI FADHILLAH</nama_keluarga><jenis_kelamin>LAKI-LAKI</jenis_kelamin><tgl_lahir>1999-11-11</tgl_lahir><hubungan>ANAK</hubungan></keluarga></riwayat_keluarga></personil_kemhan>
