<personil_kemhan><nopeg>197211241998031001</nopeg><nip>030241367</nip><nrp_nip>197211241998031001</nrp_nip><nama>Azwandi</nama><tempat_lahir>Palembang</tempat_lahir><tgl_lahir>1972-11-24</tgl_lahir><jenis_kelamin>LAKI-LAKI</jenis_kelamin><unit_organisasi>U.O. KEMHAN</unit_organisasi><jenis_personil>PNS</jenis_personil><pangkat>PENGATUR TK.I II/D</pangkat><pangkat_corps>PENGATUR TK.I II/D </pangkat_corps><tmt_pangkat>2010-10-01</tmt_pangkat><angkatan_korps>PNS</angkatan_korps><kategori_pangkat>II/C</kategori_pangkat><jabatan>PETUGAS RUMGA WAMEN SUBBAG DUKWAMEN BAG DUKMIN WAMEN </jabatan><satker>ROTU SETJEN KEMHAN</satker><kode_jabatan>ANGGOTA</kode_jabatan><tmt_jabatan>2014-12-31</tmt_jabatan><eselon_jabatan>99</eselon_jabatan><kategori>ORGANIK</kategori><tmt_tni>1999-10-01</tmt_tni><tmt_kemhan>1998-03-01</tmt_kemhan><agama>ISLAM</agama><file_foto_1>foto/197211241998031001.jpg</file_foto_1><file_foto_2>foto/030241367.jpg</file_foto_2><riwayat_pangkat><pangkat><pangkat>PENGATUR MUDA II/A</pangkat><tmt_pkt>1999-10-01</tmt_pkt><no_skep>Skep/1004/VIII/1999</no_skep><tgl_skep>1999-08-23</tgl_skep></pangkat><pangkat><pangkat>PENGATUR MUDA TK.I  II/B</pangkat><tmt_pkt>2002-10-01</tmt_pkt><no_skep>Skep/755/VII/2002</no_skep><tgl_skep>2002-07-22</tgl_skep></pangkat><pangkat><pangkat>PENGATUR II/C</pangkat><tmt_pkt>2006-10-01</tmt_pkt><no_skep>Skep/620/VIII/2006</no_skep><tgl_skep>2006-08-24</tgl_skep></pangkat><pangkat><pangkat>PENGATUR TK.I II/D</pangkat><tmt_pkt>2010-10-01</tmt_pkt><no_skep>Kep/634/IX/2010</no_skep><tgl_skep>2010-09-07</tgl_skep></pangkat></riwayat_pangkat><riwayat_jabatan><jabatan><jabatan>ANGGOTA RENMINRO BAG TU SETJEN</jabatan><tmt_jab>1999-12-30</tmt_jab><tgl_skep>1899-12-30</tgl_skep></jabatan><jabatan><jabatan>TURMINU UMUM RENMINRO BAG TU ROTU</jabatan><tmt_jab>2001-05-01</tmt_jab><no_skep>SKEP/357/V/2001</no_skep><tgl_skep>2001-05-01</tgl_skep></jabatan><jabatan><jabatan>Anggota Subbag Banum Sahli Bagbanumpim Rotu Setjen Dephan</jabatan><tmt_jab>2006-03-01</tmt_jab><no_skep>Skep/192/III/2006</no_skep><tgl_skep>2006-03-01</tgl_skep></jabatan><jabatan><jabatan>AGENDARIS SUBBAG TU BIRO BAG TU DUK SEKJEN ROTU SETJEN KEMHAN</jabatan><tmt_jab>2011-04-01</tmt_jab><no_skep>KEP/282/IV/2011</no_skep><tgl_skep>2011-04-19</tgl_skep></jabatan><jabatan><jabatan>OPERATOR KOMPUTER SABBAG DUKMEN BAG TU DAN DUKMEN ROTU SETJEN KEMHAN</jabatan><tmt_jab>2014-03-17</tmt_jab><no_skep>KEP/253/III/2014</no_skep><tgl_skep>2014-03-18</tgl_skep></jabatan><jabatan><jabatan>PETUGAS RUMGA WAMEN SUBBAG DUKWAMEN BAG DUKMIN WAMEN  ROTU SETJEN KEMHAN</jabatan><tmt_jab>2014-12-31</tmt_jab><no_skep>KEP/1485/XII/2014</no_skep><tgl_skep>2014-12-18</tgl_skep></jabatan></riwayat_jabatan><riwayat_pendidikan><pendidikan_umum><pendidikan><nama_dik>SEKOLAH DASAR</nama_dik><tahun_lulus>1985</tahun_lulus></pendidikan><pendidikan><nama_dik>SEKOLAH LANJUTAN TINGKAT PERTAMA (SLTP)</nama_dik><tahun_lulus>1988</tahun_lulus></pendidikan><pendidikan><nama_dik>SEKOLAH LANJUTAN TINGKAT ATAS (SLTA)</nama_dik><tahun_lulus>1991</tahun_lulus></pendidikan></pendidikan_umum><pendidikan_pembentukan><pendidikan><nama_dik>LATPRAJAB TK II</nama_dik><tahun_lulus>1999</tahun_lulus></pendidikan></pendidikan_pembentukan></riwayat_pendidikan><riwayat_penugasan></riwayat_penugasan><riwayat_tanda_jasa></riwayat_tanda_jasa><riwayat_bahasa></riwayat_bahasa><riwayat_keluarga><keluarga><nama_keluarga>ERLINDA ADAMI</nama_keluarga><jenis_kelamin>PEREMPUAN</jenis_kelamin><tgl_lahir>1974-01-16</tgl_lahir><hubungan>ISTRI</hubungan></keluarga><keluarga><nama_keluarga>AQIL SALIMI</nama_keluarga><jenis_kelamin>LAKI-LAKI</jenis_kelamin><tgl_lahir>2008-11-17</tgl_lahir><hubungan>ANAK</hubungan></keluarga></riwayat_keluarga></personil_kemhan>
