<personil_kemhan><nopeg>86976</nopeg><nip>86976</nip><nrp_nip>86976L</nrp_nip><nama>RENI INDARTI PUJI RAHAYU</nama><tempat_lahir>Madiun</tempat_lahir><tgl_lahir>1976-12-06</tgl_lahir><jenis_kelamin>PEREMPUAN</jenis_kelamin><unit_organisasi>U.O. KEMHAN</unit_organisasi><jenis_personil>TNI</jenis_personil><pangkat>PELDA</pangkat><pangkat_corps>PELDA (NAV/W)L</pangkat_corps><tmt_pangkat>2014-10-01</tmt_pangkat><angkatan_korps>TNI AL</angkatan_korps><kategori_pangkat>PELDA</kategori_pangkat><jabatan>OPERATOR KOMPUTER SUBBAG MIN WAMEN BAG DUKMIN WAMEN</jabatan><satker>ROTU SETJEN KEMHAN</satker><kode_jabatan>ANGGOTA</kode_jabatan><tmt_jabatan>2014-12-31</tmt_jabatan><eselon_jabatan>99</eselon_jabatan><kategori>ORGANIK</kategori><tmt_tni>1996-07-30</tmt_tni><tmt_kemhan>2002-03-07</tmt_kemhan><agama>ISLAM</agama><file_foto_1>foto/86976.jpg</file_foto_1><file_foto_2>foto/86976.jpg</file_foto_2><riwayat_pangkat><pangkat><pangkat>SERDA</pangkat><tmt_pkt>1996-09-26</tmt_pkt><no_skep>SKEP/6304/VII/1996</no_skep><tgl_skep>1996-07-30</tgl_skep></pangkat><pangkat><pangkat>SERTU</pangkat><tmt_pkt>2000-10-01</tmt_pkt><no_skep>SKEP/1493/IX/2000</no_skep><tgl_skep>2000-09-25</tgl_skep></pangkat><pangkat><pangkat>SERKA</pangkat><tmt_pkt>2004-10-01</tmt_pkt><no_skep>SKEP/242/IX/2004</no_skep><tgl_skep>2004-09-28</tgl_skep></pangkat><pangkat><pangkat>SERMA</pangkat><tmt_pkt>2009-10-01</tmt_pkt><no_skep>ST SEKJEN NOMOR : ST/18/2009</no_skep><tgl_skep>2009-09-29</tgl_skep></pangkat><pangkat><pangkat>PELDA</pangkat><tmt_pkt>2014-10-01</tmt_pkt><no_skep>KEP/1326/IX/2014</no_skep><tgl_skep>2014-10-01</tgl_skep></pangkat></riwayat_pangkat><riwayat_jabatan><jabatan><jabatan>TURTIK/OP.KOMPUTER SUBBAGDUKUMPIM BAGBANUMPIM ROTU</jabatan><tmt_jab>2002-03-07</tmt_jab><no_skep>ST/117/2002</no_skep><tgl_skep>2002-01-31</tgl_skep></jabatan><jabatan><jabatan>SPRI STAF KHUSUS MENHAN ANGGOTA SUBBAG MIN SAHLI BAG BANMINPIN  ROTU SETJEN KEMHAN</jabatan><tmt_jab>2006-01-26</tmt_jab><no_skep>SPRIN/09/I/2006</no_skep><tgl_skep>2005-12-31</tgl_skep></jabatan><jabatan><jabatan>PETUGAS ADMINISTRASI PADA SUBBAG TU SAHLI BAG TU DUKMEN ROTU SETJEN KEMHAN</jabatan><tmt_jab>2010-07-19</tmt_jab><no_skep>Kep/516/VII/2010</no_skep><tgl_skep>2010-07-27</tgl_skep></jabatan><jabatan><jabatan>OPERATOR KOMPUTER SUBBAG DUK SEKJEN BAG TU DAN DUK SEKJEN</jabatan><tmt_jab>2011-04-01</tmt_jab><no_skep>Kep/282/IV/2011</no_skep><tgl_skep>2011-04-19</tgl_skep></jabatan><jabatan><jabatan>OPERATOR KOMPUTER SUBBAG MIN WAMEN BAG DUKMIN WAMEN ROTU SETJEN KEMHAN</jabatan><tmt_jab>2014-12-31</tmt_jab><no_skep>KEP/1485/XII/2014</no_skep><tgl_skep>2014-12-18</tgl_skep></jabatan><jabatan><jabatan>BA. NAGI KRI TPL-535</jabatan></jabatan><jabatan><jabatan>BA. NAGI KRI TCB-532</jabatan></jabatan><jabatan><jabatan>BA. OPERATOR KOMP. KOLATARMABAR</jabatan></jabatan></riwayat_jabatan><riwayat_pendidikan><pendidikan_umum><pendidikan><nama_dik>SEKOLAH DASAR</nama_dik><tahun_lulus>1986</tahun_lulus></pendidikan><pendidikan><nama_dik>SEKOLAH LANJUTAN TINGKAT PERTAMA (SLTP)</nama_dik><tahun_lulus>1992</tahun_lulus></pendidikan><pendidikan><nama_dik>SEKOLAH LANJUTAN TINGKAT ATAS (SLTA)</nama_dik><tahun_lulus>1995</tahun_lulus></pendidikan><pendidikan><nama_dik>SARJANA MUDA (D.III)</nama_dik><tahun_lulus>2002</tahun_lulus></pendidikan></pendidikan_umum><pendidikan_pembentukan><pendidikan><nama_dik>SECABA PK XV</nama_dik><tahun_lulus>1996</tahun_lulus></pendidikan></pendidikan_pembentukan></riwayat_pendidikan><riwayat_penugasan></riwayat_penugasan><riwayat_tanda_jasa><tanda_jasa><nama_tanda_jasa>SATYALANCANA KESETIAAN VIII TAHUN</nama_tanda_jasa><no_skep>KEP/61/I/2009</no_skep><tgl_skep>2009-01-21</tgl_skep></tanda_jasa><tanda_jasa><nama_tanda_jasa>SATYALANCANA KESETIAAN XVI TAHUN</nama_tanda_jasa></tanda_jasa></riwayat_tanda_jasa><riwayat_bahasa><bahasa><nama_bahasa>JAWA</nama_bahasa><keterangan>AKTIF</keterangan></bahasa><bahasa><nama_bahasa>INGGRIS</nama_bahasa><keterangan>AKTIF</keterangan></bahasa><bahasa><nama_bahasa>INDONESIA</nama_bahasa><keterangan>AKTIF</keterangan></bahasa></riwayat_bahasa><riwayat_keluarga><keluarga><nama_keluarga>Wahyu Mujiono</nama_keluarga><jenis_kelamin>LAKI-LAKI</jenis_kelamin><tgl_lahir>1966-09-30</tgl_lahir><hubungan>SUAMI</hubungan></keluarga><keluarga><nama_keluarga>Shafara B.Y. Mujiono</nama_keluarga><jenis_kelamin>LAKI-LAKI</jenis_kelamin><tgl_lahir>2005-04-06</tgl_lahir><hubungan>ANAK</hubungan></keluarga><keluarga><nama_keluarga>Rabbafa N.W. Mujiono</nama_keluarga><jenis_kelamin>LAKI-LAKI</jenis_kelamin><tgl_lahir>2007-03-23</tgl_lahir><hubungan>ANAK</hubungan></keluarga></riwayat_keluarga></personil_kemhan>
