<personil_kemhan><nopeg>196503191992031001</nopeg><nip>030218155</nip><nrp_nip>196503191992031001</nrp_nip><nama>BAMBANG RUKMANTARA</nama><gelar>A.Md.</gelar><tempat_lahir>Jakarta</tempat_lahir><tgl_lahir>1965-03-19</tgl_lahir><jenis_kelamin>LAKI-LAKI</jenis_kelamin><unit_organisasi>U.O. KEMHAN</unit_organisasi><jenis_personil>PNS</jenis_personil><pangkat>PENATA III/C</pangkat><pangkat_corps>PENATA III/C </pangkat_corps><tmt_pangkat>2011-04-01</tmt_pangkat><angkatan_korps>PNS</angkatan_korps><sumber_pa_gol_3>REGULAR</sumber_pa_gol_3><tmt_pa_gol_3>2003-04-01</tmt_pa_gol_3><kategori_pangkat>III/C</kategori_pangkat><jabatan>PENYUSUN BAHAN ORTALA SUBBAG KEPEG BAGUM</jabatan><satker>SET DITJEN STRAHAN KEMHAN</satker><kode_jabatan>ANGGOTA</kode_jabatan><tmt_jabatan>2015-07-29</tmt_jabatan><eselon_jabatan>99</eselon_jabatan><kategori>ORGANIK</kategori><tmt_tni>1993-06-01</tmt_tni><tmt_kemhan>1992-03-01</tmt_kemhan><agama>ISLAM</agama><file_foto_1>foto/196503191992031001.jpg</file_foto_1><file_foto_2>foto/030218155.jpg</file_foto_2><riwayat_pangkat><pangkat><pangkat>CAPEG II/B</pangkat><tmt_pkt>1992-03-01</tmt_pkt><no_skep>SKEP/849/VI/1992</no_skep><tgl_skep>1992-06-30</tgl_skep></pangkat><pangkat><pangkat>PENGATUR MUDA TK.I  II/B</pangkat><tmt_pkt>1993-06-01</tmt_pkt><no_skep>SKEP/1399/V/1993</no_skep><tgl_skep>1993-05-15</tgl_skep></pangkat><pangkat><pangkat>PENGATUR II/C</pangkat><tmt_pkt>1995-04-01</tmt_pkt><no_skep>03.09/04717/KEP/IV/1995</no_skep><tgl_skep>1995-06-06</tgl_skep></pangkat><pangkat><pangkat>PENGATUR TK.I II/D</pangkat><tmt_pkt>1999-04-01</tmt_pkt><no_skep>03.09.00/025/KEP/IV/1999</no_skep><tgl_skep>1999-04-23</tgl_skep></pangkat><pangkat><pangkat>PENATA MUDA III/A</pangkat><tmt_pkt>2003-04-01</tmt_pkt><no_skep>SKEP/484/IV/2003</no_skep><tgl_skep>2003-04-21</tgl_skep></pangkat><pangkat><pangkat>PENATA MUDA TK.I III/B</pangkat><tmt_pkt>2007-04-01</tmt_pkt><no_skep>SKEP/153/III/2007</no_skep><tgl_skep>2007-03-06</tgl_skep></pangkat><pangkat><pangkat>PENATA III/C</pangkat><tmt_pkt>2011-04-01</tmt_pkt><no_skep>KEP/208/III/2011</no_skep><tgl_skep>2011-03-28</tgl_skep></pangkat></riwayat_pangkat><riwayat_jabatan><jabatan><jabatan>TURMIN BINJAS SUBBAGWATJAH BAGPERS ROUM SETJEN DEPHAN</jabatan><tmt_jab>1998-09-01</tmt_jab><no_skep>SKEP/1121/IX/1998</no_skep><tgl_skep>1998-09-14</tgl_skep></jabatan><jabatan><jabatan>TURTIH BINJAS SUBBAGBINJAS BAGWATPEG ROPEG SETJEN DEPHAN</jabatan><tmt_jab>2001-03-01</tmt_jab><no_skep>SKEP/278/III/2001</no_skep><tgl_skep>2001-03-28</tgl_skep></jabatan><jabatan><jabatan>ANGGOTA SUBBAGJAS BAGWATPEG ROPEG SETJEN DEPHAN</jabatan><tmt_jab>2006-03-01</tmt_jab><no_skep>SKEP/201/III/2006</no_skep><tgl_skep>2006-03-27</tgl_skep></jabatan><jabatan><jabatan>Anggota Subbag Rumga Bagum Set Ditjen Strahan</jabatan><tmt_jab>2008-05-15</tmt_jab><no_skep>SKEP/300/V/2008</no_skep><tgl_skep>2008-05-22</tgl_skep></jabatan><jabatan><jabatan>Anggota Subbag Minpeg Bagum Set Ditjen Strahan Dephan</jabatan><tmt_jab>2009-12-01</tmt_jab><no_skep>KEP/251/XII/2009</no_skep><tgl_skep>2009-12-11</tgl_skep></jabatan><jabatan><jabatan>PENGOLAH BINTAL, BINJAS, NTR, CUTI DAN IJIN SUBBAG RUMGA BAGUM SET DITJEN STRAHAN KEMHAN</jabatan><tmt_jab>2010-06-23</tmt_jab><no_skep>KEP/424/VI/2010</no_skep><tgl_skep>2010-06-25</tgl_skep></jabatan><jabatan><jabatan>PENYUSUN BAHAN RENCANA BINPEG SUBBAG KEPEG BAGUM DITJEN STRAHAN KEMHAN</jabatan><tmt_jab>2011-04-01</tmt_jab><no_skep>KEP/287/IV/2011</no_skep><tgl_skep>2011-04-19</tgl_skep></jabatan><jabatan><jabatan>PENYUSUN BAHAN RENCANA BINPEG SUBBAG KEPEG BAGUM SET DITJEN STRAHAN KEMHAN</jabatan><tmt_jab>2014-12-31</tmt_jab><no_skep>KEP/1494/XII/2014</no_skep><tgl_skep>2014-12-18</tgl_skep></jabatan><jabatan><jabatan>PENYUSUN BAHAN ORTALA SUBBAG KEPEG BAGUM SET DITJEN STRAHAN KEMHAN</jabatan><tmt_jab>2015-07-29</tmt_jab><no_skep>KEP/729/VIII/2015</no_skep><tgl_skep>2015-08-10</tgl_skep></jabatan></riwayat_jabatan><riwayat_pendidikan><pendidikan_umum><pendidikan><nama_dik>SEKOLAH DASAR</nama_dik><tahun_lulus>1979</tahun_lulus></pendidikan><pendidikan><nama_dik>SEKOLAH MENENGAH PERTAMA (SMP)</nama_dik><tahun_lulus>1982</tahun_lulus></pendidikan><pendidikan><nama_dik>STM</nama_dik><tahun_lulus>1985</tahun_lulus></pendidikan><pendidikan><nama_dik>SARJANA MUDA (D.III)</nama_dik><tahun_lulus>1990</tahun_lulus></pendidikan></pendidikan_umum><pendidikan_pembentukan><pendidikan><nama_dik>LATPRAJAB TK II</nama_dik><tahun_lulus>1992</tahun_lulus></pendidikan><pendidikan><nama_dik>TAR P4</nama_dik><tahun_lulus>1992</tahun_lulus></pendidikan><pendidikan><nama_dik>ADUM</nama_dik><tahun_lulus>1999</tahun_lulus></pendidikan><pendidikan><nama_dik>TAR BELA NEGARA II KEMHAN</nama_dik><tahun_lulus>2013</tahun_lulus></pendidikan><pendidikan><nama_dik>PELATIHAN MANAJEMEN SDM PERTAHANAN NEGARA</nama_dik><tahun_lulus>2016</tahun_lulus></pendidikan></pendidikan_pembentukan></riwayat_pendidikan><riwayat_penugasan><penugasan><negara>THAILAND</negara><tahun>1989</tahun><uraian>TIM BOLA VOLI JUNIOR PELAJAR</uraian></penugasan><penugasan><negara>KOREA SELATAN</negara><tahun>1992</tahun><uraian>PERTUKARAN BOLA VOLI PELAJAR ASIA</uraian></penugasan><penugasan><negara>SINGAPORE</negara><tahun>1997</tahun><uraian>TIM BOLA VOLI JUNIOR PELAJAR</uraian></penugasan><penugasan><negara>MALAYSIA</negara><tahun>1999</tahun><uraian>PERTUKARAN BOLA VOLI JUNIOR PELAJAR ASEAN</uraian></penugasan><penugasan><negara>INDONESIA</negara><tahun>2005</tahun><uraian>KEJUARAAN BOLA VOLI JUNIOR SURABAYA</uraian></penugasan><penugasan><negara>INDONESIA</negara><tahun>2014</tahun><uraian>KEJUARAAN BOLA VOLI JUNIOR GRESIK</uraian></penugasan></riwayat_penugasan><riwayat_tanda_jasa><tanda_jasa><nama_tanda_jasa>SATYALANCANA KARYA SATYA X TAHUN</nama_tanda_jasa><no_skep>KEPPRES RI NO. 028/TK/TAHUN 2006</no_skep><tgl_skep>2006-06-01</tgl_skep></tanda_jasa></riwayat_tanda_jasa><riwayat_bahasa><bahasa><nama_bahasa>SUNDA</nama_bahasa><keterangan>AKTIF</keterangan></bahasa><bahasa><nama_bahasa>INGGRIS</nama_bahasa><keterangan>PASIF</keterangan></bahasa></riwayat_bahasa><riwayat_keluarga><keluarga><nama_keluarga>IDA FARIDA, S.E.</nama_keluarga><jenis_kelamin>PEREMPUAN</jenis_kelamin><tgl_lahir>1971-06-28</tgl_lahir><hubungan>ISTRI</hubungan></keluarga><keluarga><nama_keluarga>ANGGA SAPUTRA RUKMANTARA</nama_keluarga><jenis_kelamin>LAKI-LAKI</jenis_kelamin><tgl_lahir>1996-07-25</tgl_lahir><hubungan>ANAK</hubungan></keluarga><keluarga><nama_keluarga>CYNTHIA ANGGRAINI NOVITASARI</nama_keluarga><jenis_kelamin>PEREMPUAN</jenis_kelamin><tgl_lahir>1998-11-23</tgl_lahir><hubungan>ANAK</hubungan></keluarga><keluarga><nama_keluarga>RIVAN FADILLA RUKMANTARA</nama_keluarga><jenis_kelamin>LAKI-LAKI</jenis_kelamin><tgl_lahir>2001-09-13</tgl_lahir><hubungan>ANAK</hubungan></keluarga></riwayat_keluarga></personil_kemhan>
