<personil_kemhan><nopeg>196912151990032002</nopeg><nip>030205057</nip><nrp_nip>196912151990032002</nrp_nip><nama>TITIN HANISAH</nama><tempat_lahir>Jakarta</tempat_lahir><tgl_lahir>1969-12-15</tgl_lahir><jenis_kelamin>PEREMPUAN</jenis_kelamin><unit_organisasi>U.O. KEMHAN</unit_organisasi><jenis_personil>PNS</jenis_personil><pangkat>PENATA MUDA TK.I III/B</pangkat><pangkat_corps>PENATA MUDA TK.I III/B </pangkat_corps><tmt_pangkat>2009-04-01</tmt_pangkat><angkatan_korps>PNS</angkatan_korps><sumber_pa_gol_3>UJIAN DINAS</sumber_pa_gol_3><tmt_pa_gol_3>2005-04-01</tmt_pa_gol_3><kategori_pangkat>III/B</kategori_pangkat><jabatan>PENGADMINISTRASI KOMITE MEDIK URUM SUBBAG TU RS DR. SUYOTO</jabatan><satker>PUSREHAB KEMHAN</satker><kode_jabatan>FUNGSIONAL</kode_jabatan><tmt_jabatan>2015-08-14</tmt_jabatan><eselon_jabatan>99</eselon_jabatan><kategori>ORGANIK</kategori><tmt_tni>1991-08-01</tmt_tni><tmt_kemhan>1990-03-01</tmt_kemhan><agama>ISLAM</agama><file_foto_1>foto/196912151990032002.jpg</file_foto_1><file_foto_2>foto/030205057.jpg</file_foto_2><riwayat_pangkat><pangkat><pangkat>CAPEG II/A</pangkat><tmt_pkt>1990-03-01</tmt_pkt><no_skep>SKEP/611/IV/1990</no_skep><tgl_skep>1990-04-17</tgl_skep></pangkat><pangkat><pangkat>PENGATUR MUDA II/A</pangkat><tmt_pkt>1991-08-01</tmt_pkt><no_skep>SKEP/1265/VII/1991</no_skep><tgl_skep>1991-07-23</tgl_skep></pangkat><pangkat><pangkat>PENGATUR MUDA TK.I  II/B</pangkat><tmt_pkt>1993-04-01</tmt_pkt><no_skep>KA. BAKN NOMOR : 03-09/00943/KEP/IV/1993</no_skep><tgl_skep>1993-03-16</tgl_skep></pangkat><pangkat><pangkat>PENGATUR II/C</pangkat><tmt_pkt>1997-04-01</tmt_pkt><no_skep>KA. BAKN NOMOR : 03-09/00004/KEP/IV/1997</no_skep><tgl_skep>1997-03-04</tgl_skep></pangkat><pangkat><pangkat>PENGATUR TK.I II/D</pangkat><tmt_pkt>2001-04-01</tmt_pkt><no_skep>KA. BKN NOMOR : 03-09.73/018/KEP/IV/2001</no_skep><tgl_skep>2001-05-31</tgl_skep></pangkat><pangkat><pangkat>PENATA MUDA III/A</pangkat><tmt_pkt>2005-04-01</tmt_pkt><no_skep>SKEP/160/III/2005</no_skep><tgl_skep>2005-03-14</tgl_skep></pangkat><pangkat><pangkat>PENATA MUDA TK.I III/B</pangkat><tmt_pkt>2009-04-01</tmt_pkt><no_skep>KEP MENHAN NOMOR : KEP/34/III/2009</no_skep><tgl_skep>2009-03-11</tgl_skep></pangkat></riwayat_pangkat><riwayat_jabatan><jabatan><jabatan>ANGGOTA RO. ORTALA SETJEN DEPHANKAM</jabatan><tmt_jab>1993-02-01</tmt_jab><no_skep>SPRIN/246/II/1993</no_skep><tgl_skep>1993-02-06</tgl_skep></jabatan><jabatan><jabatan>ANGGOTA RO. ORTALA SETJEN DEPHANKAM ROREN SETJEN KEMHAN</jabatan><tmt_jab>1993-02-01</tmt_jab><no_skep>SKEP/073/I/1993</no_skep><tgl_skep>1993-01-23</tgl_skep></jabatan><jabatan><jabatan>TURMINU SUBBAG RENMINRO BAGLEM ROORTALA</jabatan><tmt_jab>2001-04-01</tmt_jab><no_skep>SKEP/357/V/2001</no_skep><tgl_skep>2001-05-03</tgl_skep></jabatan><jabatan><jabatan>TURMINU SUBBAG RENMINRO BAGLEM RO. ORTALA SETJEN DEPHAN ROREN SETJEN KEMHAN</jabatan><tmt_jab>2001-08-01</tmt_jab><no_skep>SKEP/625/IX/2001</no_skep><tgl_skep>2001-09-03</tgl_skep></jabatan><jabatan><jabatan>Anggota Subbag Minro Bag Lem Roren Setjen Dephan</jabatan><tmt_jab>2006-02-01</tmt_jab><no_skep>SKEP/91/II/2006</no_skep><tgl_skep>2006-02-23</tgl_skep></jabatan><jabatan><jabatan>PENGOLAH BAHAN ANALISIS JABATAN BAGLEM  ROREN SETJEN KEMHAN</jabatan><tmt_jab>2010-06-17</tmt_jab><no_skep>KEP/417/VI/2010</no_skep><tgl_skep>2010-06-24</tgl_skep></jabatan><jabatan><jabatan>PENGOLAH BAHAN ANJAB SUBBAG ANJAB BAGLEM ROREN SETJEN KEMHAN</jabatan><tmt_jab>2011-04-01</tmt_jab><no_skep>KEP/283/IV/2011</no_skep><tgl_skep>2011-04-19</tgl_skep></jabatan><jabatan><jabatan>PENGOLAH BAHAN STANDKOMJAB SUBBAG STANDKOMJAB BAGLEM ROREN SETJEN KEMHAN</jabatan><tmt_jab>2013-10-30</tmt_jab><no_skep>KEP/1108/X/2013</no_skep><tgl_skep>2013-10-31</tgl_skep></jabatan><jabatan><jabatan>ANGGOTA PUSREHAB KEMHAN</jabatan><tmt_jab>2014-11-30</tmt_jab><no_skep>KEP/</no_skep><tgl_skep>2014-11-30</tgl_skep></jabatan><jabatan><jabatan>PENGOLAH MINPEG SUBBAG TU BIRO BAGTALA ROREN SETJEN KEMHAN</jabatan><tmt_jab>2014-12-31</tmt_jab><no_skep>KEP/1485/XII/2014</no_skep><tgl_skep>2014-12-18</tgl_skep></jabatan><jabatan><jabatan>PENGADMINISTRASI KEPEGAWAIAN SUBBAG TU BIRO BAGTALA ROREN SETJEN KEMHAN</jabatan><tmt_jab>2015-04-23</tmt_jab><no_skep>KEP/422/IV/2015</no_skep><tgl_skep>2015-04-27</tgl_skep></jabatan><jabatan><jabatan>PENGOLAH TAGIHAN SUBBAG PROGLAP BAG TU PUSREHAB KEMHAN</jabatan><tmt_jab>2015-06-30</tmt_jab><no_skep>KEP/615/VI/2015</no_skep><tgl_skep>2015-06-30</tgl_skep></jabatan><jabatan><jabatan>PENGADMINISTRASI KOMITE MEDIK URUM SUBBAG TU RS DR. SUYOTO PUSREHAB KEMHAN</jabatan><tmt_jab>2015-08-14</tmt_jab><no_skep>KEP/741/VIII/2015</no_skep><tgl_skep>2015-08-13</tgl_skep></jabatan></riwayat_jabatan><riwayat_pendidikan><pendidikan_umum><pendidikan><nama_dik>SEKOLAH DASAR</nama_dik><tahun_lulus>1982</tahun_lulus></pendidikan><pendidikan><nama_dik>SEKOLAH MENENGAH PERTAMA (SMP)</nama_dik><tahun_lulus>1985</tahun_lulus></pendidikan><pendidikan><nama_dik>SMEA</nama_dik><tahun_lulus>1989</tahun_lulus></pendidikan></pendidikan_umum><pendidikan_pembentukan><pendidikan><nama_dik>LATPRAJAB TK II</nama_dik><tahun_lulus>1990</tahun_lulus></pendidikan><pendidikan><nama_dik>TAR P-4 25 JAM</nama_dik><tahun_lulus>1990</tahun_lulus></pendidikan><pendidikan><nama_dik>SUS MENGETIK</nama_dik><tahun_lulus>1992</tahun_lulus></pendidikan><pendidikan><nama_dik>SUS ARSIP</nama_dik><tahun_lulus>1993</tahun_lulus></pendidikan><pendidikan><nama_dik>UJIAN DINAS</nama_dik><tahun_lulus>2003</tahun_lulus></pendidikan></pendidikan_pembentukan></riwayat_pendidikan><riwayat_penugasan></riwayat_penugasan><riwayat_tanda_jasa><tanda_jasa><nama_tanda_jasa>SATYALANCANA KARYA SATYA X TAHUN</nama_tanda_jasa><no_skep>KEPPRES RI NOMOR 063/TK/TAHUN 2002</no_skep><tgl_skep>2002-09-23</tgl_skep></tanda_jasa><tanda_jasa><nama_tanda_jasa>SATYALANCANA KARYA SATYA XX TAHUN</nama_tanda_jasa><no_skep>KEPPRES RI NO. 27/TK/TAHUN 2010</no_skep><tgl_skep>2010-07-20</tgl_skep></tanda_jasa></riwayat_tanda_jasa><riwayat_bahasa><bahasa><nama_bahasa>SUNDA</nama_bahasa><keterangan>AKTIF</keterangan></bahasa><bahasa><nama_bahasa>INGGRIS</nama_bahasa><keterangan>PASIF</keterangan></bahasa></riwayat_bahasa><riwayat_keluarga><keluarga><nama_keluarga>FATAH HIDAYAT</nama_keluarga><jenis_kelamin>LAKI-LAKI</jenis_kelamin><tgl_lahir>1968-04-25</tgl_lahir><hubungan>SUAMI</hubungan></keluarga><keluarga><nama_keluarga>M ADITYA DARMAWAN</nama_keluarga><jenis_kelamin>LAKI-LAKI</jenis_kelamin><tgl_lahir>1994-12-16</tgl_lahir><hubungan>ANAK</hubungan></keluarga><keluarga><nama_keluarga>M. FITRAYA ADJI PRADANA</nama_keluarga><jenis_kelamin>LAKI-LAKI</jenis_kelamin><tgl_lahir>2001-12-24</tgl_lahir><hubungan>ANAK</hubungan></keluarga><keluarga><nama_keluarga>M. ANJAS MARA PRASETYA</nama_keluarga><jenis_kelamin>LAKI-LAKI</jenis_kelamin><tgl_lahir>2007-03-13</tgl_lahir><hubungan>ANAK</hubungan></keluarga></riwayat_keluarga></personil_kemhan>
