<personil_kemhan><nopeg>196507301987032001</nopeg><nip>030186803</nip><nrp_nip>196507301987032001</nrp_nip><nama>JUHARSIH</nama><tempat_lahir>Jakarta</tempat_lahir><tgl_lahir>1965-07-30</tgl_lahir><jenis_kelamin>PEREMPUAN</jenis_kelamin><unit_organisasi>U.O. KEMHAN</unit_organisasi><jenis_personil>PNS</jenis_personil><pangkat>PENATA III/C</pangkat><pangkat_corps>PENATA III/C </pangkat_corps><tmt_pangkat>2010-10-01</tmt_pangkat><angkatan_korps>PNS</angkatan_korps><sumber_pa_gol_3>UJIAN DINAS</sumber_pa_gol_3><tmt_pa_gol_3>2002-04-01</tmt_pa_gol_3><kategori_pangkat>III/C</kategori_pangkat><jabatan>PENYUSUN BAHAN MINPEGLOG SUBBAG TU BIRO BAGTALA</jabatan><satker>ROREN SETJEN KEMHAN</satker><kode_jabatan>ANGGOTA</kode_jabatan><tmt_jabatan>2014-12-31</tmt_jabatan><eselon_jabatan>99</eselon_jabatan><kategori>ORGANIK</kategori><tmt_tni>1989-01-01</tmt_tni><tmt_kemhan>1990-03-01</tmt_kemhan><agama>ISLAM</agama><file_foto_1>foto/196507301987032001.jpg</file_foto_1><file_foto_2>foto/030186803.jpg</file_foto_2><riwayat_pangkat><pangkat><pangkat>CAPEG I/A</pangkat><tmt_pkt>1987-03-01</tmt_pkt><no_skep>Skep/413/IV/1987</no_skep><tgl_skep>1987-04-14</tgl_skep></pangkat><pangkat><pangkat>PENGATUR MUDA II/A</pangkat><tmt_pkt>1989-01-01</tmt_pkt><no_skep>Skep/1781/XII/1988</no_skep><tgl_skep>1988-12-12</tgl_skep></pangkat><pangkat><pangkat>PENGATUR MUDA TK.I  II/B</pangkat><tmt_pkt>1990-04-01</tmt_pkt><no_skep>Skep/2236/XI/1990</no_skep><tgl_skep>1990-11-05</tgl_skep></pangkat><pangkat><pangkat>PENGATUR II/C</pangkat><tmt_pkt>1994-04-01</tmt_pkt><no_skep>KA. BAKN NOMOR : 03-09/01852/KEP/IV/1994</no_skep><tgl_skep>1994-03-25</tgl_skep></pangkat><pangkat><pangkat>PENGATUR TK.I II/D</pangkat><tmt_pkt>1998-04-01</tmt_pkt><no_skep>KA. BAKN NOMOR : 03-09/00008/KEP/IV/1998</no_skep><tgl_skep>1998-03-26</tgl_skep></pangkat><pangkat><pangkat>PENATA MUDA III/A</pangkat><tmt_pkt>2002-04-01</tmt_pkt><no_skep>Skep/749/VII/2002</no_skep><tgl_skep>2002-07-22</tgl_skep></pangkat><pangkat><pangkat>PENATA MUDA TK.I III/B</pangkat><tmt_pkt>2006-04-01</tmt_pkt><no_skep>Skep/118/II/2006</no_skep><tgl_skep>2006-02-28</tgl_skep></pangkat><pangkat><pangkat>PENATA III/C</pangkat><tmt_pkt>2010-10-01</tmt_pkt><no_skep>KEP MENHAN NOMOR : KEP/643/IX/2010</no_skep><tgl_skep>2010-09-14</tgl_skep></pangkat></riwayat_pangkat><riwayat_jabatan><jabatan><jabatan>Anggota Subdit Veriben Ditdalminku Ditjen Renumgar Dephankam</jabatan><tmt_jab>1990-05-31</tmt_jab><no_skep>Sprin/283/V/1990/DJRA</no_skep><tgl_skep>1990-05-31</tgl_skep></jabatan><jabatan><jabatan>Anggota Subbag Um Ditgarbia Ditjen Renumgar Dephankam</jabatan><tmt_jab>1990-07-26</tmt_jab><no_skep>Sprin/384/VII/1990/DJRA</no_skep><tgl_skep>1990-07-26</tgl_skep></jabatan><jabatan><jabatan>Anggota Ro. Ortala Setjen Dephankam</jabatan><tmt_jab>1993-02-01</tmt_jab><no_skep>Skep/073/I/1993</no_skep><tgl_skep>1993-01-23</tgl_skep></jabatan><jabatan><jabatan>Ps. Pemb. Subbag Tk. IIIAnev Anjab Bag Anjab Ro. Ortala Setjen Dephan</jabatan><tmt_jab>2000-05-01</tmt_jab><no_skep>Skep/351/V/2000</no_skep><tgl_skep>2000-05-29</tgl_skep></jabatan><jabatan><jabatan>Anggota Subbag ANjab Ro. Ortala Setjen Dephan</jabatan><tmt_jab>2001-03-01</tmt_jab><no_skep>Skep/303/IV/2001</no_skep><tgl_skep>2001-04-03</tgl_skep></jabatan><jabatan><jabatan>TURMIN UMUM SUBBAG RENMINRO BAGLEM RO ORTALA</jabatan><tmt_jab>2001-08-01</tmt_jab><no_skep>SKEP/625/IX/2001</no_skep><tgl_skep>2001-09-03</tgl_skep></jabatan><jabatan><jabatan>Anggota Subbag Minro Bag Lem Roren Setjen Dephan</jabatan><tmt_jab>2006-02-01</tmt_jab><no_skep>Skep/91/II/2006</no_skep><tgl_skep>2006-02-23</tgl_skep></jabatan><jabatan><jabatan>Arsiparis Pelaksana Lanjutan Roren Setjen Dephan</jabatan><tmt_jab>2009-04-01</tmt_jab><no_skep>KEP MENHAN : KEP/253/XII/2009</no_skep><tgl_skep>2009-12-11</tgl_skep></jabatan><jabatan><jabatan>Arsiparis Penyelia Roren Setjen Dephan</jabatan><tmt_jab>2010-06-03</tmt_jab><no_skep>KEP MENHAN NO : KEP/392/VI/2010</no_skep><tgl_skep>2010-06-11</tgl_skep></jabatan><jabatan><jabatan>PENGOLAH MINPEG SUBBAG TU BIRO BAGTALA  ROREN SETJEN KEMHAN</jabatan><tmt_jab>2011-04-01</tmt_jab><no_skep>KEP/283/IV/2011</no_skep><tgl_skep>2011-04-19</tgl_skep></jabatan><jabatan><jabatan>PENYUSUN BAHAN MINPEGLOG SUBBAG TU BIRO BAGTALA ROREN SETJEN KEMHAN</jabatan><tmt_jab>2014-12-31</tmt_jab><no_skep>KEP/1485/XII/2014</no_skep><tgl_skep>2014-12-18</tgl_skep></jabatan></riwayat_jabatan><riwayat_pendidikan><pendidikan_umum><pendidikan><nama_dik>SEKOLAH DASAR</nama_dik><tahun_lulus>1980</tahun_lulus></pendidikan><pendidikan><nama_dik>SEKOLAH MENENGAH PERTAMA (SMP)</nama_dik><tahun_lulus>1983</tahun_lulus></pendidikan><pendidikan><nama_dik>SMEA</nama_dik><tahun_lulus>1986</tahun_lulus></pendidikan></pendidikan_umum><pendidikan_pembentukan><pendidikan><nama_dik>LATPRAJAB TK II</nama_dik><tahun_lulus>1987</tahun_lulus></pendidikan><pendidikan><nama_dik>ADUM</nama_dik><tahun_lulus>1999</tahun_lulus></pendidikan><pendidikan><nama_dik>Jukminu Dephan</nama_dik><tahun_lulus>2004</tahun_lulus></pendidikan><pendidikan><nama_dik>SUS ARSIPARIS</nama_dik><tahun_lulus>2010</tahun_lulus></pendidikan></pendidikan_pembentukan></riwayat_pendidikan><riwayat_penugasan></riwayat_penugasan><riwayat_tanda_jasa><tanda_jasa><nama_tanda_jasa>SATYALANCANA KARYA SATYA X TAHUN</nama_tanda_jasa><no_skep>KEPPRES RI NOMOR : 063/TK/TAHUN 2003</no_skep><tgl_skep>2002-09-23</tgl_skep></tanda_jasa><tanda_jasa><nama_tanda_jasa>SATYALANCANA KARYA SATYA XX TAHUN</nama_tanda_jasa><no_skep>KEPPRES RI NOMOR : 023/TK/TAHUN 2007</no_skep><tgl_skep>2007-06-07</tgl_skep></tanda_jasa></riwayat_tanda_jasa><riwayat_bahasa><bahasa><nama_bahasa>JAWA</nama_bahasa><keterangan>AKTIF</keterangan></bahasa><bahasa><nama_bahasa>INGGRIS</nama_bahasa><keterangan>PASIF</keterangan></bahasa></riwayat_bahasa><riwayat_keluarga><keluarga><nama_keluarga>PITONO</nama_keluarga><jenis_kelamin>LAKI-LAKI</jenis_kelamin><tgl_lahir>1963-01-20</tgl_lahir><hubungan>SUAMI</hubungan></keluarga><keluarga><nama_keluarga>FAJAR ABDURRACHMAN W</nama_keluarga><jenis_kelamin>LAKI-LAKI</jenis_kelamin><tgl_lahir>1993-11-15</tgl_lahir><hubungan>ANAK</hubungan></keluarga></riwayat_keluarga></personil_kemhan>
