<personil_kemhan><nopeg>197801022003122001</nopeg><nip>030248698</nip><nrp_nip>197801022003122001</nrp_nip><nama>DINAR MOTIK WANDASARI</nama><gelar>S.Sos</gelar><tempat_lahir>Jakarta</tempat_lahir><tgl_lahir>1978-01-02</tgl_lahir><jenis_kelamin>PEREMPUAN</jenis_kelamin><unit_organisasi>U.O. KEMHAN</unit_organisasi><jenis_personil>PNS</jenis_personil><pangkat>PENATA III/C</pangkat><pangkat_corps>PENATA III/C </pangkat_corps><tmt_pangkat>2012-04-01</tmt_pangkat><angkatan_korps>PNS</angkatan_korps><sumber_pa_gol_3>CAPEG SARJANA</sumber_pa_gol_3><tmt_pa_gol_3>2005-08-01</tmt_pa_gol_3><kategori_pangkat>III/C</kategori_pangkat><jabatan> PENGADMINISTRASI ANGGARAN BELANJA MODAL SUBBAG PROGJAGAR BAG PROGLAP</jabatan><satker>SET BADAN RANAHAN KEMHAN</satker><kode_jabatan>ANGGOTA</kode_jabatan><tmt_jabatan>2011-04-01</tmt_jabatan><eselon_jabatan>99</eselon_jabatan><kategori>ORGANIK</kategori><tmt_tni>2005-08-01</tmt_tni><tmt_kemhan>2003-12-01</tmt_kemhan><agama>ISLAM</agama><file_foto_1>foto/197801022003122001.jpg</file_foto_1><file_foto_2>foto/030248698.jpg</file_foto_2><riwayat_pangkat><pangkat><pangkat>CAPEG III/A</pangkat><tmt_pkt>2003-12-01</tmt_pkt><no_skep>SKEP/208/IV/2004</no_skep><tgl_skep>2004-04-13</tgl_skep></pangkat><pangkat><pangkat>PENATA MUDA III/A</pangkat><tmt_pkt>2005-08-01</tmt_pkt><no_skep>SKEP/658/VIII/2005</no_skep><tgl_skep>2005-08-09</tgl_skep></pangkat><pangkat><pangkat>PENATA MUDA TK.I III/B</pangkat><tmt_pkt>2008-04-01</tmt_pkt><no_skep>SKEP/148/III/2008</no_skep><tgl_skep>2008-03-10</tgl_skep></pangkat><pangkat><pangkat>PENATA III/C</pangkat><tmt_pkt>2012-04-01</tmt_pkt><no_skep>SPRIN/232/III/2012</no_skep><tgl_skep>2012-03-27</tgl_skep></pangkat></riwayat_pangkat><riwayat_jabatan><jabatan><jabatan>Anggota Subbag Anev Bag Opini Rohumas Setjen Dephan</jabatan><tmt_jab>2006-05-01</tmt_jab><no_skep>SKEP/309/V/2006</no_skep><tgl_skep>2006-05-01</tgl_skep></jabatan><jabatan><jabatan>Anggota Subbag Progjagar Bag Proglap Set Ditjen Ranahan</jabatan><tmt_jab>2007-11-01</tmt_jab><no_skep>SKEP/882/XI/2007</no_skep><tgl_skep>2007-11-20</tgl_skep></jabatan><jabatan><jabatan>Anggota Subbag Progjagar Bag Proglap Set Ditjen Ranahan Dephan</jabatan><tmt_jab>2008-08-20</tmt_jab><no_skep>SKEP/437/VIII/2008</no_skep><tgl_skep>2008-08-27</tgl_skep></jabatan><jabatan><jabatan> PENGADMINISTRASI ANGGARAN BELANJA MODAL SUBBAG PROGJAGAR BAG PROGLAP  SET BADAN RANAHAN KEMHAN</jabatan><tmt_jab>2011-04-01</tmt_jab><no_skep>KEP/291/IV/2011</no_skep><tgl_skep>2011-04-19</tgl_skep></jabatan></riwayat_jabatan><riwayat_pendidikan><pendidikan_umum><pendidikan><nama_dik>SEKOLAH DASAR</nama_dik><tahun_lulus>1990</tahun_lulus></pendidikan><pendidikan><nama_dik>SEKOLAH LANJUTAN TINGKAT PERTAMA (SLTP)</nama_dik><tahun_lulus>1993</tahun_lulus></pendidikan><pendidikan><nama_dik>SEKOLAH LANJUTAN TINGKAT ATAS (SLTA)</nama_dik><tahun_lulus>1996</tahun_lulus></pendidikan><pendidikan><nama_dik>D.I</nama_dik><tahun_lulus>1997</tahun_lulus></pendidikan><pendidikan><nama_dik>SARJANA (S1)</nama_dik><tahun_lulus>2002</tahun_lulus></pendidikan></pendidikan_umum><pendidikan_pembentukan><pendidikan><nama_dik>LATPRAJAB</nama_dik><tahun_lulus>2004</tahun_lulus></pendidikan><pendidikan><nama_dik>Suspa Info</nama_dik><tahun_lulus>2007</tahun_lulus></pendidikan><pendidikan><nama_dik>KIBI</nama_dik><tahun_lulus>2011</tahun_lulus></pendidikan></pendidikan_pembentukan></riwayat_pendidikan><riwayat_penugasan></riwayat_penugasan><riwayat_tanda_jasa></riwayat_tanda_jasa><riwayat_bahasa><bahasa><nama_bahasa>INGGRIS</nama_bahasa><keterangan>AKTIF</keterangan></bahasa><bahasa><nama_bahasa>INDONESIA</nama_bahasa><keterangan>AKTIF</keterangan></bahasa></riwayat_bahasa><riwayat_keluarga><keluarga><nama_keluarga>SIDDHI PRAJANTO</nama_keluarga><jenis_kelamin>LAKI-LAKI</jenis_kelamin><tgl_lahir>1972-04-11</tgl_lahir><hubungan>SUAMI</hubungan></keluarga></riwayat_keluarga></personil_kemhan>
