<personil_kemhan><nopeg>197107231992031001</nopeg><nip>030217964</nip><nrp_nip>197107231992031001</nrp_nip><nama>DWI URIP BUDIYANTO</nama><tempat_lahir>Cimahi</tempat_lahir><tgl_lahir>1971-07-23</tgl_lahir><jenis_kelamin>LAKI-LAKI</jenis_kelamin><unit_organisasi>U.O. KEMHAN</unit_organisasi><jenis_personil>PNS</jenis_personil><pangkat>PENATA MUDA TK.I III/B</pangkat><pangkat_corps>PENATA MUDA TK.I III/B </pangkat_corps><tmt_pangkat>2012-04-01</tmt_pangkat><angkatan_korps>PNS</angkatan_korps><sumber_pa_gol_3>UJIAN DINAS</sumber_pa_gol_3><tmt_pa_gol_3>2008-04-01</tmt_pa_gol_3><kategori_pangkat>III/B</kategori_pangkat><jabatan>PENGADMINISTRASI SUBBID ALUTSISTA BID DAYA TEMPUR</jabatan><satker>PUSLITBANG IPTEKHAN BALITBANG KEMHAN</satker><kode_jabatan>ANGGOTA</kode_jabatan><tmt_jabatan>2014-12-31</tmt_jabatan><eselon_jabatan>99</eselon_jabatan><kategori>ORGANIK</kategori><tmt_tni>1993-06-01</tmt_tni><tmt_kemhan>1992-07-01</tmt_kemhan><agama>ISLAM</agama><file_foto_1>foto/197107231992031001.jpg</file_foto_1><file_foto_2>foto/030217964.jpg</file_foto_2><riwayat_pangkat><pangkat><pangkat>CAPEG II/B</pangkat><tmt_pkt>1992-07-01</tmt_pkt><no_skep>SKEP/756/VI/1992</no_skep><tgl_skep>1992-05-22</tgl_skep></pangkat><pangkat><pangkat>PENGATUR MUDA II/A</pangkat><tmt_pkt>1993-06-01</tmt_pkt><no_skep>SKEP/1389/V/1993</no_skep><tgl_skep>1993-05-14</tgl_skep></pangkat><pangkat><pangkat>PENGATUR MUDA TK.I  II/B</pangkat><tmt_pkt>1996-04-01</tmt_pkt><no_skep>03-09/00001/KEP/IV/1996</no_skep><tgl_skep>1996-04-02</tgl_skep></pangkat><pangkat><pangkat>PENGATUR II/C</pangkat><tmt_pkt>2000-04-01</tmt_pkt><no_skep>03-09-00/017/KEP/IV/2000</no_skep><tgl_skep>2000-06-12</tgl_skep></pangkat><pangkat><pangkat>PENGATUR TK.I II/D</pangkat><tmt_pkt>2004-04-01</tmt_pkt><no_skep>SKEP/98/II/2004</no_skep><tgl_skep>2004-02-26</tgl_skep></pangkat><pangkat><pangkat>PENATA MUDA III/A</pangkat><tmt_pkt>2008-04-01</tmt_pkt><no_skep>SKEP/148/III/2008</no_skep><tgl_skep>2008-03-10</tgl_skep></pangkat><pangkat><pangkat>PENATA MUDA TK.I III/B</pangkat><tmt_pkt>2012-04-01</tmt_pkt><no_skep>SPRIN/232/III/2012</no_skep><tgl_skep>2012-03-27</tgl_skep></pangkat></riwayat_pangkat><riwayat_jabatan><jabatan><jabatan>ANGG SUBBAG RENTURO BAG TU</jabatan><tmt_jab>1992-09-11</tmt_jab><no_skep>SPRIN/1852/IX/1992</no_skep><tgl_skep>1992-09-11</tgl_skep></jabatan><jabatan><jabatan>PENGEMUDI BAG TU ROUM</jabatan><tmt_jab>1998-09-01</tmt_jab><no_skep>SKEP/1122/IX/1998</no_skep><tgl_skep>1998-09-14</tgl_skep></jabatan><jabatan><jabatan>TURMINU SUBBAGMINU BAG TU UM BIRO TU</jabatan><tmt_jab>2001-03-01</tmt_jab><no_skep>SKEP/250/III/2001</no_skep><tgl_skep>2001-03-21</tgl_skep></jabatan><jabatan><jabatan>TURMIN SUBBAGPAM VIP BAGPAM ROUM</jabatan><tmt_jab>2001-07-01</tmt_jab><no_skep>SKEP/459/VII/2001</no_skep><tgl_skep>2001-07-01</tgl_skep></jabatan><jabatan><jabatan>ANGGOTA SUBBAGPATJAB BAGBINKARPEG</jabatan><tmt_jab>2005-03-01</tmt_jab><no_skep>SKEP/225/III/2005</no_skep><tgl_skep>2005-03-01</tgl_skep></jabatan><jabatan><jabatan>ANGGOTA SUBBAGJAB BAGKARPEG ROPEG SETJEN DEPHAN</jabatan><tmt_jab>2006-03-01</tmt_jab><no_skep>SKEP/201/III/2006</no_skep><tgl_skep>2006-03-27</tgl_skep></jabatan><jabatan><jabatan>Arsiparis Pelaksana Lanjutan Ropeg Setjen Dephan</jabatan><tmt_jab>2009-10-16</tmt_jab><no_skep>SKEP/154/III/2007</no_skep><tgl_skep>2009-10-16</tgl_skep></jabatan><jabatan><jabatan>PENGADMINISTRASI SUBBAGJAB B BAGKARPEG ROPEG SETJEN KEMHAN</jabatan><tmt_jab>2011-04-01</tmt_jab><no_skep>Kep/281/IV/2011</no_skep><tgl_skep>2011-04-19</tgl_skep></jabatan><jabatan><jabatan>PENGADMINISTRASI KEPEGAWAIAN BAG TU PUSKU KEMHAN</jabatan><tmt_jab>2013-04-01</tmt_jab><no_skep>KEP/403/IV/2013</no_skep><tgl_skep>2013-04-03</tgl_skep></jabatan><jabatan><jabatan>PENGADMINISTRASI BID DAYA TEMPUR  PUSLITBANG IPTEKHAN BALITBANG KEMHAN</jabatan><tmt_jab>2014-02-20</tmt_jab><no_skep>KEP/187/II/2014</no_skep><tgl_skep>2014-02-20</tgl_skep></jabatan><jabatan><jabatan>PENGADMINISTRASI SUBBID ALUTSISTA BID DAYA TEMPUR PUSLITBANG IPTEKHAN BALITBANG KEMHAN</jabatan><tmt_jab>2014-12-31</tmt_jab><no_skep>KEP/1508/XII/2014</no_skep><tgl_skep>2014-12-18</tgl_skep></jabatan><jabatan><jabatan>Anggota Subbag Jab Bag Karpeg Ropeg Setjen Dephan</jabatan></jabatan></riwayat_jabatan><riwayat_pendidikan><pendidikan_umum><pendidikan><nama_dik>SEKOLAH DASAR</nama_dik><tahun_lulus>1984</tahun_lulus></pendidikan><pendidikan><nama_dik>SEKOLAH LANJUTAN TINGKAT PERTAMA (SLTP)</nama_dik><tahun_lulus>1987</tahun_lulus></pendidikan><pendidikan><nama_dik>SEKOLAH LANJUTAN TINGKAT ATAS (SLTA)</nama_dik><tahun_lulus>1990</tahun_lulus></pendidikan></pendidikan_umum><pendidikan_pembentukan><pendidikan><nama_dik>LATPRAJAB TK II</nama_dik><tahun_lulus>1992</tahun_lulus></pendidikan><pendidikan><nama_dik>TAR P-4 45 JAM</nama_dik><tahun_lulus>1992</tahun_lulus></pendidikan><pendidikan><nama_dik>SUS MIKRO KOMPUTER</nama_dik><tahun_lulus>1999</tahun_lulus></pendidikan><pendidikan><nama_dik>MICROSOFT OFICCE 2007</nama_dik><tahun_lulus>2008</tahun_lulus></pendidikan><pendidikan><nama_dik>Dik Arsiparis Jarak Jauh</nama_dik><tahun_lulus>2011</tahun_lulus></pendidikan></pendidikan_pembentukan></riwayat_pendidikan><riwayat_penugasan></riwayat_penugasan><riwayat_tanda_jasa><tanda_jasa><nama_tanda_jasa>SATYALANCANA KARYA SATYA X TAHUN</nama_tanda_jasa><no_skep>SKEP/023/TK/2007</no_skep><tgl_skep>2007-06-07</tgl_skep></tanda_jasa><tanda_jasa><nama_tanda_jasa>SATYALANCANA KARYA SATYA XX TAHUN</nama_tanda_jasa><no_skep>KEPPRES NO. 62/TK/TAHUN 2012</no_skep><tgl_skep>2012-08-06</tgl_skep></tanda_jasa></riwayat_tanda_jasa><riwayat_bahasa><bahasa><nama_bahasa>SUNDA</nama_bahasa><keterangan>AKTIF</keterangan></bahasa></riwayat_bahasa><riwayat_keluarga><keluarga><nama_keluarga>SITI THOHAROH</nama_keluarga><jenis_kelamin>PEREMPUAN</jenis_kelamin><tgl_lahir>1968-08-05</tgl_lahir><hubungan>ISTRI</hubungan></keluarga><keluarga><nama_keluarga>ARDI RIZKY RAMADHANI</nama_keluarga><jenis_kelamin>LAKI-LAKI</jenis_kelamin><tgl_lahir>1996-02-06</tgl_lahir><hubungan>ANAK</hubungan></keluarga><keluarga><nama_keluarga>RESKY SEPTIYAN</nama_keluarga><jenis_kelamin>LAKI-LAKI</jenis_kelamin><tgl_lahir>1998-09-15</tgl_lahir><hubungan>ANAK</hubungan></keluarga><keluarga><nama_keluarga>AYU OKTAVIANI</nama_keluarga><jenis_kelamin>PEREMPUAN</jenis_kelamin><tgl_lahir>2000-10-14</tgl_lahir><hubungan>ANAK</hubungan></keluarga><keluarga><nama_keluarga>FAHRIL AYYUBI</nama_keluarga><jenis_kelamin>LAKI-LAKI</jenis_kelamin><tgl_lahir>2008-04-19</tgl_lahir><hubungan>ANAK</hubungan></keluarga></riwayat_keluarga></personil_kemhan>
