<personil_kemhan><nopeg>11990027400774</nopeg><nip>11990027400774</nip><nrp_nip>11990027400774</nrp_nip><nama>YULINE MONAKO A.M</nama><gelar>S.Pd, M.App.Ling</gelar><tempat_lahir>PLAJU</tempat_lahir><tgl_lahir>1974-07-23</tgl_lahir><jenis_kelamin>PEREMPUAN</jenis_kelamin><unit_organisasi>U.O. KEMHAN</unit_organisasi><jenis_personil>TNI</jenis_personil><pangkat>MAYOR</pangkat><pangkat_corps>MAYOR (K) CHB</pangkat_corps><tmt_pangkat>2011-10-01</tmt_pangkat><angkatan_korps>TNI AD</angkatan_korps><sumber_pa_gol_3>PA PK</sumber_pa_gol_3><tmt_pa_gol_3>1999-07-01</tmt_pa_gol_3><kategori_pangkat>MAYOR</kategori_pangkat><jabatan>WIDYAISWARA MUDA</jabatan><satker>PUSDIKLAT BAHASA BADIKLAT KEMHAN</satker><kode_jabatan>FUNGSIONAL</kode_jabatan><tmt_jabatan>2015-03-06</tmt_jabatan><eselon_jabatan>IV</eselon_jabatan><kategori>ORGANIK</kategori><tmt_tni>1999-07-01</tmt_tni><tmt_kemhan>2005-12-30</tmt_kemhan><agama>ISLAM</agama><file_foto_1>foto/11990027400774.jpg</file_foto_1><file_foto_2>foto/11990027400774.jpg</file_foto_2><riwayat_pangkat><pangkat><pangkat>LETDA</pangkat><tmt_pkt>1999-07-01</tmt_pkt><no_skep>33/tni/1999</no_skep><tgl_skep>1999-07-02</tgl_skep></pangkat><pangkat><pangkat>LETTU</pangkat><tmt_pkt>2001-10-01</tmt_pkt><no_skep>SKEP/248/IX/2001</no_skep><tgl_skep>2001-09-24</tgl_skep></pangkat><pangkat><pangkat>KAPTEN</pangkat><tmt_pkt>2004-10-01</tmt_pkt><no_skep>SKEP/239/IX/2004</no_skep><tgl_skep>2004-09-16</tgl_skep></pangkat><pangkat><pangkat>MAYOR</pangkat><tmt_pkt>2011-10-01</tmt_pkt><no_skep>KEP</no_skep><tgl_skep>2011-10-01</tgl_skep></pangkat></riwayat_pangkat><riwayat_jabatan><jabatan><jabatan>WIDYAISWARA I/GOL.VIII  B.INGGRIS PUDIKLAT BAHASA</jabatan><tmt_jab>2000-09-01</tmt_jab><no_skep>SKEP/831/VIII/2000</no_skep><tgl_skep>2000-08-28</tgl_skep></jabatan><jabatan><jabatan>WIDYAISWARA PERTAMA/GOL IX BHS INGG PUSDIKLATBHS</jabatan><tmt_jab>2001-03-01</tmt_jab><no_skep>SKEP/272/III/2001</no_skep><tgl_skep>2001-03-23</tgl_skep></jabatan><jabatan><jabatan>PSB TK.II/YAN RUMGA SUBBAGDUKUMPIM BAGBANUMPIM ROTU</jabatan><tmt_jab>2001-11-01</tmt_jab><no_skep>SPRIN/722/XI/2001</no_skep><tgl_skep>2001-11-22</tgl_skep></jabatan><jabatan><jabatan>PSB TK.II/YAN RUMGA SUBBAGDUKUMPIM BAGBANUMPIM RO TU</jabatan><tmt_jab>2001-11-01</tmt_jab><no_skep>SKEP/939/XI/2001</no_skep><tgl_skep>2001-11-12</tgl_skep></jabatan><jabatan><jabatan>AJUN ARSIPARIS (GOL. VII) PADA ROTU</jabatan><tmt_jab>2003-03-01</tmt_jab><no_skep>SKEP/393/III/2003</no_skep><tgl_skep>2003-03-10</tgl_skep></jabatan><jabatan><jabatan>FUNGSIONAL GOL. VII PADA SUBBAG BAN UM MEN BANUMPIM ROTU SETJEN DEPHAN PUSDIKLAT BAHASA BADIKLAT KEMHAN</jabatan><tmt_jab>2005-02-01</tmt_jab><no_skep>SKEP/150/III/2005</no_skep><tgl_skep>2005-04-10</tgl_skep></jabatan><jabatan><jabatan>Pama Pusdiklat Bahasa Badiklat Dephan</jabatan><tmt_jab>2008-02-01</tmt_jab><no_skep>SKEP/39/I/2008</no_skep><tgl_skep>2008-02-01</tgl_skep></jabatan><jabatan><jabatan>Widiyaiswara Gol.VII Pusdiklat Bahasa Badiklat Dephan</jabatan><tmt_jab>2010-05-05</tmt_jab><no_skep>KEP/284/V/2010</no_skep><tgl_skep>2010-05-07</tgl_skep></jabatan><jabatan><jabatan>ANALIS KEBIJAKAN PERTAMA BIDANG BHS. INGGRIS PUSDIKLAT BAHASA BADIKLAT KEMHAN</jabatan><tmt_jab>2010-07-02</tmt_jab><no_skep>KEP/472/VII/2010</no_skep><tgl_skep>2010-04-02</tgl_skep></jabatan><jabatan><jabatan>PENYUSUN BAHAN OPSDIK SUBBIDMINOPSDIK BIDOPSDIKLAT PUSDIKLAT BAHASA BADIKLAT KEMHAN</jabatan><tmt_jab>2012-09-28</tmt_jab><no_skep>KEP/775/IX/2012</no_skep><tgl_skep>2012-09-24</tgl_skep></jabatan><jabatan><jabatan>WIDYAISWARA MUDA PUSDIKLAT BAHASA BADIKLAT KEMHAN</jabatan><tmt_jab>2015-03-06</tmt_jab><no_skep>KEP/240/III/2015</no_skep><tgl_skep>2015-03-12</tgl_skep></jabatan></riwayat_jabatan><riwayat_pendidikan><pendidikan_umum><pendidikan><nama_dik>SEKOLAH DASAR</nama_dik><tahun_lulus>1986</tahun_lulus></pendidikan><pendidikan><nama_dik>SEKOLAH MENENGAH PERTAMA (SMP)</nama_dik><tahun_lulus>1989</tahun_lulus></pendidikan><pendidikan><nama_dik>SEKOLAH MENENGAH ATAS (SMA)</nama_dik><tahun_lulus>1992</tahun_lulus></pendidikan><pendidikan><nama_dik>SARJANA (S1)</nama_dik><tahun_lulus>1997</tahun_lulus></pendidikan><pendidikan><nama_dik>PASCA SARJANA (S2)</nama_dik><tahun_lulus>2008</tahun_lulus></pendidikan></pendidikan_umum><pendidikan_pembentukan><pendidikan><nama_dik>SUS DIBI</nama_dik><tahun_lulus>1998</tahun_lulus></pendidikan><pendidikan><nama_dik>SEPA PK</nama_dik><tahun_lulus>1999</tahun_lulus></pendidikan><pendidikan><nama_dik>SUS PA PEKA</nama_dik><tahun_lulus>1999</tahun_lulus></pendidikan><pendidikan><nama_dik>SUS SAR CAB HUB</nama_dik><tahun_lulus>2000</tahun_lulus></pendidikan><pendidikan><nama_dik>MELT COURSE (AUSTRALIA)</nama_dik><tahun_lulus>2000</tahun_lulus></pendidikan><pendidikan><nama_dik>METHODOLOGY OF ENGLISH LANGUAGE TEACHER</nama_dik><tahun_lulus>2000</tahun_lulus></pendidikan><pendidikan><nama_dik>SUS INTERPRETER</nama_dik><tahun_lulus>2001</tahun_lulus></pendidikan><pendidikan><nama_dik>SUS PENERJEMAH</nama_dik><tahun_lulus>2001</tahun_lulus></pendidikan><pendidikan><nama_dik>SUSPA BEKHAR HUB</nama_dik><tahun_lulus>2008</tahun_lulus></pendidikan><pendidikan><nama_dik>ADFELPS RATER COURSE</nama_dik><tahun_lulus>2010</tahun_lulus></pendidikan></pendidikan_pembentukan></riwayat_pendidikan><riwayat_penugasan></riwayat_penugasan><riwayat_tanda_jasa></riwayat_tanda_jasa><riwayat_bahasa><bahasa><nama_bahasa>PALEMBANG</nama_bahasa><keterangan>AKTIF</keterangan></bahasa><bahasa><nama_bahasa>INGGRIS</nama_bahasa><keterangan>AKTIF</keterangan></bahasa><bahasa><nama_bahasa>INDONESIA</nama_bahasa><keterangan>AKTIF</keterangan></bahasa></riwayat_bahasa><riwayat_keluarga><keluarga><nama_keluarga>RUDI ALFARI, ST</nama_keluarga><jenis_kelamin>LAKI-LAKI</jenis_kelamin><tgl_lahir>1971-10-17</tgl_lahir><hubungan>SUAMI</hubungan></keluarga><keluarga><nama_keluarga>LAKEISHA SANIYA RAMadhani</nama_keluarga><jenis_kelamin>PEREMPUAN</jenis_kelamin><tgl_lahir>2009-09-01</tgl_lahir><hubungan>ANAK</hubungan></keluarga><keluarga><nama_keluarga>KHAYLA MARITZA RAMADHANI</nama_keluarga><jenis_kelamin>PEREMPUAN</jenis_kelamin><tgl_lahir>2011-07-20</tgl_lahir><hubungan>ANAK</hubungan></keluarga></riwayat_keluarga></personil_kemhan>
