<personil_kemhan><nopeg>197206181995022001</nopeg><nip>030228910</nip><nrp_nip>197206181995022001</nrp_nip><nama>IDA ROSADAH</nama><tempat_lahir>Jakarta</tempat_lahir><tgl_lahir>1972-06-18</tgl_lahir><jenis_kelamin>PEREMPUAN</jenis_kelamin><unit_organisasi>U.O. KEMHAN</unit_organisasi><jenis_personil>PNS</jenis_personil><pangkat>PENATA MUDA TK.I III/B</pangkat><pangkat_corps>PENATA MUDA TK.I III/B </pangkat_corps><tmt_pangkat>2014-10-01</tmt_pangkat><angkatan_korps>PNS</angkatan_korps><sumber_pa_gol_3>UJIAN DINAS</sumber_pa_gol_3><tmt_pa_gol_3>2010-10-01</tmt_pa_gol_3><kategori_pangkat>III/B</kategori_pangkat><jabatan>PEMROSES WABKU SUBBAG TU BIRO BAGADABANGPEG</jabatan><satker>ROPEG SETJEN KEMHAN</satker><kode_jabatan>ANGGOTA</kode_jabatan><tmt_jabatan>2014-12-31</tmt_jabatan><eselon_jabatan>99</eselon_jabatan><kategori>ORGANIK</kategori><tmt_tni>1996-02-01</tmt_tni><tmt_kemhan>2002-08-01</tmt_kemhan><agama>ISLAM</agama><file_foto_1>foto/197206181995022001.jpg</file_foto_1><file_foto_2>foto/030228910.jpg</file_foto_2><riwayat_pangkat><pangkat><pangkat>CAPEG II/A</pangkat><tmt_pkt>1995-02-01</tmt_pkt><no_skep>SKEP/1767-21/III/1995</no_skep><tgl_skep>1995-03-16</tgl_skep></pangkat><pangkat><pangkat>PENGATUR MUDA II/A</pangkat><tmt_pkt>1996-02-01</tmt_pkt><no_skep>SKEP/01-154 POB/I/1996</no_skep><tgl_skep>1996-01-25</tgl_skep></pangkat><pangkat><pangkat>PENGATUR MUDA TK.I  II/B</pangkat><tmt_pkt>1999-04-01</tmt_pkt><no_skep>V .03-01.001/005/KEP/IV/1999</no_skep><tgl_skep>1999-03-23</tgl_skep></pangkat><pangkat><pangkat>PENGATUR II/C</pangkat><tmt_pkt>2003-04-01</tmt_pkt><no_skep>SKEP/07-154 POB/III/2003</no_skep><tgl_skep>2003-03-25</tgl_skep></pangkat><pangkat><pangkat>PENGATUR TK.I II/D</pangkat><tmt_pkt>2007-04-01</tmt_pkt><no_skep>SKEP/174/III/2007</no_skep><tgl_skep>2007-03-09</tgl_skep></pangkat><pangkat><pangkat>PENATA MUDA III/A</pangkat><tmt_pkt>2010-10-01</tmt_pkt><no_skep>KEP MENHAN NOMOR : KEP/643/IX/2010</no_skep><tgl_skep>2010-09-14</tgl_skep></pangkat><pangkat><pangkat>PENATA MUDA TK.I III/B</pangkat><tmt_pkt>2014-10-01</tmt_pkt><no_skep>KEP/1122/IX/2014</no_skep><tgl_skep>2014-09-25</tgl_skep></pangkat></riwayat_pangkat><riwayat_jabatan><jabatan><jabatan>TURMIN S1-3PERS MENARHANUD-1/DAMJAYA</jabatan><tmt_jab>1997-08-01</tmt_jab><no_skep>SKEP/117-154POB/X/1997</no_skep><tgl_skep>1997-08-01</tgl_skep></jabatan><jabatan><jabatan>TURMIN SUBBAGRENMINRO BAGADABANGPEG</jabatan><tmt_jab>2002-08-01</tmt_jab><no_skep>SKEP/861/VIII/2002</no_skep><tgl_skep>2002-08-07</tgl_skep></jabatan><jabatan><jabatan>ANGGOTA SUBBAGMINRO BAGADABANGPEG ROPEG SETJEN DEPHAN</jabatan><tmt_jab>2006-03-01</tmt_jab><no_skep>SKEP/201/III/2006</no_skep><tgl_skep>2006-03-01</tgl_skep></jabatan><jabatan><jabatan>Arsiparis Pelaksana Ropeg Setjen Dephan</jabatan><tmt_jab>2009-04-01</tmt_jab><no_skep>KEP MENHAN NO : KEP/74/II/2010</no_skep><tgl_skep>2010-02-10</tgl_skep></jabatan><jabatan><jabatan>ARSIPARIS PELAKSANA LANJUTANN SUBBAG TU BIRO BAGADABANGPEG ROPEG SETJEN KEMHAN</jabatan><tmt_jab>2010-06-03</tmt_jab><no_skep> KEP MENHAN NO : KEP/392/VI/2010</no_skep><tgl_skep>2010-06-11</tgl_skep></jabatan><jabatan><jabatan>PEMROSES WABKU SUBBAG TU BIRO BAGADABANGPEG ROPEG SETJEN KEMHAN</jabatan><tmt_jab>2011-04-01</tmt_jab><no_skep>Kep/281/IV/2011</no_skep><tgl_skep>2011-04-19</tgl_skep></jabatan><jabatan><jabatan>PEMROSES WABKU SUBBAG TU BIRO BAGADABANGPEG ROPEG SETJEN KEMHAN</jabatan><tmt_jab>2014-12-31</tmt_jab><no_skep>KEP/1485/XII/2014</no_skep><tgl_skep>2014-12-18</tgl_skep></jabatan></riwayat_jabatan><riwayat_pendidikan><pendidikan_umum><pendidikan><nama_dik>SEKOLAH DASAR</nama_dik><tahun_lulus>1985</tahun_lulus></pendidikan><pendidikan><nama_dik>SEKOLAH LANJUTAN TINGKAT PERTAMA (SLTP)</nama_dik><tahun_lulus>1988</tahun_lulus></pendidikan><pendidikan><nama_dik>SEKOLAH LANJUTAN TINGKAT ATAS (SLTA)</nama_dik><tahun_lulus>1991</tahun_lulus></pendidikan></pendidikan_umum><pendidikan_pembentukan><pendidikan><nama_dik>UJIAN DINAS</nama_dik><tahun_lulus>0</tahun_lulus></pendidikan><pendidikan><nama_dik>LATPRAJAB</nama_dik><tahun_lulus>1995</tahun_lulus></pendidikan><pendidikan><nama_dik>SUS OPR KOM</nama_dik><tahun_lulus>2002</tahun_lulus></pendidikan><pendidikan><nama_dik>TAR TAKAH DAN TATA KEARSIPAN</nama_dik><tahun_lulus>2002</tahun_lulus></pendidikan><pendidikan><nama_dik>DIK ARSIPARIS</nama_dik><tahun_lulus>2004</tahun_lulus></pendidikan></pendidikan_pembentukan></riwayat_pendidikan><riwayat_penugasan></riwayat_penugasan><riwayat_tanda_jasa><tanda_jasa><nama_tanda_jasa>SATYALANCANA KARYA SATYA X TAHUN</nama_tanda_jasa><no_skep>028/TK/TAHUN/2006</no_skep><tgl_skep>2006-06-01</tgl_skep></tanda_jasa></riwayat_tanda_jasa><riwayat_bahasa><bahasa><nama_bahasa>SUNDA</nama_bahasa><keterangan>AKTIF</keterangan></bahasa><bahasa><nama_bahasa>INDONESIA</nama_bahasa><keterangan>AKTIF</keterangan></bahasa></riwayat_bahasa><riwayat_keluarga></riwayat_keluarga></personil_kemhan>
