<personil_kemhan><nopeg>31604</nopeg><nip>31604</nip><nrp_nip>31604</nrp_nip><nama>R. PUNGKI GAMEADI</nama><tempat_lahir>Jakarta</tempat_lahir><tgl_lahir>1963-11-23</tgl_lahir><jenis_kelamin>LAKI-LAKI</jenis_kelamin><unit_organisasi>U.O. KEMHAN</unit_organisasi><jenis_personil>TNI</jenis_personil><pangkat>KOLONEL</pangkat><pangkat_corps>KOLONEL INF</pangkat_corps><tmt_pangkat>2011-04-01</tmt_pangkat><angkatan_korps>TNI AD</angkatan_korps><sumber_pa_gol_3>AKABRI</sumber_pa_gol_3><tmt_pa_gol_3>1988-07-26</tmt_pa_gol_3><kategori_pangkat>KOLONEL</kategori_pangkat><jabatan>WIDYAISWARA MADYA</jabatan><satker>PUSDIKLAT JEMENHAN BADIKLAT KEMHAN</satker><kode_jabatan>FUNGSIONAL</kode_jabatan><tmt_jabatan>2015-11-30</tmt_jabatan><eselon_jabatan>99</eselon_jabatan><kategori>ORGANIK</kategori><tmt_tni>1988-07-26</tmt_tni><tmt_kemhan>2009-12-21</tmt_kemhan><agama>ISLAM</agama><file_foto_1>foto/31604.jpg</file_foto_1><file_foto_2>foto/31604.jpg</file_foto_2><riwayat_pangkat><pangkat><pangkat>LETDA</pangkat><tmt_pkt>1988-07-26</tmt_pkt><no_skep>KEPPRES/46/ABRI/1988</no_skep><tgl_skep>1988-07-26</tgl_skep></pangkat><pangkat><pangkat>LETTU</pangkat><tmt_pkt>1992-04-01</tmt_pkt><no_skep>SKEP/47/III/1992</no_skep><tgl_skep>1992-04-01</tgl_skep></pangkat><pangkat><pangkat>KAPTEN</pangkat><tmt_pkt>1995-04-01</tmt_pkt><no_skep>SKEP/102/III/1995</no_skep><tgl_skep>1995-04-01</tgl_skep></pangkat><pangkat><pangkat>MAYOR</pangkat><tmt_pkt>1999-10-01</tmt_pkt><no_skep>SKEP/543/IX/1999</no_skep><tgl_skep>1999-10-01</tgl_skep></pangkat><pangkat><pangkat>LETKOL</pangkat><tmt_pkt>2004-10-01</tmt_pkt><no_skep>SKEP/305/IX/2004</no_skep><tgl_skep>2004-10-01</tgl_skep></pangkat><pangkat><pangkat>KOLONEL</pangkat><tmt_pkt>2011-04-01</tmt_pkt><no_skep>KEPPRES/17/TNI/TAHUN 2011</no_skep><tgl_skep>2011-03-22</tgl_skep></pangkat></riwayat_pangkat><riwayat_jabatan><jabatan><jabatan>DANTON YONIF 201/JY</jabatan><tmt_jab>1988-08-01</tmt_jab><no_skep>SKEP/332/VIII/1988</no_skep><tgl_skep>1988-08-01</tgl_skep></jabatan><jabatan><jabatan>KASI-3/PERS YONIF 203/AK</jabatan><tmt_jab>1993-03-15</tmt_jab><no_skep>SKEP/281-10/VIII/1993</no_skep><tgl_skep>1993-03-15</tgl_skep></jabatan><jabatan><jabatan>DANKIBUN YONIF 202/TM/I/DAMJAYA</jabatan><tmt_jab>1994-05-01</tmt_jab><no_skep>SKEP/484-10/V/1994</no_skep><tgl_skep>1994-05-11</tgl_skep></jabatan><jabatan><jabatan>DANRAMIL 06 KD</jabatan><tmt_jab>1996-04-01</tmt_jab><no_skep>SKEP/441-10/VI/1996</no_skep><tgl_skep>1996-04-01</tgl_skep></jabatan><jabatan><jabatan>WADAN YONIF 741/SBN</jabatan><tmt_jab>1999-02-23</tmt_jab><no_skep>SKEP/148/III/1999</no_skep><tgl_skep>1999-02-23</tgl_skep></jabatan><jabatan><jabatan>KASI OPS GRUP C PASPAMPRES</jabatan><tmt_jab>2000-04-26</tmt_jab><no_skep>SKEP/342/III/2000</no_skep><tgl_skep>2000-04-26</tgl_skep></jabatan><jabatan><jabatan>PADYA BINPERS SPERS PASPAMPRES</jabatan><tmt_jab>2003-05-15</tmt_jab><no_skep>SKEP/168/IV/2003</no_skep><tgl_skep>2003-05-15</tgl_skep></jabatan><jabatan><jabatan>Kasubbag Huborpem Bag Hublem Rohumas Setjen Dephan</jabatan><tmt_jab>2006-01-01</tmt_jab><no_skep>SKEP/1097/XII/2005</no_skep><tgl_skep>2006-01-01</tgl_skep></jabatan><jabatan><jabatan>Tenaga Fungsional Gol. V Rohumas Setjen Dephan</jabatan><tmt_jab>2009-01-22</tmt_jab><no_skep>KEP/09/I/2009</no_skep><tgl_skep>2009-01-27</tgl_skep></jabatan><jabatan><jabatan>Kasubbag Liputpub Bag Bra Rohumas Setjen Dephan</jabatan><tmt_jab>2010-03-05</tmt_jab><no_skep>KEP/128/III/2010</no_skep><tgl_skep>2010-03-04</tgl_skep></jabatan><jabatan><jabatan>ANALIS MADYA BIDJAK OPINI PUSKOMPUBLIK KEMHAN</jabatan><tmt_jab>2010-09-28</tmt_jab><no_skep>KEP/679/IX/2010</no_skep><tgl_skep>2010-09-28</tgl_skep></jabatan><jabatan><jabatan>ANALIS MADYA BIDANG OPINI PUSKOMPUBLIK KEMHAN</jabatan><tmt_jab>2011-04-01</tmt_jab><no_skep>KEP/679/IX/2011</no_skep><tgl_skep>2011-03-30</tgl_skep></jabatan><jabatan><jabatan>ANALIS MADYA BID CYBER MEDIA PUSKOMPUBLIK KEMHAN</jabatan><tmt_jab>2014-05-30</tmt_jab><no_skep>KEP/564/VI/2014</no_skep><tgl_skep>2014-06-06</tgl_skep></jabatan><jabatan><jabatan>ANALIS MADYA BIDANG TIK PUSKOM PUBLIK KEMHAN PUSKOMPUBLIK KEMHAN</jabatan><tmt_jab>2014-12-31</tmt_jab><no_skep>KEP/1508/XII/2014</no_skep><tgl_skep>2014-12-18</tgl_skep></jabatan><jabatan><jabatan>KABID OPINI PUSKOMPUBLIK KEMHAN</jabatan><tmt_jab>2015-05-25</tmt_jab><no_skep>KEP/510/V/2015</no_skep><tgl_skep>2015-05-28</tgl_skep></jabatan><jabatan><jabatan>WIDYAISWARA MADYA PUSDIKLAT JEMENHAN BADIKLAT KEMHAN</jabatan><tmt_jab>2015-11-30</tmt_jab><tgl_skep>2015-11-30</tgl_skep></jabatan></riwayat_jabatan><riwayat_pendidikan><pendidikan_umum><pendidikan><nama_dik>SEKOLAH DASAR</nama_dik><tahun_lulus>1977</tahun_lulus></pendidikan><pendidikan><nama_dik>SEKOLAH LANJUTAN TINGKAT PERTAMA (SLTP)</nama_dik><tahun_lulus>1981</tahun_lulus></pendidikan><pendidikan><nama_dik>SEKOLAH LANJUTAN TINGKAT ATAS (SLTA)</nama_dik><tahun_lulus>1984</tahun_lulus></pendidikan></pendidikan_umum><pendidikan_pembentukan><pendidikan><nama_dik>AKABRI</nama_dik><tahun_lulus>1988</tahun_lulus></pendidikan><pendidikan><nama_dik>SUS SARCAB IF</nama_dik><tahun_lulus>1989</tahun_lulus></pendidikan><pendidikan><nama_dik>SUS PASI 3/PERS</nama_dik><tahun_lulus>1990</tahun_lulus></pendidikan><pendidikan><nama_dik>SUS LAPA I</nama_dik><tahun_lulus>1993</tahun_lulus></pendidikan><pendidikan><nama_dik>SUS LAPA 2</nama_dik><tahun_lulus>1999</tahun_lulus></pendidikan><pendidikan><nama_dik>SUS PA MANAJEMEN</nama_dik><tahun_lulus>2002</tahun_lulus></pendidikan><pendidikan><nama_dik>SUSJEMEN RENGAR</nama_dik><tahun_lulus>2002</tahun_lulus></pendidikan><pendidikan><nama_dik>SUSSARPA INTEL</nama_dik><tahun_lulus>2003</tahun_lulus></pendidikan><pendidikan><nama_dik>SUS SAR SELAM</nama_dik><tahun_lulus>2003</tahun_lulus></pendidikan><pendidikan><nama_dik>WORKSHOP ESL. IV GEL. II TGL. 24 s.d. 25 SEPT 2007</nama_dik><tahun_lulus>2007</tahun_lulus></pendidikan><pendidikan><nama_dik>SESKOAD</nama_dik><tahun_lulus>2009</tahun_lulus></pendidikan></pendidikan_pembentukan></riwayat_pendidikan><riwayat_penugasan><penugasan><negara>INDONESIA</negara><tahun>2000</tahun><uraian>MEDAN SUMUT ( PAM RI 1)</uraian></penugasan><penugasan><negara>INDONESIA</negara><tahun>2000</tahun><uraian>TIMIKA IRIAN JAYA ( PAM RI 1)</uraian></penugasan><penugasan><negara>INDONESIA</negara><tahun>2000</tahun><uraian>ACEH ( PAM RI 1)</uraian></penugasan><penugasan><negara>MYANMAR</negara><tahun>2001</tahun><uraian>PAM VVIP RI 1</uraian></penugasan><penugasan><negara>THAILAND</negara><tahun>2001</tahun><uraian>PAM VVIP RI 1</uraian></penugasan><penugasan><negara>AUSTRALIA</negara><tahun>2004</tahun><uraian>PAM VVIP RI 1</uraian></penugasan><penugasan><negara>VIET NAM</negara><tahun>2005</tahun><uraian>DAM VVIP RI 1</uraian></penugasan><penugasan><negara>INDIA</negara><tahun>2006</tahun><uraian>PAM VVIP RI 1</uraian></penugasan></riwayat_penugasan><riwayat_tanda_jasa><tanda_jasa><nama_tanda_jasa>SATYALANCANA SEROJA I</nama_tanda_jasa><no_skep>SKEP/245/III/2000</no_skep><tgl_skep>2000-03-14</tgl_skep></tanda_jasa><tanda_jasa><nama_tanda_jasa>SATYALANCANA KESETIAAN VIII TAHUN</nama_tanda_jasa><no_skep>SKEP/112/IV/2003</no_skep><tgl_skep>2003-04-30</tgl_skep></tanda_jasa><tanda_jasa><nama_tanda_jasa>SATYALANCANA WIRA KARYA</nama_tanda_jasa><no_skep>SKEP/472/X/2006</no_skep><tgl_skep>2006-10-09</tgl_skep></tanda_jasa><tanda_jasa><nama_tanda_jasa>SATYALANCANA KESETIAAN XVI TAHUN</nama_tanda_jasa><no_skep>SKEP/672/VI/2007</no_skep><tgl_skep>2007-06-14</tgl_skep></tanda_jasa><tanda_jasa><nama_tanda_jasa>SATYALANCANA KESETIAAN XXIV TAHUN</nama_tanda_jasa><no_skep>SKEP/267/IV/2013</no_skep><tgl_skep>2013-04-16</tgl_skep></tanda_jasa></riwayat_tanda_jasa><riwayat_bahasa><bahasa><nama_bahasa>JAWA</nama_bahasa><keterangan>AKTIF</keterangan></bahasa><bahasa><nama_bahasa>INGGRIS</nama_bahasa><keterangan>PASIF</keterangan></bahasa></riwayat_bahasa><riwayat_keluarga><keluarga><nama_keluarga>PRATAMANITA UTAMI RAHAYU</nama_keluarga><jenis_kelamin>PEREMPUAN</jenis_kelamin><tgl_lahir>1995-04-28</tgl_lahir><hubungan>ANAK</hubungan></keluarga><keluarga><nama_keluarga>FARHAN PURNAMA SHADIQ</nama_keluarga><jenis_kelamin>LAKI-LAKI</jenis_kelamin><tgl_lahir>1999-09-27</tgl_lahir><hubungan>ANAK</hubungan></keluarga></riwayat_keluarga></personil_kemhan>
