<personil_kemhan><nopeg>197711132002121001</nopeg><nip>030247564</nip><nrp_nip>197711132002121001</nrp_nip><nama>SAROTUN</nama><tempat_lahir>KEBUMEN</tempat_lahir><tgl_lahir>1977-11-13</tgl_lahir><jenis_kelamin>LAKI-LAKI</jenis_kelamin><unit_organisasi>U.O. KEMHAN</unit_organisasi><jenis_personil>PNS</jenis_personil><pangkat>PENGATUR TK.I II/D</pangkat><pangkat_corps>PENGATUR TK.I II/D </pangkat_corps><tmt_pangkat>2015-04-01</tmt_pangkat><angkatan_korps>PNS</angkatan_korps><kategori_pangkat>II/C</kategori_pangkat><jabatan>PETUGAS INSTALASI DAN HARJAR SUBBAG HARJARING BAGDATIN</jabatan><satker>SET DITJEN STRAHAN KEMHAN</satker><kode_jabatan>ANGGOTA</kode_jabatan><tmt_jabatan>2014-12-31</tmt_jabatan><eselon_jabatan>99</eselon_jabatan><kategori>ORGANIK</kategori><tmt_tni>2004-09-01</tmt_tni><tmt_kemhan>2002-12-01</tmt_kemhan><agama>ISLAM</agama><file_foto_1>foto/197711132002121001.jpg</file_foto_1><file_foto_2>foto/030247564.jpg</file_foto_2><riwayat_pangkat><pangkat><pangkat>CAPEG II/A</pangkat><tmt_pkt>2002-12-01</tmt_pkt><no_skep>SKEP/1021/VI/2003</no_skep><tgl_skep>00000-00-00</tgl_skep></pangkat><pangkat><pangkat>PENGATUR MUDA II/A</pangkat><tmt_pkt>2004-09-01</tmt_pkt><no_skep>SKEP/600/VIII/2004</no_skep><tgl_skep>00000-00-00</tgl_skep></pangkat><pangkat><pangkat>PENGATUR MUDA TK.I  II/B</pangkat><tmt_pkt>2007-04-01</tmt_pkt><no_skep>SKEP/174/III/2007</no_skep><tgl_skep>2007-03-09</tgl_skep></pangkat><pangkat><pangkat>PENGATUR II/C</pangkat><tmt_pkt>2011-04-01</tmt_pkt><no_skep>KEP/201/III/2011</no_skep><tgl_skep>2011-03-25</tgl_skep></pangkat><pangkat><pangkat>PENGATUR TK.I II/D</pangkat><tmt_pkt>2015-04-01</tmt_pkt><no_skep>SPRIN/256/III/2015</no_skep><tgl_skep>2015-03-30</tgl_skep></pangkat></riwayat_pangkat><riwayat_jabatan><jabatan><jabatan>TURMIN PADA ROPEG SETJEN DEPHAN</jabatan><tmt_jab>2002-12-01</tmt_jab><no_skep>SKEP/1021/VI/2003</no_skep><tgl_skep>2003-06-30</tgl_skep></jabatan><jabatan><jabatan>ANGGOTA SUBBAGRENMINRO BAGADABANGPEG ROPEG SETJEN DEPHAN</jabatan><tmt_jab>2003-07-02</tmt_jab><no_skep>SPRIN/172/VII/2003</no_skep><tgl_skep>2003-07-02</tgl_skep></jabatan><jabatan><jabatan>TURTIK/OPR. KOMPUTER SUBBAGRENMINRO BAGADABANGPEG ROPEG SETJEN DEPHAN</jabatan><tmt_jab>2005-03-01</tmt_jab><no_skep>SKEP/225/III/2005</no_skep><tgl_skep>2005-03-29</tgl_skep></jabatan><jabatan><jabatan>Anggota Subbag Minro Bag Adabangpeg Ropeg Setjen Dephan</jabatan><tmt_jab>2006-03-01</tmt_jab><no_skep>SKEP/201/III/2006</no_skep><tgl_skep>2006-03-23</tgl_skep></jabatan><jabatan><jabatan>PRANATA KOMPUTER PELAKSANA SUBBAG TU BIRO BAGADABANGPEG ROPEG SETJEN KEMHAN</jabatan><tmt_jab>2010-08-27</tmt_jab><no_skep>KEP MENHAN NOMOR : KEP/631/IX/2010</no_skep><tgl_skep>2010-09-06</tgl_skep></jabatan><jabatan><jabatan>AGENDARIS BID SARPRAS PUSLITBANG SUMDAHAN BALITBANG KEMHAN</jabatan><tmt_jab>2011-06-16</tmt_jab><no_skep>SPRIN/78/VI/2011</no_skep><tgl_skep>2011-06-16</tgl_skep></jabatan><jabatan><jabatan>PETUGAS INSTALASI DAN HARJARING SUBBAGHARJARING BAGDATIN  SET DITJEN STRAHAN KEMHAN</jabatan><tmt_jab>2012-02-01</tmt_jab><no_skep>KEP/66/II/2012</no_skep><tgl_skep>2012-02-02</tgl_skep></jabatan><jabatan><jabatan>PETUGAS INSTALASI DAN HARJAR SUBBAG HARJARING BAGDATIN SET DITJEN STRAHAN KEMHAN</jabatan><tmt_jab>2014-12-31</tmt_jab><no_skep>KEP/1494/XII/2014</no_skep><tgl_skep>2014-12-18</tgl_skep></jabatan></riwayat_jabatan><riwayat_pendidikan><pendidikan_umum><pendidikan><nama_dik>SEKOLAH DASAR</nama_dik><tahun_lulus>1993</tahun_lulus></pendidikan><pendidikan><nama_dik>SEKOLAH LANJUTAN TINGKAT PERTAMA (SLTP)</nama_dik><tahun_lulus>1996</tahun_lulus></pendidikan><pendidikan><nama_dik>SEKOLAH LANJUTAN TINGKAT ATAS (SLTA)</nama_dik><tahun_lulus>1999</tahun_lulus></pendidikan><pendidikan><nama_dik>SARJANA MUDA (D.III)</nama_dik><tahun_lulus>2004</tahun_lulus></pendidikan><pendidikan><nama_dik>SARJANA (S1)</nama_dik><tahun_lulus>2006</tahun_lulus></pendidikan></pendidikan_umum><pendidikan_pembentukan><pendidikan><nama_dik>LATPRAJAB TK II</nama_dik><tahun_lulus>2004</tahun_lulus></pendidikan><pendidikan><nama_dik>SUS MINU TK. II</nama_dik><tahun_lulus>2004</tahun_lulus></pendidikan><pendidikan><nama_dik>SUS HARDWARE KOMPUTER</nama_dik><tahun_lulus>2006</tahun_lulus></pendidikan><pendidikan><nama_dik>WORKSHOP ADOBE PHOTOSHOP</nama_dik><tahun_lulus>2007</tahun_lulus></pendidikan><pendidikan><nama_dik>DIKLAT PROGRAMER TK. DASAR</nama_dik><tahun_lulus>2009</tahun_lulus></pendidikan><pendidikan><nama_dik>DIKLAT BELA NEGARA ANGKATAN II</nama_dik><tahun_lulus>2013</tahun_lulus></pendidikan><pendidikan><nama_dik>DIKLAT TEKNIS CYBER DEFENSE TINGKAT TERAMPIL</nama_dik><tahun_lulus>2015</tahun_lulus></pendidikan></pendidikan_pembentukan></riwayat_pendidikan><riwayat_penugasan></riwayat_penugasan><riwayat_tanda_jasa></riwayat_tanda_jasa><riwayat_bahasa><bahasa><nama_bahasa>INGGRIS</nama_bahasa><keterangan>PASIF</keterangan></bahasa></riwayat_bahasa><riwayat_keluarga><keluarga><nama_keluarga>SITI MAESYAROH</nama_keluarga><jenis_kelamin>PEREMPUAN</jenis_kelamin><tgl_lahir>1981-07-10</tgl_lahir><hubungan>ISTRI</hubungan></keluarga><keluarga><nama_keluarga>FEISYA ASMAYANTI</nama_keluarga><jenis_kelamin>PEREMPUAN</jenis_kelamin><tgl_lahir>2008-01-30</tgl_lahir><hubungan>ANAK</hubungan></keluarga><keluarga><nama_keluarga>IRFAN ABSHAR</nama_keluarga><jenis_kelamin>LAKI-LAKI</jenis_kelamin><tgl_lahir>2010-02-20</tgl_lahir><hubungan>ANAK</hubungan></keluarga><keluarga><nama_keluarga>DELISA KAIRINA </nama_keluarga><jenis_kelamin>PEREMPUAN</jenis_kelamin><tgl_lahir>2014-05-19</tgl_lahir><hubungan>ANAK</hubungan></keluarga></riwayat_keluarga></personil_kemhan>
