<personil_kemhan><nopeg>196009051982031001</nopeg><nip>030163034</nip><nrp_nip>196009051982031001</nrp_nip><nama>RAHMANSYAH TARIGAN</nama><tempat_lahir>Medan,</tempat_lahir><tgl_lahir>1960-09-05</tgl_lahir><jenis_kelamin>LAKI-LAKI</jenis_kelamin><unit_organisasi>U.O. KEMHAN</unit_organisasi><jenis_personil>PNS</jenis_personil><pangkat>PENATA MUDA TK.I III/B</pangkat><pangkat_corps>PENATA MUDA TK.I III/B </pangkat_corps><tmt_pangkat>2002-10-01</tmt_pangkat><angkatan_korps>PNS</angkatan_korps><sumber_pa_gol_3>UJIAN DINAS</sumber_pa_gol_3><tmt_pa_gol_3>2000-11-01</tmt_pa_gol_3><kategori_pangkat>III/B</kategori_pangkat><jabatan>KOMANDAN PELETON A SATKAM SUBBAG PAMPERSMAT BAGPAM</jabatan><satker>ROUM SETJEN KEMHAN</satker><kode_jabatan>FUNGSIONAL</kode_jabatan><tmt_jabatan>2014-12-31</tmt_jabatan><eselon_jabatan>99</eselon_jabatan><kategori>ORGANIK</kategori><tmt_tni>1983-07-01</tmt_tni><tmt_kemhan>1981-06-18</tmt_kemhan><agama>ISLAM</agama><file_foto_1>foto/196009051982031001.jpg</file_foto_1><file_foto_2>foto/030163034.jpg</file_foto_2><riwayat_pangkat><pangkat><pangkat>PENGATUR MUDA TK.I  II/B</pangkat><tmt_pkt>1886-04-01</tmt_pkt><no_skep>Skep/223/21/XI/1986</no_skep><tgl_skep>1886-04-01</tgl_skep></pangkat><pangkat><pangkat>CAPEG II/A</pangkat><tmt_pkt>1982-03-01</tmt_pkt><no_skep>Skep/1153/VII/1982</no_skep><tgl_skep>1982-07-01</tgl_skep></pangkat><pangkat><pangkat>PENGATUR MUDA II/A</pangkat><tmt_pkt>1983-07-01</tmt_pkt><no_skep>Skep/2663/VI/1983</no_skep><tgl_skep>1983-06-01</tgl_skep></pangkat><pangkat><pangkat>PENGATUR II/C</pangkat><tmt_pkt>1990-10-01</tmt_pkt><no_skep>Skep/225/22/III/1991</no_skep><tgl_skep>1990-10-01</tgl_skep></pangkat><pangkat><pangkat>PENGATUR TK.I II/D</pangkat><tmt_pkt>1994-10-01</tmt_pkt><no_skep>03.09/10549/KEP/X/1991</no_skep><tgl_skep>1994-10-01</tgl_skep></pangkat><pangkat><pangkat>PENATA MUDA III/A</pangkat><tmt_pkt>1998-10-01</tmt_pkt><no_skep>Skep/770/IX/1998</no_skep><tgl_skep>1998-10-01</tgl_skep></pangkat><pangkat><pangkat>PENATA MUDA TK.I III/B</pangkat><tmt_pkt>2002-10-01</tmt_pkt><no_skep>Skep/65/I/2003</no_skep><tgl_skep>2002-10-01</tgl_skep></pangkat></riwayat_pangkat><riwayat_jabatan><jabatan><jabatan>JURU TIK</jabatan><tmt_jab>1981-10-18</tmt_jab><tgl_skep>1981-10-31</tgl_skep></jabatan><jabatan><jabatan>TU MINPERS</jabatan><tmt_jab>1984-04-01</tmt_jab><no_skep>SPRIN/17/HANKAM/8/84</no_skep><tgl_skep>1984-04-04</tgl_skep></jabatan><jabatan><jabatan>ANGG SUBBAG MINU BAKORSTRANAS</jabatan><tmt_jab>1989-06-01</tmt_jab><no_skep>SKEP/195/STRANAS/VI/89</no_skep><tgl_skep>1989-11-29</tgl_skep></jabatan><jabatan><jabatan>BAUR TAKAH SUBBAG REN</jabatan><tmt_jab>1996-05-01</tmt_jab><no_skep>SKEP/81/STRANAS/IV/1996</no_skep><tgl_skep>1996-04-03</tgl_skep></jabatan><jabatan><jabatan>ANGG SUBBAGUM BAGPERS ROUM</jabatan><tmt_jab>2000-06-01</tmt_jab><no_skep>SKEP/373/VI/2000</no_skep><tgl_skep>2000-06-05</tgl_skep></jabatan><jabatan><jabatan>ANGGOTA SATKAM SUBBAGURDAL BAGRUMGA ROUM SETJEN DH</jabatan><tmt_jab>2000-10-01</tmt_jab><no_skep>SKEP/1004/X/2000</no_skep><tgl_skep>2000-10-04</tgl_skep></jabatan><jabatan><jabatan>Anggota Subbag Pampersmat Bagpam Roum Setjen Dephan</jabatan><tmt_jab>2000-10-01</tmt_jab><tgl_skep>2000-10-01</tgl_skep></jabatan><jabatan><jabatan>TURKAM SUBBAGPAMKAN BAGPAM</jabatan><tmt_jab>2001-03-01</tmt_jab><no_skep>SKEP/305/IV/2001</no_skep><tgl_skep>2001-04-03</tgl_skep></jabatan><jabatan><jabatan>Anggota Satkam Bagpam Roum Setjen Dephan</jabatan><tmt_jab>2007-02-01</tmt_jab><no_skep>Skep/152/III/2007</no_skep><tgl_skep>2007-03-06</tgl_skep></jabatan><jabatan><jabatan>KOMANDAN PELETON KESATUAN KEAMANAN SUBBAGPAMPERSMAT BAGPAM ROUM SETJEN KEMHAN ROUM SETJEN KEMHAN</jabatan><tmt_jab>2010-07-27</tmt_jab><no_skep>KEP/553/VII/2010</no_skep><tgl_skep>2010-07-27</tgl_skep></jabatan><jabatan><jabatan>KOMANDAN PELETON A SATKAM SUBBAGPAMPERSMAT BAGPAM ROUM SETJEN KEMHAN ROUM SETJEN KEMHAN</jabatan><tmt_jab>2011-04-01</tmt_jab><no_skep>KEP/285/VI/2011</no_skep><tgl_skep>2011-04-19</tgl_skep></jabatan><jabatan><jabatan>KOMANDAN PELETON A SATKAM SUBBAG PAMPERSMAT BAGPAM ROUM SETJEN KEMHAN</jabatan><tmt_jab>2014-12-31</tmt_jab><no_skep>KEP/1484/XIV/2014</no_skep><tgl_skep>2020-12-18</tgl_skep></jabatan></riwayat_jabatan><riwayat_pendidikan><pendidikan_umum><pendidikan><nama_dik>SEKOLAH DASAR</nama_dik><tahun_lulus>1973</tahun_lulus></pendidikan><pendidikan><nama_dik>SEKOLAH MENENGAH PERTAMA (SMP)</nama_dik><tahun_lulus>1976</tahun_lulus></pendidikan><pendidikan><nama_dik>SEKOLAH MENENGAH ATAS (SMA)</nama_dik><tahun_lulus>1980</tahun_lulus></pendidikan></pendidikan_umum><pendidikan_pembentukan><pendidikan><nama_dik>SUS MENGETIK</nama_dik><tahun_lulus>1980</tahun_lulus></pendidikan><pendidikan><nama_dik>LATPRAJAB TK II</nama_dik><tahun_lulus>1983</tahun_lulus></pendidikan><pendidikan><nama_dik>UJIAN DINAS TK II</nama_dik><tahun_lulus>1996</tahun_lulus></pendidikan><pendidikan><nama_dik>SUS MIKRO KOMPUTER</nama_dik><tahun_lulus>1996</tahun_lulus></pendidikan><pendidikan><nama_dik>SUS PAM</nama_dik><tahun_lulus>2000</tahun_lulus></pendidikan></pendidikan_pembentukan></riwayat_pendidikan><riwayat_penugasan><penugasan><negara>INDONESIA</negara><tahun>1983</tahun><uraian>OPSTIBPUS/OPS VIDYA GRIYA</uraian></penugasan><penugasan><negara>INDONESIA</negara><tahun>1986</tahun><uraian>OPSTIBPUS/ OPS PURNA YUDHA</uraian></penugasan><penugasan><negara>INDONESIA</negara><tahun>1987</tahun><uraian>OPSTIBPUS/CITRA BHAKTI</uraian></penugasan></riwayat_penugasan><riwayat_tanda_jasa><tanda_jasa><nama_tanda_jasa>SATYALANCANA KARYA SATYA X TAHUN</nama_tanda_jasa><no_skep>014/TK/TAHUN 2001</no_skep><tgl_skep>2000-03-13</tgl_skep></tanda_jasa><tanda_jasa><nama_tanda_jasa>SATYALANCANA KARYA SATYA XX TAHUN</nama_tanda_jasa><no_skep>084/TK/2003</no_skep><tgl_skep>2003-02-08</tgl_skep></tanda_jasa><tanda_jasa><nama_tanda_jasa>SATYALANCANA KARYA SATYA XXX TAHUN</nama_tanda_jasa><no_skep>14/TK/TAHUN 2013</no_skep><tgl_skep>2013-04-09</tgl_skep></tanda_jasa></riwayat_tanda_jasa><riwayat_bahasa><bahasa><nama_bahasa>BATAK/TAPANULI</nama_bahasa><keterangan>AKTIF</keterangan></bahasa><bahasa><nama_bahasa>JAWA</nama_bahasa><keterangan>PASIF</keterangan></bahasa><bahasa><nama_bahasa>INGGRIS</nama_bahasa><keterangan>PASIF</keterangan></bahasa></riwayat_bahasa><riwayat_keluarga><keluarga><nama_keluarga>suminah</nama_keluarga><jenis_kelamin>PEREMPUAN</jenis_kelamin><tgl_lahir>1966-06-11</tgl_lahir><hubungan>ISTRI</hubungan></keluarga><keluarga><nama_keluarga>Hermansyah Tarigan</nama_keluarga><jenis_kelamin>LAKI-LAKI</jenis_kelamin><tgl_lahir>1984-08-18</tgl_lahir><hubungan>ANAK</hubungan></keluarga><keluarga><nama_keluarga>VERY IRAWAN S.T</nama_keluarga><jenis_kelamin>LAKI-LAKI</jenis_kelamin><tgl_lahir>1990-11-20</tgl_lahir><hubungan>ANAK</hubungan></keluarga></riwayat_keluarga></personil_kemhan>
