<personil_kemhan><nopeg>196812131995032001</nopeg><nip>030229010</nip><nrp_nip>196812131995032001</nrp_nip><nama>YUNIAR</nama><gelar>S.S., S.H., M.Def.Stud</gelar><tempat_lahir>Jakarta</tempat_lahir><tgl_lahir>1968-12-13</tgl_lahir><jenis_kelamin>PEREMPUAN</jenis_kelamin><unit_organisasi>U.O. KEMHAN</unit_organisasi><jenis_personil>PNS</jenis_personil><pangkat>PEMBINA TK.I IV/B</pangkat><pangkat_corps>PEMBINA TK.I IV/B </pangkat_corps><tmt_pangkat>2015-04-01</tmt_pangkat><angkatan_korps>PNS</angkatan_korps><sumber_pa_gol_3>CAPEG SARJANA</sumber_pa_gol_3><tmt_pa_gol_3>1992-03-01</tmt_pa_gol_3><kategori_pangkat>IV/B</kategori_pangkat><jabatan>KASUBDIT KUMINT DITTUR PERUU</jabatan><satker>DITJEN STRAHAN KEMHAN</satker><kode_jabatan>STRUKTURAL</kode_jabatan><tmt_jabatan>2015-05-28</tmt_jabatan><eselon_jabatan>III</eselon_jabatan><kategori>ORGANIK</kategori><tmt_tni>1992-03-01</tmt_tni><tmt_kemhan>1992-03-01</tmt_kemhan><agama>ISLAM</agama><file_foto_1>foto/196812131995032001.jpg</file_foto_1><file_foto_2>foto/030229010.jpg</file_foto_2><riwayat_pangkat><pangkat><pangkat>CAPEG III/A</pangkat><tmt_pkt>1995-03-01</tmt_pkt><no_skep>SKEP/769/VI/1995</no_skep><tgl_skep>1995-06-14</tgl_skep></pangkat><pangkat><pangkat>PENATA MUDA III/A</pangkat><tmt_pkt>1996-09-01</tmt_pkt><no_skep>SKEP/910/VIII/1996</no_skep><tgl_skep>1996-08-12</tgl_skep></pangkat><pangkat><pangkat>PENATA MUDA TK.I III/B</pangkat><tmt_pkt>1999-04-01</tmt_pkt><no_skep>SKEP/468/V/1999</no_skep><tgl_skep>1999-05-31</tgl_skep></pangkat><pangkat><pangkat>PENATA III/C</pangkat><tmt_pkt>2003-04-01</tmt_pkt><no_skep>SKEP/910/V/2003</no_skep><tgl_skep>2003-05-29</tgl_skep></pangkat><pangkat><pangkat>PENATA TK.I III/D</pangkat><tmt_pkt>2007-04-01</tmt_pkt><no_skep>SKEP/172/III/2007</no_skep><tgl_skep>2007-03-09</tgl_skep></pangkat><pangkat><pangkat>PEMBINA IV/A</pangkat><tmt_pkt>2011-04-01</tmt_pkt><no_skep>KEP MENHAN NOMOR : KEP/226/M/III/2011</no_skep><tgl_skep>2011-03-31</tgl_skep></pangkat><pangkat><pangkat>PEMBINA TK.I IV/B</pangkat><tmt_pkt>2015-04-01</tmt_pkt></pangkat></riwayat_pangkat><riwayat_jabatan><jabatan><jabatan>PLT PSB TK-III/INVET BIRO HUKUM SETJEN DEPHAN</jabatan><tmt_jab>1899-12-30</tmt_jab><no_skep>SPRIN/799/VIII/1999</no_skep><tgl_skep>1999-08-09</tgl_skep></jabatan><jabatan><jabatan>PEMB SUBBAG TK.II/INFOPUBLIK SUBBAG INFOPUBLIK BA</jabatan><tmt_jab>2000-11-01</tmt_jab><no_skep>SKEP/1103/XI/2000</no_skep><tgl_skep>2000-11-15</tgl_skep></jabatan><jabatan><jabatan>PEMB SUBBAG TKII/INFOKUM SUBBAGDOKINFOKUM BAGUNDANG ROKUM</jabatan><tmt_jab>2001-03-01</tmt_jab><no_skep>SKEP/260/III/2001</no_skep><tgl_skep>2001-03-22</tgl_skep></jabatan><jabatan><jabatan>AJUN ARSIPARIS</jabatan><tmt_jab>2001-12-01</tmt_jab><no_skep>SKEP/1016/XII/2001</no_skep><tgl_skep>2001-12-24</tgl_skep></jabatan><jabatan><jabatan>KASUBBAGKUM HUMANITER BAGKUMINT ROKUM SETJEN DEPHAN</jabatan><tmt_jab>2006-10-01</tmt_jab><no_skep>SKEP/785/X/2006</no_skep><tgl_skep>2006-10-11</tgl_skep></jabatan><jabatan><jabatan>Kasubbag Kumorgint Bag Kumint Rohukum Setjen Dephan</jabatan><tmt_jab>2008-02-01</tmt_jab><no_skep>SKEP/72/II/2008</no_skep><tgl_skep>2008-02-14</tgl_skep></jabatan><jabatan><jabatan>KASUBDIT INFOKUM DIT KUMSTRA DITJEN STRAHAN KEMHAN</jabatan><tmt_jab>2010-09-27</tmt_jab><tgl_skep>2010-09-27</tgl_skep></jabatan><jabatan><jabatan>KASUBDIT INFOKUM DIT KUMSTRA DITJEN STRAHAN KEMHAN</jabatan><tmt_jab>2010-09-27</tmt_jab><no_skep>KEP/677/IX/2010</no_skep><tgl_skep>2010-05-27</tgl_skep></jabatan><jabatan><jabatan>KASUBDIT LAHKUMHAN DIT KUMSTRA DITJEN STRAHAN KEMHAN</jabatan><tmt_jab>2013-05-06</tmt_jab><no_skep>KEP/439/V/2013</no_skep><tgl_skep>2013-05-10</tgl_skep></jabatan><jabatan><jabatan>KASUBDIT HARMONISASI DIT TUR PER UU DITJEN STRAHAN KEMHAN</jabatan><tmt_jab>2014-12-31</tmt_jab><no_skep>KEP/1493/XII/2014</no_skep><tgl_skep>2014-12-18</tgl_skep></jabatan><jabatan><jabatan>KASUBDIT KUMINT DITTUR PERUU DITJEN STRAHAN KEMHAN</jabatan><tmt_jab>2015-05-28</tmt_jab><no_skep>KEP/510/V/2015</no_skep><tgl_skep>2015-05-28</tgl_skep></jabatan></riwayat_jabatan><riwayat_pendidikan><pendidikan_umum><pendidikan><nama_dik>SEKOLAH DASAR</nama_dik><tahun_lulus>1981</tahun_lulus></pendidikan><pendidikan><nama_dik>SEKOLAH LANJUTAN TINGKAT PERTAMA (SLTP)</nama_dik><tahun_lulus>1984</tahun_lulus></pendidikan><pendidikan><nama_dik>SEKOLAH LANJUTAN TINGKAT ATAS (SLTA)</nama_dik><tahun_lulus>1987</tahun_lulus></pendidikan><pendidikan><nama_dik>SARJANA (S1)</nama_dik><tahun_lulus>1993</tahun_lulus></pendidikan><pendidikan><nama_dik>PASCA SARJANA (S2)</nama_dik><tahun_lulus>2004</tahun_lulus></pendidikan><pendidikan><nama_dik>SARJANA (S1)</nama_dik><tahun_lulus>2009</tahun_lulus></pendidikan></pendidikan_umum><pendidikan_pembentukan><pendidikan><nama_dik>TAR P-4 45 JAM</nama_dik><tahun_lulus>1995</tahun_lulus></pendidikan><pendidikan><nama_dik>LATPRAJAB TK.III</nama_dik><tahun_lulus>1996</tahun_lulus></pendidikan><pendidikan><nama_dik>SUS KIBI</nama_dik><tahun_lulus>2000</tahun_lulus></pendidikan><pendidikan><nama_dik>ADUM</nama_dik><tahun_lulus>2000</tahun_lulus></pendidikan><pendidikan><nama_dik>SUS INTENSIF PENERJEMAH</nama_dik><tahun_lulus>2002</tahun_lulus></pendidikan><pendidikan><nama_dik>DIK LAT PIM TK III</nama_dik><tahun_lulus>2006</tahun_lulus></pendidikan><pendidikan><nama_dik>SPAMA</nama_dik><tahun_lulus>2007</tahun_lulus></pendidikan><pendidikan><nama_dik>WORKSHOP ESL. IV GEL. III TGL. 26 s.d. 27 SEP 2007</nama_dik><tahun_lulus>2007</tahun_lulus></pendidikan><pendidikan><nama_dik>SUSKATJEMEN EKSEKUTIF NATIONAL SECURITY CONCEPT</nama_dik><tahun_lulus>2009</tahun_lulus></pendidikan></pendidikan_pembentukan></riwayat_pendidikan><riwayat_penugasan><penugasan><negara>AUSTRALIA</negara><tahun>2002</tahun><uraian>TUGAS BELAJAR S2</uraian></penugasan><penugasan><negara>INDONESIA</negara><tahun>2010</tahun><uraian>KURSUS LOAC</uraian></penugasan></riwayat_penugasan><riwayat_tanda_jasa><tanda_jasa><nama_tanda_jasa>SATYALANCANA KARYA SATYA X TAHUN</nama_tanda_jasa><no_skep>KEPRES RI NOMOR 022/TK/TAHUN 2008</no_skep><tgl_skep>2008-06-24</tgl_skep></tanda_jasa></riwayat_tanda_jasa><riwayat_bahasa><bahasa><nama_bahasa>BETAWI</nama_bahasa><keterangan>AKTIF</keterangan></bahasa><bahasa><nama_bahasa>INGGRIS</nama_bahasa><keterangan>AKTIF</keterangan></bahasa><bahasa><nama_bahasa>INDONESIA</nama_bahasa><keterangan>AKTIF</keterangan></bahasa></riwayat_bahasa><riwayat_keluarga><keluarga><nama_keluarga>RUSDI</nama_keluarga><jenis_kelamin>LAKI-LAKI</jenis_kelamin><tgl_lahir>1968-02-02</tgl_lahir><hubungan>SUAMI</hubungan></keluarga></riwayat_keluarga></personil_kemhan>
