<personil_kemhan><nopeg>196302121984032001</nopeg><nip>030178456</nip><nrp_nip>196302121984032001</nrp_nip><nama>WIWIEK REJIASIH</nama><tempat_lahir>Jakarta</tempat_lahir><tgl_lahir>1963-02-12</tgl_lahir><jenis_kelamin>PEREMPUAN</jenis_kelamin><unit_organisasi>U.O. KEMHAN</unit_organisasi><jenis_personil>PNS</jenis_personil><pangkat>PENATA III/C</pangkat><pangkat_corps>PENATA III/C </pangkat_corps><tmt_pangkat>2010-10-01</tmt_pangkat><angkatan_korps>PNS</angkatan_korps><sumber_pa_gol_3>UJIAN DINAS</sumber_pa_gol_3><tmt_pa_gol_3>1999-04-01</tmt_pa_gol_3><kategori_pangkat>III/C</kategori_pangkat><jabatan>PENGOLAH AKUNTASI UANG SUBBAG TU BIRO BAG HATKUM</jabatan><satker>ROKUM SETJEN KEMHAN</satker><kode_jabatan>ANGGOTA</kode_jabatan><tmt_jabatan>2014-12-31</tmt_jabatan><eselon_jabatan>99</eselon_jabatan><kategori>ORGANIK</kategori><tmt_tni>1985-03-01</tmt_tni><agama>ISLAM</agama><file_foto_1>foto/196302121984032001.jpg</file_foto_1><file_foto_2>foto/030178456.jpg</file_foto_2><riwayat_pangkat><pangkat><pangkat>CAPEG II/A</pangkat><tmt_pkt>1984-03-01</tmt_pkt><no_skep>SKEP/574/15/VII/1983/SET</no_skep><tgl_skep>1984-07-14</tgl_skep></pangkat><pangkat><pangkat>PENGATUR MUDA II/A</pangkat><tmt_pkt>1985-03-01</tmt_pkt><no_skep>SKEP/362/17/V/1985</no_skep><tgl_skep>1985-05-25</tgl_skep></pangkat><pangkat><pangkat>PENGATUR MUDA TK.I  II/B</pangkat><tmt_pkt>1987-04-01</tmt_pkt><no_skep>SKEP/110/VIII/1987</no_skep><tgl_skep>1987-07-21</tgl_skep></pangkat><pangkat><pangkat>PENGATUR II/C</pangkat><tmt_pkt>1991-04-01</tmt_pkt><no_skep>03-09/013/26/KEP/IV/1991</no_skep><tgl_skep>1991-04-02</tgl_skep></pangkat><pangkat><pangkat>PENGATUR TK.I II/D</pangkat><tmt_pkt>1995-04-01</tmt_pkt><no_skep>03-09/008/26/KEP/IV/1995</no_skep><tgl_skep>1995-02-23</tgl_skep></pangkat><pangkat><pangkat>PENATA MUDA III/A</pangkat><tmt_pkt>1999-04-01</tmt_pkt><no_skep>SKEP/422/V/1999</no_skep><tgl_skep>1999-05-26</tgl_skep></pangkat><pangkat><pangkat>PENATA MUDA TK.I III/B</pangkat><tmt_pkt>2003-04-01</tmt_pkt><no_skep>SKEP/563/IV/2003</no_skep><tgl_skep>2003-04-25</tgl_skep></pangkat><pangkat><pangkat>PENATA III/C</pangkat><tmt_pkt>2010-10-01</tmt_pkt><no_skep>KEP/643/IX/2010</no_skep><tgl_skep>2010-09-14</tgl_skep></pangkat></riwayat_pangkat><riwayat_jabatan><jabatan><jabatan>PSB TK IV/URUM BAGPERS ROUM</jabatan><tmt_jab>1998-09-11</tmt_jab><no_skep>SPRIN/910/IX/1998</no_skep><tgl_skep>1998-09-11</tgl_skep></jabatan><jabatan><jabatan>PSB TK III STAT &amp; LAP KUAT SUBBAGUM BAGPERS ROUM</jabatan><tmt_jab>1998-10-01</tmt_jab><no_skep>SKEP/1262/XI/1998</no_skep><tgl_skep>1998-10-01</tgl_skep></jabatan><jabatan><jabatan>PSB TKII/RUMGA SUBBAGRENMINRO BAGADABANGPEG ROPEG</jabatan><tmt_jab>2001-03-01</tmt_jab><no_skep>SKEP/282/III/2001</no_skep><tgl_skep>2001-03-28</tgl_skep></jabatan><jabatan><jabatan>ANALIS KEPEGAWAIAN PELAKSANA LANJUTAN ROPEG</jabatan><tmt_jab>2001-12-01</tmt_jab><no_skep>SKEP/1017/XII/2001</no_skep><tgl_skep>2001-12-24</tgl_skep></jabatan><jabatan><jabatan>Anggota Subbagrenminro bagadabangpeg RopeG Setjen Dephan</jabatan><tmt_jab>2005-03-01</tmt_jab><no_skep>SKEP/205/III/2005</no_skep><tgl_skep>2005-03-22</tgl_skep></jabatan><jabatan><jabatan>ANGGOTA SUBBAGMINRO BAGADABANGPEG ROPEG SETJEN DEPHAN</jabatan><tmt_jab>2006-03-01</tmt_jab><no_skep>SKEP/201/III/2006</no_skep><tgl_skep>2006-03-27</tgl_skep></jabatan><jabatan><jabatan>Arsiparis Pelaksana Lanjutan Ropeg Setjen Dephan</jabatan><tmt_jab>2009-04-01</tmt_jab><no_skep>KEP/224/XII/2009</no_skep><tgl_skep>2009-12-22</tgl_skep></jabatan><jabatan><jabatan>ARSIPARIS PENYELIA ROPEG ROPEG SETJEN KEMHAN</jabatan><tmt_jab>2010-06-03</tmt_jab><no_skep>KEP/392/VI/2010</no_skep><tgl_skep>2010-06-11</tgl_skep></jabatan><jabatan><jabatan>PENGOLAH WABKU SUBBAG TU BIRO BAG HATKUM ROKUM SETJEN KEMHAN</jabatan><tmt_jab>2011-04-01</tmt_jab><no_skep>KEP/284/IV/2011</no_skep><tgl_skep>2011-04-19</tgl_skep></jabatan><jabatan><jabatan>PENGOLAH BHN PERJANJIAN SUBBAG PERJANJIAN BAG YANKUM ROKUM SETJEN KEMHAN</jabatan><tmt_jab>2013-07-05</tmt_jab><no_skep>KEP/674/VII/2013</no_skep><tgl_skep>2013-07-15</tgl_skep></jabatan><jabatan><jabatan>PENGOLAH BAHAN DIL TK. I SUBBAG DIL TK.I BAG BANKUM ROKUM SETJEN KEMHAN</jabatan><tmt_jab>2013-10-30</tmt_jab><no_skep>Kep/1108/X/2013</no_skep><tgl_skep>2013-10-31</tgl_skep></jabatan><jabatan><jabatan>PENGOLAH AKUNTASI UANG SUBBAG TU BIRO BAG HATKUM ROKUM SETJEN KEMHAN</jabatan><tmt_jab>2014-12-31</tmt_jab><no_skep>KEP/1485/XII/2014</no_skep><tgl_skep>2014-12-18</tgl_skep></jabatan></riwayat_jabatan><riwayat_pendidikan><pendidikan_umum><pendidikan><nama_dik>SEKOLAH DASAR</nama_dik><tahun_lulus>1975</tahun_lulus></pendidikan><pendidikan><nama_dik>SEKOLAH LANJUTAN TINGKAT PERTAMA (SLTP)</nama_dik><tahun_lulus>1980</tahun_lulus></pendidikan><pendidikan><nama_dik>SEKOLAH LANJUTAN TINGKAT ATAS (SLTA)</nama_dik><tahun_lulus>1983</tahun_lulus></pendidikan></pendidikan_umum><pendidikan_pembentukan><pendidikan><nama_dik>SUS MINU TK. III</nama_dik><tahun_lulus>1984</tahun_lulus></pendidikan><pendidikan><nama_dik>LATPRAJAB TK II</nama_dik><tahun_lulus>1985</tahun_lulus></pendidikan><pendidikan><nama_dik>ADUM</nama_dik><tahun_lulus>1988</tahun_lulus></pendidikan><pendidikan><nama_dik>PENATARAN PERBENDAHARAAN NEGARA</nama_dik><tahun_lulus>2015</tahun_lulus></pendidikan></pendidikan_pembentukan></riwayat_pendidikan><riwayat_penugasan></riwayat_penugasan><riwayat_tanda_jasa><tanda_jasa><nama_tanda_jasa>SATYALANCANA KARYA SATYA X TAHUN</nama_tanda_jasa><no_skep>KEPPRES RI NOMOR 063/TK/TAHUN 2002</no_skep><tgl_skep>2002-09-23</tgl_skep></tanda_jasa><tanda_jasa><nama_tanda_jasa>SATYALANCANA KARYA SATYA XX TAHUN</nama_tanda_jasa><no_skep>KEPPRES RI NOMOR 047/TK/TAHUN 2005</no_skep><tgl_skep>2005-07-11</tgl_skep></tanda_jasa></riwayat_tanda_jasa><riwayat_bahasa><bahasa><nama_bahasa>INGGRIS</nama_bahasa><keterangan>PASIF</keterangan></bahasa></riwayat_bahasa><riwayat_keluarga><keluarga><nama_keluarga>M ARIEF RUSLAN</nama_keluarga><jenis_kelamin>LAKI-LAKI</jenis_kelamin><tgl_lahir>1962-03-06</tgl_lahir><hubungan>SUAMI</hubungan></keluarga><keluarga><nama_keluarga>RANGGA BIMA ARDAWIYANTO</nama_keluarga><jenis_kelamin>LAKI-LAKI</jenis_kelamin><tgl_lahir>1990-01-17</tgl_lahir><hubungan>ANAK</hubungan></keluarga><keluarga><nama_keluarga>CARENNINA CLARA DITA</nama_keluarga><jenis_kelamin>PEREMPUAN</jenis_kelamin><tgl_lahir>1993-05-02</tgl_lahir><hubungan>ANAK</hubungan></keluarga><keluarga><nama_keluarga>BILLAL CAESAR KHADAFI</nama_keluarga><jenis_kelamin>LAKI-LAKI</jenis_kelamin><tgl_lahir>2001-11-06</tgl_lahir><hubungan>ANAK</hubungan></keluarga></riwayat_keluarga></personil_kemhan>
