<personil_kemhan><nopeg>197201071998102001</nopeg><nip>030241635</nip><nrp_nip>197201071998102001</nrp_nip><nama>ENDAH SUSILOWATI</nama><gelar>S.KOM</gelar><tempat_lahir>Tangerang</tempat_lahir><tgl_lahir>1972-01-07</tgl_lahir><jenis_kelamin>PEREMPUAN</jenis_kelamin><unit_organisasi>U.O. KEMHAN</unit_organisasi><jenis_personil>PNS</jenis_personil><pangkat>PENATA MUDA TK.I III/B</pangkat><pangkat_corps>PENATA MUDA TK.I III/B </pangkat_corps><tmt_pangkat>2013-04-01</tmt_pangkat><angkatan_korps>PNS</angkatan_korps><sumber_pa_gol_3>UJIAN DINAS</sumber_pa_gol_3><tmt_pa_gol_3>2009-04-01</tmt_pa_gol_3><kategori_pangkat>III/B</kategori_pangkat><jabatan>PENGOLAH BAHAN URUSAN MEDIA ELEKTRONIK SUBBIDHUBMEDMAS BIDBRA PUSKOM PUBLIK KEMHAN</jabatan><satker>PUSKOMPUBLIK KEMHAN</satker><kode_jabatan>FUNGSIONAL</kode_jabatan><tmt_jabatan>2014-12-31</tmt_jabatan><eselon_jabatan>99</eselon_jabatan><kategori>ORGANIK</kategori><tmt_tni>1999-08-01</tmt_tni><tmt_kemhan>1998-10-01</tmt_kemhan><agama>ISLAM</agama><file_foto_1>foto/197201071998102001.jpg</file_foto_1><file_foto_2>foto/030241635.jpg</file_foto_2><riwayat_pangkat><pangkat><pangkat>CAPEG II/B</pangkat><tmt_pkt>1998-09-01</tmt_pkt><no_skep>SKEP/1397/XII/1998</no_skep><tgl_skep>1998-10-01</tgl_skep></pangkat><pangkat><pangkat>PENGATUR MUDA TK.I  II/B</pangkat><tmt_pkt>2000-08-01</tmt_pkt><no_skep>SKEP/504/VI/2000</no_skep><tgl_skep>2000-06-30</tgl_skep></pangkat><pangkat><pangkat>PENGATUR II/C</pangkat><tmt_pkt>2001-04-01</tmt_pkt><no_skep>SKEP/176/II/2002</no_skep><tgl_skep>2002-02-25</tgl_skep></pangkat><pangkat><pangkat>PENGATUR TK.I II/D</pangkat><tmt_pkt>2005-04-01</tmt_pkt><no_skep>SKEP/170/III/2005</no_skep><tgl_skep>2005-03-14</tgl_skep></pangkat><pangkat><pangkat>PENATA MUDA III/A</pangkat><tmt_pkt>2009-04-01</tmt_pkt><no_skep>KEP MENHAN NOMOR : KEP/34/III/2009</no_skep><tgl_skep>2009-04-01</tgl_skep></pangkat><pangkat><pangkat>PENATA MUDA TK.I III/B</pangkat><tmt_pkt>2013-04-01</tmt_pkt><no_skep>SPRIN/208/III/2013</no_skep><tgl_skep>2013-04-28</tgl_skep></pangkat></riwayat_pangkat><riwayat_jabatan><jabatan><jabatan>STAF BID BANGSIS PUSINFOLAHTA DEPHAN</jabatan><tmt_jab>1999-04-01</tmt_jab><no_skep>SPRIN/94/IV/1999</no_skep><tgl_skep>1999-04-01</tgl_skep></jabatan><jabatan><jabatan>TURMIN SUBBIDBANGSIS BID BINSISKA</jabatan><tmt_jab>2001-03-01</tmt_jab><no_skep>SKEP/250/III/2001</no_skep><tgl_skep>2001-03-21</tgl_skep></jabatan><jabatan><jabatan>TURTIK/OPERATOR KOMP SUBBAG PAMVIP BAGPAM</jabatan><tmt_jab>2001-07-01</tmt_jab><no_skep>SKEP/459/VII/2001</no_skep><tgl_skep>2001-07-12</tgl_skep></jabatan><jabatan><jabatan>Anggota Subbag Pam VIP Bagpam Roum Setjen Dephan</jabatan><tmt_jab>2007-03-27</tmt_jab><no_skep>SPRIN/218/III/2007</no_skep><tgl_skep>2007-03-27</tgl_skep></jabatan><jabatan><jabatan>Penyusun Administrasi Umum Subbagpamvip Bagpam</jabatan><tmt_jab>2010-07-27</tmt_jab><no_skep>KEP/553/VII/2010</no_skep><tgl_skep>2010-07-28</tgl_skep></jabatan><jabatan><jabatan>PENGOLAH BAHAN SUBBAG PAM PERS MAT BAGPAM ROUM SETJEN ROUM SETJEN KEMHAN</jabatan><tmt_jab>2011-04-01</tmt_jab><no_skep>Skep/285/IV/2011</no_skep><tgl_skep>2011-04-19</tgl_skep></jabatan><jabatan><jabatan>PENGOLAH BAHAN INFORMASI PUBLIK SUBBIDKERMAINFO  PUSKOMPUBLIK KEMHAN</jabatan><tmt_jab>2013-08-28</tmt_jab><no_skep>KEP/832/VIII/2013</no_skep><tgl_skep>2013-08-23</tgl_skep></jabatan><jabatan><jabatan>PENGOLAH BAHAN URUSAN MEDIA ELEKTRONIK SUBBIDHUBMEDMAS BIDBRA PUSKOM PUBLIK KEMHAN PUSKOMPUBLIK KEMHAN</jabatan><tmt_jab>2014-12-31</tmt_jab><no_skep>KEP/1510/XII/2014</no_skep><tgl_skep>2014-12-18</tgl_skep></jabatan></riwayat_jabatan><riwayat_pendidikan><pendidikan_umum><pendidikan><nama_dik>SEKOLAH DASAR</nama_dik><tahun_lulus>1984</tahun_lulus></pendidikan><pendidikan><nama_dik>SEKOLAH LANJUTAN TINGKAT PERTAMA (SLTP)</nama_dik><tahun_lulus>1987</tahun_lulus></pendidikan><pendidikan><nama_dik>SEKOLAH LANJUTAN TINGKAT ATAS (SLTA)</nama_dik><tahun_lulus>1990</tahun_lulus></pendidikan><pendidikan><nama_dik>SARJANA MUDA (D.III)</nama_dik><tahun_lulus>1994</tahun_lulus></pendidikan><pendidikan><nama_dik>SARJANA (S1)</nama_dik><tahun_lulus>2008</tahun_lulus></pendidikan></pendidikan_umum><pendidikan_pembentukan><pendidikan><nama_dik>SUS ORACLE</nama_dik><tahun_lulus>1999</tahun_lulus></pendidikan><pendidikan><nama_dik>LATPRAJAB TK II</nama_dik><tahun_lulus>1999</tahun_lulus></pendidikan><pendidikan><nama_dik>SUSMINU TK II</nama_dik><tahun_lulus>2002</tahun_lulus></pendidikan><pendidikan><nama_dik>KIBI LXXXI</nama_dik><tahun_lulus>2013</tahun_lulus></pendidikan><pendidikan><nama_dik>Indonesia Basic Publik Alfairs Officer Course</nama_dik><tahun_lulus>2014</tahun_lulus></pendidikan><pendidikan><nama_dik>DIKLAT BELA NEGARA</nama_dik><tahun_lulus>2014</tahun_lulus></pendidikan><pendidikan><nama_dik>Workshop Sisfohanneg</nama_dik><tahun_lulus>2016</tahun_lulus></pendidikan></pendidikan_pembentukan></riwayat_pendidikan><riwayat_penugasan></riwayat_penugasan><riwayat_tanda_jasa><tanda_jasa><nama_tanda_jasa>SATYALANCANA KARYA SATYA X TAHUN</nama_tanda_jasa><no_skep>065/TK/2009</no_skep><tgl_skep>2009-11-25</tgl_skep></tanda_jasa></riwayat_tanda_jasa><riwayat_bahasa><bahasa><nama_bahasa>JAWA</nama_bahasa><keterangan>PASIF</keterangan></bahasa><bahasa><nama_bahasa>INGGRIS</nama_bahasa><keterangan>PASIF</keterangan></bahasa></riwayat_bahasa><riwayat_keluarga><keluarga><nama_keluarga>ROY PANDAPOTAN SIREGAR</nama_keluarga><jenis_kelamin>LAKI-LAKI</jenis_kelamin><tgl_lahir>1971-02-20</tgl_lahir><hubungan>SUAMI</hubungan></keluarga><keluarga><nama_keluarga>FITRI ARIANA CHAIRUNNISA</nama_keluarga><jenis_kelamin>PEREMPUAN</jenis_kelamin><tgl_lahir>2000-12-31</tgl_lahir><hubungan>ANAK</hubungan></keluarga><keluarga><nama_keluarga>RIFQI FATURRAHMAN SIREGAR</nama_keluarga><jenis_kelamin>LAKI-LAKI</jenis_kelamin><tgl_lahir>2004-08-30</tgl_lahir><hubungan>ANAK</hubungan></keluarga></riwayat_keluarga></personil_kemhan>
