<personil_kemhan><nopeg>198307122002122001</nopeg><nip>030247643</nip><nrp_nip>198307122002122001</nrp_nip><nama>IIS FITRIANINGRUM</nama><tempat_lahir>MAGETAN</tempat_lahir><tgl_lahir>1983-07-12</tgl_lahir><jenis_kelamin>PEREMPUAN</jenis_kelamin><unit_organisasi>U.O. KEMHAN</unit_organisasi><jenis_personil>PNS</jenis_personil><pangkat>PENGATUR TK.I II/D</pangkat><pangkat_corps>PENGATUR TK.I II/D </pangkat_corps><tmt_pangkat>2014-04-01</tmt_pangkat><angkatan_korps>PNS</angkatan_korps><kategori_pangkat>II/C</kategori_pangkat><jabatan>PETUGAS POS KEMHAN SUBBAG TAKAHDIS BAG MINU</jabatan><satker>ROTU SETJEN KEMHAN</satker><kode_jabatan>ANGGOTA</kode_jabatan><tmt_jabatan>2014-12-31</tmt_jabatan><eselon_jabatan>99</eselon_jabatan><kategori>ORGANIK</kategori><tmt_tni>2004-10-27</tmt_tni><tmt_kemhan>2002-12-01</tmt_kemhan><agama>ISLAM</agama><file_foto_1>foto/198307122002122001.jpg</file_foto_1><file_foto_2>foto/030247643.jpg</file_foto_2><riwayat_pangkat><pangkat><pangkat>CAPEG II/A</pangkat><tmt_pkt>2002-11-01</tmt_pkt><no_skep>SKEP/1021/IV/2003</no_skep><tgl_skep>2003-06-14</tgl_skep></pangkat><pangkat><pangkat>PENGATUR MUDA II/A</pangkat><tmt_pkt>2004-08-26</tmt_pkt><no_skep>SKEP/600/VIII/2004</no_skep><tgl_skep>2004-09-01</tgl_skep></pangkat><pangkat><pangkat>PENGATUR MUDA TK.I  II/B</pangkat><tmt_pkt>2007-04-01</tmt_pkt><no_skep>SKEP/174/III/2007</no_skep><tgl_skep>2007-03-09</tgl_skep></pangkat><pangkat><pangkat>PENGATUR II/C</pangkat><tmt_pkt>2011-04-01</tmt_pkt><no_skep>KEP/201/III/2011</no_skep><tgl_skep>2011-03-25</tgl_skep></pangkat><pangkat><pangkat>PENGATUR TK.I II/D</pangkat><tmt_pkt>2014-04-01</tmt_pkt></pangkat></riwayat_pangkat><riwayat_jabatan><jabatan><jabatan>ANGGOTA SUBBAG YANUM URDAL BAG RUMGA ROUM SETJEN DEPHAN</jabatan><tmt_jab>2002-12-01</tmt_jab><no_skep>SKEP/1021/VI/2003</no_skep><tgl_skep>2003-06-16</tgl_skep></jabatan><jabatan><jabatan>ANGGOTA ROTU SETJEN DEPHAN</jabatan><tmt_jab>2005-06-01</tmt_jab><no_skep>SKEP/428/VI/2005</no_skep><tgl_skep>2005-06-20</tgl_skep></jabatan><jabatan><jabatan>ANGGOTA SUBBAGMINSAHLI BAG BANMINPIM ROTU SETJEN DEPHAN</jabatan><tmt_jab>2006-03-01</tmt_jab><no_skep>SPRINT/52/IV/2006</no_skep><tgl_skep>2006-03-23</tgl_skep></jabatan><jabatan><jabatan>Anggota Subbag MinSahli Bagbanminpim Rotu Setjen Dephan</jabatan><tmt_jab>2006-03-01</tmt_jab><no_skep>SPRIN/52/IV/2006</no_skep><tgl_skep>2006-06-24</tgl_skep></jabatan><jabatan><jabatan>ARSIPARIS PELAKSANA ROTU SETJEN KEMHAN</jabatan><tmt_jab>2009-04-01</tmt_jab><no_skep>KEP/195/X/2009</no_skep><tgl_skep>2009-04-01</tgl_skep></jabatan><jabatan><jabatan>PETUGAS RUMGA SEKJEN SUBBAG DUK SEKJEN  ROTU SETJEN KEMHAN</jabatan><tmt_jab>2011-04-01</tmt_jab><no_skep>KEP/282/VI/2011</no_skep><tgl_skep>2011-04-19</tgl_skep></jabatan><jabatan><jabatan>PETUGAS POS KEMHAN SUBBAG TAKAHDIS BAG MINU ROTU SETJEN KEMHAN</jabatan><tmt_jab>2014-12-31</tmt_jab><no_skep>KEP/1485/XII/2014</no_skep><tgl_skep>2014-12-18</tgl_skep></jabatan></riwayat_jabatan><riwayat_pendidikan><pendidikan_umum><pendidikan><nama_dik>SEKOLAH DASAR</nama_dik><tahun_lulus>1995</tahun_lulus></pendidikan><pendidikan><nama_dik>SEKOLAH LANJUTAN TINGKAT PERTAMA (SLTP)</nama_dik><tahun_lulus>1998</tahun_lulus></pendidikan><pendidikan><nama_dik>SMEA</nama_dik><tahun_lulus>2001</tahun_lulus></pendidikan></pendidikan_umum><pendidikan_pembentukan><pendidikan><nama_dik>LAT PRAJAB</nama_dik><tahun_lulus>2004</tahun_lulus></pendidikan><pendidikan><nama_dik>PENATARAN KESEKRETARIATAN DEPHAN</nama_dik><tahun_lulus>2006</tahun_lulus></pendidikan><pendidikan><nama_dik>DIK BELA NEGARA (KOMCAD)</nama_dik><tahun_lulus>2013</tahun_lulus></pendidikan></pendidikan_pembentukan></riwayat_pendidikan><riwayat_penugasan></riwayat_penugasan><riwayat_tanda_jasa><tanda_jasa><nama_tanda_jasa>SATYALANCANA KARYA SATYA X TAHUN</nama_tanda_jasa><no_skep>KEPRES/14/TK/THN/2013</no_skep><tgl_skep>2013-04-09</tgl_skep></tanda_jasa></riwayat_tanda_jasa><riwayat_bahasa><bahasa><nama_bahasa>JAWA</nama_bahasa><keterangan>AKTIF</keterangan></bahasa><bahasa><nama_bahasa>INGGRIS</nama_bahasa><keterangan>PASIF</keterangan></bahasa></riwayat_bahasa><riwayat_keluarga><keluarga><nama_keluarga>DADANG PRAWONO</nama_keluarga><jenis_kelamin>LAKI-LAKI</jenis_kelamin><tgl_lahir>1981-12-25</tgl_lahir><hubungan>SUAMI</hubungan></keluarga><keluarga><nama_keluarga>DAFI AGENG PRATAMA</nama_keluarga><jenis_kelamin>LAKI-LAKI</jenis_kelamin><tgl_lahir>2007-12-26</tgl_lahir><hubungan>ANAK</hubungan></keluarga><keluarga><nama_keluarga>DANTY INDAH DWI AURINI</nama_keluarga><jenis_kelamin>LAKI-LAKI</jenis_kelamin><tgl_lahir>2011-07-14</tgl_lahir><hubungan>ANAK</hubungan></keluarga></riwayat_keluarga></personil_kemhan>
