<personil_kemhan><nopeg>198106142003122001</nopeg><nip>030248781</nip><nrp_nip>198106142003122001</nrp_nip><nama>YUNIARTY</nama><gelar>S.E.</gelar><tempat_lahir>Palembang</tempat_lahir><tgl_lahir>1981-06-14</tgl_lahir><jenis_kelamin>PEREMPUAN</jenis_kelamin><unit_organisasi>U.O. KEMHAN</unit_organisasi><jenis_personil>PNS</jenis_personil><pangkat>PENGATUR TK.I II/D</pangkat><pangkat_corps>PENGATUR TK.I II/D </pangkat_corps><tmt_pangkat>2014-10-01</tmt_pangkat><angkatan_korps>PNS</angkatan_korps><kategori_pangkat>II/C</kategori_pangkat><jabatan>ARSIPARIS PELAKSANA</jabatan><satker>SET BALITBANG KEMHAN</satker><kode_jabatan>FUNGSIONAL</kode_jabatan><tmt_jabatan>2011-06-16</tmt_jabatan><eselon_jabatan>7</eselon_jabatan><kategori>ORGANIK</kategori><tmt_tni>2005-08-01</tmt_tni><tmt_kemhan>2005-08-01</tmt_kemhan><agama>ISLAM</agama><file_foto_1>foto/198106142003122001.jpg</file_foto_1><file_foto_2>foto/030248781.jpg</file_foto_2><riwayat_pangkat><pangkat><pangkat>CAPEG II/A</pangkat><tmt_pkt>2003-12-01</tmt_pkt><no_skep>Skep/208/IV/2004</no_skep><tgl_skep>2004-04-13</tgl_skep></pangkat><pangkat><pangkat>PENGATUR MUDA II/A</pangkat><tmt_pkt>2005-08-01</tmt_pkt><no_skep>Skep/657/VIII/2005</no_skep><tgl_skep>2005-08-08</tgl_skep></pangkat><pangkat><pangkat>PENGATUR MUDA TK.I  II/B</pangkat><tmt_pkt>2008-04-01</tmt_pkt><no_skep>SKEP/143/III/2008</no_skep><tgl_skep>2008-03-06</tgl_skep></pangkat><pangkat><pangkat>PENGATUR II/C</pangkat><tmt_pkt>2011-10-01</tmt_pkt><no_skep>KEP/704/IX/2011</no_skep><tgl_skep>2011-09-22</tgl_skep></pangkat><pangkat><pangkat>PENGATUR TK.I II/D</pangkat><tmt_pkt>2014-10-01</tmt_pkt><no_skep>KEP/1123/IX/2014</no_skep><tgl_skep>2014-09-25</tgl_skep></pangkat></riwayat_pangkat><riwayat_jabatan><jabatan><jabatan>TURMIN ROPEG SETJEN DEPHAN</jabatan><tmt_jab>2003-12-01</tmt_jab><no_skep>Skep/208/IV/2004</no_skep><tgl_skep>2004-04-13</tgl_skep></jabatan><jabatan><jabatan>ANGGOTA SUBBAGKATJAB BAGINBIN PNS ROPEG SETJEN DEPHAN</jabatan><tmt_jab>2004-05-21</tmt_jab><no_skep>SPRIN/103/V/2004</no_skep><tgl_skep>2004-05-21</tgl_skep></jabatan><jabatan><jabatan>ANGGOTA SUBBAGMUTASI BAGINDUK PNS ROPEG SETJEN DEPHAN</jabatan><tmt_jab>2006-03-01</tmt_jab><no_skep>SKEP/201/III/2006</no_skep><tgl_skep>2006-03-27</tgl_skep></jabatan><jabatan><jabatan>Arsiparis Pelaksana Ropeg Setjen Dephan</jabatan><tmt_jab>2009-10-16</tmt_jab><no_skep>KEP MENHAN NOMOR  :KEP/195/X/2009</no_skep><tgl_skep>2009-10-16</tgl_skep></jabatan><jabatan><jabatan>ARSIPARIS PELAKSANA SET BALITBANG KEMHAN</jabatan><tmt_jab>2011-06-16</tmt_jab><no_skep>SPRIN/78/VI/2011</no_skep><tgl_skep>2011-06-16</tgl_skep></jabatan></riwayat_jabatan><riwayat_pendidikan><pendidikan_umum><pendidikan><nama_dik>SEKOLAH DASAR</nama_dik><tahun_lulus>1993</tahun_lulus></pendidikan><pendidikan><nama_dik>SEKOLAH LANJUTAN TINGKAT PERTAMA (SLTP)</nama_dik><tahun_lulus>1996</tahun_lulus></pendidikan><pendidikan><nama_dik>SEKOLAH LANJUTAN TINGKAT ATAS (SLTA)</nama_dik><tahun_lulus>1999</tahun_lulus></pendidikan><pendidikan><nama_dik>SARJANA (S1)</nama_dik><tahun_lulus>2013</tahun_lulus></pendidikan></pendidikan_umum><pendidikan_pembentukan><pendidikan><nama_dik>LATPRAJAB TK.I II</nama_dik><tahun_lulus>2005</tahun_lulus></pendidikan><pendidikan><nama_dik>SUS ARSIPARIS TK TERAMPIL</nama_dik><tahun_lulus>2008</tahun_lulus></pendidikan></pendidikan_pembentukan></riwayat_pendidikan><riwayat_penugasan></riwayat_penugasan><riwayat_tanda_jasa></riwayat_tanda_jasa><riwayat_bahasa></riwayat_bahasa><riwayat_keluarga><keluarga><nama_keluarga>AGUS </nama_keluarga><jenis_kelamin>LAKI-LAKI</jenis_kelamin><tgl_lahir>1980-08-02</tgl_lahir><hubungan>SUAMI</hubungan></keluarga></riwayat_keluarga></personil_kemhan>
