<personil_kemhan><nopeg>197107041994031001</nopeg><nip>030228199</nip><nrp_nip>197107041994031001</nrp_nip><nama>CHOLILI</nama><gelar>S.Pd., M.M.</gelar><tempat_lahir>Jakarta</tempat_lahir><tgl_lahir>1971-07-04</tgl_lahir><jenis_kelamin>LAKI-LAKI</jenis_kelamin><unit_organisasi>U.O. KEMHAN</unit_organisasi><jenis_personil>PNS</jenis_personil><pangkat>PENATA III/C</pangkat><pangkat_corps>PENATA III/C </pangkat_corps><tmt_pangkat>2007-10-01</tmt_pangkat><angkatan_korps>PNS</angkatan_korps><sumber_pa_gol_3>PENYESUAIAN IJASAH</sumber_pa_gol_3><tmt_pa_gol_3>1999-10-01</tmt_pa_gol_3><kategori_pangkat>III/C</kategori_pangkat><jabatan>PENGOLAH AKUNTANSI UANG SUBBAG TU BIRO BAGPAM</jabatan><satker>ROUM SETJEN KEMHAN</satker><kode_jabatan>ANGGOTA</kode_jabatan><tmt_jabatan>2014-12-31</tmt_jabatan><eselon_jabatan>99</eselon_jabatan><kategori>ORGANIK</kategori><tmt_tni>1995-07-01</tmt_tni><tmt_kemhan>1994-03-01</tmt_kemhan><agama>ISLAM</agama><file_foto_1>foto/197107041994031001.jpg</file_foto_1><file_foto_2>foto/030228199.jpg</file_foto_2><riwayat_pangkat><pangkat><pangkat>PENGATUR MUDA II/A</pangkat><tmt_pkt>1994-03-01</tmt_pkt><no_skep>SKEP/1213/VIII/1994</no_skep><tgl_skep>1994-08-24</tgl_skep></pangkat><pangkat><pangkat>CAPEG II/A</pangkat><tmt_pkt>1994-03-01</tmt_pkt><tgl_skep>00000-00-00</tgl_skep></pangkat><pangkat><pangkat>PENGATUR MUDA TK.I  II/B</pangkat><tmt_pkt>1998-04-01</tmt_pkt><no_skep>03-09/00013/KEP/IV/1998</no_skep><tgl_skep>1998-04-17</tgl_skep></pangkat><pangkat><pangkat>PENATA MUDA III/A</pangkat><tmt_pkt>1999-10-01</tmt_pkt><no_skep>SKEP/1346/XII/1999</no_skep><tgl_skep>1999-12-09</tgl_skep></pangkat><pangkat><pangkat>PENATA MUDA TK.I III/B</pangkat><tmt_pkt>2003-10-01</tmt_pkt><no_skep>SKEP/1374/IX/2003</no_skep><tgl_skep>2003-10-11</tgl_skep></pangkat><pangkat><pangkat>PENATA III/C</pangkat><tmt_pkt>2007-10-01</tmt_pkt><no_skep>SKEP/679/VIII/2007</no_skep><tgl_skep>2007-08-31</tgl_skep></pangkat></riwayat_pangkat><riwayat_jabatan><jabatan><jabatan>TURMIN OPR TELP SUBBAGYANUM URDAL BAGRUMGA ROUM SETJEN</jabatan><tmt_jab>2001-03-01</tmt_jab><no_skep>SKEP/296/IV/2001</no_skep><tgl_skep>2001-04-03</tgl_skep></jabatan><jabatan><jabatan>KAUR UMUM PRIMKOP SETJEN DEPHAN</jabatan><tmt_jab>2001-07-01</tmt_jab><no_skep>SKEP/472/VII/2001</no_skep><tgl_skep>2001-07-19</tgl_skep></jabatan><jabatan><jabatan>AJUN ARSIPARIS MADYA</jabatan><tmt_jab>2001-12-01</tmt_jab><no_skep>SKEP/1056/XII/2001</no_skep><tgl_skep>2001-12-31</tgl_skep></jabatan><jabatan><jabatan>Anggota Subbag Jah Bag Watpeg Ropeg Setjen Dephan</jabatan><tmt_jab>2001-12-01</tmt_jab><tgl_skep>2001-12-01</tgl_skep></jabatan><jabatan><jabatan>KA. UNIT USAHA PRIMKOP SETJEN DEPHAN</jabatan><tmt_jab>2006-04-01</tmt_jab><tgl_skep>2006-04-01</tgl_skep></jabatan><jabatan><jabatan>Anggota Puskop Setjen Dephan</jabatan><tmt_jab>2009-03-20</tmt_jab><no_skep>KEP MENHAN NO : KEP/43/III/2009</no_skep><tgl_skep>2009-03-24</tgl_skep></jabatan><jabatan><jabatan>PENGOLAH ADMINISTRASI BAGMINPIN ROTU SETJEN KEMHAN</jabatan><tmt_jab>2010-05-17</tmt_jab><tgl_skep>2010-05-17</tgl_skep></jabatan><jabatan><jabatan>ANGGOTA ROUM SETJEN KEMHAN</jabatan><tmt_jab>2011-09-01</tmt_jab><no_skep>SKEP</no_skep><tgl_skep>2011-09-01</tgl_skep></jabatan><jabatan><jabatan>PENGOLAH AKUNTANSI UANG SUBBAG TU BIRO BAGPAM ROUM SETJEN KEMHAN</jabatan><tmt_jab>2014-12-31</tmt_jab><no_skep>KEP/1484/XIV/2014</no_skep><tgl_skep>2014-12-18</tgl_skep></jabatan></riwayat_jabatan><riwayat_pendidikan><pendidikan_umum><pendidikan><nama_dik>SEKOLAH DASAR</nama_dik><tahun_lulus>1982</tahun_lulus></pendidikan><pendidikan><nama_dik>SEKOLAH LANJUTAN TINGKAT PERTAMA (SLTP)</nama_dik><tahun_lulus>1988</tahun_lulus></pendidikan><pendidikan><nama_dik>SEKOLAH LANJUTAN TINGKAT ATAS (SLTA)</nama_dik><tahun_lulus>1991</tahun_lulus></pendidikan><pendidikan><nama_dik>SARJANA (S1)</nama_dik><tahun_lulus>1997</tahun_lulus></pendidikan><pendidikan><nama_dik>PASCA SARJANA (S2)</nama_dik><tahun_lulus>2009</tahun_lulus></pendidikan></pendidikan_umum><pendidikan_pembentukan><pendidikan><nama_dik>LATPRAJAB TK II</nama_dik><tahun_lulus>1994</tahun_lulus></pendidikan><pendidikan><nama_dik>SUS PAMINU DEPHAN</nama_dik><tahun_lulus>2000</tahun_lulus></pendidikan><pendidikan><nama_dik>ADUM</nama_dik><tahun_lulus>2001</tahun_lulus></pendidikan></pendidikan_pembentukan></riwayat_pendidikan><riwayat_penugasan></riwayat_penugasan><riwayat_tanda_jasa></riwayat_tanda_jasa><riwayat_bahasa><bahasa><nama_bahasa>INGGRIS</nama_bahasa><keterangan>PASIF</keterangan></bahasa><bahasa><nama_bahasa>ARAB</nama_bahasa><keterangan>PASIF</keterangan></bahasa><bahasa><nama_bahasa>INDONESIA</nama_bahasa><keterangan>AKTIF</keterangan></bahasa></riwayat_bahasa><riwayat_keluarga><keluarga><nama_keluarga>SRI SURYANTI</nama_keluarga><jenis_kelamin>PEREMPUAN</jenis_kelamin><tgl_lahir>1972-12-07</tgl_lahir><hubungan>ISTRI</hubungan></keluarga><keluarga><nama_keluarga>SHINTA MAULIDINA</nama_keluarga><jenis_kelamin>PEREMPUAN</jenis_kelamin><tgl_lahir>1995-06-08</tgl_lahir><hubungan>ANAK</hubungan></keluarga><keluarga><nama_keluarga>SELVIANA</nama_keluarga><jenis_kelamin>PEREMPUAN</jenis_kelamin><tgl_lahir>1998-05-08</tgl_lahir><hubungan>ANAK</hubungan></keluarga><keluarga><nama_keluarga>NILAM CAHYANINGTIAS</nama_keluarga><jenis_kelamin>PEREMPUAN</jenis_kelamin><tgl_lahir>2003-01-10</tgl_lahir><hubungan>ANAK</hubungan></keluarga><keluarga><nama_keluarga>CHENDRA ABDUL RAHMAN</nama_keluarga><jenis_kelamin>LAKI-LAKI</jenis_kelamin><tgl_lahir>2006-05-29</tgl_lahir><hubungan>ANAK</hubungan></keluarga></riwayat_keluarga></personil_kemhan>
