<personil_kemhan><nopeg>196908131992031001</nopeg><nip>030217984</nip><nrp_nip>196908131992031001</nrp_nip><nama>NURFADLI SARDI</nama><tempat_lahir>Jakarta</tempat_lahir><tgl_lahir>1969-08-13</tgl_lahir><jenis_kelamin>LAKI-LAKI</jenis_kelamin><unit_organisasi>U.O. KEMHAN</unit_organisasi><jenis_personil>PNS</jenis_personil><pangkat>PENGATUR II/C</pangkat><pangkat_corps>PENGATUR II/C </pangkat_corps><tmt_pangkat>2012-04-01</tmt_pangkat><angkatan_korps>PNS</angkatan_korps><kategori_pangkat>II/C</kategori_pangkat><jabatan>PENGEMUDI AJP SUBBAG YANURDAL BAGRUMGA</jabatan><satker>ROUM SETJEN KEMHAN</satker><kode_jabatan>ANGGOTA</kode_jabatan><tmt_jabatan>2014-12-31</tmt_jabatan><eselon_jabatan>99</eselon_jabatan><kategori>ORGANIK</kategori><tmt_tni>1994-04-01</tmt_tni><tmt_kemhan>2002-04-01</tmt_kemhan><agama>ISLAM</agama><file_foto_1>foto/196908131992031001.jpg</file_foto_1><file_foto_2>foto/030217984.jpg</file_foto_2><riwayat_pangkat><pangkat><pangkat>JURU MUDA TK. I  I/B</pangkat><tmt_pkt>1994-03-02</tmt_pkt><no_skep>SKEP/31/III/1994</no_skep><tgl_skep>1994-03-02</tgl_skep></pangkat><pangkat><pangkat>JURU I/C</pangkat><tmt_pkt>1996-04-01</tmt_pkt><no_skep>03-09/0000/KEP/IV/96</no_skep><tgl_skep>1996-04-01</tgl_skep></pangkat><pangkat><pangkat>JURU TK.I  I/D</pangkat><tmt_pkt>2000-04-01</tmt_pkt><no_skep>03-09-73/001/KEP/IV/2000</no_skep><tgl_skep>2000-04-01</tgl_skep></pangkat><pangkat><pangkat>PENGATUR MUDA II/A</pangkat><tmt_pkt>2008-04-01</tmt_pkt><no_skep>SKEP MENHAN NO : SKEP/98/II/2004</no_skep><tgl_skep>2008-02-26</tgl_skep></pangkat><pangkat><pangkat>PENGATUR MUDA TK.I  II/B</pangkat><tmt_pkt>2008-04-01</tmt_pkt><no_skep>SKEP MENHAN NO : SKEP/143/III/2008</no_skep><tgl_skep>2008-03-06</tgl_skep></pangkat><pangkat><pangkat>PENGATUR II/C</pangkat><tmt_pkt>2012-04-01</tmt_pkt><no_skep>SPRIN/232/III/2012</no_skep><tgl_skep>2012-03-27</tgl_skep></pangkat></riwayat_pangkat><riwayat_jabatan><jabatan><jabatan>JURYAN SUBBAGRENMINRO BAGADABANGPE BIRO KEPEGG</jabatan><tmt_jab>2002-10-01</tmt_jab><no_skep>SKEP/1607/IX/2002</no_skep><tgl_skep>2002-09-30</tgl_skep></jabatan><jabatan><jabatan>ANGGOTA SUBBAG YANUM URDAL BAGRUMGA</jabatan><tmt_jab>2003-01-01</tmt_jab><no_skep>SKEP/189/I/2003</no_skep><tgl_skep>2003-01-24</tgl_skep></jabatan><jabatan><jabatan>JURU PELAYAN SUBBAG RENMINRO ROPEG</jabatan><tmt_jab>2003-04-01</tmt_jab><tgl_skep>1899-12-30</tgl_skep></jabatan><jabatan><jabatan>Anggota Subbag Yanum Urdal Bagrumga Roum Setjen Dephan</jabatan><tmt_jab>2006-06-01</tmt_jab><no_skep>SKEP/438/VI/2007</no_skep><tgl_skep>2007-06-08</tgl_skep></jabatan><jabatan><jabatan>PENGEMUDI SUBBAG YANUM URDAL BAG RUMGA ROUM SETJEN KEMHAN</jabatan><tmt_jab>2010-08-09</tmt_jab><no_skep>KEP/585/VIII/2010</no_skep><tgl_skep>2010-08-09</tgl_skep></jabatan><jabatan><jabatan>PENGEMUDI AJP SUBBAG YANURDAL BAG RUMGA ROUM SETJEN KEMHAN</jabatan><tmt_jab>2011-04-01</tmt_jab><no_skep>KEP/285/IV/2011</no_skep><tgl_skep>2011-04-19</tgl_skep></jabatan><jabatan><jabatan>PENGEMUDI AJP SUBBAG YANURDAL BAGRUMGA ROUM SETJEN KEMHAN</jabatan><tmt_jab>2014-12-31</tmt_jab><no_skep>KEP/1484/XIV/2014</no_skep><tgl_skep>2014-12-18</tgl_skep></jabatan></riwayat_jabatan><riwayat_pendidikan><pendidikan_umum><pendidikan><nama_dik>SEKOLAH DASAR</nama_dik><tahun_lulus>1983</tahun_lulus></pendidikan><pendidikan><nama_dik>SEKOLAH MENENGAH PERTAMA (SMP)</nama_dik><tahun_lulus>1986</tahun_lulus></pendidikan><pendidikan><nama_dik>SEKOLAH MENENGAH ATAS (SMA)</nama_dik><tahun_lulus>1989</tahun_lulus></pendidikan></pendidikan_umum><pendidikan_pembentukan></pendidikan_pembentukan></riwayat_pendidikan><riwayat_penugasan></riwayat_penugasan><riwayat_tanda_jasa></riwayat_tanda_jasa><riwayat_bahasa><bahasa><nama_bahasa>INGGRIS</nama_bahasa><keterangan>PASIF</keterangan></bahasa><bahasa><nama_bahasa>INDONESIA</nama_bahasa><keterangan>AKTIF</keterangan></bahasa></riwayat_bahasa><riwayat_keluarga><keluarga><nama_keluarga>GUSTI ANDRIANI</nama_keluarga><jenis_kelamin>PEREMPUAN</jenis_kelamin><tgl_lahir>1970-08-29</tgl_lahir><hubungan>ISTRI</hubungan></keluarga><keluarga><nama_keluarga>LARAS INDRIANI</nama_keluarga><jenis_kelamin>PEREMPUAN</jenis_kelamin><tgl_lahir>1997-05-13</tgl_lahir><hubungan>ANAK</hubungan></keluarga><keluarga><nama_keluarga>MOH. FARHAN</nama_keluarga><jenis_kelamin>LAKI-LAKI</jenis_kelamin><tgl_lahir>1999-01-31</tgl_lahir><hubungan>ANAK</hubungan></keluarga><keluarga><nama_keluarga>AHMAD RIFAI</nama_keluarga><jenis_kelamin>LAKI-LAKI</jenis_kelamin><tgl_lahir>2003-10-18</tgl_lahir><hubungan>ANAK</hubungan></keluarga></riwayat_keluarga></personil_kemhan>
