<personil_kemhan><nopeg>196007311987031001</nopeg><nip>030187285</nip><nrp_nip>196007311987031001</nrp_nip><nama>SUHAERI</nama><tempat_lahir>Jakarta</tempat_lahir><tgl_lahir>1960-07-31</tgl_lahir><jenis_kelamin>LAKI-LAKI</jenis_kelamin><unit_organisasi>U.O. KEMHAN</unit_organisasi><jenis_personil>PNS</jenis_personil><pangkat>PENATA MUDA TK.I III/B</pangkat><pangkat_corps>PENATA MUDA TK.I III/B </pangkat_corps><tmt_pangkat>2007-04-01</tmt_pangkat><angkatan_korps>PNS</angkatan_korps><sumber_pa_gol_3>UJIAN DINAS</sumber_pa_gol_3><kategori_pangkat>III/B</kategori_pangkat><jabatan>KOMANDAN REGU1 TON A SUBBAGPAMPERSMAT BAGPAM ROUM SETJEN KEMHAN</jabatan><satker>ROUM SETJEN KEMHAN</satker><kode_jabatan>FUNGSIONAL</kode_jabatan><tmt_jabatan>2011-04-01</tmt_jabatan><eselon_jabatan>99</eselon_jabatan><kategori>ORGANIK</kategori><tmt_tni>1988-12-01</tmt_tni><tmt_kemhan>1987-03-01</tmt_kemhan><agama>ISLAM</agama><file_foto_1>foto/196007311987031001.jpg</file_foto_1><file_foto_2>foto/030187285.jpg</file_foto_2><riwayat_pangkat><pangkat><pangkat>CAPEG II/A</pangkat><tmt_pkt>1987-03-01</tmt_pkt><no_skep>SKEP/537/IV/1987</no_skep><tgl_skep>1987-04-29</tgl_skep></pangkat><pangkat><pangkat>PENGATUR MUDA II/A</pangkat><tmt_pkt>1988-12-01</tmt_pkt><no_skep>SKEP/1737/XI/1988</no_skep><tgl_skep>1988-11-30</tgl_skep></pangkat><pangkat><pangkat>PENGATUR MUDA TK.I  II/B</pangkat><tmt_pkt>1991-04-01</tmt_pkt><no_skep>03-09/01433/KEP/IV/1991</no_skep><tgl_skep>1991-09-02</tgl_skep></pangkat><pangkat><pangkat>PENGATUR II/C</pangkat><tmt_pkt>1995-04-01</tmt_pkt><no_skep>03-09/02569/KEP/IV/1995</no_skep><tgl_skep>1995-03-17</tgl_skep></pangkat><pangkat><pangkat>PENGATUR TK.I II/D</pangkat><tmt_pkt>1999-04-01</tmt_pkt><no_skep>03-09.00/023/KEP/IV/1999</no_skep><tgl_skep>1999-04-23</tgl_skep></pangkat><pangkat><pangkat>PENATA MUDA III/A</pangkat><tmt_pkt>2003-04-01</tmt_pkt><no_skep>SKEP/485/IV/2003</no_skep><tgl_skep>2003-04-21</tgl_skep></pangkat><pangkat><pangkat>PENATA MUDA TK.I III/B</pangkat><tmt_pkt>2007-04-01</tmt_pkt><no_skep>SKEP/153/III/2007</no_skep><tgl_skep>2007-03-06</tgl_skep></pangkat></riwayat_pangkat><riwayat_jabatan><jabatan><jabatan>STAF URDAL UR RUMGA SBBGUM PUSINFOLAHTA</jabatan><tmt_jab>1990-07-28</tmt_jab><no_skep>SPRIN/149/VII/1990</no_skep><tgl_skep>1990-07-28</tgl_skep></jabatan><jabatan><jabatan>PENGATUR DOKUMEN ARDOK TU SUBBAGUM BAG RENMIN</jabatan><tmt_jab>1998-10-01</tmt_jab><no_skep>SKEP/1259/XI/1998</no_skep><tgl_skep>1998-11-05</tgl_skep></jabatan><jabatan><jabatan>TURMIN DOSIR SUBBAGKAT BAGBINKARPEG ROPEG</jabatan><tmt_jab>2001-03-01</tmt_jab><no_skep>SKEP/295/IV/2001</no_skep><tgl_skep>2001-04-03</tgl_skep></jabatan><jabatan><jabatan>Anggota Subbag Kat Bag Karpeg Ropeg Setjen Dephan</jabatan><tmt_jab>2006-03-01</tmt_jab><tgl_skep>2006-03-01</tgl_skep></jabatan><jabatan><jabatan>ANGGOTA SUBBAGKAT BAGKARPEG ROPEG SETJEN DEPHAN</jabatan><tmt_jab>2006-03-01</tmt_jab><no_skep>SKEP/201/III/2006</no_skep><tgl_skep>2006-03-27</tgl_skep></jabatan><jabatan><jabatan>Anggota Subbag Pampersmat Bagpam Roum Setjen Dephan</jabatan><tmt_jab>2008-03-03</tmt_jab><no_skep>SKEP/159/III/2008</no_skep><tgl_skep>2008-03-12</tgl_skep></jabatan><jabatan><jabatan>KOMANDAN REGU1 TON A SUBBAGPAMPERSMAT BAGPAM ROUM SETJEN KEMHAN ROUM SETJEN KEMHAN</jabatan><tmt_jab>2011-04-01</tmt_jab><no_skep>KEP/285/VI/2011</no_skep><tgl_skep>2011-04-19</tgl_skep></jabatan></riwayat_jabatan><riwayat_pendidikan><pendidikan_umum><pendidikan><nama_dik>SEKOLAH DASAR</nama_dik><tahun_lulus>1973</tahun_lulus></pendidikan><pendidikan><nama_dik>SEKOLAH TEHNIK</nama_dik><tahun_lulus>1979</tahun_lulus></pendidikan><pendidikan><nama_dik>STM</nama_dik><tahun_lulus>1982</tahun_lulus></pendidikan></pendidikan_umum><pendidikan_pembentukan><pendidikan><nama_dik>LATPRAJAB TK II</nama_dik><tahun_lulus>1987</tahun_lulus></pendidikan><pendidikan><nama_dik>SUS MIKRO KOMPUTER</nama_dik><tahun_lulus>1993</tahun_lulus></pendidikan><pendidikan><nama_dik>UJIAN DINAS TK II</nama_dik><tahun_lulus>2002</tahun_lulus></pendidikan><pendidikan><nama_dik>DIK LAT PIM TK IV</nama_dik><tahun_lulus>2003</tahun_lulus></pendidikan></pendidikan_pembentukan></riwayat_pendidikan><riwayat_penugasan></riwayat_penugasan><riwayat_tanda_jasa><tanda_jasa><nama_tanda_jasa>SATYALANCANA KARYA SATYA X TAHUN</nama_tanda_jasa><no_skep>065/TK/TAHUN 2001</no_skep><tgl_skep>2001-07-19</tgl_skep></tanda_jasa><tanda_jasa><nama_tanda_jasa>SATYALANCANA KARYA SATYA XX TAHUN</nama_tanda_jasa><no_skep>023/TK/2007</no_skep><tgl_skep>2007-06-07</tgl_skep></tanda_jasa></riwayat_tanda_jasa><riwayat_bahasa><bahasa><nama_bahasa>SUNDA</nama_bahasa><keterangan>AKTIF</keterangan></bahasa><bahasa><nama_bahasa>INDONESIA</nama_bahasa><keterangan>AKTIF</keterangan></bahasa></riwayat_bahasa><riwayat_keluarga><keluarga><nama_keluarga>MUNAWATI</nama_keluarga><jenis_kelamin>PEREMPUAN</jenis_kelamin><tgl_lahir>1968-08-13</tgl_lahir><hubungan>ISTRI</hubungan></keluarga><keluarga><nama_keluarga>RYAN BASTIAN</nama_keluarga><jenis_kelamin>LAKI-LAKI</jenis_kelamin><tgl_lahir>1993-07-30</tgl_lahir><hubungan>ANAK</hubungan></keluarga><keluarga><nama_keluarga>RIKA RAHMANITA</nama_keluarga><jenis_kelamin>PEREMPUAN</jenis_kelamin><tgl_lahir>1997-09-25</tgl_lahir><hubungan>ANAK</hubungan></keluarga></riwayat_keluarga></personil_kemhan>
