<personil_kemhan><nopeg>196904131999032001</nopeg><nip>030243072</nip><nrp_nip>196904131999032001</nrp_nip><nama>SRI MURTIANA</nama><gelar>S.Sos., M.M.</gelar><tempat_lahir>TEGAL</tempat_lahir><tgl_lahir>1969-04-13</tgl_lahir><jenis_kelamin>PEREMPUAN</jenis_kelamin><unit_organisasi>U.O. KEMHAN</unit_organisasi><jenis_personil>PNS</jenis_personil><pangkat>PEMBINA IV/A</pangkat><pangkat_corps>PEMBINA IV/A </pangkat_corps><tmt_pangkat>2015-04-01</tmt_pangkat><angkatan_korps>PNS</angkatan_korps><sumber_pa_gol_3>CAPEG SARJANA</sumber_pa_gol_3><tmt_pa_gol_3>2000-04-01</tmt_pa_gol_3><kategori_pangkat>IV/A</kategori_pangkat><jabatan>KASUBBID TUKOP BID OPINI</jabatan><satker>PUSKOMPUBLIK KEMHAN</satker><kode_jabatan>STRUKTURAL</kode_jabatan><tmt_jabatan>2014-12-31</tmt_jabatan><eselon_jabatan>IV</eselon_jabatan><kategori>ORGANIK</kategori><tmt_tni>2000-04-01</tmt_tni><tmt_kemhan>2006-05-01</tmt_kemhan><agama>ISLAM</agama><file_foto_1>foto/196904131999032001.jpg</file_foto_1><file_foto_2>foto/030243072.jpg</file_foto_2><riwayat_pangkat><pangkat><pangkat>CAPEG III/A</pangkat><tmt_pkt>1999-03-01</tmt_pkt><no_skep>SKEP/359/V/1999</no_skep><tgl_skep>1999-05-19</tgl_skep></pangkat><pangkat><pangkat>PENATA MUDA III/A</pangkat><tmt_pkt>2000-04-01</tmt_pkt><no_skep>SKEP/156/III/2000</no_skep><tgl_skep>2000-03-03</tgl_skep></pangkat><pangkat><pangkat>PENATA MUDA TK.I III/B</pangkat><tmt_pkt>2003-04-01</tmt_pkt><no_skep>SKEP/135/IV/2003</no_skep><tgl_skep>2003-04-23</tgl_skep></pangkat><pangkat><pangkat>PENATA III/C</pangkat><tmt_pkt>2007-04-01</tmt_pkt><no_skep>SKEP/153/III/2007</no_skep><tgl_skep>2007-03-06</tgl_skep></pangkat><pangkat><pangkat>PENATA TK.I III/D</pangkat><tmt_pkt>2011-04-01</tmt_pkt><no_skep>KEP/225/III/2011</no_skep><tgl_skep>2011-03-31</tgl_skep></pangkat><pangkat><pangkat>PEMBINA IV/A</pangkat><tmt_pkt>2015-04-01</tmt_pkt><no_skep>KEP/311/M/III/2015</no_skep><tgl_skep>2015-03-26</tgl_skep></pangkat></riwayat_pangkat><riwayat_jabatan><jabatan><jabatan>BAMIN UNIT PROD PUSPEN TNI</jabatan><tmt_jab>1994-02-01</tmt_jab><no_skep>SKEP/01/II/1994/PEN</no_skep><tgl_skep>1994-02-01</tgl_skep></jabatan><jabatan><jabatan>STAF UNIT PROD PUSPEN TNI</jabatan><tmt_jab>1999-11-28</tmt_jab><no_skep>SPRIN/13/XII/1999/PEN</no_skep><tgl_skep>1999-12-28</tgl_skep></jabatan><jabatan><jabatan>STAF DISPENUM PUSPEN TNI</jabatan><tmt_jab>2001-08-20</tmt_jab><no_skep>SPRIN/92/VIII/2001/PEN</no_skep><tgl_skep>2019-12-08</tgl_skep></jabatan><jabatan><jabatan>KAURTURLIPKAM FOTO DITPRODUK</jabatan><tmt_jab>2003-12-01</tmt_jab><no_skep>SKEP/393/XI/2003</no_skep><tgl_skep>2003-11-27</tgl_skep></jabatan><jabatan><jabatan>Kasubbag Siap Bag Opini Rohumas Setjen Dephan</jabatan><tmt_jab>2007-04-01</tmt_jab><no_skep>SKEP/297/IV/2007</no_skep><tgl_skep>2007-04-13</tgl_skep></jabatan><jabatan><jabatan>Kasubbag Anev Bag Opini Rohumas Setjen Dephan</jabatan><tmt_jab>2009-09-29</tmt_jab><no_skep>KEP MENHAN NO : KEP/176/IX/2009</no_skep><tgl_skep>2009-09-29</tgl_skep></jabatan><jabatan><jabatan>KASUBBID SIAPOPNI PUSKOMPUBLIK KEMHAN</jabatan><tmt_jab>2010-09-28</tmt_jab><no_skep>KEP/685/IX/2010</no_skep><tgl_skep>2010-09-28</tgl_skep></jabatan><jabatan><jabatan>KASUBBID TUKOP BID OPINI PUSKOMPUBLIK KEMHAN</jabatan><tmt_jab>2013-06-03</tmt_jab><no_skep>KEP/531/VI/2013</no_skep><tgl_skep>2013-06-05</tgl_skep></jabatan><jabatan><jabatan>KASUBBID TUKOP BID OPINI PUSKOMPUBLIK KEMHAN</jabatan><tmt_jab>2014-12-31</tmt_jab><no_skep>KEP/1508/XII/2014</no_skep><tgl_skep>2014-12-18</tgl_skep></jabatan></riwayat_jabatan><riwayat_pendidikan><pendidikan_umum><pendidikan><nama_dik>SEKOLAH DASAR</nama_dik><tahun_lulus>1982</tahun_lulus></pendidikan><pendidikan><nama_dik>SEKOLAH LANJUTAN TINGKAT PERTAMA (SLTP)</nama_dik><tahun_lulus>1985</tahun_lulus></pendidikan><pendidikan><nama_dik>SEKOLAH LANJUTAN TINGKAT ATAS (SLTA)</nama_dik><tahun_lulus>1988</tahun_lulus></pendidikan><pendidikan><nama_dik>SARJANA (S1)</nama_dik><tahun_lulus>1998</tahun_lulus></pendidikan><pendidikan><nama_dik>PASCA SARJANA (S2)</nama_dik><tahun_lulus>2009</tahun_lulus></pendidikan></pendidikan_umum><pendidikan_pembentukan><pendidikan><nama_dik>DIK LAT PIM TK IV</nama_dik><tahun_lulus>2003</tahun_lulus></pendidikan><pendidikan><nama_dik>PENATARAN MINU TNI 2003</nama_dik><tahun_lulus>2004</tahun_lulus></pendidikan><pendidikan><nama_dik>PELATIHAN KOMPUTER TINGKAT PROGRAMER</nama_dik><tahun_lulus>2004</tahun_lulus></pendidikan><pendidikan><nama_dik>KURSUS PERWIRA INFORMASI PUSPEN TNI</nama_dik><tahun_lulus>2006</tahun_lulus></pendidikan><pendidikan><nama_dik>WORKSHOP ESL. IV GEL. III TGL. 26 s.d. 27 SEP 2007</nama_dik><tahun_lulus>2007</tahun_lulus></pendidikan><pendidikan><nama_dik>DIK LAT PIM TK III</nama_dik><tahun_lulus>2008</tahun_lulus></pendidikan><pendidikan><nama_dik>Suspimjemen</nama_dik><tahun_lulus>2012</tahun_lulus></pendidikan><pendidikan><nama_dik>SUS AUDITOR PERTAMA</nama_dik><tahun_lulus>2014</tahun_lulus></pendidikan></pendidikan_pembentukan></riwayat_pendidikan><riwayat_penugasan></riwayat_penugasan><riwayat_tanda_jasa><tanda_jasa><nama_tanda_jasa>SATYALANCANA KARYA SATYA X TAHUN</nama_tanda_jasa><no_skep>KEPPRES/104/TK/TAHUN 2013</no_skep><tgl_skep>2013-12-30</tgl_skep></tanda_jasa></riwayat_tanda_jasa><riwayat_bahasa><bahasa><nama_bahasa>JAWA</nama_bahasa><keterangan>AKTIF</keterangan></bahasa><bahasa><nama_bahasa>INGGRIS</nama_bahasa><keterangan>AKTIF</keterangan></bahasa></riwayat_bahasa><riwayat_keluarga><keluarga><nama_keluarga>GUNAWAN</nama_keluarga><jenis_kelamin>LAKI-LAKI</jenis_kelamin><tgl_lahir>1963-03-27</tgl_lahir><hubungan>SUAMI</hubungan></keluarga><keluarga><nama_keluarga>KARLINA BANOWATI</nama_keluarga><jenis_kelamin>PEREMPUAN</jenis_kelamin><tgl_lahir>1996-10-03</tgl_lahir><hubungan>ANAK</hubungan></keluarga><keluarga><nama_keluarga>SHALIMAR MEDIANA</nama_keluarga><jenis_kelamin>PEREMPUAN</jenis_kelamin><tgl_lahir>2001-05-18</tgl_lahir><hubungan>ANAK</hubungan></keluarga><keluarga><nama_keluarga>Hamilton Setiarko Leenatha Gunawan</nama_keluarga><jenis_kelamin>LAKI-LAKI</jenis_kelamin><tgl_lahir>2010-04-27</tgl_lahir><hubungan>ANAK</hubungan></keluarga></riwayat_keluarga></personil_kemhan>
