<personil_kemhan><nopeg>197911262002121001</nopeg><nip>030247627</nip><nrp_nip>197911262002121001</nrp_nip><nama>ERIK RAHMAN HAKIM</nama><gelar>S.E</gelar><tempat_lahir>SUKABUMI</tempat_lahir><tgl_lahir>1979-11-26</tgl_lahir><jenis_kelamin>LAKI-LAKI</jenis_kelamin><unit_organisasi>U.O. KEMHAN</unit_organisasi><jenis_personil>PNS</jenis_personil><pangkat>PENGATUR TK.I II/D</pangkat><pangkat_corps>PENGATUR TK.I II/D </pangkat_corps><tmt_pangkat>2015-04-01</tmt_pangkat><angkatan_korps>PNS</angkatan_korps><kategori_pangkat>II/C</kategori_pangkat><jabatan>OPERATOR KOMPUTER SI PENDAYAGUNAAN SUBDIT DAGUNKERMAINDHAN </jabatan><satker>DIT TEKINDHAN DITJEN POTHAN KEMHAN</satker><kode_jabatan>FUNGSIONAL</kode_jabatan><tmt_jabatan>2014-12-31</tmt_jabatan><eselon_jabatan>99</eselon_jabatan><kategori>ORGANIK</kategori><tmt_tni>2004-09-01</tmt_tni><tmt_kemhan>2002-12-01</tmt_kemhan><agama>ISLAM</agama><file_foto_1>foto/197911262002121001.jpg</file_foto_1><file_foto_2>foto/030247627.jpg</file_foto_2><riwayat_pangkat><pangkat><pangkat>CAPEG II/B</pangkat><tmt_pkt>2002-12-01</tmt_pkt><no_skep>SKEP/1021/VI/2003</no_skep><tgl_skep>2003-06-16</tgl_skep></pangkat><pangkat><pangkat>PENGATUR MUDA II/A</pangkat><tmt_pkt>2004-09-01</tmt_pkt><no_skep>SPRIN/232/X/2004</no_skep><tgl_skep>2004-10-05</tgl_skep></pangkat><pangkat><pangkat>PENGATUR MUDA TK.I  II/B</pangkat><tmt_pkt>2007-04-01</tmt_pkt><no_skep>SKEP/174/III/2007</no_skep><tgl_skep>2007-03-09</tgl_skep></pangkat><pangkat><pangkat>PENGATUR II/C</pangkat><tmt_pkt>2011-04-01</tmt_pkt><no_skep>KEP/187/III/2011</no_skep><tgl_skep>2011-03-22</tgl_skep></pangkat><pangkat><pangkat>PENGATUR TK.I II/D</pangkat><tmt_pkt>2015-04-01</tmt_pkt><no_skep>Sprin /391 /IV /2015</no_skep><tgl_skep>2015-04-01</tgl_skep></pangkat></riwayat_pangkat><riwayat_jabatan><jabatan><jabatan>TURMIN  BIRO KEPEGAWAIAN</jabatan><tmt_jab>2002-12-01</tmt_jab><no_skep>SKEP/1021/VI/2003</no_skep><tgl_skep>2003-06-16</tgl_skep></jabatan><jabatan><jabatan>ANGGOTA SUBBAGRENMINRO BAGADABANGPEG ROPEG SETJEN DEPHAN</jabatan><tmt_jab>2003-07-02</tmt_jab><no_skep>SPRIN/172/VII/2003</no_skep><tgl_skep>2003-07-02</tgl_skep></jabatan><jabatan><jabatan>Anggota Subbag Minro Bag Adabangpeg Ropeg Setjen Dephan</jabatan><tmt_jab>2006-03-01</tmt_jab><no_skep>SKEP/201/III/2006</no_skep><tgl_skep>2006-03-27</tgl_skep></jabatan><jabatan><jabatan>AGENDARIS SUBBAGMINRO BAGADABANGPEG ROPEG SETJEN KEMHAN</jabatan><tmt_jab>2010-05-17</tmt_jab><no_skep>Kep Menhan Nomor : KEP/321/V/2010</no_skep><tgl_skep>2010-05-17</tgl_skep></jabatan><jabatan><jabatan>KURIR SUBBAG TU BIRO BAGADABANGPEG</jabatan><tmt_jab>2011-04-01</tmt_jab><no_skep>Kep/281/IV/2011</no_skep><tgl_skep>2011-04-19</tgl_skep></jabatan><jabatan><jabatan>ANGGOTA ROPEG SETJEN KEMHAN</jabatan><tmt_jab>2011-09-21</tmt_jab><no_skep>KEP/716/IX/2011</no_skep><tgl_skep>2011-09-26</tgl_skep></jabatan><jabatan><jabatan>AGENDARIS SUBDITTEKINDHAN DIT TEKINDHAN DITJEN POTHAN KEMHAN</jabatan><tmt_jab>2012-02-01</tmt_jab><no_skep>KEP/66/II/2012</no_skep><tgl_skep>2012-02-02</tgl_skep></jabatan><jabatan><jabatan>OPERATOR KOMPUTER SUBDIT TAKEL DAN BANGSIS DIT TEKINDHAN DITJEN POTHAN KEMHAN</jabatan><tmt_jab>2013-01-10</tmt_jab><no_skep>KEP/47/I/2013</no_skep><tgl_skep>2013-01-17</tgl_skep></jabatan><jabatan><jabatan>OPERATOR KOMPUTER SUBDIT TEKHAN</jabatan><tmt_jab>2013-07-05</tmt_jab><no_skep>KEP/674/VII/2013</no_skep><tgl_skep>2013-07-15</tgl_skep></jabatan><jabatan><jabatan>OPERATOR KOMPUTER SUBDIT TEKHAN DIT TEKINDHAN DITJEN POTHAN KEMHAN</jabatan><tmt_jab>2013-07-05</tmt_jab><no_skep>KEP/674/VII/2013</no_skep><tgl_skep>2013-07-15</tgl_skep></jabatan><jabatan><jabatan>OPERATOR KOMPUTER SI PENDAGUNAAN SUBDIT DAGUNKERMAINDHAN  DIT TEKINDHAN DITJEN POTHAN KEMHAN</jabatan><tmt_jab>2014-12-31</tmt_jab><no_skep>Skep/1498/XII/2014</no_skep><tgl_skep>2014-12-18</tgl_skep></jabatan><jabatan><jabatan>OPERATOR KOMPUTER SI PENDAYAGUNAAN SUBDIT DAGUNKERMAINDHAN  DIT TEKINDHAN DITJEN POTHAN KEMHAN</jabatan><tmt_jab>2014-12-31</tmt_jab><no_skep>Skep/1498/XII/2014</no_skep><tgl_skep>2014-12-18</tgl_skep></jabatan><jabatan><jabatan>NINA DIT TEKINDHAN DITJEN POTHAN KEMHAN</jabatan></jabatan></riwayat_jabatan><riwayat_pendidikan><pendidikan_umum><pendidikan><nama_dik>SEKOLAH DASAR</nama_dik><tahun_lulus>1992</tahun_lulus></pendidikan><pendidikan><nama_dik>SEKOLAH LANJUTAN TINGKAT PERTAMA (SLTP)</nama_dik><tahun_lulus>1995</tahun_lulus></pendidikan><pendidikan><nama_dik>SEKOLAH LANJUTAN TINGKAT ATAS (SLTA)</nama_dik><tahun_lulus>1998</tahun_lulus></pendidikan><pendidikan><nama_dik>SARJANA (S1)</nama_dik><tahun_lulus>2005</tahun_lulus></pendidikan></pendidikan_umum><pendidikan_pembentukan><pendidikan><nama_dik>LATPRAJAB TK II</nama_dik><tahun_lulus>2004</tahun_lulus></pendidikan><pendidikan><nama_dik>SUS MINU TK.II</nama_dik><tahun_lulus>2007</tahun_lulus></pendidikan><pendidikan><nama_dik>WORKSHOP MICROSOFT OFFICE</nama_dik><tahun_lulus>2007</tahun_lulus></pendidikan><pendidikan><nama_dik>DIKLAT OPR. KOMPUTER</nama_dik><tahun_lulus>2008</tahun_lulus></pendidikan><pendidikan><nama_dik>SUS ARSIPARIS TK TERAMPIL</nama_dik><tahun_lulus>2008</tahun_lulus></pendidikan></pendidikan_pembentukan></riwayat_pendidikan><riwayat_penugasan></riwayat_penugasan><riwayat_tanda_jasa></riwayat_tanda_jasa><riwayat_bahasa><bahasa><nama_bahasa>SUNDA</nama_bahasa><keterangan>AKTIF</keterangan></bahasa><bahasa><nama_bahasa>INGGRIS</nama_bahasa><keterangan>PASIF</keterangan></bahasa></riwayat_bahasa><riwayat_keluarga><keluarga><nama_keluarga>RESTU FAUZIAH</nama_keluarga><jenis_kelamin>PEREMPUAN</jenis_kelamin><tgl_lahir>1986-05-10</tgl_lahir><hubungan>ISTRI</hubungan></keluarga><keluarga><nama_keluarga>ANANDIESA KIMMI ATHALARAHMAN</nama_keluarga><jenis_kelamin>PEREMPUAN</jenis_kelamin><tgl_lahir>2009-06-07</tgl_lahir><hubungan>ANAK</hubungan></keluarga><keluarga><nama_keluarga>ANANDIYO DARISH ATHALARAHMAN</nama_keluarga><jenis_kelamin>LAKI-LAKI</jenis_kelamin><tgl_lahir>2013-01-03</tgl_lahir><hubungan>ANAK</hubungan></keluarga></riwayat_keluarga></personil_kemhan>
