<personil_kemhan><nopeg>196903031988031001</nopeg><nip>030193434</nip><nrp_nip>196903031988031001</nrp_nip><nama>UNDANG SUTARMAN</nama><tempat_lahir>Tasikmalaya</tempat_lahir><tgl_lahir>1969-03-03</tgl_lahir><jenis_kelamin>LAKI-LAKI</jenis_kelamin><unit_organisasi>U.O. KEMHAN</unit_organisasi><jenis_personil>PNS</jenis_personil><pangkat>PENATA MUDA TK.I III/B</pangkat><pangkat_corps>PENATA MUDA TK.I III/B </pangkat_corps><tmt_pangkat>2008-10-01</tmt_pangkat><angkatan_korps>PNS</angkatan_korps><sumber_pa_gol_3>UJIAN DINAS</sumber_pa_gol_3><tmt_pa_gol_3>2008-10-01</tmt_pa_gol_3><kategori_pangkat>III/B</kategori_pangkat><jabatan>PENGOLAH RUMGA BIRO SUBBAG TU BIRO BAG HATKUM</jabatan><satker>ROKUM SETJEN KEMHAN</satker><kode_jabatan>ANGGOTA</kode_jabatan><tmt_jabatan>2014-12-31</tmt_jabatan><eselon_jabatan>99</eselon_jabatan><kategori>ORGANIK</kategori><tmt_tni>1989-11-01</tmt_tni><tmt_kemhan>1988-03-01</tmt_kemhan><agama>ISLAM</agama><file_foto_1>foto/196903031988031001.jpg</file_foto_1><file_foto_2>foto/030193434.jpg</file_foto_2><riwayat_pangkat><pangkat><pangkat>CAPEG II/A</pangkat><tmt_pkt>1988-03-01</tmt_pkt><no_skep>SKEP/453/IV/1988</no_skep><tgl_skep>1988-04-27</tgl_skep></pangkat><pangkat><pangkat>PENGATUR MUDA II/A</pangkat><tmt_pkt>1989-10-01</tmt_pkt><no_skep>SKEP/1892/X/1989</no_skep><tgl_skep>1989-09-30</tgl_skep></pangkat><pangkat><pangkat>PENGATUR MUDA TK.I  II/B</pangkat><tmt_pkt>1992-04-01</tmt_pkt><no_skep>03-09/02704/KEP/IV/1992</no_skep><tgl_skep>1992-06-23</tgl_skep></pangkat><pangkat><pangkat>PENGATUR II/C</pangkat><tmt_pkt>1996-10-01</tmt_pkt><no_skep>03-09/00013/KEP/X/1996</no_skep><tgl_skep>1996-10-21</tgl_skep></pangkat><pangkat><pangkat>PENGATUR TK.I II/D</pangkat><tmt_pkt>2000-10-01</tmt_pkt><no_skep>03-09.00/012/KEP/X/2000</no_skep><tgl_skep>2001-01-16</tgl_skep></pangkat><pangkat><pangkat>PENATA MUDA III/A</pangkat><tmt_pkt>2004-10-01</tmt_pkt><no_skep>SKEP/546/VIII/2004</no_skep><tgl_skep>2004-08-16</tgl_skep></pangkat><pangkat><pangkat>PENATA MUDA TK.I III/B</pangkat><tmt_pkt>2008-10-01</tmt_pkt><no_skep>SKEP/429/VIII/2008</no_skep><tgl_skep>2008-08-21</tgl_skep></pangkat></riwayat_pangkat><riwayat_jabatan><jabatan><jabatan>TUR UR RUMGA SUBBAG RENMINRO ROKUM SETJEN DEPHAN</jabatan><tmt_jab>1998-09-01</tmt_jab><no_skep>SKEP/1137/VI/1998</no_skep><tgl_skep>1998-09-17</tgl_skep></jabatan><jabatan><jabatan>TUR URDAL SUBBAG RENMINRO BAG YANKUM ROKUM SETJEN</jabatan><tmt_jab>2000-06-21</tmt_jab><no_skep>SPRIN/032/VI/2000</no_skep><tgl_skep>2000-06-20</tgl_skep></jabatan><jabatan><jabatan>Tur Urdal Subbag renminro Bag Yankum Rokum Setjen Dephan</jabatan><tmt_jab>2001-03-01</tmt_jab><no_skep>SKEP/247/III/2001</no_skep><tgl_skep>2001-03-21</tgl_skep></jabatan><jabatan><jabatan>Anggota Subbag Minro Bag Yankum Rohukum Setjen Dephan</jabatan><tmt_jab>2007-09-01</tmt_jab><no_skep>SKEP/735/IX/2007</no_skep><tgl_skep>2007-09-20</tgl_skep></jabatan><jabatan><jabatan>PENGADMINISTRASI BMN SUBBAGMINRO BAGYANKUM</jabatan><tmt_jab>2010-05-24</tmt_jab><no_skep>KEP/348/V/2010</no_skep><tgl_skep>2010-05-26</tgl_skep></jabatan><jabatan><jabatan>PENGOLAH RUMGA BIRO SUBBAG TU BIRO BAG HATKUM ROKUM SETJEN KEMHAN</jabatan><tmt_jab>2011-04-01</tmt_jab><no_skep>KEP/284/IV/2011</no_skep><tgl_skep>2011-04-19</tgl_skep></jabatan><jabatan><jabatan>PENGOLAH RUMGA BIRO SUBBAG TU BIRO BAG HATKUM ROKUM SETJEN KEMHAN</jabatan><tmt_jab>2014-12-31</tmt_jab><no_skep>KEP/1485/XII/2014</no_skep><tgl_skep>2014-12-18</tgl_skep></jabatan></riwayat_jabatan><riwayat_pendidikan><pendidikan_umum><pendidikan><nama_dik>SEKOLAH DASAR</nama_dik><tahun_lulus>1981</tahun_lulus></pendidikan><pendidikan><nama_dik>SEKOLAH LANJUTAN TINGKAT PERTAMA (SLTP)</nama_dik><tahun_lulus>1984</tahun_lulus></pendidikan><pendidikan><nama_dik>SEKOLAH LANJUTAN TINGKAT ATAS (SLTA)</nama_dik><tahun_lulus>1987</tahun_lulus></pendidikan></pendidikan_umum><pendidikan_pembentukan><pendidikan><nama_dik>SUS DASAR KOMPUTER MIKRO</nama_dik><tahun_lulus>1990</tahun_lulus></pendidikan><pendidikan><nama_dik>SUS PENGEMUDI</nama_dik><tahun_lulus>1992</tahun_lulus></pendidikan><pendidikan><nama_dik>UJIAN DINAS TK II</nama_dik><tahun_lulus>2003</tahun_lulus></pendidikan><pendidikan><nama_dik>REINVENTARISASI ASET &amp; APLIKASI (SABMN)</nama_dik><tahun_lulus>2008</tahun_lulus></pendidikan><pendidikan><nama_dik>SIMAK BMN</nama_dik><tahun_lulus>2009</tahun_lulus></pendidikan><pendidikan><nama_dik>Pelatihan LPSE U.O Kemhan</nama_dik><tahun_lulus>2015</tahun_lulus></pendidikan></pendidikan_pembentukan></riwayat_pendidikan><riwayat_penugasan></riwayat_penugasan><riwayat_tanda_jasa><tanda_jasa><nama_tanda_jasa>SATYALANCANA KARYA SATYA X TAHUN</nama_tanda_jasa><no_skep>KEPPRES RI NOMOR 040/TK/THAUN 2003</no_skep><tgl_skep>2003-07-31</tgl_skep></tanda_jasa><tanda_jasa><nama_tanda_jasa>SATYALANCANA KARYA SATYA XX TAHUN</nama_tanda_jasa><no_skep>KEPPRES RI NOMOR 022/TK/TAHUN 2008</no_skep><tgl_skep>2008-06-24</tgl_skep></tanda_jasa></riwayat_tanda_jasa><riwayat_bahasa><bahasa><nama_bahasa>JAWA</nama_bahasa><keterangan>PASIF</keterangan></bahasa><bahasa><nama_bahasa>SUNDA</nama_bahasa><keterangan>AKTIF</keterangan></bahasa><bahasa><nama_bahasa>INDONESIA</nama_bahasa><keterangan>AKTIF</keterangan></bahasa></riwayat_bahasa><riwayat_keluarga><keluarga><nama_keluarga>SULISTIANI</nama_keluarga><jenis_kelamin>PEREMPUAN</jenis_kelamin><tgl_lahir>1969-03-28</tgl_lahir><hubungan>ISTRI</hubungan></keluarga><keluarga><nama_keluarga>WIRAKA DLUHA</nama_keluarga><jenis_kelamin>LAKI-LAKI</jenis_kelamin><tgl_lahir>1993-06-19</tgl_lahir><hubungan>ANAK</hubungan></keluarga><keluarga><nama_keluarga>AGHASA RAHMA WIJAYANTI</nama_keluarga><jenis_kelamin>PEREMPUAN</jenis_kelamin><tgl_lahir>1997-08-12</tgl_lahir><hubungan>ANAK</hubungan></keluarga></riwayat_keluarga></personil_kemhan>
