<personil_kemhan><nopeg>21010261810579</nopeg><nip>21010261810579</nip><nrp_nip>21010261810579</nrp_nip><nama>SUYANTO</nama><tempat_lahir>Lampung</tempat_lahir><tgl_lahir>1979-05-06</tgl_lahir><jenis_kelamin>LAKI-LAKI</jenis_kelamin><unit_organisasi>U.O. KEMHAN</unit_organisasi><jenis_personil>TNI</jenis_personil><pangkat>SERMA</pangkat><pangkat_corps>SERMA </pangkat_corps><tmt_pangkat>2015-04-01</tmt_pangkat><angkatan_korps>TNI AD</angkatan_korps><kategori_pangkat>SERMA</kategori_pangkat><jabatan>OPERATOR  KOMPUTER SUBBAGUM BAG TU</jabatan><satker>PUSKOMPUBLIK KEMHAN</satker><kode_jabatan>ANGGOTA</kode_jabatan><tmt_jabatan>2014-12-31</tmt_jabatan><eselon_jabatan>99</eselon_jabatan><kategori>ORGANIK</kategori><tmt_tni>2001-08-01</tmt_tni><agama>ISLAM</agama><file_foto_1>foto/21010261810579.jpg</file_foto_1><file_foto_2>foto/21010261810579.jpg</file_foto_2><riwayat_pangkat><pangkat><pangkat>SERDA</pangkat><tmt_pkt>2001-02-26</tmt_pkt><no_skep>SKEP/679-21/III/2001</no_skep><tgl_skep>2001-02-16</tgl_skep></pangkat><pangkat><pangkat>SERTU</pangkat><tmt_pkt>2005-04-01</tmt_pkt><no_skep>SKEP/432-21/III/2005</no_skep><tgl_skep>2005-03-21</tgl_skep></pangkat><pangkat><pangkat>SERKA</pangkat><tmt_pkt>2010-04-01</tmt_pkt><no_skep>KEP/270-33/III/2010</no_skep><tgl_skep>2010-03-19</tgl_skep></pangkat><pangkat><pangkat>SERMA</pangkat><tmt_pkt>2015-04-01</tmt_pkt><no_skep>KEP/206-33/III/2015</no_skep><tgl_skep>2015-03-09</tgl_skep></pangkat></riwayat_pangkat><riwayat_jabatan><jabatan><jabatan>TUR URKAP SUBBAGRENMINRO BAGMINPROT ROHUMAS</jabatan><tmt_jab>2001-08-01</tmt_jab><no_skep>SKEP/570/VIII/2001</no_skep><tgl_skep>2001-08-22</tgl_skep></jabatan><jabatan><jabatan>TUR URKAP SUBBAG REMINRO MINPROT ROHUMAS SETJEN DEPHAN PUSKOMPUBLIK KEMHAN</jabatan><tmt_jab>2001-08-01</tmt_jab><no_skep>SKEP/570/VIII/2001</no_skep><tgl_skep>2001-08-22</tgl_skep></jabatan><jabatan><jabatan>ANGGOTA SUBBAG MINRO BAG MINRO ROHUMAS PUSKOMPUBLIK KEMHAN</jabatan><tmt_jab>2006-04-01</tmt_jab><no_skep>SKEP/432/IV/2006</no_skep><tgl_skep>2006-04-27</tgl_skep></jabatan><jabatan><jabatan>Anggota Subbag Minro Bag Hublem Rohumas Setjen Dephan</jabatan><tmt_jab>2010-06-21</tmt_jab><no_skep>KEP/423/VI/2010</no_skep><tgl_skep>2010-06-25</tgl_skep></jabatan><jabatan><jabatan>JURU BAYAR SUBBAG UMUM BAG TU PUSKOMPUBLIK KEMHAN</jabatan><tmt_jab>2011-04-01</tmt_jab><no_skep>KEP/296/IV/2011</no_skep><tgl_skep>2011-04-19</tgl_skep></jabatan><jabatan><jabatan>OPERATOR  KOMPUTER SUBBAGUM BAG TU PUSKOMPUBLIK KEMHAN</jabatan><tmt_jab>2014-12-31</tmt_jab><no_skep>KEP/1510/XII/2014</no_skep><tgl_skep>2014-12-18</tgl_skep></jabatan></riwayat_jabatan><riwayat_pendidikan><pendidikan_umum><pendidikan><nama_dik>SEKOLAH DASAR</nama_dik><tahun_lulus>1992</tahun_lulus></pendidikan><pendidikan><nama_dik>SEKOLAH LANJUTAN TINGKAT PERTAMA (SLTP)</nama_dik><tahun_lulus>1995</tahun_lulus></pendidikan><pendidikan><nama_dik>SEKOLAH LANJUTAN TINGKAT ATAS (SLTA)</nama_dik><tahun_lulus>1998</tahun_lulus></pendidikan></pendidikan_umum><pendidikan_pembentukan><pendidikan><nama_dik>SUS OPERATOR KOMPUTER</nama_dik><tahun_lulus>2001</tahun_lulus></pendidikan><pendidikan><nama_dik>SECABA</nama_dik><tahun_lulus>2001</tahun_lulus></pendidikan><pendidikan><nama_dik>SUS INTERNET</nama_dik><tahun_lulus>2002</tahun_lulus></pendidikan><pendidikan><nama_dik>SUS AC</nama_dik><tahun_lulus>2002</tahun_lulus></pendidikan><pendidikan><nama_dik>SUSBABUK</nama_dik><tahun_lulus>2003</tahun_lulus></pendidikan></pendidikan_pembentukan></riwayat_pendidikan><riwayat_penugasan></riwayat_penugasan><riwayat_tanda_jasa><tanda_jasa><nama_tanda_jasa>SATYALANCANA KESETIAAN VIII TAHUN</nama_tanda_jasa><no_skep>KEP/84/IV/2010</no_skep><tgl_skep>2010-04-19</tgl_skep></tanda_jasa></riwayat_tanda_jasa><riwayat_bahasa><bahasa><nama_bahasa>JAWA</nama_bahasa><keterangan>AKTIF</keterangan></bahasa></riwayat_bahasa><riwayat_keluarga><keluarga><nama_keluarga>SISWANTI</nama_keluarga><jenis_kelamin>PEREMPUAN</jenis_kelamin><tgl_lahir>1980-09-27</tgl_lahir><hubungan>ISTRI</hubungan></keluarga><keluarga><nama_keluarga>BAGUS NUGRAH SETIANTO</nama_keluarga><jenis_kelamin>LAKI-LAKI</jenis_kelamin><tgl_lahir>2005-09-20</tgl_lahir><hubungan>ANAK</hubungan></keluarga><keluarga><nama_keluarga>NISRINA LULU DIWANTI</nama_keluarga><jenis_kelamin>PEREMPUAN</jenis_kelamin><tgl_lahir>2007-05-17</tgl_lahir><hubungan>ANAK</hubungan></keluarga></riwayat_keluarga></personil_kemhan>
