<personil_kemhan><nopeg>197211242006042001</nopeg><nip>030250249</nip><nrp_nip>197211242006042001</nrp_nip><nama>ENDANG RAHAYU</nama><gelar>S.Sos</gelar><tempat_lahir>Jakarta</tempat_lahir><tgl_lahir>1972-11-24</tgl_lahir><jenis_kelamin>PEREMPUAN</jenis_kelamin><unit_organisasi>U.O. KEMHAN</unit_organisasi><jenis_personil>PNS</jenis_personil><pangkat>PENATA III/C</pangkat><pangkat_corps>PENATA III/C </pangkat_corps><tmt_pangkat>2014-04-01</tmt_pangkat><angkatan_korps>PNS</angkatan_korps><sumber_pa_gol_3>CAPEG SARJANA</sumber_pa_gol_3><tmt_pa_gol_3>2007-09-01</tmt_pa_gol_3><kategori_pangkat>III/C</kategori_pangkat><jabatan>PENYUSUN BAHAN PELAYANAN UMUM SUBBAGUM BAG TU</jabatan><satker>PUSKOMPUBLIK KEMHAN</satker><kode_jabatan>ANGGOTA</kode_jabatan><tmt_jabatan>2014-12-31</tmt_jabatan><eselon_jabatan>99</eselon_jabatan><kategori>ORGANIK</kategori><tmt_tni>2007-09-01</tmt_tni><tmt_kemhan>2006-04-01</tmt_kemhan><agama>ISLAM</agama><file_foto_1>foto/197211242006042001.jpg</file_foto_1><file_foto_2>foto/030250249.jpg</file_foto_2><riwayat_pangkat><pangkat><pangkat>CAPEG III/A</pangkat><tmt_pkt>2006-04-01</tmt_pkt><no_skep>SKEP/372/M/V/2006</no_skep><tgl_skep>00000-00-00</tgl_skep></pangkat><pangkat><pangkat>PENATA MUDA III/A</pangkat><tmt_pkt>2007-09-01</tmt_pkt><no_skep>SKEP/690/IX/2007</no_skep><tgl_skep>00000-00-00</tgl_skep></pangkat><pangkat><pangkat>PENATA MUDA TK.I III/B</pangkat><tmt_pkt>2010-04-01</tmt_pkt><no_skep>KEP/168/III/2010</no_skep><tgl_skep>2010-03-17</tgl_skep></pangkat><pangkat><pangkat>PENATA III/C</pangkat><tmt_pkt>2014-04-01</tmt_pkt><no_skep>KEP/289/III/2014</no_skep><tgl_skep>2014-03-31</tgl_skep></pangkat></riwayat_pangkat><riwayat_jabatan><jabatan><jabatan>ANGGOTA BAG OPINI ROHUMAS</jabatan><tmt_jab>2006-04-01</tmt_jab><no_skep>SKEP/471/VII/2006</no_skep><tgl_skep>2006-04-01</tgl_skep></jabatan><jabatan><jabatan>Anggota Subbag Liputpub Bag Bra Rohumas Setjen Dephan</jabatan><tmt_jab>2007-11-01</tmt_jab><no_skep>SPRIN/94/XI/2007</no_skep><tgl_skep>2007-11-01</tgl_skep></jabatan><jabatan><jabatan>REPORTER SUBBIDLIPUTPUB BIDBRA  PUSKOMPUBLIK KEMHAN</jabatan><tmt_jab>2011-04-01</tmt_jab><no_skep>SPRIN/68/VI/2011</no_skep><tgl_skep>2011-06-13</tgl_skep></jabatan><jabatan><jabatan>REPORTER SUBBIDLIPUTPUB BIDBRA</jabatan><tmt_jab>2011-04-01</tmt_jab><no_skep>KEP/296/VI/2011</no_skep><tgl_skep>2011-06-19</tgl_skep></jabatan><jabatan><jabatan>PENYUSUN BAHAN PELAYANAN UMUM SUBBAGUM BAG TU PUSKOMPUBLIK KEMHAN</jabatan><tmt_jab>2014-12-31</tmt_jab><no_skep>KEP/1510/XII/2014</no_skep><tgl_skep>2014-12-18</tgl_skep></jabatan></riwayat_jabatan><riwayat_pendidikan><pendidikan_umum><pendidikan><nama_dik>SEKOLAH DASAR</nama_dik><tahun_lulus>1985</tahun_lulus></pendidikan><pendidikan><nama_dik>SEKOLAH LANJUTAN TINGKAT PERTAMA (SLTP)</nama_dik><tahun_lulus>1988</tahun_lulus></pendidikan><pendidikan><nama_dik>SEKOLAH LANJUTAN TINGKAT ATAS (SLTA)</nama_dik><tahun_lulus>1991</tahun_lulus></pendidikan><pendidikan><nama_dik>SARJANA (S1)</nama_dik><tahun_lulus>1996</tahun_lulus></pendidikan></pendidikan_umum><pendidikan_pembentukan><pendidikan><nama_dik>DIKLAT PRAJAB GOL III</nama_dik><tahun_lulus>2006</tahun_lulus></pendidikan><pendidikan><nama_dik>PELATIHAN JURNALISTIK DASAR</nama_dik><tahun_lulus>2007</tahun_lulus></pendidikan><pendidikan><nama_dik>TOT BAHASA INDONESIA</nama_dik><tahun_lulus>2007</tahun_lulus></pendidikan><pendidikan><nama_dik>PELATIHAN JURNALISTIK LANJUTAN</nama_dik><tahun_lulus>2008</tahun_lulus></pendidikan><pendidikan><nama_dik>KIBI I PNS DEPHAN</nama_dik><tahun_lulus>2008</tahun_lulus></pendidikan><pendidikan><nama_dik>MALAYSIA DEFENSE COOPERATION PROGRAM (MDCP)</nama_dik><tahun_lulus>2009</tahun_lulus></pendidikan></pendidikan_pembentukan></riwayat_pendidikan><riwayat_penugasan><penugasan><negara>INDONESIA</negara><tahun>2008</tahun><uraian>KUNKER MENHAN KESESKO TNI</uraian></penugasan><penugasan><negara>INDONESIA</negara><tahun>2008</tahun><uraian>LOKAKARYA</uraian></penugasan><penugasan><negara>INDONESIA</negara><tahun>2008</tahun><uraian>KUNKER SEKJEN KE AKMIL</uraian></penugasan></riwayat_penugasan><riwayat_tanda_jasa></riwayat_tanda_jasa><riwayat_bahasa><bahasa><nama_bahasa>JAWA</nama_bahasa><keterangan>AKTIF</keterangan></bahasa><bahasa><nama_bahasa>INGGRIS</nama_bahasa><keterangan>AKTIF</keterangan></bahasa></riwayat_bahasa><riwayat_keluarga><keluarga><nama_keluarga>TUTUR NURBAGIO, SE.M.M</nama_keluarga><jenis_kelamin>LAKI-LAKI</jenis_kelamin><tgl_lahir>1973-04-28</tgl_lahir><hubungan>SUAMI</hubungan></keluarga><keluarga><nama_keluarga>FARADIENA ADYANARI LITUHAYU N</nama_keluarga><jenis_kelamin>PEREMPUAN</jenis_kelamin><tgl_lahir>2005-06-02</tgl_lahir><hubungan>ANAK</hubungan></keluarga><keluarga><nama_keluarga>WANAHARY ANTYANARI ESFANDIARY N</nama_keluarga><jenis_kelamin>PEREMPUAN</jenis_kelamin><tgl_lahir>2010-01-07</tgl_lahir><hubungan>ANAK</hubungan></keluarga><keluarga><nama_keluarga>KIRANA NABELLE ALLAYSA N</nama_keluarga><jenis_kelamin>PEREMPUAN</jenis_kelamin><tgl_lahir>2012-03-25</tgl_lahir><hubungan>ANAK</hubungan></keluarga></riwayat_keluarga></personil_kemhan>
