<personil_kemhan><nopeg>196309171993031003</nopeg><nip>030223062</nip><nrp_nip>196309171993031003</nrp_nip><nama>IDA BAGUS KETUT ALIT WIJAYA</nama><gelar>Drs., M.M.</gelar><tempat_lahir>Gianyar</tempat_lahir><tgl_lahir>1963-09-17</tgl_lahir><jenis_kelamin>LAKI-LAKI</jenis_kelamin><unit_organisasi>U.O. KEMHAN</unit_organisasi><jenis_personil>PNS</jenis_personil><pangkat>PEMBINA IV/A</pangkat><pangkat_corps>PEMBINA IV/A </pangkat_corps><tmt_pangkat>2009-04-01</tmt_pangkat><angkatan_korps>PNS</angkatan_korps><sumber_pa_gol_3>CAPEG SARJANA</sumber_pa_gol_3><tmt_pa_gol_3>1994-08-01</tmt_pa_gol_3><kategori_pangkat>IV/A</kategori_pangkat><jabatan>ANGGOTA</jabatan><satker>PUSREHAB KEMHAN</satker><kode_jabatan>ANGGOTA</kode_jabatan><tmt_jabatan>2015-03-20</tmt_jabatan><eselon_jabatan>99</eselon_jabatan><kategori>ORGANIK</kategori><tmt_tni>1994-08-01</tmt_tni><tmt_kemhan>1993-03-01</tmt_kemhan><agama>HINDU</agama><file_foto_1>foto/196309171993031003.jpg</file_foto_1><file_foto_2>foto/030223062.jpg</file_foto_2><riwayat_pangkat><pangkat><pangkat>CAPEG III/A</pangkat><tmt_pkt>1993-03-01</tmt_pkt><no_skep>SKEP/1737/VI/1993</no_skep><tgl_skep>1993-06-28</tgl_skep></pangkat><pangkat><pangkat>PENATA MUDA III/A</pangkat><tmt_pkt>1994-08-01</tmt_pkt><no_skep>SKEP/815/VII/1994</no_skep><tgl_skep>1994-09-11</tgl_skep></pangkat><pangkat><pangkat>PENATA MUDA TK.I III/B</pangkat><tmt_pkt>1997-04-01</tmt_pkt><no_skep>SKEP/646/V/1997</no_skep><tgl_skep>1997-05-28</tgl_skep></pangkat><pangkat><pangkat>PENATA III/C</pangkat><tmt_pkt>2001-04-01</tmt_pkt><no_skep>SKEP/531/VIII/2001</no_skep><tgl_skep>2001-08-15</tgl_skep></pangkat><pangkat><pangkat>PENATA TK.I III/D</pangkat><tmt_pkt>2005-04-01</tmt_pkt><no_skep>SKEP/187/III/2005</no_skep><tgl_skep>2005-03-16</tgl_skep></pangkat><pangkat><pangkat>PEMBINA IV/A</pangkat><tmt_pkt>2009-04-01</tmt_pkt><no_skep>KEP MENHAN NO : KEP/54/M/III/2009</no_skep><tgl_skep>2009-03-31</tgl_skep></pangkat></riwayat_pangkat><riwayat_jabatan><jabatan><jabatan>PSB TK II/ROHANI HINDU BUDA SUBBAG WATJAH BAG PERS ROUM SETJEN</jabatan><tmt_jab>1994-08-01</tmt_jab><no_skep>SKEP/1171/VIII/1994</no_skep><tgl_skep>1994-08-22</tgl_skep></jabatan><jabatan><jabatan>PSB TK II ROHANI HINDU BUDHA SUBBAG WATJAH BAG PERS ROUM SETJEN</jabatan><tmt_jab>1998-09-01</tmt_jab><no_skep>SKEP/1074/IX/1998</no_skep><tgl_skep>1998-09-08</tgl_skep></jabatan><jabatan><jabatan>PSB TKII/HINDU BUDHA SUBBAGBINTAL BAGWATPEG ROPEG</jabatan><tmt_jab>2001-03-01</tmt_jab><no_skep>SKEP/282/III/2001</no_skep><tgl_skep>2001-03-28</tgl_skep></jabatan><jabatan><jabatan>KASUBBAG SISBAKURANAJA  BAGTALA ROORTALA</jabatan><tmt_jab>2002-01-01</tmt_jab><no_skep>SKEP/44/I/2002</no_skep><tgl_skep>2002-01-28</tgl_skep></jabatan><jabatan><jabatan>KASUBBAG PROFJAB BAG TALA ROREN</jabatan><tmt_jab>2006-01-01</tmt_jab><no_skep>SKEP/1098/XII/2005</no_skep><tgl_skep>2005-12-30</tgl_skep></jabatan><jabatan><jabatan>Kasubbag Evlap Bag Tala Roren Setjen Dephan</jabatan><tmt_jab>2008-02-01</tmt_jab><no_skep>SKEP/72/II/2008</no_skep><tgl_skep>2008-02-14</tgl_skep></jabatan><jabatan><jabatan>Anggota Subbag Minro Bag Lem Roren Setjen Dephan</jabatan><tmt_jab>2009-03-30</tmt_jab><no_skep>KEP MENHAN NO: KEP/48/III/2009</no_skep><tgl_skep>2009-03-30</tgl_skep></jabatan><jabatan><jabatan>Kasubbag Prod Bag Bra Rohumas Setjen Dephan</jabatan><tmt_jab>2010-03-05</tmt_jab><no_skep>KEP MENHAN NO : KEP/128/III/2010</no_skep><tgl_skep>2010-03-04</tgl_skep></jabatan><jabatan><jabatan>KASUBBID PROD BID BRA PUSKOMPUBLIK KEMHAN</jabatan><tmt_jab>2010-09-28</tmt_jab><no_skep>KEP/685/IX/2010</no_skep><tgl_skep>2010-09-30</tgl_skep></jabatan><jabatan><jabatan>ANGGOTA PUSKOMPUBLIK KEMHAN</jabatan><tmt_jab>2012-08-01</tmt_jab><no_skep>KEP/606/VII/2012</no_skep><tgl_skep>2012-07-27</tgl_skep></jabatan><jabatan><jabatan>ANGGOTA PUSREHAB KEMHAN</jabatan><tmt_jab>2015-03-20</tmt_jab><no_skep>KEP/300/III/2015</no_skep><tgl_skep>2015-03-24</tgl_skep></jabatan><jabatan><jabatan>ANGGOTA PUSREHAB KEMHAN</jabatan><tmt_jab>2015-03-20</tmt_jab><no_skep>KEP/300/III/2015</no_skep><tgl_skep>2015-03-24</tgl_skep></jabatan></riwayat_jabatan><riwayat_pendidikan><pendidikan_umum><pendidikan><nama_dik>SEKOLAH DASAR</nama_dik><tahun_lulus>1976</tahun_lulus></pendidikan><pendidikan><nama_dik>SEKOLAH LANJUTAN TINGKAT PERTAMA (SLTP)</nama_dik><tahun_lulus>1980</tahun_lulus></pendidikan><pendidikan><nama_dik>SEKOLAH LANJUTAN TINGKAT ATAS (SLTA)</nama_dik><tahun_lulus>1983</tahun_lulus></pendidikan><pendidikan><nama_dik>SARJANA (S1)</nama_dik><tahun_lulus>1990</tahun_lulus></pendidikan><pendidikan><nama_dik>PASCA SARJANA (S2)</nama_dik><tahun_lulus>2005</tahun_lulus></pendidikan></pendidikan_umum><pendidikan_pembentukan><pendidikan><nama_dik>LATPRAJAB TK.III</nama_dik><tahun_lulus>1993</tahun_lulus></pendidikan><pendidikan><nama_dik>TAR P-4 45 JAM</nama_dik><tahun_lulus>1993</tahun_lulus></pendidikan><pendidikan><nama_dik>SUS PA BINTAL ABRI</nama_dik><tahun_lulus>1995</tahun_lulus></pendidikan><pendidikan><nama_dik>DIK LAT PIM TK IV</nama_dik><tahun_lulus>1997</tahun_lulus></pendidikan><pendidikan><nama_dik>SUS PA MINU HKM</nama_dik><tahun_lulus>2000</tahun_lulus></pendidikan><pendidikan><nama_dik>SPAMA</nama_dik><tahun_lulus>2002</tahun_lulus></pendidikan><pendidikan><nama_dik>SUS WASRIK DHK</nama_dik><tahun_lulus>2002</tahun_lulus></pendidikan><pendidikan><nama_dik>SUS KAT STRATEGIC MANAGEMENT</nama_dik><tahun_lulus>2005</tahun_lulus></pendidikan><pendidikan><nama_dik>WORKSHOP ESL. IV GEL. II TGL. 24 s.d. 25 SEPT 2007</nama_dik><tahun_lulus>2007</tahun_lulus></pendidikan><pendidikan><nama_dik>SUSNIK AUDITOR HAN ANGK V TA.2008</nama_dik><tahun_lulus>2008</tahun_lulus></pendidikan></pendidikan_pembentukan></riwayat_pendidikan><riwayat_penugasan></riwayat_penugasan><riwayat_tanda_jasa><tanda_jasa><nama_tanda_jasa>SATYALANCANA KARYA SATYA X TAHUN</nama_tanda_jasa><no_skep>KEP/040/TK/2003</no_skep></tanda_jasa></riwayat_tanda_jasa><riwayat_bahasa><bahasa><nama_bahasa>INGGRIS</nama_bahasa><keterangan>PASIF</keterangan></bahasa><bahasa><nama_bahasa>BALI</nama_bahasa><keterangan>AKTIF</keterangan></bahasa></riwayat_bahasa><riwayat_keluarga><keluarga><nama_keluarga>DAYU PUTU WEDARINI</nama_keluarga><jenis_kelamin>PEREMPUAN</jenis_kelamin><tgl_lahir>1965-12-01</tgl_lahir><hubungan>ISTRI</hubungan></keluarga><keluarga><nama_keluarga>IDA AYU DIAH INTAN SARI</nama_keluarga><jenis_kelamin>PEREMPUAN</jenis_kelamin><tgl_lahir>1995-06-01</tgl_lahir><hubungan>ANAK</hubungan></keluarga><keluarga><nama_keluarga>IDA BAGUS DWI RAMA PUTRA</nama_keluarga><jenis_kelamin>LAKI-LAKI</jenis_kelamin><tgl_lahir>1998-01-23</tgl_lahir><hubungan>ANAK</hubungan></keluarga><keluarga><nama_keluarga>IDA BAGUS KRSHNANDHA</nama_keluarga><jenis_kelamin>LAKI-LAKI</jenis_kelamin><tgl_lahir>2000-10-05</tgl_lahir><hubungan>ANAK</hubungan></keluarga></riwayat_keluarga></personil_kemhan>
