<personil_kemhan><nopeg>196908031992031001</nopeg><nip>030217279</nip><nrp_nip>196908031992031001</nrp_nip><nama>AGUS PITONO</nama><tempat_lahir>Jakarta</tempat_lahir><tgl_lahir>1969-06-03</tgl_lahir><jenis_kelamin>LAKI-LAKI</jenis_kelamin><unit_organisasi>U.O. KEMHAN</unit_organisasi><jenis_personil>PNS</jenis_personil><pangkat>PENATA MUDA III/A</pangkat><pangkat_corps>PENATA MUDA III/A </pangkat_corps><tmt_pangkat>2012-04-01</tmt_pangkat><angkatan_korps>PNS</angkatan_korps><sumber_pa_gol_3>UJIAN DINAS</sumber_pa_gol_3><kategori_pangkat>III/A</kategori_pangkat><jabatan>PENGADMINISTRASI SUBBAG RUMGA BAGLOG DAN RUMGA  ROUM</jabatan><satker>UNHAN KEMHAN</satker><kode_jabatan>ANGGOTA</kode_jabatan><tmt_jabatan>2014-12-31</tmt_jabatan><eselon_jabatan>99</eselon_jabatan><kategori>ORGANIK</kategori><tmt_tni>1993-07-01</tmt_tni><agama>ISLAM</agama><file_foto_1>foto/196908031992031001.jpg</file_foto_1><file_foto_2>foto/030217279.jpg</file_foto_2><riwayat_pangkat><pangkat><pangkat>PENATA MUDA III/A</pangkat><tmt_pkt>2012-04-01</tmt_pkt><no_skep>SPRIN/232/III/2012</no_skep><tgl_skep>2012-03-27</tgl_skep></pangkat><pangkat><pangkat>PENGATUR MUDA II/A</pangkat></pangkat><pangkat><pangkat>PENGATUR MUDA TK.I  II/B</pangkat></pangkat><pangkat><pangkat>PENGATUR II/C</pangkat></pangkat><pangkat></pangkat></riwayat_pangkat><riwayat_jabatan><jabatan><jabatan>ANGGOTA SATKAM SUBBAGURDAL BAGRUMGA ROUM SETJEN DH</jabatan><tmt_jab>1899-12-30</tmt_jab><tgl_skep>1899-12-30</tgl_skep></jabatan><jabatan><jabatan>Anggota Subbag Pampersmat Bagpam Roum Setjen Dephan</jabatan><tmt_jab>2000-10-01</tmt_jab><tgl_skep>2000-10-01</tgl_skep></jabatan><jabatan><jabatan>Anggota Satkam Bagpam Roum Setjen Dephan</jabatan><tmt_jab>2000-10-01</tmt_jab><tgl_skep>2000-10-01</tgl_skep></jabatan><jabatan><jabatan>TURKAMKAN SUBABGPAMKAN BAGPAM</jabatan><tmt_jab>2001-03-01</tmt_jab><no_skep>SKEP/305/IV/2001</no_skep><tgl_skep>2001-04-03</tgl_skep></jabatan><jabatan><jabatan>Komandan Regu Satuan Keamanan Subbagpampersmat Bagpam</jabatan><tmt_jab>2010-07-27</tmt_jab><no_skep>KEP/553/VII/2010</no_skep><tgl_skep>2010-07-28</tgl_skep></jabatan><jabatan><jabatan>PETUGAS SATKAM REGU 3 TON B SUBBAGPAMPERSMAT BAGPAM ROUM SETJEN KEMHAN ROUM SETJEN KEMHAN</jabatan><tmt_jab>2011-04-01</tmt_jab><no_skep>KEP/285/IV/2011</no_skep><tgl_skep>2011-04-19</tgl_skep></jabatan><jabatan><jabatan>PENGADMINISTRASI SUBBAG RUMGA BAGLOG DAN RUMGA  ROUM UNHAN KEMHAN</jabatan><tmt_jab>2014-12-31</tmt_jab><no_skep>KEP/1484/XIV/2014</no_skep><tgl_skep>2014-12-18</tgl_skep></jabatan></riwayat_jabatan><riwayat_pendidikan><pendidikan_umum><pendidikan><nama_dik>SEKOLAH MENENGAH ATAS (SMA)</nama_dik><tahun_lulus>1991</tahun_lulus></pendidikan><pendidikan><nama_dik>SEKOLAH DASAR</nama_dik><tahun_lulus>1995</tahun_lulus></pendidikan><pendidikan><nama_dik>SEKOLAH MENENGAH PERTAMA (SMP)</nama_dik><tahun_lulus>1998</tahun_lulus></pendidikan></pendidikan_umum><pendidikan_pembentukan><pendidikan><nama_dik>susminu</nama_dik><tahun_lulus>1993</tahun_lulus></pendidikan><pendidikan><nama_dik>SUS SATKAM</nama_dik><tahun_lulus>2000</tahun_lulus></pendidikan><pendidikan><nama_dik>Ujian Dinas Tk. I</nama_dik><tahun_lulus>2011</tahun_lulus></pendidikan></pendidikan_pembentukan></riwayat_pendidikan><riwayat_penugasan></riwayat_penugasan><riwayat_tanda_jasa><tanda_jasa><nama_tanda_jasa>SATYALANCANA KARYA SATYA X TAHUN</nama_tanda_jasa><no_skep>KEPRES RI NOMOR 022/TK/TAHUN 2008</no_skep><tgl_skep>2008-06-24</tgl_skep></tanda_jasa></riwayat_tanda_jasa><riwayat_bahasa><bahasa><nama_bahasa>INGGRIS</nama_bahasa><keterangan>PASIF</keterangan></bahasa><bahasa><nama_bahasa>INDONESIA</nama_bahasa><keterangan>AKTIF</keterangan></bahasa></riwayat_bahasa><riwayat_keluarga><keluarga><nama_keluarga>SRI ADI R</nama_keluarga><jenis_kelamin>PEREMPUAN</jenis_kelamin><tgl_lahir>1975-05-04</tgl_lahir><hubungan>ISTRI</hubungan></keluarga><keluarga><nama_keluarga>VIZAI ARI SENO</nama_keluarga><jenis_kelamin>LAKI-LAKI</jenis_kelamin><tgl_lahir>1998-03-11</tgl_lahir><hubungan>ANAK</hubungan></keluarga></riwayat_keluarga></personil_kemhan>
