<personil_kemhan><nopeg>196908071991031001</nopeg><nip>030213649</nip><nrp_nip>196908071991031001</nrp_nip><nama>SLAMET LAESOLI</nama><gelar>S.H.</gelar><tempat_lahir>Jakarta</tempat_lahir><tgl_lahir>1969-08-07</tgl_lahir><jenis_kelamin>LAKI-LAKI</jenis_kelamin><unit_organisasi>U.O. KEMHAN</unit_organisasi><jenis_personil>PNS</jenis_personil><pangkat>PENATA TK.I III/D</pangkat><pangkat_corps>PENATA TK.I III/D </pangkat_corps><tmt_pangkat>2010-04-01</tmt_pangkat><angkatan_korps>PNS</angkatan_korps><sumber_pa_gol_3>PENYESUAIAN IJASAH</sumber_pa_gol_3><tmt_pa_gol_3>1998-04-01</tmt_pa_gol_3><kategori_pangkat>III/D</kategori_pangkat><jabatan>PENYUSUN BAHAN DIL TK.I SUBBAG DIL TK I  BAG BANKUM</jabatan><satker>ROKUM SETJEN KEMHAN</satker><kode_jabatan>ANGGOTA</kode_jabatan><tmt_jabatan>2014-12-31</tmt_jabatan><eselon_jabatan>99</eselon_jabatan><kategori>ORGANIK</kategori><tmt_tni>1992-08-01</tmt_tni><tmt_kemhan>1991-03-01</tmt_kemhan><agama>ISLAM</agama><file_foto_1>foto/196908071991031001.jpg</file_foto_1><file_foto_2>foto/030213649.jpg</file_foto_2><riwayat_pangkat><pangkat><pangkat>CAPEG II/A</pangkat><tmt_pkt>1991-03-01</tmt_pkt><no_skep>SKEP/764/VI/1991</no_skep><tgl_skep>1991-05-31</tgl_skep></pangkat><pangkat><pangkat>PENGATUR MUDA II/A</pangkat><tmt_pkt>1992-03-01</tmt_pkt><no_skep>SKEP/349/III/1992</no_skep><tgl_skep>1992-03-12</tgl_skep></pangkat><pangkat><pangkat>PENGATUR MUDA TK.I  II/B</pangkat><tmt_pkt>1994-04-01</tmt_pkt><no_skep>03-09/02416/KEP/IV/1994</no_skep><tgl_skep>1994-06-15</tgl_skep></pangkat><pangkat><pangkat>PENATA MUDA III/A</pangkat><tmt_pkt>1998-04-01</tmt_pkt><no_skep>SKEP/179/IV/1998</no_skep><tgl_skep>1998-04-09</tgl_skep></pangkat><pangkat><pangkat>PENATA MUDA TK.I III/B</pangkat><tmt_pkt>2002-04-01</tmt_pkt><no_skep>SKEP/1870/XII/2002</no_skep><tgl_skep>2002-12-31</tgl_skep></pangkat><pangkat><pangkat>PENATA III/C</pangkat><tmt_pkt>2006-04-01</tmt_pkt><no_skep>SKEP/118/II/2006</no_skep><tgl_skep>2006-02-28</tgl_skep></pangkat><pangkat><pangkat>PENATA TK.I III/D</pangkat><tmt_pkt>2010-04-01</tmt_pkt><no_skep>KEP/168/III/2010</no_skep><tgl_skep>2010-03-17</tgl_skep></pangkat></riwayat_pangkat><riwayat_jabatan><jabatan><jabatan>STAF BAG UNDANG RO HUKUM SETJEN DEPHANKAM</jabatan><tmt_jab>1991-03-01</tmt_jab><no_skep>SKEP/1200/VI/1991</no_skep><tgl_skep>1991-06-18</tgl_skep></jabatan><jabatan><jabatan>TURMIN BAG UNDANG RO HUKUM SETJEN</jabatan><tmt_jab>1998-08-01</tmt_jab><no_skep>SKEP/1137/IX/1998</no_skep><tgl_skep>1998-09-17</tgl_skep></jabatan><jabatan><jabatan>ANGGOTA SUBBAG REN UNDANG BAG UNDANG BIRO HUKUM</jabatan><tmt_jab>2001-03-01</tmt_jab><no_skep>SPRIN/303/IV/2001</no_skep><tgl_skep>2001-04-03</tgl_skep></jabatan><jabatan><jabatan>AJUN PRANATA KOMPUTER MADYA</jabatan><tmt_jab>2001-12-01</tmt_jab><no_skep>SKEP/1015/XII/2001</no_skep><tgl_skep>2001-12-24</tgl_skep></jabatan><jabatan><jabatan>Anggota Subbag Ren Undang Bag Undang Biro Hukum Setjen Dephan</jabatan><tmt_jab>2007-09-01</tmt_jab><no_skep>SKEP/735/IX/2007</no_skep><tgl_skep>2007-09-20</tgl_skep></jabatan><jabatan><jabatan>Anggota Subbag Bankum Bag Yankum Rohukum Setjen Dephan</jabatan><tmt_jab>2010-02-11</tmt_jab><no_skep>SPRIN/09/II/2010</no_skep><tgl_skep>2010-02-11</tgl_skep></jabatan><jabatan><jabatan>PENYUSUSN BAHAN HATLUHKUM SUBBAGHATLUHKUM BAGYANKUM</jabatan><tmt_jab>2010-05-24</tmt_jab><no_skep>KEP/348/V/2010</no_skep><tgl_skep>2010-05-26</tgl_skep></jabatan><jabatan><jabatan>PENYUSUN BAHAN DIL TK-I SUBBAG DIL TK-I BAG BANKUM ROKUM SETJEN KEMHAN</jabatan><tmt_jab>2011-04-01</tmt_jab><no_skep>KEP/284/IV/2011</no_skep><tgl_skep>2011-04-19</tgl_skep></jabatan><jabatan><jabatan>PENYUSUN BAHAN DIL TK.I SUBBAG DIL TK I  BAG BANKUM ROKUM SETJEN KEMHAN</jabatan><tmt_jab>2014-12-31</tmt_jab><no_skep>KEP/1485/XII/2014</no_skep><tgl_skep>2014-12-18</tgl_skep></jabatan></riwayat_jabatan><riwayat_pendidikan><pendidikan_umum><pendidikan><nama_dik>SEKOLAH DASAR</nama_dik><tahun_lulus>1982</tahun_lulus></pendidikan><pendidikan><nama_dik>SEKOLAH LANJUTAN TINGKAT PERTAMA (SLTP)</nama_dik><tahun_lulus>1985</tahun_lulus></pendidikan><pendidikan><nama_dik>SEKOLAH LANJUTAN TINGKAT ATAS (SLTA)</nama_dik><tahun_lulus>1988</tahun_lulus></pendidikan><pendidikan><nama_dik>SARJANA (S1)</nama_dik><tahun_lulus>1996</tahun_lulus></pendidikan></pendidikan_umum><pendidikan_pembentukan><pendidikan><nama_dik>SUS MENGETIK</nama_dik><tahun_lulus>1988</tahun_lulus></pendidikan><pendidikan><nama_dik>SUS MENGETIK</nama_dik><tahun_lulus>1988</tahun_lulus></pendidikan><pendidikan><nama_dik>LATPRAJAB TK II</nama_dik><tahun_lulus>1991</tahun_lulus></pendidikan><pendidikan><nama_dik>SUS MIKRO KOMPUTER</nama_dik><tahun_lulus>1991</tahun_lulus></pendidikan><pendidikan><nama_dik>SUS PA MINU HKM</nama_dik><tahun_lulus>2000</tahun_lulus></pendidikan><pendidikan><nama_dik>DIK LAT PIM TK IV</nama_dik><tahun_lulus>2001</tahun_lulus></pendidikan><pendidikan><nama_dik>WORKSHOP PENGEMBANGAN KOMPETENSI</nama_dik><tahun_lulus>2015</tahun_lulus></pendidikan></pendidikan_pembentukan></riwayat_pendidikan><riwayat_penugasan></riwayat_penugasan><riwayat_tanda_jasa><tanda_jasa><nama_tanda_jasa>SATYALANCANA KARYA SATYA X TAHUN</nama_tanda_jasa><no_skep>KEPPRES RI NOMOR 040/TK/TAHUN 2003</no_skep><tgl_skep>2003-07-31</tgl_skep></tanda_jasa></riwayat_tanda_jasa><riwayat_bahasa><bahasa><nama_bahasa>JAWA</nama_bahasa><keterangan>PASIF</keterangan></bahasa><bahasa><nama_bahasa>INDONESIA</nama_bahasa><keterangan>AKTIF</keterangan></bahasa></riwayat_bahasa><riwayat_keluarga><keluarga><nama_keluarga>SRI RETNO WIDIASTUTI, S.H.</nama_keluarga><jenis_kelamin>PEREMPUAN</jenis_kelamin><tgl_lahir>1969-12-09</tgl_lahir><hubungan>ISTRI</hubungan></keluarga><keluarga><nama_keluarga>DARIN AFIFAH PURNAMASARI</nama_keluarga><jenis_kelamin>PEREMPUAN</jenis_kelamin><tgl_lahir>1997-02-27</tgl_lahir><hubungan>ANAK</hubungan></keluarga><keluarga><nama_keluarga>IBNU FADLAN AZIZAN</nama_keluarga><jenis_kelamin>LAKI-LAKI</jenis_kelamin><tgl_lahir>2001-05-07</tgl_lahir><hubungan>ANAK</hubungan></keluarga><keluarga><nama_keluarga>ZAFIRA MALIMA INAS</nama_keluarga><jenis_kelamin>PEREMPUAN</jenis_kelamin><tgl_lahir>2009-12-17</tgl_lahir><hubungan>ANAK</hubungan></keluarga></riwayat_keluarga></personil_kemhan>
