<personil_kemhan><nopeg>195909011994031001</nopeg><nip>030228262</nip><nrp_nip>195909011994031001</nrp_nip><nama>SUROSO</nama><tempat_lahir>Boyolali</tempat_lahir><tgl_lahir>1959-09-01</tgl_lahir><jenis_kelamin>LAKI-LAKI</jenis_kelamin><unit_organisasi>U.O. KEMHAN</unit_organisasi><jenis_personil>PNS</jenis_personil><pangkat>PENATA MUDA III/A</pangkat><pangkat_corps>PENATA MUDA III/A </pangkat_corps><tmt_pangkat>2013-04-01</tmt_pangkat><angkatan_korps>PNS</angkatan_korps><sumber_pa_gol_3>UJIAN DINAS</sumber_pa_gol_3><tmt_pa_gol_3>2013-04-01</tmt_pa_gol_3><kategori_pangkat>III/A</kategori_pangkat><jabatan>SEKRETARIS KARO SUBBAG TU BIRO BAGTALA</jabatan><satker>ROREN SETJEN KEMHAN</satker><kode_jabatan>ANGGOTA</kode_jabatan><tmt_jabatan>2014-12-31</tmt_jabatan><eselon_jabatan>99</eselon_jabatan><kategori>ORGANIK</kategori><tmt_tni>1995-06-01</tmt_tni><tmt_kemhan>1994-03-01</tmt_kemhan><agama>ISLAM</agama><file_foto_1>foto/195909011994031001.jpg</file_foto_1><file_foto_2>foto/030228262.jpg</file_foto_2><riwayat_pangkat><pangkat><pangkat>CAPEG I/B</pangkat><tmt_pkt>1994-03-01</tmt_pkt><no_skep>SKEP/1287/VIII/1994</no_skep><tgl_skep>1994-08-31</tgl_skep></pangkat><pangkat><pangkat>JURU MUDA TK. I  I/B</pangkat><tmt_pkt>1995-05-01</tmt_pkt><no_skep>SKEP/533/V/1995</no_skep><tgl_skep>1995-05-16</tgl_skep></pangkat><pangkat><pangkat>PENGATUR MUDA II/A</pangkat><tmt_pkt>1997-04-01</tmt_pkt><no_skep>KABAKN NO :03-09/00039/KEP/V/1997</no_skep><tgl_skep>1997-05-14</tgl_skep></pangkat><pangkat><pangkat>PENGATUR MUDA TK.I  II/B</pangkat><tmt_pkt>2001-03-01</tmt_pkt><no_skep>KABAKN NO. : 03-09-00/00020/IV/2001</no_skep><tgl_skep>2001-05-31</tgl_skep></pangkat><pangkat><pangkat>PENGATUR II/C</pangkat><tmt_pkt>2005-04-01</tmt_pkt><no_skep>SKEP/170/III/2005</no_skep><tgl_skep>2005-03-14</tgl_skep></pangkat><pangkat><pangkat>PENGATUR TK.I II/D</pangkat><tmt_pkt>2009-04-01</tmt_pkt><no_skep>Kep. Menhan No. Kep/28/III/2009</no_skep><tgl_skep>2009-03-05</tgl_skep></pangkat><pangkat><pangkat>PENATA MUDA III/A</pangkat><tmt_pkt>2013-04-01</tmt_pkt><no_skep>KEP/278/III/2013</no_skep><tgl_skep>2013-03-27</tgl_skep></pangkat></riwayat_pangkat><riwayat_jabatan><jabatan><jabatan>OPR FOTO COPY/PELAYAN UMUM BAGREN ROUM SETJEN DEPHANKAM</jabatan><tmt_jab>1994-03-01</tmt_jab><no_skep>Skep/1287/VIII/1994</no_skep><tgl_skep>1994-08-18</tgl_skep></jabatan><jabatan><jabatan>TUR AGENDA SURAT MASUK DALPROGJAGAR BAGREN ROUM SETJEN DEPHANKAM</jabatan><tmt_jab>1996-09-04</tmt_jab><tgl_skep>1996-09-04</tgl_skep></jabatan><jabatan><jabatan>CARAKA SUBBAG RENMINRO RO ORTALA</jabatan><tmt_jab>2001-08-01</tmt_jab><no_skep>Skep/625/IX/2001</no_skep><tgl_skep>2001-09-03</tgl_skep></jabatan><jabatan><jabatan>Anggota Subbag Minro Bag Lem Roren Setjen Dephan</jabatan><tmt_jab>2006-02-01</tmt_jab><no_skep>SKEP/91/II2006</no_skep><tgl_skep>2006-02-23</tgl_skep></jabatan><jabatan><jabatan>OPERATOR FOTO COPI SUBBAG MINRO BAGLEM ROREN SETJEN KEMHAN</jabatan><tmt_jab>2010-06-17</tmt_jab><no_skep>KEP/417/V/2010</no_skep><tgl_skep>2010-06-24</tgl_skep></jabatan><jabatan><jabatan>PENGGANDA NASKAH SUBBAG TU BIRO BAGTALA ROREN SETJEN KEMHAN</jabatan><tmt_jab>2011-04-01</tmt_jab><no_skep>KEP/283/IV/2011</no_skep><tgl_skep>2011-04-19</tgl_skep></jabatan><jabatan><jabatan>ANGGOTA ROREN SETJEN KEMHAN</jabatan><tmt_jab>2013-07-17</tmt_jab><no_skep>KEP/718/VII/2013</no_skep><tgl_skep>2013-07-24</tgl_skep></jabatan><jabatan><jabatan>SEKRETARIS KARO SUBBAG TU BIRO BAGTALA ROREN SETJEN KEMHAN</jabatan><tmt_jab>2014-12-31</tmt_jab><no_skep>KEP/1485/XII/2014</no_skep><tgl_skep>2014-12-18</tgl_skep></jabatan></riwayat_jabatan><riwayat_pendidikan><pendidikan_umum><pendidikan><nama_dik>SEKOLAH DASAR</nama_dik><tahun_lulus>1972</tahun_lulus></pendidikan><pendidikan><nama_dik>SMEP</nama_dik><tahun_lulus>1975</tahun_lulus></pendidikan><pendidikan><nama_dik>SEKOLAH MENENGAH ATAS (SMA)</nama_dik><tahun_lulus>1996</tahun_lulus></pendidikan></pendidikan_umum><pendidikan_pembentukan><pendidikan><nama_dik>LATPRAJAB TK. I</nama_dik><tahun_lulus>1994</tahun_lulus></pendidikan><pendidikan><nama_dik>SUS MENGEMUDI</nama_dik><tahun_lulus>1997</tahun_lulus></pendidikan><pendidikan><nama_dik>SUS PEMADAM KEBAKARAN</nama_dik><tahun_lulus>2000</tahun_lulus></pendidikan><pendidikan><nama_dik>Ujian Dinas Tk. I</nama_dik><tahun_lulus>2011</tahun_lulus></pendidikan><pendidikan><nama_dik>DIKLAT TEKNIS ALIH GOLONGAN</nama_dik><tahun_lulus>2013</tahun_lulus></pendidikan></pendidikan_pembentukan></riwayat_pendidikan><riwayat_penugasan></riwayat_penugasan><riwayat_tanda_jasa><tanda_jasa><nama_tanda_jasa>SATYALANCANA KARYA SATYA X TAHUN</nama_tanda_jasa><no_skep>KEPPRES RI NO. 047/TK/TAHUN 2005</no_skep><tgl_skep>2005-07-11</tgl_skep></tanda_jasa><tanda_jasa><nama_tanda_jasa>SATYALANCANA KARYA SATYA XX TAHUN</nama_tanda_jasa><no_skep>KEPPRES RI NO. 119/TK/TAHUN 2014</no_skep><tgl_skep>2014-11-26</tgl_skep></tanda_jasa></riwayat_tanda_jasa><riwayat_bahasa><bahasa><nama_bahasa>JAWA</nama_bahasa><keterangan>AKTIF</keterangan></bahasa><bahasa><nama_bahasa>INGGRIS</nama_bahasa><keterangan>PASIF</keterangan></bahasa></riwayat_bahasa><riwayat_keluarga><keluarga><nama_keluarga>WAGIYEM</nama_keluarga><jenis_kelamin>PEREMPUAN</jenis_kelamin><tgl_lahir>1962-07-25</tgl_lahir><hubungan>ISTRI</hubungan></keluarga><keluarga><nama_keluarga>HARTANTO</nama_keluarga><jenis_kelamin>LAKI-LAKI</jenis_kelamin><tgl_lahir>1982-02-09</tgl_lahir><hubungan>ANAK</hubungan></keluarga><keluarga><nama_keluarga>RIADINNI ALITA</nama_keluarga><jenis_kelamin>PEREMPUAN</jenis_kelamin><tgl_lahir>1988-05-23</tgl_lahir><hubungan>ANAK</hubungan></keluarga><keluarga><nama_keluarga>WASISTO WIYOSO</nama_keluarga><jenis_kelamin>LAKI-LAKI</jenis_kelamin><tgl_lahir>1996-03-13</tgl_lahir><hubungan>ANAK</hubungan></keluarga></riwayat_keluarga></personil_kemhan>
