<personil_kemhan><nopeg>196804141992031001</nopeg><nip>030216391</nip><nrp_nip>196804141992031001</nrp_nip><nama>SUDARNO</nama><tempat_lahir>Jakarta</tempat_lahir><tgl_lahir>1968-04-14</tgl_lahir><jenis_kelamin>LAKI-LAKI</jenis_kelamin><unit_organisasi>U.O. KEMHAN</unit_organisasi><jenis_personil>PNS</jenis_personil><pangkat>PENGATUR II/C</pangkat><pangkat_corps>PENGATUR II/C </pangkat_corps><tmt_pangkat>2012-10-01</tmt_pangkat><angkatan_korps>PNS</angkatan_korps><kategori_pangkat>II/C</kategori_pangkat><jabatan>PRAMU KANTOR SUBBAG RUMGA BAG UM</jabatan><satker>SET DITJEN KUATHAN KEMHAN</satker><kode_jabatan>ANGGOTA</kode_jabatan><tmt_jabatan>2014-12-31</tmt_jabatan><eselon_jabatan>99</eselon_jabatan><kategori>ORGANIK</kategori><tmt_tni>1993-03-01</tmt_tni><tmt_kemhan>2000-02-01</tmt_kemhan><agama>ISLAM</agama><file_foto_1>foto/196804141992031001.jpg</file_foto_1><file_foto_2>foto/030216391.jpg</file_foto_2><riwayat_pangkat><pangkat><pangkat>CAPEG I/B</pangkat><tmt_pkt>1992-03-31</tmt_pkt><no_skep>SKEP/32/III/1992</no_skep><tgl_skep>1992-03-01</tgl_skep></pangkat><pangkat><pangkat>JURU MUDA TK. I  I/B</pangkat><tmt_pkt>1993-03-01</tmt_pkt><no_skep>SKEP/52/IV/1993</no_skep><tgl_skep>1993-04-10</tgl_skep></pangkat><pangkat><pangkat>JURU I/C</pangkat><tmt_pkt>1996-04-01</tmt_pkt><no_skep>KA. BAKN NOMOR : 03-09/00020/KEP/IV/1996</no_skep><tgl_skep>1996-05-07</tgl_skep></pangkat><pangkat><pangkat>JURU TK.I  I/D</pangkat><tmt_pkt>2000-04-01</tmt_pkt><no_skep>KA. BAKN NOMOR : 03-09.73/006/KEP/IV/2000</no_skep><tgl_skep>2000-03-17</tgl_skep></pangkat><pangkat><pangkat>PENGATUR MUDA II/A</pangkat><tmt_pkt>2004-04-01</tmt_pkt></pangkat><pangkat><pangkat>PENGATUR MUDA TK.I  II/B</pangkat><tmt_pkt>2008-10-01</tmt_pkt><no_skep>SKEP/427/VIII/2008</no_skep><tgl_skep>2008-08-20</tgl_skep></pangkat><pangkat><pangkat>PENGATUR II/C</pangkat><tmt_pkt>2012-10-01</tmt_pkt><no_skep>KEP/684/VIII/2012</no_skep><tgl_skep>2012-08-29</tgl_skep></pangkat></riwayat_pangkat><riwayat_jabatan><jabatan><jabatan>TABAN KIMABABINKAR ABRI</jabatan><tmt_jab>1992-03-01</tmt_jab><no_skep>SPRIN/89/III/1992</no_skep><tgl_skep>1992-03-31</tgl_skep></jabatan><jabatan><jabatan>ANGGOTA RO ORTALA SETJEN DEPHAN</jabatan><tmt_jab>2000-02-01</tmt_jab><no_skep>SPRIN/08/I/2000</no_skep><tgl_skep>2000-01-28</tgl_skep></jabatan><jabatan><jabatan>CARAKA  SUBBAG RENMINRO BAGLEM ROORTALA</jabatan><tmt_jab>2001-04-01</tmt_jab><no_skep>SKEP/357/V/2001</no_skep><tgl_skep>2001-05-03</tgl_skep></jabatan><jabatan><jabatan>CARAKA SUBBAG RENMINRO BAGLEM RO ORTALA</jabatan><tmt_jab>2001-08-01</tmt_jab><no_skep>SKEP/625/IX/2001</no_skep><tgl_skep>2001-09-03</tgl_skep></jabatan><jabatan><jabatan>Anggota Subbag Minro Bag Lem Roren Setjen Dephan</jabatan><tmt_jab>2006-02-01</tmt_jab><no_skep>SKEP/91/II/2006</no_skep><tgl_skep>2006-02-23</tgl_skep></jabatan><jabatan><jabatan>PENGEMUDI SUBBAG MINRO BAGLEM ROREN SETJEN KEMHAN ROREN SETJEN KEMHAN</jabatan><tmt_jab>2010-06-17</tmt_jab><no_skep>KEP/417/V/2010</no_skep><tgl_skep>2010-06-24</tgl_skep></jabatan><jabatan><jabatan>ANGGOTA ROREN SETJEN KEMHAN</jabatan><tmt_jab>2011-07-04</tmt_jab><no_skep>KEP/525/VII/2011</no_skep><tgl_skep>2011-07-12</tgl_skep></jabatan><jabatan><jabatan>PRAMU KANTOR SUBBAGRUMGA BAGUM SET DITJEN KUATHAN KEMHAN</jabatan><tmt_jab>2012-02-01</tmt_jab><no_skep>KEP/66/II/2012</no_skep><tgl_skep>2012-02-02</tgl_skep></jabatan><jabatan><jabatan>PRAMU KANTOR SUBBAG RUMGA BAG UM SET DITJEN KUATHAN KEMHAN</jabatan><tmt_jab>2014-12-31</tmt_jab><no_skep>KEP/1500/XII/2014</no_skep><tgl_skep>2014-12-18</tgl_skep></jabatan></riwayat_jabatan><riwayat_pendidikan><pendidikan_umum><pendidikan><nama_dik>SEKOLAH DASAR</nama_dik><tahun_lulus>1983</tahun_lulus></pendidikan><pendidikan><nama_dik>SEKOLAH MENENGAH PERTAMA (SMP)</nama_dik><tahun_lulus>1987</tahun_lulus></pendidikan></pendidikan_umum><pendidikan_pembentukan><pendidikan><nama_dik>LATPRAJAB TK I</nama_dik><tahun_lulus>1993</tahun_lulus></pendidikan><pendidikan><nama_dik>TAR P-4 25 JAM</nama_dik><tahun_lulus>1996</tahun_lulus></pendidikan></pendidikan_pembentukan></riwayat_pendidikan><riwayat_penugasan></riwayat_penugasan><riwayat_tanda_jasa><tanda_jasa><nama_tanda_jasa>SATYALANCANA KARYA SATYA X TAHUN</nama_tanda_jasa><no_skep>KEPPRES RI NOMOR 040//TAHUN 2003</no_skep><tgl_skep>2003-07-31</tgl_skep></tanda_jasa><tanda_jasa><nama_tanda_jasa>SATYALANCANA KARYA SATYA XX TAHUN</nama_tanda_jasa><no_skep>KEPPRES NO. 62/TK/TAHUN 2012</no_skep><tgl_skep>2012-08-06</tgl_skep></tanda_jasa></riwayat_tanda_jasa><riwayat_bahasa><bahasa><nama_bahasa>JAWA</nama_bahasa><keterangan>AKTIF</keterangan></bahasa><bahasa><nama_bahasa>INGGRIS</nama_bahasa><keterangan>PASIF</keterangan></bahasa></riwayat_bahasa><riwayat_keluarga><keluarga><nama_keluarga>WARTINING PURDIYATI</nama_keluarga><jenis_kelamin>PEREMPUAN</jenis_kelamin><tgl_lahir>1965-09-08</tgl_lahir><hubungan>ISTRI</hubungan></keluarga><keluarga><nama_keluarga>FAJAR EKO SUSILO</nama_keluarga><jenis_kelamin>LAKI-LAKI</jenis_kelamin><tgl_lahir>1992-11-08</tgl_lahir><hubungan>ANAK</hubungan></keluarga><keluarga><nama_keluarga>ARIF DWI SANTOSO</nama_keluarga><jenis_kelamin>LAKI-LAKI</jenis_kelamin><tgl_lahir>1997-10-10</tgl_lahir><hubungan>ANAK</hubungan></keluarga><keluarga><nama_keluarga>AULIA RAHMAWATI</nama_keluarga><jenis_kelamin>PEREMPUAN</jenis_kelamin><tgl_lahir>2004-07-09</tgl_lahir><hubungan>ANAK</hubungan></keluarga></riwayat_keluarga></personil_kemhan>
