<personil_kemhan><nopeg>195809121986031029</nopeg><nip>030184292</nip><nrp_nip>195809121986031029</nrp_nip><nama>Jejen Jaenudin</nama><tempat_lahir>Jatisari</tempat_lahir><tgl_lahir>1958-09-12</tgl_lahir><jenis_kelamin>LAKI-LAKI</jenis_kelamin><unit_organisasi>U.O. KEMHAN</unit_organisasi><jenis_personil>PNS</jenis_personil><pangkat>PENGATUR MUDA II/A</pangkat><pangkat_corps>PENGATUR MUDA II/A </pangkat_corps><tmt_pangkat>2003-10-01</tmt_pangkat><angkatan_korps>PNS</angkatan_korps><kategori_pangkat>II/A</kategori_pangkat><jabatan>AGENDARIS SUBBAG TAKAHDIS BAG MINU</jabatan><satker>ROTU SETJEN KEMHAN</satker><kode_jabatan>ANGGOTA</kode_jabatan><tmt_jabatan>2014-12-31</tmt_jabatan><eselon_jabatan>99</eselon_jabatan><kategori>ORGANIK</kategori><tmt_tni>1987-04-01</tmt_tni><tmt_kemhan>1986-03-01</tmt_kemhan><agama>ISLAM</agama><file_foto_1>foto/195809121986031029.jpg</file_foto_1><file_foto_2>foto/030184292.jpg</file_foto_2><riwayat_pangkat><pangkat><pangkat>JURU MUDA I/A</pangkat><tmt_pkt>1987-04-01</tmt_pkt><no_skep>SKEP/047/17/III/1987</no_skep><tgl_skep>1987-03-26</tgl_skep></pangkat><pangkat><pangkat>JURU MUDA TK. I  I/B</pangkat><tmt_pkt>1991-04-01</tmt_pkt><no_skep>03-09/01350/KEP/1995</no_skep><tgl_skep>1991-09-02</tgl_skep></pangkat><pangkat><pangkat>JURU I/C</pangkat><tmt_pkt>1995-04-01</tmt_pkt><no_skep>03-09/02386/KEP/IV/1995</no_skep><tgl_skep>1995-03-06</tgl_skep></pangkat><pangkat><pangkat>JURU TK.I  I/D</pangkat><tmt_pkt>1999-04-01</tmt_pkt><no_skep>03-09/00/022/KEP/IV/1999</no_skep><tgl_skep>1999-04-23</tgl_skep></pangkat><pangkat><pangkat>PENGATUR MUDA II/A</pangkat><tmt_pkt>2003-10-01</tmt_pkt><no_skep>SKEP/1416/IX/2006</no_skep><tgl_skep>2003-09-19</tgl_skep></pangkat></riwayat_pangkat><riwayat_jabatan><jabatan><jabatan>ANGGOTA SATMA DENMIL MABES ABRI</jabatan><tmt_jab>1986-03-01</tmt_jab><no_skep>SKEP/90/16/V/1986</no_skep><tgl_skep>1986-05-06</tgl_skep></jabatan><jabatan><jabatan>PENGEMUDI POOL SUBBAGYANUM BAGRUMGA ROUM SETJEN DEPHAN ROUM SETJEN KEMHAN</jabatan><tmt_jab>1986-03-01</tmt_jab><no_skep>SKEP/90/16/V/1986</no_skep><tgl_skep>1986-05-06</tgl_skep></jabatan><jabatan><jabatan>ANGGOTA BAG RUMGA ROUM SETJEN DEPHAN ROUM SETJEN KEMHAN</jabatan><tmt_jab>1988-04-20</tmt_jab><no_skep>SPRIN/1143/VIII/1988</no_skep><tgl_skep>1988-08-03</tgl_skep></jabatan><jabatan><jabatan>ANGGOTA PENGEMUDI CAD DAN VIP SUBBAGYANUMURDAL BAG</jabatan><tmt_jab>2001-03-01</tmt_jab><no_skep>SKEP/296/IV/2001</no_skep><tgl_skep>2001-04-03</tgl_skep></jabatan><jabatan><jabatan>ANGGOTA PENGEMUDI CAD DAN VIP SUBBAGYANUMURDAL BAGRUMGA ROUM</jabatan><tmt_jab>2001-05-17</tmt_jab><no_skep>SPRIN/87/V/2001</no_skep><tgl_skep>2001-05-17</tgl_skep></jabatan><jabatan><jabatan>PENGEMUDI CAD &amp; VIP SUBBAGYANUMURDAL BAGRUMGA ROUM</jabatan><tmt_jab>2001-12-01</tmt_jab><no_skep>SKEP/992/XII/2001</no_skep><tgl_skep>2001-12-10</tgl_skep></jabatan><jabatan><jabatan>PENGEMUDI CAD &amp; VIP SUBBAGYANUMURDAL BAGRUMGA ROUM</jabatan><tmt_jab>2002-02-04</tmt_jab><no_skep>SPRIN-22/II/2002</no_skep><tgl_skep>2002-02-04</tgl_skep></jabatan><jabatan><jabatan>TURMIN BAG TUPIM BIRO TU SETJEN DEPHAN ROTU SETJEN KEMHAN</jabatan><tmt_jab>2004-08-01</tmt_jab><no_skep>SKEP/503/VII/2004</no_skep><tgl_skep>2004-07-28</tgl_skep></jabatan><jabatan><jabatan>Anggota Subbag Minu Bag Minu Rotu Setjen Dephan</jabatan><tmt_jab>2006-03-01</tmt_jab><tgl_skep>2006-03-01</tgl_skep></jabatan><jabatan><jabatan>ANGGOTA SUBBAG PROT MEN BAG BANMINPIM BIRO TU SETJEN DEPHAN ROTU SETJEN KEMHAN</jabatan><tmt_jab>2006-03-01</tmt_jab><no_skep>SPRIN/52/IV/2006</no_skep><tgl_skep>2006-04-24</tgl_skep></jabatan><jabatan><jabatan>AGENDARIS SUBBAG TAKAHDIS BAG TAKAHDISSIP ROTU SETJEN KEMHAN</jabatan><tmt_jab>2011-06-01</tmt_jab><no_skep>SPRIN/180/VI/2011</no_skep><tgl_skep>2011-06-20</tgl_skep></jabatan><jabatan><jabatan>AGENDARIS SUBBAG TAKAHDIS BAG MINU ROTU SETJEN KEMHAN</jabatan><tmt_jab>2014-12-31</tmt_jab><no_skep>KEP/1485/XII/2014</no_skep><tgl_skep>2014-12-18</tgl_skep></jabatan><jabatan><jabatan>PENGEMUDI POOL SUBBAGYANUM BAGRUMGA ROUM SETJEN KEMHAN</jabatan></jabatan></riwayat_jabatan><riwayat_pendidikan><pendidikan_umum><pendidikan><nama_dik>SEKOLAH LANJUTAN TINGKAT PERTAMA (SLTP)</nama_dik><tahun_lulus>0</tahun_lulus></pendidikan><pendidikan><nama_dik>SEKOLAH DASAR</nama_dik><tahun_lulus>1972</tahun_lulus></pendidikan></pendidikan_umum><pendidikan_pembentukan><pendidikan><nama_dik>TAR P-4</nama_dik><tahun_lulus>1986</tahun_lulus></pendidikan><pendidikan><nama_dik>LATPRAJAB</nama_dik><tahun_lulus>1986</tahun_lulus></pendidikan></pendidikan_pembentukan></riwayat_pendidikan><riwayat_penugasan></riwayat_penugasan><riwayat_tanda_jasa></riwayat_tanda_jasa><riwayat_bahasa><bahasa><nama_bahasa>INDONESIA</nama_bahasa><keterangan>AKTIF</keterangan></bahasa></riwayat_bahasa><riwayat_keluarga><keluarga><nama_keluarga>SUKARSIH</nama_keluarga><jenis_kelamin>PEREMPUAN</jenis_kelamin><tgl_lahir>1963-03-09</tgl_lahir><hubungan>ISTRI</hubungan></keluarga><keluarga><nama_keluarga>firmansyah</nama_keluarga><jenis_kelamin>LAKI-LAKI</jenis_kelamin><tgl_lahir>1986-08-24</tgl_lahir><hubungan>ANAK</hubungan></keluarga></riwayat_keluarga></personil_kemhan>
