<personil_kemhan><nopeg>519293</nopeg><nip>519293</nip><nrp_nip>519293</nrp_nip><nama>BAYU SETIAWAN</nama><gelar>S.H., M.Si.</gelar><tempat_lahir>Bandung</tempat_lahir><tgl_lahir>1961-04-03</tgl_lahir><jenis_kelamin>LAKI-LAKI</jenis_kelamin><unit_organisasi>U.O. KEMHAN</unit_organisasi><jenis_personil>TNI</jenis_personil><pangkat>KOLONEL</pangkat><pangkat_corps>KOLONEL SUS</pangkat_corps><tmt_pangkat>2007-10-01</tmt_pangkat><angkatan_korps>TNI AU</angkatan_korps><sumber_pa_gol_3>SEPAMILWA</sumber_pa_gol_3><tmt_pa_gol_3>1986-06-18</tmt_pa_gol_3><kategori_pangkat>KOLONEL</kategori_pangkat><jabatan>KASUBDIT HARMONISASI DITTUR PERUU</jabatan><satker>DITJEN STRAHAN KEMHAN</satker><kode_jabatan>STRUKTURAL</kode_jabatan><tmt_jabatan>2015-05-28</tmt_jabatan><eselon_jabatan>III</eselon_jabatan><kategori>ORGANIK</kategori><tmt_tni>1986-06-18</tmt_tni><tmt_kemhan>2001-03-01</tmt_kemhan><agama>ISLAM</agama><file_foto_1>foto/519293.jpg</file_foto_1><file_foto_2>foto/519293.jpg</file_foto_2><riwayat_pangkat><pangkat><pangkat>LETTU</pangkat><tmt_pkt>1986-06-18</tmt_pkt><no_skep>KEPPRES NOMOR 44/ABRI/1986</no_skep><tgl_skep>1986-06-16</tgl_skep></pangkat><pangkat><pangkat>KAPTEN</pangkat><tmt_pkt>1991-10-01</tmt_pkt><no_skep>SKEP/322-T III/X/1991</no_skep><tgl_skep>1991-10-01</tgl_skep></pangkat><pangkat><pangkat>MAYOR</pangkat><tmt_pkt>1997-10-01</tmt_pkt><no_skep>SKEP/188-T III/IX/1997</no_skep><tgl_skep>1997-09-29</tgl_skep></pangkat><pangkat><pangkat>LETKOL</pangkat><tmt_pkt>2001-10-01</tmt_pkt><no_skep>STR/61/2001</no_skep><tgl_skep>2001-10-01</tgl_skep></pangkat><pangkat><pangkat>KOLONEL</pangkat><tmt_pkt>2007-10-01</tmt_pkt><no_skep>KEPPRES NOMOR 36/TNI/2007</no_skep><tgl_skep>2007-09-21</tgl_skep></pangkat></riwayat_pangkat><riwayat_jabatan><jabatan><jabatan>ANGGOTA PAKUM ABD</jabatan><tmt_jab>1986-06-18</tmt_jab><no_skep>SKEP/16-MILWA I/VI/1986</no_skep><tgl_skep>1899-12-30</tgl_skep></jabatan><jabatan><jabatan>PERWIRA HUKUM SAM</jabatan><tmt_jab>1989-02-01</tmt_jab><no_skep>SKEP/07-PKS/III/1989</no_skep><tgl_skep>1989-03-01</tgl_skep></jabatan><jabatan><jabatan>PJ KASET SAM</jabatan><tmt_jab>1989-08-31</tmt_jab><no_skep>SPRIN/89/VIII/1989</no_skep><tgl_skep>1899-12-30</tgl_skep></jabatan><jabatan><jabatan>PJ PASOSPOL SAM</jabatan><tmt_jab>1993-02-11</tmt_jab><no_skep>SPRIN/21/II/1993</no_skep><tgl_skep>1899-12-30</tgl_skep></jabatan><jabatan><jabatan>PERWIRA HUKUM HND</jabatan><tmt_jab>1993-10-01</tmt_jab><no_skep>SKEP/18-PKS/VI/1993</no_skep><tgl_skep>1899-12-30</tgl_skep></jabatan><jabatan><jabatan>PJ PASOSPOL HND</jabatan><tmt_jab>1994-02-28</tmt_jab><no_skep>SPRIN/37/II/1994</no_skep><tgl_skep>1899-12-30</tgl_skep></jabatan><jabatan><jabatan>PLH YASARINI HND</jabatan><tmt_jab>1995-01-01</tmt_jab><no_skep>SPRIN/18/I/1995</no_skep><tgl_skep>1899-12-30</tgl_skep></jabatan><jabatan><jabatan>PERWIRA HUKUM ATS</jabatan><tmt_jab>1996-10-01</tmt_jab><no_skep>SKEP/18-PKS/IX/1996</no_skep><tgl_skep>1996-12-30</tgl_skep></jabatan><jabatan><jabatan>PJ PASOSPOL ATS</jabatan><tmt_jab>1996-12-01</tmt_jab><no_skep>SPRIN/186/XII/1996</no_skep><tgl_skep>1899-12-30</tgl_skep></jabatan><jabatan><jabatan>BINHAR PIA ATS</jabatan><tmt_jab>1997-12-01</tmt_jab><no_skep>SPRIN/199/XII/1997</no_skep><tgl_skep>1899-12-30</tgl_skep></jabatan><jabatan><jabatan>PAMEN DEPHAN</jabatan><tmt_jab>2000-12-15</tmt_jab><no_skep>SKEP/1041/XII/2000</no_skep><tgl_skep>2000-12-08</tgl_skep></jabatan><jabatan><jabatan>PAMEN MABES TNI</jabatan><tmt_jab>2001-01-10</tmt_jab><no_skep>SKEP/02-PKS/I/2001</no_skep><tgl_skep>2001-01-15</tgl_skep></jabatan><jabatan><jabatan>KASUBBAG RENMINRO BAGYANKUM ROKUM</jabatan><tmt_jab>2001-03-01</tmt_jab><no_skep>SKEP/197/III/2001</no_skep><tgl_skep>2001-03-06</tgl_skep></jabatan><jabatan><jabatan>KASUBBAGDOKINFOKUM BAGUNDANG</jabatan><tmt_jab>2003-04-01</tmt_jab><no_skep>SKEP/448/IV/2003</no_skep><tgl_skep>2003-04-03</tgl_skep></jabatan><jabatan><jabatan>KABAG KUMINT Rohukum Setjen Dephan</jabatan><tmt_jab>2006-10-16</tmt_jab><no_skep>SKEP/794/X/2006</no_skep><tgl_skep>2006-10-16</tgl_skep></jabatan><jabatan><jabatan>KABAG UNDANG Rohukum Setjen Dephan</jabatan><tmt_jab>2010-02-15</tmt_jab><no_skep>KEP/88/II/2010</no_skep><tgl_skep>2010-02-16</tgl_skep></jabatan><jabatan><jabatan>KASUBDIT PERATURAN DIT KUMSTRA DITJEN STRAHAN KEMHAN</jabatan><tmt_jab>2010-09-27</tmt_jab><no_skep>KEP/</no_skep></jabatan><jabatan><jabatan>KASUBDIT INFOKUM DIT KUMSTRA DITJEN STRAHAN KEMHAN</jabatan><tmt_jab>2013-05-06</tmt_jab><no_skep>kep/439/v/2013</no_skep><tgl_skep>2013-05-10</tgl_skep></jabatan><jabatan><jabatan>KASUBDIT HARMONISASI DITTUR PERUU DITJEN STRAHAN KEMHAN</jabatan><tmt_jab>2015-05-28</tmt_jab><no_skep>KEP/510/V/2015</no_skep><tgl_skep>2015-05-28</tgl_skep></jabatan></riwayat_jabatan><riwayat_pendidikan><pendidikan_umum><pendidikan><nama_dik>SEKOLAH DASAR</nama_dik><tahun_lulus>1973</tahun_lulus></pendidikan><pendidikan><nama_dik>SEKOLAH LANJUTAN TINGKAT PERTAMA (SLTP)</nama_dik><tahun_lulus>1976</tahun_lulus></pendidikan><pendidikan><nama_dik>SEKOLAH LANJUTAN TINGKAT ATAS (SLTA)</nama_dik><tahun_lulus>1980</tahun_lulus></pendidikan><pendidikan><nama_dik>SARJANA MUDA (D.III)</nama_dik><tahun_lulus>1984</tahun_lulus></pendidikan><pendidikan><nama_dik>SARJANA (S1)</nama_dik><tahun_lulus>1985</tahun_lulus></pendidikan><pendidikan><nama_dik>PASCA SARJANA (S2)</nama_dik><tahun_lulus>2006</tahun_lulus></pendidikan></pendidikan_umum><pendidikan_pembentukan><pendidikan><nama_dik>SEPA WAMIL</nama_dik><tahun_lulus>1986</tahun_lulus></pendidikan><pendidikan><nama_dik>TAR LITSUS</nama_dik><tahun_lulus>1990</tahun_lulus></pendidikan><pendidikan><nama_dik>SUS JUR PA LUHKUM</nama_dik><tahun_lulus>1992</tahun_lulus></pendidikan><pendidikan><nama_dik>SELIHPA</nama_dik><tahun_lulus>1993</tahun_lulus></pendidikan><pendidikan><nama_dik>SEKKAU</nama_dik><tahun_lulus>1995</tahun_lulus></pendidikan><pendidikan><nama_dik>SUS JUR PA PER UU-AN</nama_dik><tahun_lulus>1996</tahun_lulus></pendidikan><pendidikan><nama_dik>SUS KIBI</nama_dik><tahun_lulus>1998</tahun_lulus></pendidikan><pendidikan><nama_dik>TAR KUM DIRGANTARA</nama_dik><tahun_lulus>1998</tahun_lulus></pendidikan><pendidikan><nama_dik>SUS SOSPOL ABRI</nama_dik><tahun_lulus>1998</tahun_lulus></pendidikan><pendidikan><nama_dik>SCUBA DIVER 2</nama_dik><tahun_lulus>1999</tahun_lulus></pendidikan><pendidikan><nama_dik>SESKOAU</nama_dik><tahun_lulus>2000</tahun_lulus></pendidikan></pendidikan_pembentukan></riwayat_pendidikan><riwayat_penugasan><penugasan><negara>INDONESIA</negara><tahun>1990</tahun><uraian>OPS YUSTISI (KALSEL)</uraian></penugasan><penugasan><negara>INDONESIA</negara><tahun>1993</tahun><uraian>LATPOSKO ANGKASA YUDHA</uraian></penugasan><penugasan><negara>INDONESIA</negara><tahun>1994</tahun><uraian>LATPOSKO JALAK SAKTI</uraian></penugasan><penugasan><negara>INDONESIA</negara><tahun>1997</tahun><uraian>MANLAP LAT SURV (U GENT)</uraian></penugasan><penugasan><negara>INDONESIA</negara><tahun>1999</tahun><uraian>LATPOSKO GABLA(SESKOAL)</uraian></penugasan><penugasan><negara>INDONESIA</negara><tahun>2004</tahun><uraian>MONITORING DARURAT SIPIL</uraian></penugasan><penugasan><negara>IRLANDIA</negara><tahun>2006</tahun><uraian>KURSUS HAM DALAM RANGKA PEACE KEEPING OPERATION</uraian></penugasan><penugasan><negara>INDONESIA</negara><tahun>2007</tahun><uraian>WORKSHOP ON MILITARY JUSTICE SYSTEM KODAM VII/WRB</uraian></penugasan><penugasan><negara>NORWAY</negara><tahun>2007</tahun><uraian>STUDI BANDING PERADMIL</uraian></penugasan><penugasan><negara>SINGAPORE</negara><tahun>2007</tahun><uraian>INTERMEDIATE ENGLISH LANGUAGE COURSE</uraian></penugasan><penugasan><negara>INDONESIA</negara><tahun>2007</tahun><uraian>WORKSHOP ON MILITARY JUSTICE SYSTEM KODAM I/BUKIT</uraian></penugasan><penugasan><negara>INDONESIA</negara><tahun>2007</tahun><uraian>WORKSHOP ON MILITARY JUSTICE SYSTEM KODAM IX/UDAYA</uraian></penugasan><penugasan><negara>INDONESIA</negara><tahun>2008</tahun><uraian>SOSIALISASI &amp; WORKSHOP ICC (Statuta Roma) KODAM V</uraian></penugasan><penugasan><negara>SHRI LANKA</negara><tahun>2008</tahun><uraian>HUMANITARIAN LAW</uraian></penugasan><penugasan><negara>INDONESIA</negara><tahun>2008</tahun><uraian>SOSIALISASI &amp; WORKSHOP ICC (Statuta Roma) KODAM VI</uraian></penugasan><penugasan><negara>INDONESIA</negara><tahun>2008</tahun><uraian>SOSIALISASI &amp; WORKSHOP ICC (Statuta Roma) DAM XVI</uraian></penugasan><penugasan><negara>INDONESIA</negara><tahun>2008</tahun><uraian>SOSIALISASI &amp; WORKSHOP ICC (Statuta Roma) DAM XVII</uraian></penugasan><penugasan><negara>INDONESIA</negara><tahun>2008</tahun><uraian>SOSIALISASI &amp; WORKSHOP ICC (Statuta Roma) KODAM II</uraian></penugasan><penugasan><negara>INDONESIA</negara><tahun>2008</tahun><uraian>SOSIALISASI &amp; WORKSHOP ICC (Statuta Roma) KODAM IM</uraian></penugasan><penugasan><negara>MALAYSIA</negara><tahun>2009</tahun><uraian>PERUNDINGAN RI-MALAYSIA TTG PERBATASAN</uraian></penugasan><penugasan><negara>NORWAY</negara><tahun>2009</tahun><uraian>THE &apos;8&apos; BILATERAL HUMAN RIGHT MEETING BEETWEN INA</uraian></penugasan><penugasan><negara>PERANCIS</negara><tahun>2009</tahun><uraian>SWIRMO (Senior Workshop on Int. Rules Gov. Militar</uraian></penugasan><penugasan><negara>JERMAN</negara><tahun>2010</tahun><uraian>PERBANDINGAN RI-JERMAN TTG DCA</uraian></penugasan></riwayat_penugasan><riwayat_tanda_jasa><tanda_jasa><nama_tanda_jasa>SATYALANCANA KESETIAAN VIII TAHUN</nama_tanda_jasa><no_skep>SKEP/069/III/1995</no_skep><tgl_skep>1995-03-07</tgl_skep></tanda_jasa><tanda_jasa><nama_tanda_jasa>SATYALANCANA KESETIAAN XVI TAHUN</nama_tanda_jasa><no_skep>SKEP/179/XII/2002</no_skep><tgl_skep>2002-12-27</tgl_skep></tanda_jasa><tanda_jasa><nama_tanda_jasa>SATYALANCANA KESETIAAN XXIV TAHUN</nama_tanda_jasa><no_skep>KEP/14/TK/THN 2011</no_skep><tgl_skep>2011-03-18</tgl_skep></tanda_jasa><tanda_jasa><nama_tanda_jasa>BINTANG  SWA BHUWANA PAKSA NARARYA</nama_tanda_jasa><no_skep>KEPPRES RI NOMOR 16/TK/TAHUN 2012</no_skep><tgl_skep>2012-04-10</tgl_skep></tanda_jasa><tanda_jasa><nama_tanda_jasa>BINTANG YUDHA DHARMA NARARYA</nama_tanda_jasa><no_skep>SKEP/73/TK/THN 2013</no_skep><tgl_skep>2013-11-14</tgl_skep></tanda_jasa></riwayat_tanda_jasa><riwayat_bahasa><bahasa><nama_bahasa>JAWA</nama_bahasa><keterangan>PASIF</keterangan></bahasa><bahasa><nama_bahasa>SUNDA</nama_bahasa><keterangan>AKTIF</keterangan></bahasa><bahasa><nama_bahasa>INGGRIS</nama_bahasa><keterangan>AKTIF</keterangan></bahasa><bahasa><nama_bahasa>BELANDA</nama_bahasa><keterangan>PASIF</keterangan></bahasa></riwayat_bahasa><riwayat_keluarga><keluarga><nama_keluarga>TITIEN SRI ENDRAWATI E. P.</nama_keluarga><jenis_kelamin>PEREMPUAN</jenis_kelamin><tgl_lahir>1963-12-23</tgl_lahir><hubungan>ISTRI</hubungan></keluarga><keluarga><nama_keluarga>PRIMA YUSTITIA N.</nama_keluarga><jenis_kelamin>PEREMPUAN</jenis_kelamin><tgl_lahir>1989-01-23</tgl_lahir><hubungan>ANAK</hubungan></keluarga><keluarga><nama_keluarga>M. PANJI ISLAM FAJAR</nama_keluarga><jenis_kelamin>LAKI-LAKI</jenis_kelamin><tgl_lahir>1990-11-15</tgl_lahir><hubungan>ANAK</hubungan></keluarga><keluarga><nama_keluarga>FIKA TRIANISA N. P.</nama_keluarga><jenis_kelamin>PEREMPUAN</jenis_kelamin><tgl_lahir>1995-03-28</tgl_lahir><hubungan>ANAK</hubungan></keluarga></riwayat_keluarga></personil_kemhan>
