<personil_kemhan><nopeg>196404091992031001</nopeg><nip>030215627</nip><nrp_nip>196404091992031001</nrp_nip><nama>ZUL ASRIL</nama><gelar>Drs.</gelar><tempat_lahir>Palupuh</tempat_lahir><tgl_lahir>1964-04-09</tgl_lahir><jenis_kelamin>LAKI-LAKI</jenis_kelamin><unit_organisasi>U.O. KEMHAN</unit_organisasi><jenis_personil>PNS</jenis_personil><pangkat>PENATA TK.I III/D</pangkat><pangkat_corps>PENATA TK.I III/D </pangkat_corps><tmt_pangkat>2004-04-01</tmt_pangkat><angkatan_korps>PNS</angkatan_korps><sumber_pa_gol_3>CAPEG SARJANA</sumber_pa_gol_3><tmt_pa_gol_3>1993-06-01</tmt_pa_gol_3><kategori_pangkat>III/D</kategori_pangkat><jabatan>KASUBBID KERMALEM BID KERMAINFO</jabatan><satker>PUSKOMPUBLIK KEMHAN</satker><kode_jabatan>STRUKTURAL</kode_jabatan><tmt_jabatan>2014-12-31</tmt_jabatan><eselon_jabatan>IV</eselon_jabatan><kategori>ORGANIK</kategori><tmt_tni>1993-06-01</tmt_tni><tmt_kemhan>2006-03-01</tmt_kemhan><agama>ISLAM</agama><file_foto_1>foto/196404091992031001.jpg</file_foto_1><file_foto_2>foto/030215627.jpg</file_foto_2><riwayat_pangkat><pangkat><pangkat>CAPEG III/A</pangkat><tmt_pkt>1992-03-01</tmt_pkt><no_skep>SKEP/219/IV/1992</no_skep><tgl_skep>1992-04-15</tgl_skep></pangkat><pangkat><pangkat>PENATA MUDA III/A</pangkat><tmt_pkt>1993-06-01</tmt_pkt><no_skep>SKEP/277/IV/1993</no_skep><tgl_skep>1993-03-13</tgl_skep></pangkat><pangkat><pangkat>PENATA MUDA TK.I III/B</pangkat><tmt_pkt>1996-04-01</tmt_pkt><no_skep>SKEP/351/VI/1996</no_skep><tgl_skep>1996-06-13</tgl_skep></pangkat><pangkat><pangkat>PENATA III/C</pangkat><tmt_pkt>2000-04-01</tmt_pkt><no_skep>SKEP/42/IV/2000</no_skep><tgl_skep>2000-04-14</tgl_skep></pangkat><pangkat><pangkat>PENATA TK.I III/D</pangkat><tmt_pkt>2004-04-01</tmt_pkt><no_skep>SKEP/131/IV/2004</no_skep><tgl_skep>2004-04-28</tgl_skep></pangkat></riwayat_pangkat><riwayat_jabatan><jabatan><jabatan>PADA I PADYA I PABAN II JAKSTRA TNI</jabatan><tmt_jab>2001-04-01</tmt_jab><no_skep>SKEP/557/VIII/2001</no_skep><tgl_skep>2001-08-28</tgl_skep></jabatan><jabatan><jabatan>PADA TATIB PADYA 2 TATIB LIN SPERS TNI</jabatan><tmt_jab>2004-02-01</tmt_jab><no_skep>SKEP/23/I/2004</no_skep><tgl_skep>2004-01-26</tgl_skep></jabatan><jabatan><jabatan>KAURTU SAHLI PANGLIMA TNI</jabatan><tmt_jab>2005-09-01</tmt_jab><no_skep>SKEP/352/VIII/2005</no_skep><tgl_skep>2005-08-30</tgl_skep></jabatan><jabatan><jabatan>ANGGOTA SUBBAG ANEV BAGOPINI ROHUMAS SETJEN DEPHAN</jabatan><tmt_jab>2006-03-01</tmt_jab><no_skep>SKEP/171/III/2006</no_skep><tgl_skep>2006-03-14</tgl_skep></jabatan><jabatan><jabatan>KASUBBAG HUBORNOP BAGHUBLEM ROHUMAS SETJEN DEPHAN</jabatan><tmt_jab>2006-10-01</tmt_jab><no_skep>SKEP/785/X/2006</no_skep><tgl_skep>2006-10-11</tgl_skep></jabatan><jabatan><jabatan>Kasubbag Huburnop Bag Hublem Rohumas Setjen Dephan</jabatan><tmt_jab>2008-10-01</tmt_jab><no_skep>SKEP/505/X/2008</no_skep><tgl_skep>2008-10-11</tgl_skep></jabatan><jabatan><jabatan>Kasubbag Huborpem Bag Hublem Rohumas Setjen Dephan</jabatan><tmt_jab>2010-03-05</tmt_jab><no_skep>KEP/128/III/2010</no_skep><tgl_skep>2010-03-04</tgl_skep></jabatan><jabatan><jabatan>KASUBBID KERMALEM BID KERMAINFO PUSKOMPUBLIK KEMHAN</jabatan><tmt_jab>2010-09-28</tmt_jab><no_skep>KEP/685/IX/2010</no_skep><tgl_skep>2010-09-30</tgl_skep></jabatan><jabatan><jabatan>KASUBBID BIT BID KERMAINFO PUSKOMPUBLIK KEMHAN</jabatan><tmt_jab>2013-06-03</tmt_jab><no_skep>KEP/531/VI/2013</no_skep><tgl_skep>2013-06-05</tgl_skep></jabatan><jabatan><jabatan>KASUBBID KERMALEM BID KERMAINFO PUSKOMPUBLIK KEMHAN</jabatan><tmt_jab>2014-07-21</tmt_jab><no_skep>KEP/850/VII/2014</no_skep><tgl_skep>2014-07-22</tgl_skep></jabatan><jabatan><jabatan>KASUBBID KERMALEM BID KERMAINFO PUSKOMPUBLIK KEMHAN</jabatan><tmt_jab>2014-12-31</tmt_jab><no_skep>KEP/1508/XII/2014</no_skep><tgl_skep>2014-12-18</tgl_skep></jabatan></riwayat_jabatan><riwayat_pendidikan><pendidikan_umum><pendidikan><nama_dik>SEKOLAH DASAR</nama_dik><tahun_lulus>1976</tahun_lulus></pendidikan><pendidikan><nama_dik>SEKOLAH LANJUTAN TINGKAT PERTAMA (SLTP)</nama_dik><tahun_lulus>1980</tahun_lulus></pendidikan><pendidikan><nama_dik>SEKOLAH LANJUTAN TINGKAT ATAS (SLTA)</nama_dik><tahun_lulus>1983</tahun_lulus></pendidikan><pendidikan><nama_dik>SARJANA (S1)</nama_dik><tahun_lulus>1989</tahun_lulus></pendidikan></pendidikan_umum><pendidikan_pembentukan><pendidikan><nama_dik>SUS KEWIRAAN</nama_dik><tahun_lulus>1995</tahun_lulus></pendidikan><pendidikan><nama_dik>DIK LAT PIM TK IV</nama_dik><tahun_lulus>1998</tahun_lulus></pendidikan><pendidikan><nama_dik>DIK LAT PIM TK III</nama_dik><tahun_lulus>2001</tahun_lulus></pendidikan><pendidikan><nama_dik>BIM TEK BIN KESADARAN BELA NEGARA DITJEN POTHAN</nama_dik><tahun_lulus>2006</tahun_lulus></pendidikan><pendidikan><nama_dik>SEMINAR LAN TTG TINJAUAN HUB KELEMBAGAAN NEGARA ME</nama_dik><tahun_lulus>2006</tahun_lulus></pendidikan><pendidikan><nama_dik>SOS HUK HUMANITER INT&apos;L BAGI ES III&amp;IV DEPHAN</nama_dik><tahun_lulus>2006</tahun_lulus></pendidikan><pendidikan><nama_dik>PELATIHAN  JURNALISTIK DASAR MEDIA CETAK</nama_dik><tahun_lulus>2007</tahun_lulus></pendidikan><pendidikan><nama_dik>WORKSHOP ESL. IV GEL. V TGL. 3 s.d. 4 OKT 2007</nama_dik><tahun_lulus>2007</tahun_lulus></pendidikan><pendidikan><nama_dik>SOSIALISASI APLIKASI SATELIT LAPAN-TUBSAT DAN SIST</nama_dik><tahun_lulus>2007</tahun_lulus></pendidikan><pendidikan><nama_dik>WORKSHOP DAN SEMINAR KEPEGAWAIAN TTG BIN PNS DEPHAN</nama_dik><tahun_lulus>2007</tahun_lulus></pendidikan><pendidikan><nama_dik>SEMINAR KORPRI DEPHAN</nama_dik><tahun_lulus>2008</tahun_lulus></pendidikan><pendidikan><nama_dik>PALATIHAN DASAR JURNALISTIK TU BIRO HUMAS SETJEN KEMHAN</nama_dik><tahun_lulus>2008</tahun_lulus></pendidikan><pendidikan><nama_dik>FORUM BAKO HUMAS,SOSIALISASI UU NO 17 THN 2008</nama_dik><tahun_lulus>2008</tahun_lulus></pendidikan><pendidikan><nama_dik>FORUM EDUKASI&amp;SIMULASI BAKOHUMAS REGIONAL IND BRT</nama_dik><tahun_lulus>2010</tahun_lulus></pendidikan></pendidikan_pembentukan></riwayat_pendidikan><riwayat_penugasan><penugasan><negara>MALAYSIA</negara><tahun>2009</tahun><uraian>KUNJUNGAN KERJA MENDAMPINGI KOMISI I/DPR RI SELAKU</uraian></penugasan><penugasan><negara>SINGAPORE</negara><tahun>2010</tahun><uraian>KUNJUNGAN KERJA MENDAMPINGI KOMISI I/DPR RI SELAKU</uraian></penugasan></riwayat_penugasan><riwayat_tanda_jasa><tanda_jasa><nama_tanda_jasa>SATYALANCANA KARYA SATYA X TAHUN</nama_tanda_jasa><no_skep>KEPRES NO.001/TK/2003</no_skep><tgl_skep>2003-01-20</tgl_skep></tanda_jasa><tanda_jasa><nama_tanda_jasa>SATYALANCANA KARYA SATYA XX TAHUN</nama_tanda_jasa><no_skep>KEPPRES/104/TK/TAHUN 2013</no_skep><tgl_skep>2013-12-30</tgl_skep></tanda_jasa></riwayat_tanda_jasa><riwayat_bahasa><bahasa><nama_bahasa>INGGRIS</nama_bahasa><keterangan>AKTIF</keterangan></bahasa></riwayat_bahasa><riwayat_keluarga><keluarga><nama_keluarga> ARNOVAHANIM</nama_keluarga><jenis_kelamin>PEREMPUAN</jenis_kelamin><tgl_lahir>1972-08-05</tgl_lahir><hubungan>ISTRI</hubungan></keluarga><keluarga><nama_keluarga>VIONA PRIMADYTA</nama_keluarga><jenis_kelamin>PEREMPUAN</jenis_kelamin><tgl_lahir>1996-01-15</tgl_lahir><hubungan>ANAK</hubungan></keluarga><keluarga><nama_keluarga>CINDY FITRIA F</nama_keluarga><jenis_kelamin>PEREMPUAN</jenis_kelamin><tgl_lahir>1997-02-14</tgl_lahir><hubungan>ANAK</hubungan></keluarga><keluarga><nama_keluarga>MOH ERFANSYAHRIL</nama_keluarga><jenis_kelamin>LAKI-LAKI</jenis_kelamin><tgl_lahir>1999-10-28</tgl_lahir><hubungan>ANAK</hubungan></keluarga><keluarga><nama_keluarga>IRENE SALSABILA</nama_keluarga><jenis_kelamin>PEREMPUAN</jenis_kelamin><tgl_lahir>2003-11-19</tgl_lahir><hubungan>ANAK</hubungan></keluarga><keluarga><nama_keluarga>FAREL HANIM</nama_keluarga><jenis_kelamin>LAKI-LAKI</jenis_kelamin><tgl_lahir>2006-02-16</tgl_lahir><hubungan>ANAK</hubungan></keluarga></riwayat_keluarga></personil_kemhan>
