<personil_kemhan><nopeg>197209181998031001</nopeg><nip>030241332</nip><nrp_nip>197209181998031001</nrp_nip><nama>HARMANTO</nama><gelar>SE</gelar><tempat_lahir>Bandung</tempat_lahir><tgl_lahir>1972-09-18</tgl_lahir><jenis_kelamin>LAKI-LAKI</jenis_kelamin><unit_organisasi>U.O. KEMHAN</unit_organisasi><jenis_personil>PNS</jenis_personil><pangkat>PENATA MUDA TK.I III/B</pangkat><pangkat_corps>PENATA MUDA TK.I III/B </pangkat_corps><tmt_pangkat>2015-10-01</tmt_pangkat><angkatan_korps>PNS</angkatan_korps><sumber_pa_gol_3>PENYESUAIAN IJASAH</sumber_pa_gol_3><tmt_pa_gol_3>2011-10-01</tmt_pa_gol_3><kategori_pangkat>III/B</kategori_pangkat><jabatan>PENGOLAH AKUNTANSI BARANG (BMN) SUBBAG TU BIRO BAGADABANGPEG </jabatan><satker>ROPEG SETJEN KEMHAN</satker><kode_jabatan>ANGGOTA</kode_jabatan><tmt_jabatan>2014-12-31</tmt_jabatan><eselon_jabatan>99</eselon_jabatan><kategori>ORGANIK</kategori><tmt_tni>1999-08-01</tmt_tni><tmt_kemhan>1998-04-01</tmt_kemhan><agama>ISLAM</agama><file_foto_1>foto/197209181998031001.jpg</file_foto_1><file_foto_2>foto/030241332.jpg</file_foto_2><riwayat_pangkat><pangkat><pangkat>CAPEG II/A</pangkat><tmt_pkt>1998-04-01</tmt_pkt><no_skep>SKEP/922/VIII/1998</no_skep><tgl_skep>1998-08-26</tgl_skep></pangkat><pangkat><pangkat>PENGATUR MUDA II/A</pangkat><tmt_pkt>1999-08-01</tmt_pkt><no_skep>SKEP/814/VII/1999</no_skep><tgl_skep>1999-07-19</tgl_skep></pangkat><pangkat><pangkat>PENGATUR MUDA TK.I  II/B</pangkat><tmt_pkt>2002-04-01</tmt_pkt><no_skep>SKEP/1132/IX/2002</no_skep><tgl_skep>2002-09-02</tgl_skep></pangkat><pangkat><pangkat>PENGATUR II/C</pangkat><tmt_pkt>2008-04-01</tmt_pkt><no_skep>SKEP/143/III/2008</no_skep><tgl_skep>2008-03-06</tgl_skep></pangkat><pangkat><pangkat>PENATA MUDA III/A</pangkat><tmt_pkt>2011-10-01</tmt_pkt><no_skep>KEP/717/IX/2011</no_skep><tgl_skep>2011-09-26</tgl_skep></pangkat><pangkat><pangkat>PENATA MUDA TK.I III/B</pangkat><tmt_pkt>2015-10-01</tmt_pkt><no_skep>KEP/841/IX/2015</no_skep><tgl_skep>2015-09-01</tgl_skep></pangkat></riwayat_pangkat><riwayat_jabatan><jabatan><jabatan>ANGGOTA HARBANG SUBBAGHARFASBANG BAGRUMGA ROUM SETJEN</jabatan><tmt_jab>1998-06-28</tmt_jab><no_skep>SPRIN/17/VII/1998</no_skep><tgl_skep>1998-07-28</tgl_skep></jabatan><jabatan><jabatan>ANGGOTA SUBBAGHARFASBANG BAGRUMGA ROUM SETJEN DEPHAN</jabatan><tmt_jab>2001-03-01</tmt_jab><no_skep>SKEP/296/IV/2001</no_skep><tgl_skep>2001-04-03</tgl_skep></jabatan><jabatan><jabatan>ANGGOTA HARBANG SUBBAGHARFASBANG BAGRUMGA ROUM</jabatan><tmt_jab>2001-05-17</tmt_jab><no_skep>SPRIN/87/V/2001</no_skep><tgl_skep>2001-05-17</tgl_skep></jabatan><jabatan><jabatan>TURMIN PRIMKOP SETJEN DEPHAN</jabatan><tmt_jab>2001-12-01</tmt_jab><no_skep>SKEP/992/XII/2001</no_skep><tgl_skep>2001-12-10</tgl_skep></jabatan><jabatan><jabatan>TURMIN PRIMKOP SETJEN DEPHAN</jabatan><tmt_jab>2002-02-04</tmt_jab><no_skep>SPRIN-22/II/2002</no_skep><tgl_skep>2002-02-04</tgl_skep></jabatan><jabatan><jabatan>Anggota Subbag Minro Bag Adabangpeg Ropeg Setjen Dephan</jabatan><tmt_jab>2006-03-01</tmt_jab><no_skep>SKEP/201/III/2006</no_skep><tgl_skep>2006-03-17</tgl_skep></jabatan><jabatan><jabatan>ANGGOTA SUBBAGMINRO BAGADABANGPEG ROPEG SETJEN DEPHAN</jabatan><tmt_jab>2006-03-01</tmt_jab><no_skep>SKEP/201/III/2006</no_skep><tgl_skep>2006-03-17</tgl_skep></jabatan><jabatan><jabatan>PETUGAS PERGUDANGAN SUBBAGMINRO BAGADABANGPEG ROPEG SETJEN KEMHAN</jabatan><tmt_jab>2010-05-17</tmt_jab><no_skep>Kep Menhan Nomor : KEP/321/V/2010</no_skep><tgl_skep>2010-05-17</tgl_skep></jabatan><jabatan><jabatan>PETUGAS PERGUDANGAN SUBBAG TU BIRO BAGADABANGPEG ROPEG SETJEN KEMHAN</jabatan><tmt_jab>2011-04-01</tmt_jab><no_skep>Kep/281/IV/2011</no_skep><tgl_skep>2011-04-19</tgl_skep></jabatan><jabatan><jabatan>PENGOLAH SIMAK BMN SUBBAG TU BIRO BAGADABANGPEG ROPEG SETJEN KEMHAN</jabatan><tmt_jab>2011-10-28</tmt_jab><no_skep>KEP/820/X/2011</no_skep><tgl_skep>2011-10-31</tgl_skep></jabatan><jabatan><jabatan>PENGOLAH AKUNTANSI BARANG (BMN) SUBBAG TU BIRO BAGADABANGPEG  ROPEG SETJEN KEMHAN</jabatan><tmt_jab>2014-12-31</tmt_jab><no_skep>KEP/1485/XII/2014</no_skep><tgl_skep>2014-12-18</tgl_skep></jabatan></riwayat_jabatan><riwayat_pendidikan><pendidikan_umum><pendidikan><nama_dik>SEKOLAH DASAR</nama_dik><tahun_lulus>1986</tahun_lulus></pendidikan><pendidikan><nama_dik>SEKOLAH LANJUTAN TINGKAT PERTAMA (SLTP)</nama_dik><tahun_lulus>1989</tahun_lulus></pendidikan><pendidikan><nama_dik>SEKOLAH LANJUTAN TINGKAT ATAS (SLTA)</nama_dik><tahun_lulus>1992</tahun_lulus></pendidikan><pendidikan><nama_dik>SARJANA (S1)</nama_dik><tahun_lulus>2008</tahun_lulus></pendidikan></pendidikan_umum><pendidikan_pembentukan><pendidikan><nama_dik>SABMN</nama_dik><tahun_lulus>2007</tahun_lulus></pendidikan><pendidikan><nama_dik>Penataran Akselerasi Lap Keu</nama_dik><tahun_lulus>2010</tahun_lulus></pendidikan><pendidikan><nama_dik>Penyesuaian Ijasah</nama_dik><tahun_lulus>2011</tahun_lulus></pendidikan><pendidikan><nama_dik>DIKLAT TEKNIS SUBSTANTIF SPESIALISASI PENATAUSAHAAN BARANG MILIK NEGARA TK. III KEMHAN </nama_dik><tahun_lulus>2013</tahun_lulus></pendidikan><pendidikan><nama_dik>DIKLAT TEKNIS SERTIFIKASI PENGADAAN BARANG &amp; JASA PEMERINTAH GEL. I KEMHAN</nama_dik><tahun_lulus>2013</tahun_lulus></pendidikan><pendidikan><nama_dik>DIKLAT TEKNIS PROGRAM PERCEPATAN AKUNTABILITAS KEUANGAN PEMERINTAH KEMHAN TA. 2014</nama_dik><tahun_lulus>2014</tahun_lulus></pendidikan></pendidikan_pembentukan></riwayat_pendidikan><riwayat_penugasan></riwayat_penugasan><riwayat_tanda_jasa><tanda_jasa><nama_tanda_jasa>SATYALANCANA KARYA SATYA X TAHUN</nama_tanda_jasa><no_skep>KEPPRES/27/TK/2010</no_skep><tgl_skep>2010-07-20</tgl_skep></tanda_jasa></riwayat_tanda_jasa><riwayat_bahasa><bahasa><nama_bahasa>SUNDA</nama_bahasa><keterangan>AKTIF</keterangan></bahasa><bahasa><nama_bahasa>INGGRIS</nama_bahasa><keterangan>PASIF</keterangan></bahasa><bahasa><nama_bahasa>INDONESIA</nama_bahasa><keterangan>AKTIF</keterangan></bahasa></riwayat_bahasa><riwayat_keluarga><keluarga><nama_keluarga>SUTRI UTAMI</nama_keluarga><jenis_kelamin>PEREMPUAN</jenis_kelamin><tgl_lahir>1977-10-15</tgl_lahir><hubungan>ISTRI</hubungan></keluarga><keluarga><nama_keluarga>ATHALLAH EKA PRAYUDA</nama_keluarga><jenis_kelamin>LAKI-LAKI</jenis_kelamin><tgl_lahir>2002-07-26</tgl_lahir><hubungan>ANAK</hubungan></keluarga><keluarga><nama_keluarga>VIKRI ACHMAD ASHYTAR</nama_keluarga><jenis_kelamin>LAKI-LAKI</jenis_kelamin><tgl_lahir>2009-05-20</tgl_lahir><hubungan>ANAK</hubungan></keluarga><keluarga><nama_keluarga>VANITA AULIA ATHALIE</nama_keluarga><jenis_kelamin>PEREMPUAN</jenis_kelamin><tgl_lahir>2013-01-31</tgl_lahir><hubungan>ANAK</hubungan></keluarga></riwayat_keluarga></personil_kemhan>
