<personil_kemhan><nopeg>197006071990031001</nopeg><nip>030208212</nip><nrp_nip>197006071990031001</nrp_nip><nama>SALIM</nama><tempat_lahir>Sukabumi</tempat_lahir><tgl_lahir>1970-06-07</tgl_lahir><jenis_kelamin>LAKI-LAKI</jenis_kelamin><unit_organisasi>U.O. KEMHAN</unit_organisasi><jenis_personil>PNS</jenis_personil><pangkat>PENGATUR MUDA II/A</pangkat><pangkat_corps>PENGATUR MUDA II/A </pangkat_corps><tmt_pangkat>2008-10-01</tmt_pangkat><angkatan_korps>PNS</angkatan_korps><kategori_pangkat>II/A</kategori_pangkat><jabatan>AGENDARIS SUBBAG RUMGA BAGUM</jabatan><satker>SET BADIKLAT KEMHAN</satker><kode_jabatan>ANGGOTA</kode_jabatan><tmt_jabatan>2014-07-11</tmt_jabatan><eselon_jabatan>99</eselon_jabatan><kategori>ORGANIK</kategori><tmt_tni>1991-07-01</tmt_tni><tmt_kemhan>1990-03-01</tmt_kemhan><agama>ISLAM</agama><file_foto_1>foto/197006071990031001.jpg</file_foto_1><file_foto_2>foto/030208212.jpg</file_foto_2><riwayat_pangkat><pangkat><pangkat>CAPEG I/A</pangkat><tmt_pkt>1990-03-01</tmt_pkt><no_skep>SKEP/1150/VI/1990</no_skep><tgl_skep>1990-06-12</tgl_skep></pangkat><pangkat><pangkat>JURU MUDA I/A</pangkat><tmt_pkt>1990-07-01</tmt_pkt><no_skep>SKEP/900/VI/1990</no_skep><tgl_skep>1991-06-21</tgl_skep></pangkat><pangkat><pangkat>JURU MUDA TK. I  I/B</pangkat><tmt_pkt>1994-04-01</tmt_pkt><no_skep>03-09/00517/KEP/IV/1994</no_skep><tgl_skep>1994-02-15</tgl_skep></pangkat><pangkat><pangkat>JURU I/C</pangkat><tmt_pkt>1998-04-01</tmt_pkt><no_skep>03-04/00004/KEP/IV/1998</no_skep><tgl_skep>1998-03-26</tgl_skep></pangkat><pangkat><pangkat>JURU TK.I  I/D</pangkat><tmt_pkt>2004-10-01</tmt_pkt><no_skep>SKEP/550/VIII/2004</no_skep><tgl_skep>2004-08-16</tgl_skep></pangkat><pangkat><pangkat>PENGATUR MUDA II/A</pangkat><tmt_pkt>2008-10-01</tmt_pkt><no_skep>SKEP/427/VIII/2008</no_skep><tgl_skep>2008-08-20</tgl_skep></pangkat></riwayat_pangkat><riwayat_jabatan><jabatan><jabatan>ANGGOTA SUBBAG WATJAH BAG KEPEG ROUM SETJEN KEMHAN</jabatan><tmt_jab>1990-07-09</tmt_jab><no_skep>SPRIN/1077/VII/1990</no_skep><tgl_skep>1990-07-09</tgl_skep></jabatan><jabatan><jabatan>PENGEMUDI BAGPERS ROUM SETJEN DEPHAN</jabatan><tmt_jab>1998-09-01</tmt_jab><no_skep>SKEP/1121/IX/1998</no_skep><tgl_skep>1998-09-01</tgl_skep></jabatan><jabatan><jabatan>TURMIN SUBBAGBINJAH BAGWATPEG ROPEG</jabatan><tmt_jab>2001-03-01</tmt_jab><no_skep>SKEP/278/III/2001</no_skep><tgl_skep>2001-03-28</tgl_skep></jabatan><jabatan><jabatan>ANGGOTA SUBBAGJAH BAGWATPEG ROPEG SETJEN DEPHAN</jabatan><tmt_jab>2006-03-01</tmt_jab><no_skep>SKEP/201/III/2006</no_skep><tgl_skep>2006-03-27</tgl_skep></jabatan><jabatan><jabatan>AGENDARIS SUBBAGJAH BAGWATPEG ROPEG SETJEN KEMHAN</jabatan><tmt_jab>2010-05-17</tmt_jab><no_skep>Kep Menhan Nomor : KEP/321/V/2010</no_skep><tgl_skep>2010-05-17</tgl_skep></jabatan><jabatan><jabatan>AGENDARIS BID OPINI PUSKOMPUBLIK KEMHAN</jabatan><tmt_jab>2011-06-16</tmt_jab><no_skep>SPRIN/78/VI/2011</no_skep><tgl_skep>2011-06-16</tgl_skep></jabatan><jabatan><jabatan>ANGGOTA ROPEG SETJEN KEMHAN</jabatan><tmt_jab>2011-07-21</tmt_jab><no_skep>KEP/571/VII/2011</no_skep><tgl_skep>2011-07-28</tgl_skep></jabatan><jabatan><jabatan>AGENDARIS SUBBAG RUMGA BAGUM SET BADIKLAT KEMHAN</jabatan><tmt_jab>2014-07-11</tmt_jab><no_skep>KEP/816/VII/2014</no_skep><tgl_skep>2014-07-14</tgl_skep></jabatan></riwayat_jabatan><riwayat_pendidikan><pendidikan_umum><pendidikan><nama_dik>SEKOLAH DASAR</nama_dik><tahun_lulus>1985</tahun_lulus></pendidikan></pendidikan_umum><pendidikan_pembentukan><pendidikan><nama_dik>LATPRAJAB I</nama_dik><tahun_lulus>1990</tahun_lulus></pendidikan></pendidikan_pembentukan></riwayat_pendidikan><riwayat_penugasan></riwayat_penugasan><riwayat_tanda_jasa><tanda_jasa><nama_tanda_jasa>SATYALANCANA KARYA SATYA X TAHUN</nama_tanda_jasa><no_skep>028/TK/TAHUN 2006</no_skep><tgl_skep>2006-06-01</tgl_skep></tanda_jasa><tanda_jasa><nama_tanda_jasa>SATYALANCANA KARYA SATYA XX TAHUN</nama_tanda_jasa><no_skep>KEPPRES NO. 62/TK/TAHUN 2012</no_skep><tgl_skep>2012-08-06</tgl_skep></tanda_jasa></riwayat_tanda_jasa><riwayat_bahasa><bahasa><nama_bahasa>SUNDA</nama_bahasa><keterangan>AKTIF</keterangan></bahasa></riwayat_bahasa><riwayat_keluarga><keluarga><nama_keluarga>NUNUNG RATNASIH</nama_keluarga><jenis_kelamin>PEREMPUAN</jenis_kelamin><tgl_lahir>1974-04-09</tgl_lahir><hubungan>ISTRI</hubungan></keluarga><keluarga><nama_keluarga>REZA RENALDI</nama_keluarga><jenis_kelamin>LAKI-LAKI</jenis_kelamin><tgl_lahir>2000-06-09</tgl_lahir><hubungan>ANAK</hubungan></keluarga><keluarga><nama_keluarga>NURALFIYYAH SALASABILA</nama_keluarga><jenis_kelamin>PEREMPUAN</jenis_kelamin><tgl_lahir>2005-08-20</tgl_lahir><hubungan>ANAK</hubungan></keluarga></riwayat_keluarga></personil_kemhan>
