<personil_kemhan><nopeg>2910081830869</nopeg><nip>2910081830869</nip><nrp_nip>2910081830869</nrp_nip><nama>AHMAD SANUSI</nama><tempat_lahir>Bandung</tempat_lahir><tgl_lahir>1969-08-24</tgl_lahir><jenis_kelamin>LAKI-LAKI</jenis_kelamin><unit_organisasi>U.O. KEMHAN</unit_organisasi><jenis_personil>TNI</jenis_personil><pangkat>MAYOR</pangkat><pangkat_corps>MAYOR CKU</pangkat_corps><tmt_pangkat>2014-10-01</tmt_pangkat><angkatan_korps>TNI AD</angkatan_korps><sumber_pa_gol_3>SECAPA REG</sumber_pa_gol_3><tmt_pa_gol_3>2001-05-20</tmt_pa_gol_3><kategori_pangkat>MAYOR</kategori_pangkat><jabatan>PERBENDAHARAAN TK. II SUBBAG TU BIRO BAGTALA</jabatan><satker>ROREN SETJEN KEMHAN</satker><kode_jabatan>ANGGOTA</kode_jabatan><tmt_jabatan>2015-02-27</tmt_jabatan><eselon_jabatan>99</eselon_jabatan><kategori>ORGANIK</kategori><tmt_tni>1991-02-16</tmt_tni><tmt_kemhan>2000-02-01</tmt_kemhan><agama>ISLAM</agama><file_foto_1>foto/2910081830869.jpg</file_foto_1><file_foto_2>foto/2910081830869.jpg</file_foto_2><riwayat_pangkat><pangkat><pangkat>SERDA</pangkat><tmt_pkt>1991-02-16</tmt_pkt><no_skep>SKEP/789-21/II/1991</no_skep><tgl_skep>1991-02-16</tgl_skep></pangkat><pangkat><pangkat>SERTU</pangkat><tmt_pkt>1995-04-01</tmt_pkt><no_skep>SKEP/207/III/1995</no_skep><tgl_skep>1995-04-01</tgl_skep></pangkat><pangkat><pangkat>SERKA</pangkat><tmt_pkt>1999-10-01</tmt_pkt><no_skep>SKEP/159/IX/1999</no_skep><tgl_skep>1999-10-01</tgl_skep></pangkat><pangkat><pangkat>LETDA</pangkat><tmt_pkt>2001-05-30</tmt_pkt><no_skep>KEPPRES/37/TNI/2001</no_skep><tgl_skep>2001-05-30</tgl_skep></pangkat><pangkat><pangkat>LETTU</pangkat><tmt_pkt>2005-10-01</tmt_pkt><no_skep>SKEP/271/IX/2005</no_skep><tgl_skep>2005-09-26</tgl_skep></pangkat><pangkat><pangkat>KAPTEN</pangkat><tmt_pkt>2008-10-01</tmt_pkt><no_skep>KEP/241/IX/2008</no_skep><tgl_skep>2008-09-18</tgl_skep></pangkat><pangkat><pangkat>MAYOR</pangkat><tmt_pkt>2014-10-01</tmt_pkt><no_skep>KEP/662/IX/2014</no_skep><tgl_skep>2014-09-16</tgl_skep></pangkat></riwayat_pangkat><riwayat_jabatan><jabatan><jabatan>BA SIE BUKKU KUDAM III/SLW</jabatan><tmt_jab>1991-06-01</tmt_jab><no_skep>SPRIN/76/V/1991</no_skep><tgl_skep>1991-05-31</tgl_skep></jabatan><jabatan><jabatan>BA URSIL PEKAS GAB-30</jabatan><tmt_jab>1992-07-01</tmt_jab><no_skep>SPRIN/834/VII/1992</no_skep><tgl_skep>1992-07-17</tgl_skep></jabatan><jabatan><jabatan>BA URJI PEKAS GAB-30</jabatan><tmt_jab>1996-08-01</tmt_jab><no_skep>SPRIN/1138/VIII/1996</no_skep><tgl_skep>1996-08-15</tgl_skep></jabatan><jabatan><jabatan>PENG MINPERSSIP SITUUD KUDAM III/SLW</jabatan><tmt_jab>2000-02-01</tmt_jab><no_skep>SPRIN/127/II/2000</no_skep><tgl_skep>2000-02-12</tgl_skep></jabatan><jabatan><jabatan>PAMA BAGKU ROUM</jabatan><tmt_jab>2000-02-01</tmt_jab><no_skep>SPRIN/13/II/2002</no_skep><tgl_skep>2000-02-12</tgl_skep></jabatan><jabatan><jabatan>AJUN PEMERIKSA BEA DAN CUKAI MUDA (GOL.IX) ROUM</jabatan><tmt_jab>2002-04-01</tmt_jab><no_skep>SKEP/491/V/2002</no_skep><tgl_skep>2002-05-02</tgl_skep></jabatan><jabatan><jabatan>TENAGA FUNGSIONAL GOL. VII ROREN SETJEN DEPHAN ROREN SETJEN KEMHAN</jabatan><tmt_jab>2005-12-01</tmt_jab><no_skep>SKEP/1070/XII/2005</no_skep><tgl_skep>2005-12-23</tgl_skep></jabatan><jabatan><jabatan>PENYUSUN PROGRAM KERJA DAN ANGGARAN SUBBAG MINRO BAGLEM  ROREN SETJEN KEMHAN</jabatan><tmt_jab>2010-07-02</tmt_jab><no_skep>KEP/472/VII/2010</no_skep><tgl_skep>2010-07-08</tgl_skep></jabatan><jabatan><jabatan>PENYUSUN BAHAN PROGLAP SUBBAG TU BIRO BAGTALA ROREN SETJEN KEMHAN</jabatan><tmt_jab>2011-04-01</tmt_jab><no_skep>KEP/283/IV/2011</no_skep><tgl_skep>2011-04-19</tgl_skep></jabatan><jabatan><jabatan>PENYUSUN BAHAN PROGLAP SUBBAG TU BIRO BAGTALA ROREN SETJEN KEMHAN</jabatan><tmt_jab>2014-12-31</tmt_jab><no_skep>KEP/1485/XII/2014</no_skep><tgl_skep>2014-12-18</tgl_skep></jabatan><jabatan><jabatan>PERBENDAHARAAN TK. II SUBBAG TU BIRO BAGTALA ROREN SETJEN KEMHAN</jabatan><tmt_jab>2015-02-27</tmt_jab><no_skep>KEP/193/II/2015</no_skep><tgl_skep>2015-02-27</tgl_skep></jabatan></riwayat_jabatan><riwayat_pendidikan><pendidikan_umum><pendidikan><nama_dik>SEKOLAH DASAR</nama_dik><tahun_lulus>1983</tahun_lulus></pendidikan><pendidikan><nama_dik>SEKOLAH LANJUTAN TINGKAT PERTAMA (SLTP)</nama_dik><tahun_lulus>1986</tahun_lulus></pendidikan><pendidikan><nama_dik>SEKOLAH LANJUTAN TINGKAT ATAS (SLTA)</nama_dik><tahun_lulus>1989</tahun_lulus></pendidikan></pendidikan_umum><pendidikan_pembentukan><pendidikan><nama_dik>SUS HAPJURKU</nama_dik><tahun_lulus>1991</tahun_lulus></pendidikan><pendidikan><nama_dik>SECABA MILSUK</nama_dik><tahun_lulus>1991</tahun_lulus></pendidikan><pendidikan><nama_dik>SUS JUR BA MINSIL</nama_dik><tahun_lulus>1991</tahun_lulus></pendidikan><pendidikan><nama_dik>SUS JUR BA BUK</nama_dik><tahun_lulus>1993</tahun_lulus></pendidikan><pendidikan><nama_dik>SUS SARCAB KU</nama_dik><tahun_lulus>2001</tahun_lulus></pendidikan><pendidikan><nama_dik>SECAPA REG</nama_dik><tahun_lulus>2001</tahun_lulus></pendidikan><pendidikan><nama_dik>SUSBENKU</nama_dik><tahun_lulus>2005</tahun_lulus></pendidikan><pendidikan><nama_dik>DIKLAT TEKNIS ADM JAB PENYUSUN DAN JAB SETINGKAT GEL. I KEMHAN Tgl. 12 Feb s.d. 8 April 2014</nama_dik><tahun_lulus>2014</tahun_lulus></pendidikan></pendidikan_pembentukan></riwayat_pendidikan><riwayat_penugasan></riwayat_penugasan><riwayat_tanda_jasa><tanda_jasa><nama_tanda_jasa>SATYALANCANA KESETIAAN VIII TAHUN</nama_tanda_jasa><no_skep>SKEP/243/VI/2000</no_skep><tgl_skep>2000-06-30</tgl_skep></tanda_jasa><tanda_jasa><nama_tanda_jasa>SATYALANCANA KESETIAAN XVI TAHUN</nama_tanda_jasa><no_skep>KEP/39/III/2009</no_skep><tgl_skep>2009-03-02</tgl_skep></tanda_jasa></riwayat_tanda_jasa><riwayat_bahasa><bahasa><nama_bahasa>SUNDA</nama_bahasa><keterangan>AKTIF</keterangan></bahasa><bahasa><nama_bahasa>INGGRIS</nama_bahasa><keterangan>PASIF</keterangan></bahasa></riwayat_bahasa><riwayat_keluarga><keluarga><nama_keluarga>LILIS SUGANDA</nama_keluarga><jenis_kelamin>PEREMPUAN</jenis_kelamin><tgl_lahir>1972-07-04</tgl_lahir><hubungan>ISTRI</hubungan></keluarga><keluarga><nama_keluarga>REXY BIMANTARA PUTRA</nama_keluarga><jenis_kelamin>LAKI-LAKI</jenis_kelamin><tgl_lahir>1995-01-08</tgl_lahir><hubungan>ANAK</hubungan></keluarga><keluarga><nama_keluarga>VIKY MAULANA REFSTIAN</nama_keluarga><jenis_kelamin>LAKI-LAKI</jenis_kelamin><tgl_lahir>2000-04-26</tgl_lahir><hubungan>ANAK</hubungan></keluarga></riwayat_keluarga></personil_kemhan>
