<personil_kemhan><nopeg>196306041991091001</nopeg><nip>030213851</nip><nrp_nip>196306041991091001</nrp_nip><nama>TUPONO</nama><tempat_lahir>Banyumas</tempat_lahir><tgl_lahir>1963-06-04</tgl_lahir><jenis_kelamin>LAKI-LAKI</jenis_kelamin><unit_organisasi>U.O. KEMHAN</unit_organisasi><jenis_personil>PNS</jenis_personil><pangkat>PENGATUR TK.I II/D</pangkat><pangkat_corps>PENGATUR TK.I II/D </pangkat_corps><tmt_pangkat>2015-10-01</tmt_pangkat><angkatan_korps>PNS</angkatan_korps><kategori_pangkat>II/C</kategori_pangkat><jabatan>AGENDARIS SUBBAG SISTALA BAGTALA</jabatan><satker>ROREN SETJEN KEMHAN</satker><kode_jabatan>ANGGOTA</kode_jabatan><tmt_jabatan>2014-12-31</tmt_jabatan><eselon_jabatan>99</eselon_jabatan><kategori>ORGANIK</kategori><tmt_tni>1991-09-01</tmt_tni><tmt_kemhan>1991-09-01</tmt_kemhan><agama>ISLAM</agama><file_foto_1>foto/196306041991091001.jpg</file_foto_1><file_foto_2>foto/030213851.jpg</file_foto_2><riwayat_pangkat><pangkat><pangkat>CAPEG I/B</pangkat><tmt_pkt>1991-09-01</tmt_pkt><no_skep>SKEP/1840/IX/1991</no_skep><tgl_skep>1991-09-30</tgl_skep></pangkat><pangkat><pangkat>JURU MUDA TK. I  I/B</pangkat><tmt_pkt>1993-07-01</tmt_pkt><no_skep>SKEP/1502/V/1993</no_skep><tgl_skep>1993-05-31</tgl_skep></pangkat><pangkat><pangkat>JURU I/C</pangkat><tmt_pkt>1994-10-01</tmt_pkt><no_skep>KA. BAKN NOMOR : 03-09/00692/KEP/X/1994</no_skep><tgl_skep>1994-08-23</tgl_skep></pangkat><pangkat><pangkat>JURU TK.I  I/D</pangkat><tmt_pkt>1998-10-01</tmt_pkt><no_skep>KA. BAKN NOMOR : 03-09/00029/KEP/X/1998</no_skep><tgl_skep>1998-11-04</tgl_skep></pangkat><pangkat><pangkat>PENGATUR MUDA II/A</pangkat><tmt_pkt>2003-10-01</tmt_pkt><no_skep>SKEP/54/I/2003</no_skep><tgl_skep>2003-01-13</tgl_skep></pangkat><pangkat><pangkat>PENGATUR MUDA TK.I  II/B</pangkat><tmt_pkt>2006-10-01</tmt_pkt><no_skep>SKEP/620/VIII/2006</no_skep><tgl_skep>2006-08-24</tgl_skep></pangkat><pangkat><pangkat>PENGATUR II/C</pangkat><tmt_pkt>2010-10-01</tmt_pkt><no_skep>KEP/634/IX/2010</no_skep><tgl_skep>2010-09-07</tgl_skep></pangkat><pangkat><pangkat>PENGATUR TK.I II/D</pangkat><tmt_pkt>2015-10-01</tmt_pkt><no_skep>KEP/834/IX/2015</no_skep><tgl_skep>2015-09-09</tgl_skep></pangkat></riwayat_pangkat><riwayat_jabatan><jabatan><jabatan>JURU PELAYAN SUBBAG RENMINRO BAGLEM RO.ORTALA SETJEN DEPHAN ROREN SETJEN KEMHAN</jabatan><tmt_jab>2001-04-01</tmt_jab><no_skep>SKEP/357/V/2001</no_skep><tgl_skep>2001-05-03</tgl_skep></jabatan><jabatan><jabatan>Anggota Subbag Minro Bag Lem Roren Setjen Dephan</jabatan><tmt_jab>2006-02-01</tmt_jab><no_skep>SKEP/91/II/2006</no_skep><tgl_skep>2006-02-23</tgl_skep></jabatan><jabatan><jabatan>PRAMU KANTOR SUBBAG MINRO BAGLEM  ROREN SETJEN KEMHAN</jabatan><tmt_jab>2010-06-17</tmt_jab><no_skep>KEP/417/VI/2010</no_skep><tgl_skep>2010-06-24</tgl_skep></jabatan><jabatan><jabatan>PENGEMUDI POOL SUBBAG TU BIRO BAGTALA ROREN SETJEN KEMHAN</jabatan><tmt_jab>2011-04-01</tmt_jab><no_skep>KEP/283/IV/2011</no_skep><tgl_skep>2011-04-19</tgl_skep></jabatan><jabatan><jabatan>AGENDARIS BAGTALA  ROREN SETJEN KEMHAN</jabatan><tmt_jab>2013-10-30</tmt_jab><no_skep>KEP/1108/X/2013</no_skep><tgl_skep>2013-10-31</tgl_skep></jabatan><jabatan><jabatan>AGENDARIS SUBBAG SISTALA BAGTALA ROREN SETJEN KEMHAN</jabatan><tmt_jab>2014-12-31</tmt_jab><no_skep>KEP/1485/XII/2014</no_skep><tgl_skep>2014-12-18</tgl_skep></jabatan></riwayat_jabatan><riwayat_pendidikan><pendidikan_umum><pendidikan><nama_dik>SEKOLAH DASAR</nama_dik><tahun_lulus>1979</tahun_lulus></pendidikan><pendidikan><nama_dik>SEKOLAH MENENGAH PERTAMA (SMP)</nama_dik><tahun_lulus>1982</tahun_lulus></pendidikan><pendidikan><nama_dik>SEKOLAH LANJUTAN TINGKAT ATAS (SLTA)</nama_dik><tahun_lulus>2004</tahun_lulus></pendidikan></pendidikan_umum><pendidikan_pembentukan><pendidikan><nama_dik>SUS MENGETIK</nama_dik><tahun_lulus>1991</tahun_lulus></pendidikan><pendidikan><nama_dik>LATPRAJAB TK I</nama_dik><tahun_lulus>1992</tahun_lulus></pendidikan><pendidikan><nama_dik>TAR P-4 25 JAM</nama_dik><tahun_lulus>1992</tahun_lulus></pendidikan></pendidikan_pembentukan></riwayat_pendidikan><riwayat_penugasan></riwayat_penugasan><riwayat_tanda_jasa><tanda_jasa><nama_tanda_jasa>SATYALANCANA KARYA SATYA X TAHUN</nama_tanda_jasa><no_skep>KEPPRES RI NOMOR . 040/TK/TAHUN 2003</no_skep><tgl_skep>2003-07-31</tgl_skep></tanda_jasa><tanda_jasa><nama_tanda_jasa>SATYALANCANA KARYA SATYA XX TAHUN</nama_tanda_jasa><no_skep>KEPPRES RI NO. 62/TK/TAHUN 2012</no_skep><tgl_skep>2012-08-06</tgl_skep></tanda_jasa></riwayat_tanda_jasa><riwayat_bahasa><bahasa><nama_bahasa>JAWA</nama_bahasa><keterangan>AKTIF</keterangan></bahasa></riwayat_bahasa><riwayat_keluarga><keluarga><nama_keluarga>PARTIMAH</nama_keluarga><jenis_kelamin>PEREMPUAN</jenis_kelamin><tgl_lahir>1972-11-13</tgl_lahir><hubungan>ISTRI</hubungan></keluarga><keluarga><nama_keluarga>WAHYU PRAMONO HIDAYAT</nama_keluarga><jenis_kelamin>LAKI-LAKI</jenis_kelamin><tgl_lahir>2004-03-21</tgl_lahir><hubungan>ANAK</hubungan></keluarga></riwayat_keluarga></personil_kemhan>
