<personil_kemhan><nopeg>19680211 199103 1</nopeg><nip>030213703</nip><nrp_nip>19680211 199103 1</nrp_nip><nama>SUHONO</nama><tempat_lahir>Yogyakarta</tempat_lahir><tgl_lahir>1968-02-11</tgl_lahir><jenis_kelamin>LAKI-LAKI</jenis_kelamin><unit_organisasi>U.O. KEMHAN</unit_organisasi><jenis_personil>PNS</jenis_personil><pangkat>PENATA MUDA TK.I III/B</pangkat><pangkat_corps>PENATA MUDA TK.I III/B </pangkat_corps><tmt_pangkat>2010-04-01</tmt_pangkat><angkatan_korps>PNS</angkatan_korps><sumber_pa_gol_3>UJIAN DINAS</sumber_pa_gol_3><tmt_pa_gol_3>2006-04-01</tmt_pa_gol_3><kategori_pangkat>III/B</kategori_pangkat><jabatan>PENGOLAH INSTALASI DAN PEMELIHARAAN JARINGAN SUBBAG HARJARING BAG DATIN</jabatan><satker>SET DITJEN KUATHAN KEMHAN</satker><kode_jabatan>ANGGOTA</kode_jabatan><tmt_jabatan>2014-12-31</tmt_jabatan><eselon_jabatan>99</eselon_jabatan><kategori>ORGANIK</kategori><tmt_tni>1992-08-01</tmt_tni><agama>ISLAM</agama><file_foto_1>foto/19680211 199103 1.jpg</file_foto_1><file_foto_2>foto/030213703.jpg</file_foto_2><riwayat_pangkat><pangkat><pangkat>CAPEG II/A</pangkat><tmt_pkt>1991-03-01</tmt_pkt><no_skep>SKEP/787/VI/1991</no_skep><tgl_skep>1991-06-04</tgl_skep></pangkat><pangkat><pangkat>PENGATUR MUDA II/A</pangkat><tmt_pkt>1992-08-01</tmt_pkt><no_skep>SKEP/976/VII/1992</no_skep><tgl_skep>1992-07-20</tgl_skep></pangkat><pangkat><pangkat>PENGATUR MUDA TK.I  II/B</pangkat><tmt_pkt>1994-04-01</tmt_pkt><no_skep>NOMOR:03-09/02624/KEP/IV/1994</no_skep><tgl_skep>1994-04-14</tgl_skep></pangkat><pangkat><pangkat>PENGATUR II/C</pangkat><tmt_pkt>1998-04-01</tmt_pkt><no_skep>NOMOR:03-09/00010/KEP/IV/1998</no_skep><tgl_skep>1998-03-26</tgl_skep></pangkat><pangkat><pangkat>PENGATUR TK.I II/D</pangkat><tmt_pkt>2002-04-01</tmt_pkt><no_skep>SKEP/875/VIII/2002</no_skep><tgl_skep>2002-08-12</tgl_skep></pangkat><pangkat><pangkat>PENATA MUDA III/A</pangkat><tmt_pkt>2006-04-01</tmt_pkt><no_skep>SKEP/118/II/2006</no_skep><tgl_skep>2006-02-28</tgl_skep></pangkat><pangkat><pangkat>PENATA MUDA TK.I III/B</pangkat><tmt_pkt>2010-04-01</tmt_pkt><no_skep>KEP/168/III/2010</no_skep><tgl_skep>2010-03-17</tgl_skep></pangkat></riwayat_pangkat><riwayat_jabatan><jabatan><jabatan>TURKAMKAN SUBBAG PAMKAN BAG PAM ROUM</jabatan><tmt_jab>2001-03-01</tmt_jab><no_skep>SKEP/305/IV/2001</no_skep><tgl_skep>2001-04-03</tgl_skep></jabatan><jabatan><jabatan>Anggota Satkam Bagpam Roum Setjen Dephan</jabatan><tmt_jab>2007-02-01</tmt_jab><no_skep>SKEP/152/III/2007</no_skep><tgl_skep>2007-03-06</tgl_skep></jabatan><jabatan><jabatan>Pengaman Subbagpampersmat Bagpam</jabatan><tmt_jab>2010-07-27</tmt_jab><no_skep>KEP/553/VII/2010</no_skep><tgl_skep>2010-07-28</tgl_skep></jabatan><jabatan><jabatan>ANGGOTA ROUM SETJEN KEMHAN</jabatan><tmt_jab>2011-07-12</tmt_jab><no_skep>KEP/525/VII/2011</no_skep><tgl_skep>2011-07-12</tgl_skep></jabatan><jabatan><jabatan>PENGOLAH INSTALASI DAN PEMELIHARAAN JARINGAN SUBBAGHARJAR BAGDATIN SET DITJEN KUATHAN KEMHAN</jabatan><tmt_jab>2012-02-01</tmt_jab><no_skep>KEP/66/II/2012</no_skep><tgl_skep>2012-02-02</tgl_skep></jabatan><jabatan><jabatan>PENGOLAH INSTALASI DAN PEMELIHARAAN JARINGAN SUBBAG HARJARING BAG DATIN SET DITJEN KUATHAN KEMHAN</jabatan><tmt_jab>2014-12-31</tmt_jab><no_skep>KEP/1500/XII/2014</no_skep><tgl_skep>2014-12-18</tgl_skep></jabatan></riwayat_jabatan><riwayat_pendidikan><pendidikan_umum><pendidikan><nama_dik>SEKOLAH DASAR</nama_dik><tahun_lulus>1982</tahun_lulus></pendidikan><pendidikan><nama_dik>SEKOLAH LANJUTAN TINGKAT PERTAMA (SLTP)</nama_dik><tahun_lulus>1985</tahun_lulus></pendidikan><pendidikan><nama_dik>SEKOLAH LANJUTAN TINGKAT ATAS (SLTA)</nama_dik><tahun_lulus>1988</tahun_lulus></pendidikan></pendidikan_umum><pendidikan_pembentukan><pendidikan><nama_dik>LATPRAJAB</nama_dik><tahun_lulus>1991</tahun_lulus></pendidikan><pendidikan><nama_dik>SUSHAR AC</nama_dik><tahun_lulus>1998</tahun_lulus></pendidikan><pendidikan><nama_dik>SUSTASKAR</nama_dik><tahun_lulus>1999</tahun_lulus></pendidikan><pendidikan><nama_dik>SUSSATKAM</nama_dik><tahun_lulus>2000</tahun_lulus></pendidikan></pendidikan_pembentukan></riwayat_pendidikan><riwayat_penugasan></riwayat_penugasan><riwayat_tanda_jasa><tanda_jasa><nama_tanda_jasa>SATYALANCANA KARYA SATYA X TAHUN</nama_tanda_jasa><no_skep>023/TK/TAHUN2007</no_skep><tgl_skep>2007-06-07</tgl_skep></tanda_jasa></riwayat_tanda_jasa><riwayat_bahasa><bahasa><nama_bahasa>JAWA</nama_bahasa><keterangan>AKTIF</keterangan></bahasa><bahasa><nama_bahasa>INGGRIS</nama_bahasa><keterangan>PASIF</keterangan></bahasa><bahasa><nama_bahasa>INDONESIA</nama_bahasa><keterangan>AKTIF</keterangan></bahasa></riwayat_bahasa><riwayat_keluarga><keluarga><nama_keluarga>HINDUN PERMANASARI</nama_keluarga><jenis_kelamin>PEREMPUAN</jenis_kelamin><tgl_lahir>1972-02-12</tgl_lahir><hubungan>ISTRI</hubungan></keluarga><keluarga><nama_keluarga>SATRIA WIJAYA PUTRA</nama_keluarga><jenis_kelamin>LAKI-LAKI</jenis_kelamin><tgl_lahir>1994-09-28</tgl_lahir><hubungan>ANAK</hubungan></keluarga><keluarga><nama_keluarga>NOVITASARI</nama_keluarga><jenis_kelamin>PEREMPUAN</jenis_kelamin><tgl_lahir>1998-10-04</tgl_lahir><hubungan>ANAK</hubungan></keluarga><keluarga><nama_keluarga>BAGUS HANDOKO</nama_keluarga><jenis_kelamin>LAKI-LAKI</jenis_kelamin><tgl_lahir>2001-12-29</tgl_lahir><hubungan>ANAK</hubungan></keluarga></riwayat_keluarga></personil_kemhan>
