<personil_kemhan><nopeg>197103012003121001</nopeg><nip>030248723</nip><nrp_nip>197103012003121001</nrp_nip><nama>RICKY NANDA</nama><tempat_lahir>JAKARTA</tempat_lahir><tgl_lahir>1971-03-01</tgl_lahir><jenis_kelamin>LAKI-LAKI</jenis_kelamin><unit_organisasi>U.O. KEMHAN</unit_organisasi><jenis_personil>PNS</jenis_personil><pangkat>PENGATUR II/C</pangkat><pangkat_corps>PENGATUR II/C </pangkat_corps><tmt_pangkat>2012-04-01</tmt_pangkat><angkatan_korps>PNS</angkatan_korps><kategori_pangkat>II/C</kategori_pangkat><jabatan>OPERATOR KOMPUTER SUBBAG DUK SEKJEN BAG DUKMIN SEKJEN</jabatan><satker>ROTU SETJEN KEMHAN</satker><kode_jabatan>ANGGOTA</kode_jabatan><tmt_jabatan>2014-12-31</tmt_jabatan><eselon_jabatan>99</eselon_jabatan><kategori>ORGANIK</kategori><tmt_tni>2005-08-01</tmt_tni><tmt_kemhan>2005-08-01</tmt_kemhan><agama>ISLAM</agama><file_foto_1>foto/197103012003121001.jpg</file_foto_1><file_foto_2>foto/030248723.jpg</file_foto_2><riwayat_pangkat><pangkat><pangkat>CAPEG II/B</pangkat><tmt_pkt>2003-12-01</tmt_pkt><no_skep>SKEP/208/IV/2004</no_skep><tgl_skep>2003-12-01</tgl_skep></pangkat><pangkat><pangkat>PENGATUR MUDA II/A</pangkat><tmt_pkt>2005-08-01</tmt_pkt><no_skep>SKEP/657/VIII/2005</no_skep><tgl_skep>2005-08-01</tgl_skep></pangkat><pangkat><pangkat>PENGATUR MUDA TK.I  II/B</pangkat><tmt_pkt>2008-04-01</tmt_pkt><no_skep>SKEP/143/III/2008</no_skep><tgl_skep>2008-04-01</tgl_skep></pangkat><pangkat><pangkat>PENGATUR II/C</pangkat><tmt_pkt>2012-04-01</tmt_pkt><no_skep>SPRIN/232/III/2012</no_skep><tgl_skep>2012-03-27</tgl_skep></pangkat></riwayat_pangkat><riwayat_jabatan><jabatan><jabatan>ANGGOTA BAG TU SEKJEN</jabatan><tmt_jab>2005-12-01</tmt_jab><no_skep>SKEP/52/VIII/2005</no_skep><tgl_skep>2005-12-01</tgl_skep></jabatan><jabatan><jabatan>Anggota Subbag Minmen Bag Banminpim Rotu Setjen Dephan</jabatan><tmt_jab>2006-03-01</tmt_jab><no_skep>SPRIN/52/IV/2006</no_skep><tgl_skep>2006-03-01</tgl_skep></jabatan><jabatan><jabatan>ARSIPARIS PELAKSANA ROTU SETJEN KEMHAN</jabatan><tmt_jab>2009-04-01</tmt_jab><no_skep>SPRIN/418/IX/2009</no_skep><tgl_skep>2009-04-01</tgl_skep></jabatan><jabatan><jabatan>OPERATOR KOMPUTER BAG TU DAN DUK SEKJEN ROTU SETJEN KEMHAN</jabatan><tmt_jab>2012-02-24</tmt_jab><no_skep>KEP/144/II/2012</no_skep><tgl_skep>2012-02-29</tgl_skep></jabatan><jabatan><jabatan>OPERATOR KOMPUTER SUBBAG DUK SEKJEN BAG DUKMIN SEKJEN ROTU SETJEN KEMHAN</jabatan><tmt_jab>2014-12-31</tmt_jab><no_skep>KEP/1485/XII/2014</no_skep><tgl_skep>2014-12-18</tgl_skep></jabatan></riwayat_jabatan><riwayat_pendidikan><pendidikan_umum><pendidikan><nama_dik>SEKOLAH DASAR</nama_dik><tahun_lulus>1983</tahun_lulus></pendidikan><pendidikan><nama_dik>SEKOLAH LANJUTAN TINGKAT PERTAMA (SLTP)</nama_dik><tahun_lulus>1986</tahun_lulus></pendidikan><pendidikan><nama_dik>SEKOLAH LANJUTAN TINGKAT ATAS (SLTA)</nama_dik><tahun_lulus>1989</tahun_lulus></pendidikan><pendidikan><nama_dik>SARJANA MUDA (D.III)</nama_dik><tahun_lulus>2007</tahun_lulus></pendidikan></pendidikan_umum><pendidikan_pembentukan><pendidikan><nama_dik>SUS OPERATOR KOMPUTER</nama_dik><tahun_lulus>2006</tahun_lulus></pendidikan><pendidikan><nama_dik>SUS MULTIMEDIA</nama_dik><tahun_lulus>2006</tahun_lulus></pendidikan></pendidikan_pembentukan></riwayat_pendidikan><riwayat_penugasan></riwayat_penugasan><riwayat_tanda_jasa></riwayat_tanda_jasa><riwayat_bahasa><bahasa><nama_bahasa>JAWA</nama_bahasa><keterangan>PASIF</keterangan></bahasa><bahasa><nama_bahasa>SUNDA</nama_bahasa><keterangan>AKTIF</keterangan></bahasa><bahasa><nama_bahasa>INGGRIS</nama_bahasa><keterangan>PASIF</keterangan></bahasa><bahasa><nama_bahasa>ARAB</nama_bahasa><keterangan>PASIF</keterangan></bahasa><bahasa><nama_bahasa>INDONESIA</nama_bahasa><keterangan>AKTIF</keterangan></bahasa></riwayat_bahasa><riwayat_keluarga></riwayat_keluarga></personil_kemhan>
