<personil_kemhan><nopeg>96715</nopeg><nip>96715</nip><nrp_nip>96715</nrp_nip><nama>DEWI HERAWATI</nama><tempat_lahir>Bengkulu</tempat_lahir><tgl_lahir>1981-02-02</tgl_lahir><jenis_kelamin>PEREMPUAN</jenis_kelamin><unit_organisasi>U.O. KEMHAN</unit_organisasi><jenis_personil>TNI</jenis_personil><pangkat>SERMA</pangkat><pangkat_corps>SERMA (/W)</pangkat_corps><tmt_pangkat>2014-10-01</tmt_pangkat><angkatan_korps>TNI AL</angkatan_korps><kategori_pangkat>SERMA</kategori_pangkat><jabatan>OPERATOR KOMPUTER SIGAR DEVISA SUBDITMINLAKGAR C</jabatan><satker>DIT MINLAKGAR DITJEN RENHAN KEMHAN</satker><kode_jabatan>ANGGOTA</kode_jabatan><tmt_jabatan>2014-12-31</tmt_jabatan><eselon_jabatan>99</eselon_jabatan><kategori>ORGANIK</kategori><tmt_tni>2000-07-01</tmt_tni><tmt_kemhan>2002-03-07</tmt_kemhan><agama>ISLAM</agama><file_foto_1>foto/96715.jpg</file_foto_1><file_foto_2>foto/96715.jpg</file_foto_2><riwayat_pangkat><pangkat><pangkat>SERDA</pangkat><tmt_pkt>2000-07-01</tmt_pkt><no_skep>SKEP/1047/VII/2000</no_skep><tgl_skep>2000-07-01</tgl_skep></pangkat><pangkat><pangkat>SERTU</pangkat><tmt_pkt>2004-10-01</tmt_pkt><no_skep>SKEP/2442/IX/2004</no_skep><tgl_skep>2004-10-01</tgl_skep></pangkat><pangkat><pangkat>SERKA</pangkat><tmt_pkt>2009-10-01</tmt_pkt><no_skep>KEP KASAL/1056/IX/2009</no_skep><tgl_skep>2009-09-17</tgl_skep></pangkat><pangkat><pangkat>SERMA</pangkat><tmt_pkt>2014-10-01</tmt_pkt><no_skep>ST/31/2014</no_skep><tgl_skep>2014-09-29</tgl_skep></pangkat></riwayat_pangkat><riwayat_jabatan><jabatan><jabatan>BA KOARMARBAR</jabatan><tmt_jab>2001-01-01</tmt_jab><no_skep>SPRN/01/I/2001</no_skep><tgl_skep>2001-01-02</tgl_skep></jabatan><jabatan><jabatan>KOARMABAR/SRENA/ANGG</jabatan><tmt_jab>2001-02-26</tmt_jab><no_skep>SPRIN/212/II/2001</no_skep><tgl_skep>2001-02-26</tgl_skep></jabatan><jabatan><jabatan>BA MABES TNI/DEPHAN</jabatan><tmt_jab>2002-02-18</tmt_jab><no_skep>SKEP/181/II/2002</no_skep><tgl_skep>2002-02-15</tgl_skep></jabatan><jabatan><jabatan>BA. SUBBAGUM DITJAKSTRA DITJEN STRAHAN DEPHAN</jabatan><tmt_jab>2002-05-27</tmt_jab><no_skep>SPRIN/348/V/2006</no_skep><tgl_skep>2002-05-27</tgl_skep></jabatan><jabatan><jabatan>BA SUBBAGRENMINRO BAGADABANGPEG ROPEG</jabatan><tmt_jab>2002-06-01</tmt_jab><no_skep>SKEP/553/VI/2002</no_skep><tgl_skep>2002-06-10</tgl_skep></jabatan><jabatan><jabatan>TURTIK/OPR KOMPUTER SUBBAGRENMINRO BAGADABANGPEG</jabatan><tmt_jab>2003-03-01</tmt_jab><no_skep>SKEP/430/III/2003</no_skep><tgl_skep>2003-03-27</tgl_skep></jabatan><jabatan><jabatan>BA. BIRO TU SETJEN DEPHAN</jabatan><tmt_jab>2004-08-01</tmt_jab><no_skep>SKEP/578/VIII/2004</no_skep><tgl_skep>2004-08-18</tgl_skep></jabatan><jabatan><jabatan>BA. SUBBAG DUKUMPIM BAGBANUMPIN ROTU SETJEN DEPHAN</jabatan><tmt_jab>2006-01-01</tmt_jab><no_skep>SPRIN/09/I/2006</no_skep><tgl_skep>2006-01-26</tgl_skep></jabatan><jabatan><jabatan>TURTIK/OPR KOMPUTER SUBBAGMINRO BAGBANUMPIM ROTU SETJEN DEPHAN</jabatan><tmt_jab>2006-01-01</tmt_jab><no_skep>SPRIN/09/I/2006</no_skep><tgl_skep>2006-01-26</tgl_skep></jabatan><jabatan><jabatan>ANGGOTA SUBBAG MINRO BAGBANUMPIM ROTU SETJEN DEPHAN</jabatan><tmt_jab>2006-06-01</tmt_jab><no_skep>SKEP/447/VI/2006</no_skep><tgl_skep>2006-06-27</tgl_skep></jabatan><jabatan><jabatan>Anggota Subbag TU Dit Minlakgar Ditjen Renhan Dephan</jabatan><tmt_jab>2009-05-20</tmt_jab><no_skep>KEP MENHAN NO : KEP/75/V/2009</no_skep><tgl_skep>2009-05-20</tgl_skep></jabatan><jabatan><jabatan>SEKRETARIS PRIBADI DIRMINLAKGAR DITJEN RENHAN KEMHAN</jabatan><tmt_jab>2010-05-01</tmt_jab><tgl_skep>2010-05-01</tgl_skep></jabatan><jabatan><jabatan>OPERATOR KOMPUTER SUBDITMINLAKGAR &quot;C&quot; DIT MINLAKGAR DITJEN RENHAN KEMHAN</jabatan><tmt_jab>2011-04-01</tmt_jab><no_skep>KEP/288/IV/2011</no_skep><tgl_skep>2011-04-19</tgl_skep></jabatan><jabatan><jabatan>OPERATOR KOMPUTER SIGAR DEVISA SUBDITMINLAKGAR C DIT MINLAKGAR DITJEN RENHAN KEMHAN</jabatan><tmt_jab>2014-12-31</tmt_jab><no_skep>KEP/1496/XII/2014</no_skep><tgl_skep>2014-12-18</tgl_skep></jabatan></riwayat_jabatan><riwayat_pendidikan><pendidikan_umum><pendidikan><nama_dik>SEKOLAH DASAR</nama_dik><tahun_lulus>1993</tahun_lulus></pendidikan><pendidikan><nama_dik>SEKOLAH MENENGAH PERTAMA (SMP)</nama_dik><tahun_lulus>1996</tahun_lulus></pendidikan><pendidikan><nama_dik>SEKOLAH MENENGAH ATAS (SMA)</nama_dik><tahun_lulus>1999</tahun_lulus></pendidikan></pendidikan_umum><pendidikan_pembentukan><pendidikan><nama_dik>SECABA PK</nama_dik><tahun_lulus>2001</tahun_lulus></pendidikan><pendidikan><nama_dik>TAR  TAKAH DAN KEARSIPAN</nama_dik><tahun_lulus>2002</tahun_lulus></pendidikan><pendidikan><nama_dik>SUS OPS KOMPUTER</nama_dik><tahun_lulus>2003</tahun_lulus></pendidikan><pendidikan><nama_dik>SUS MC DAN PROTOKOL</nama_dik><tahun_lulus>2004</tahun_lulus></pendidikan><pendidikan><nama_dik>SUSBAMINKU DEPHAN</nama_dik><tahun_lulus>2006</tahun_lulus></pendidikan></pendidikan_pembentukan></riwayat_pendidikan><riwayat_penugasan><penugasan><negara>INDONESIA</negara><tahun>2002</tahun><uraian>OPERASI SURYA BASKARA JAYA L-II TJ. JABUNG BARAT &amp;</uraian></penugasan></riwayat_penugasan><riwayat_tanda_jasa><tanda_jasa><nama_tanda_jasa>SATYALANCANA KESETIAAN VIII TAHUN</nama_tanda_jasa><no_skep>KEP/61/I/2009</no_skep><tgl_skep>2009-01-21</tgl_skep></tanda_jasa></riwayat_tanda_jasa><riwayat_bahasa><bahasa><nama_bahasa>BENGKULU</nama_bahasa><keterangan>AKTIF</keterangan></bahasa><bahasa><nama_bahasa>INGGRIS</nama_bahasa><keterangan>PASIF</keterangan></bahasa></riwayat_bahasa><riwayat_keluarga><keluarga><nama_keluarga>Wilogo Siwi Pamungkas</nama_keluarga><jenis_kelamin>LAKI-LAKI</jenis_kelamin><tgl_lahir>1974-10-07</tgl_lahir><hubungan>SUAMI</hubungan></keluarga><keluarga><nama_keluarga>Athalah Nakillaya Dullaya</nama_keluarga><jenis_kelamin>PEREMPUAN</jenis_kelamin><tgl_lahir>2007-08-29</tgl_lahir><hubungan>ANAK</hubungan></keluarga><keluarga><nama_keluarga>Anindya Maheswari W</nama_keluarga><jenis_kelamin>PEREMPUAN</jenis_kelamin><tgl_lahir>2011-05-27</tgl_lahir><hubungan>ANAK</hubungan></keluarga><keluarga><nama_keluarga>Andhara Kirana M</nama_keluarga><jenis_kelamin>PEREMPUAN</jenis_kelamin><tgl_lahir>2012-10-05</tgl_lahir><hubungan>ANAK</hubungan></keluarga></riwayat_keluarga></personil_kemhan>
