<personil_kemhan><nopeg>197006151992032001</nopeg><nip>030217460</nip><nrp_nip>197006151992032001</nrp_nip><nama>SUGIYEM</nama><gelar>S.E.</gelar><tempat_lahir>Boyolali</tempat_lahir><tgl_lahir>1970-06-15</tgl_lahir><jenis_kelamin>PEREMPUAN</jenis_kelamin><unit_organisasi>U.O. KEMHAN</unit_organisasi><jenis_personil>PNS</jenis_personil><pangkat>PENATA III/C</pangkat><pangkat_corps>PENATA III/C </pangkat_corps><tmt_pangkat>2015-04-01</tmt_pangkat><angkatan_korps>PNS</angkatan_korps><sumber_pa_gol_3>UJIAN DINAS</sumber_pa_gol_3><kategori_pangkat>III/C</kategori_pangkat><jabatan>PENYUSUN BAHAN JARINFODOK SERTA PERPUSTAKAAN SI JARINFODOK SERTA PERPUSTAKAAN SUBDIT LAHINFOKUMHAN DIREKTORAT PERATURAN PER UU</jabatan><satker>DITJEN STRAHAN KEMHAN</satker><kode_jabatan>ANGGOTA</kode_jabatan><tmt_jabatan>2015-06-30</tmt_jabatan><eselon_jabatan>99</eselon_jabatan><kategori>ORGANIK</kategori><tmt_tni>1993-07-01</tmt_tni><tmt_kemhan>1992-03-01</tmt_kemhan><agama>ISLAM</agama><file_foto_1>foto/197006151992032001.jpg</file_foto_1><file_foto_2>foto/030217460.jpg</file_foto_2><riwayat_pangkat><pangkat><pangkat>CAPEG II/A</pangkat><tmt_pkt>1992-03-01</tmt_pkt><no_skep>SKEP/872/VII/1992</no_skep><tgl_skep>1992-07-01</tgl_skep></pangkat><pangkat><pangkat>PENGATUR MUDA II/A</pangkat><tmt_pkt>1993-07-01</tmt_pkt><no_skep>SKEP/1622/VII/1993</no_skep><tgl_skep>1993-07-10</tgl_skep></pangkat><pangkat><pangkat>PENGATUR MUDA TK.I  II/B</pangkat><tmt_pkt>1995-04-01</tmt_pkt><no_skep>03-09/04899/KEP/IV/1995</no_skep><tgl_skep>1995-06-28</tgl_skep></pangkat><pangkat><pangkat>PENGATUR II/C</pangkat><tmt_pkt>1999-04-01</tmt_pkt><no_skep>03-09.00/025/KEP/IV/1999</no_skep><tgl_skep>1999-04-23</tgl_skep></pangkat><pangkat><pangkat>PENGATUR TK.I II/D</pangkat><tmt_pkt>2003-04-01</tmt_pkt><no_skep>SKEP/733/V/2003</no_skep><tgl_skep>2003-05-13</tgl_skep></pangkat><pangkat><pangkat>PENATA MUDA III/A</pangkat><tmt_pkt>2007-04-01</tmt_pkt><no_skep>SKEP/153/III/2007</no_skep><tgl_skep>2007-03-06</tgl_skep></pangkat><pangkat><pangkat>PENATA MUDA TK.I III/B</pangkat><tmt_pkt>2011-04-01</tmt_pkt><no_skep>KEP/188/III/2011</no_skep><tgl_skep>2011-03-22</tgl_skep></pangkat><pangkat><pangkat>PENATA III/C</pangkat><tmt_pkt>2015-04-01</tmt_pkt></pangkat></riwayat_pangkat><riwayat_jabatan><jabatan><jabatan>PENGATUR TIK SUBBAG RENMIRO BIRO HUKUM SETJEN DEPH</jabatan><tmt_jab>1998-09-01</tmt_jab><no_skep>SKEP/1137/IX/1998</no_skep><tgl_skep>1998-09-17</tgl_skep></jabatan><jabatan><jabatan>TURMINKU SUBBAG RENMINRO BAG YANKUM ROKUM</jabatan><tmt_jab>2001-03-01</tmt_jab><no_skep>SKEP/247/III/2001</no_skep><tgl_skep>2001-03-21</tgl_skep></jabatan><jabatan><jabatan>Anggota Subbag Minro Bag Yankum Rohukum Setjen Dephan</jabatan><tmt_jab>2007-09-01</tmt_jab><no_skep>SKEP/735/IX/2007</no_skep><tgl_skep>2007-09-20</tgl_skep></jabatan><jabatan><jabatan>PEMROSES BAHAN EVLAPKU SUBBAGMINRO BAGYANKUM</jabatan><tmt_jab>2010-05-24</tmt_jab><no_skep>KEP/348/V/2010</no_skep><tgl_skep>2010-05-26</tgl_skep></jabatan><jabatan><jabatan>PENGOLAH PROGJA SUBBAG TU  DIT KUMSTRA DITJEN STRAHAN KEMHAN</jabatan><tmt_jab>2011-03-07</tmt_jab><no_skep>KEP MENHAN NOMOR : KEP/150/III/2011</no_skep><tgl_skep>2011-03-09</tgl_skep></jabatan><jabatan><jabatan>PENGOLAH BAHAN PROGJA SUBBAG TU DIREKTORAT PERATURAN PERUU DITJEN STRAHAN KEMHAN</jabatan><tmt_jab>2014-12-31</tmt_jab><no_skep>KEP/1494/XII/2014</no_skep><tgl_skep>2014-12-18</tgl_skep></jabatan><jabatan><jabatan>PENYUSUN BAHAN JARINFODOK SERTA PERPUSTAKAAN SI JARINFODOK SERTA PERPUSTAKAAN SUBDIT LAHINFOKUMHAN DIREKTORAT PERATURAN PER UU DITJEN STRAHAN KEMHAN</jabatan><tmt_jab>2015-06-30</tmt_jab><no_skep>KEP/615/VI/2015</no_skep><tgl_skep>2015-06-30</tgl_skep></jabatan></riwayat_jabatan><riwayat_pendidikan><pendidikan_umum><pendidikan><nama_dik>SEKOLAH DASAR</nama_dik><tahun_lulus>1984</tahun_lulus></pendidikan><pendidikan><nama_dik>SEKOLAH LANJUTAN TINGKAT PERTAMA (SLTP)</nama_dik><tahun_lulus>1987</tahun_lulus></pendidikan><pendidikan><nama_dik>SEKOLAH LANJUTAN TINGKAT ATAS (SLTA)</nama_dik><tahun_lulus>1990</tahun_lulus></pendidikan></pendidikan_umum><pendidikan_pembentukan><pendidikan><nama_dik>LATPRAJAB TK II</nama_dik><tahun_lulus>1992</tahun_lulus></pendidikan><pendidikan><nama_dik>TAR P-4 25 JAM</nama_dik><tahun_lulus>1992</tahun_lulus></pendidikan><pendidikan><nama_dik>SUS MIKRO KOMPUTER</nama_dik><tahun_lulus>1993</tahun_lulus></pendidikan><pendidikan><nama_dik>SUS JUR BUK</nama_dik><tahun_lulus>1994</tahun_lulus></pendidikan><pendidikan><nama_dik>TAR SJDI HUKUM</nama_dik><tahun_lulus>1995</tahun_lulus></pendidikan><pendidikan><nama_dik>UJIAN DINAS TK I</nama_dik><tahun_lulus>2005</tahun_lulus></pendidikan></pendidikan_pembentukan></riwayat_pendidikan><riwayat_penugasan></riwayat_penugasan><riwayat_tanda_jasa><tanda_jasa><nama_tanda_jasa>SATYALANCANA KARYA SATYA X TAHUN</nama_tanda_jasa><no_skep>KEPPRES RI NOMOR 048/TK/TAHUN 2004</no_skep><tgl_skep>2004-08-05</tgl_skep></tanda_jasa></riwayat_tanda_jasa><riwayat_bahasa><bahasa><nama_bahasa>JAWA</nama_bahasa><keterangan>AKTIF</keterangan></bahasa><bahasa><nama_bahasa>INDONESIA</nama_bahasa><keterangan>AKTIF</keterangan></bahasa></riwayat_bahasa><riwayat_keluarga><keluarga><nama_keluarga>JIMIN</nama_keluarga><jenis_kelamin>LAKI-LAKI</jenis_kelamin><tgl_lahir>1970-11-17</tgl_lahir><hubungan>SUAMI</hubungan></keluarga><keluarga><nama_keluarga>AMALIA EKA SAPUTRI</nama_keluarga><jenis_kelamin>PEREMPUAN</jenis_kelamin><tgl_lahir>1997-08-05</tgl_lahir><hubungan>ANAK</hubungan></keluarga><keluarga><nama_keluarga>KINANTI DWI HANDAYANI</nama_keluarga><jenis_kelamin>PEREMPUAN</jenis_kelamin><tgl_lahir>2003-07-17</tgl_lahir><hubungan>ANAK</hubungan></keluarga></riwayat_keluarga></personil_kemhan>
