<personil_kemhan><nopeg>196206261988032001</nopeg><nip>030194473</nip><nrp_nip>196206261988032001</nrp_nip><nama>ANNARIA. S</nama><gelar>Dra.</gelar><tempat_lahir>Medan</tempat_lahir><tgl_lahir>1962-06-26</tgl_lahir><jenis_kelamin>PEREMPUAN</jenis_kelamin><unit_organisasi>U.O. KEMHAN</unit_organisasi><jenis_personil>PNS</jenis_personil><pangkat>PENATA TK.I III/D</pangkat><pangkat_corps>PENATA TK.I III/D </pangkat_corps><tmt_pangkat>2006-04-01</tmt_pangkat><angkatan_korps>PNS</angkatan_korps><sumber_pa_gol_3>PENYESUAIAN IJASAH</sumber_pa_gol_3><kategori_pangkat>III/D</kategori_pangkat><jabatan>PENYUSUN BAHAN HUBLEM ORGNONPEM SUBBIDKERMALEM BID KERMAINFO PUSKOM PUBLIK KEMHAN</jabatan><satker>PUSKOMPUBLIK KEMHAN</satker><kode_jabatan>FUNGSIONAL</kode_jabatan><tmt_jabatan>2014-12-31</tmt_jabatan><eselon_jabatan>99</eselon_jabatan><kategori>ORGANIK</kategori><tmt_tni>1989-07-01</tmt_tni><tmt_kemhan>1988-03-01</tmt_kemhan><agama>PROTESTAN</agama><file_foto_1>foto/196206261988032001.jpg</file_foto_1><file_foto_2>foto/030194473.jpg</file_foto_2><riwayat_pangkat><pangkat><pangkat>CAPEG II/B</pangkat><tmt_pkt>1988-03-01</tmt_pkt><no_skep>SKEP/828/VI/1988</no_skep><tgl_skep>1988-06-11</tgl_skep></pangkat><pangkat><pangkat>PENGATUR MUDA TK.I  II/B</pangkat><tmt_pkt>1989-07-01</tmt_pkt><no_skep>SKEP/1151/VI/1989</no_skep><tgl_skep>1989-06-09</tgl_skep></pangkat><pangkat><pangkat>PENGATUR II/C</pangkat><tmt_pkt>1992-04-01</tmt_pkt><no_skep>03-09/01830/KEP/IV/1992</no_skep><tgl_skep>1992-05-20</tgl_skep></pangkat><pangkat><pangkat>PENATA MUDA III/A</pangkat><tmt_pkt>1994-04-01</tmt_pkt><no_skep>SKEP/1803/XII/1994</no_skep><tgl_skep>1994-12-08</tgl_skep></pangkat><pangkat><pangkat>PENATA MUDA TK.I III/B</pangkat><tmt_pkt>1998-04-01</tmt_pkt><no_skep>SKEP/199/IV/1998</no_skep><tgl_skep>1998-04-17</tgl_skep></pangkat><pangkat><pangkat>PENATA III/C</pangkat><tmt_pkt>2002-04-01</tmt_pkt><no_skep>SKEP/852/VIII/2002</no_skep><tgl_skep>2002-08-28</tgl_skep></pangkat><pangkat><pangkat>PENATA TK.I III/D</pangkat><tmt_pkt>2006-04-01</tmt_pkt><no_skep>SKEP/117/II/2006</no_skep><tgl_skep>2006-02-28</tgl_skep></pangkat></riwayat_pangkat><riwayat_jabatan><jabatan><jabatan>PSB TK II/PUSTAKA BAG PENMAS ROHUMAS</jabatan><tmt_jab>1998-03-22</tmt_jab><no_skep>SKEP/102/III/1998</no_skep><tgl_skep>1998-02-01</tgl_skep></jabatan><jabatan><jabatan>PSB TK III/PUSTAKA SUBBAG DOKTAKA BAG PENMAS ROHUM</jabatan><tmt_jab>1998-03-22</tmt_jab><no_skep>SKEP/1262/XI/1998</no_skep><tgl_skep>1998-10-01</tgl_skep></jabatan><jabatan><jabatan>PEMB. SUBBAG TK.II/JIAN BAGHUB INT SUBBAG PKO BAG</jabatan><tmt_jab>2000-11-01</tmt_jab><no_skep>SKEP/1103/XI/2000</no_skep><tgl_skep>2000-11-15</tgl_skep></jabatan><jabatan><jabatan>PSB TKII/NON PEM SUBBAGHUB BAGMINPROT ROHUMAS</jabatan><tmt_jab>2001-03-01</tmt_jab><no_skep>SKEP/260/III/2001</no_skep><tgl_skep>2001-03-22</tgl_skep></jabatan><jabatan><jabatan>AJUN JURU PENERANG</jabatan><tmt_jab>2001-12-01</tmt_jab><no_skep>SKEP/1041/XII/2001</no_skep><tgl_skep>2001-12-31</tgl_skep></jabatan><jabatan><jabatan>KASUBBAG PEMBENTUK BAGOPINI ROHUMAS</jabatan><tmt_jab>2004-09-01</tmt_jab><no_skep>SKEP/665/IX/2004</no_skep><tgl_skep>2004-09-01</tgl_skep></jabatan><jabatan><jabatan>Kasubbag Pembentukan Bag Opini Rohumas Setjen Dephan</jabatan><tmt_jab>2006-01-01</tmt_jab><no_skep>SKEP/1098/XII/2005</no_skep><tgl_skep>2005-12-28</tgl_skep></jabatan><jabatan><jabatan>Kasubbag Tuk Bag Opini Rohumas Setjen Dephan</jabatan><tmt_jab>2006-01-01</tmt_jab><no_skep>SKEP/1098/XII/2005</no_skep><tgl_skep>2005-12-28</tgl_skep></jabatan><jabatan><jabatan>Kasubbag Anev Bag Opini Rohumas Setjen Dephan</jabatan><tmt_jab>2009-03-30</tmt_jab><no_skep>KEP MENHAN NO: KEP/48/III/2009</no_skep><tgl_skep>2009-03-30</tgl_skep></jabatan><jabatan><jabatan>Kasubbag Siap Bag Opini Rohumas Setjen Dephan</jabatan><tmt_jab>2009-09-29</tmt_jab><no_skep>KEP MENHAN NO : KEP/176/IX/2009</no_skep><tgl_skep>2009-09-29</tgl_skep></jabatan><jabatan><jabatan>KASUBBID CYBER MEDIA BID OPINI PUSKOMPUBLIK KEMHAN</jabatan><tmt_jab>2010-09-28</tmt_jab><no_skep>KEP/685/IX/2010</no_skep><tgl_skep>2010-09-30</tgl_skep></jabatan><jabatan><jabatan>PENYUSUN BAHAN PEMBENTUKAN OPINI SUBBIDTUK BIDOPINI PUSKOMPUBLIK KEMHAN</jabatan><tmt_jab>2011-02-07</tmt_jab><no_skep>KEP MENHAN NOMOR : KEP/93/II/2011</no_skep><tgl_skep>2011-02-10</tgl_skep></jabatan><jabatan><jabatan>PENYUSUN BAHAN PELAYANAN UMUM SUBBAG UMUM BAG TU PUSKOMPUBLIK KEMHAN</jabatan><tmt_jab>2011-04-01</tmt_jab><no_skep>KEP/296/IV/2011</no_skep><tgl_skep>2011-04-19</tgl_skep></jabatan><jabatan><jabatan>PENYUSUN BAHAN HUBLEM ORGNONPEM SUBBIDKERMALEM BIDKERMA INFO PUSKOMPUBLIK KEMHAN</jabatan><tmt_jab>2012-09-27</tmt_jab><no_skep>KEP/799/IX/2012</no_skep><tgl_skep>2012-09-28</tgl_skep></jabatan><jabatan><jabatan>PENYUSUN BAHAN HUBLEM ORGNONPEM SUBBIDKERMALEM BID KERMAINFO PUSKOM PUBLIK KEMHAN PUSKOMPUBLIK KEMHAN</jabatan><tmt_jab>2014-12-31</tmt_jab><no_skep>KEP/1510/XII/2014</no_skep><tgl_skep>2014-12-18</tgl_skep></jabatan></riwayat_jabatan><riwayat_pendidikan><pendidikan_umum><pendidikan><nama_dik>SEKOLAH DASAR</nama_dik><tahun_lulus>1974</tahun_lulus></pendidikan><pendidikan><nama_dik>SEKOLAH LANJUTAN TINGKAT PERTAMA (SLTP)</nama_dik><tahun_lulus>1977</tahun_lulus></pendidikan><pendidikan><nama_dik>SEKOLAH LANJUTAN TINGKAT ATAS (SLTA)</nama_dik><tahun_lulus>1981</tahun_lulus></pendidikan><pendidikan><nama_dik>SARJANA MUDA (D.III)</nama_dik><tahun_lulus>1985</tahun_lulus></pendidikan><pendidikan><nama_dik>SARJANA (S1)</nama_dik><tahun_lulus>1993</tahun_lulus></pendidikan></pendidikan_umum><pendidikan_pembentukan><pendidikan><nama_dik>SUS JURNALISTIK&amp;FOTOGRAFI</nama_dik><tahun_lulus>1996</tahun_lulus></pendidikan><pendidikan><nama_dik>DIK LAT PIM TK IV</nama_dik><tahun_lulus>1997</tahun_lulus></pendidikan><pendidikan><nama_dik>TEKNIK PENGELOLAAN MEDIA MASSA DALAM MASA KRISIS</nama_dik><tahun_lulus>2004</tahun_lulus></pendidikan><pendidikan><nama_dik>WORKSHOP ESL. IV GEL. I TGL. 18 s.d. 19 SEPT 2007</nama_dik><tahun_lulus>2007</tahun_lulus></pendidikan></pendidikan_pembentukan></riwayat_pendidikan><riwayat_penugasan></riwayat_penugasan><riwayat_tanda_jasa><tanda_jasa><nama_tanda_jasa>SATYALANCANA KARYA SATYA X TAHUN</nama_tanda_jasa><no_skep>084/TK/TAHUN2003</no_skep><tgl_skep>2003-10-31</tgl_skep></tanda_jasa><tanda_jasa><nama_tanda_jasa>SATYALANCANA KARYA SATYA XX TAHUN</nama_tanda_jasa><no_skep>73 / TK / TAHUN 2011</no_skep><tgl_skep>2011-08-01</tgl_skep></tanda_jasa></riwayat_tanda_jasa><riwayat_bahasa><bahasa><nama_bahasa>BATAK/TAPANULI</nama_bahasa><keterangan>AKTIF</keterangan></bahasa></riwayat_bahasa><riwayat_keluarga><keluarga><nama_keluarga>ALEXANDER LUDOLF THEO.M</nama_keluarga><jenis_kelamin>LAKI-LAKI</jenis_kelamin><tgl_lahir>1969-10-24</tgl_lahir><hubungan>SUAMI</hubungan></keluarga></riwayat_keluarga></personil_kemhan>
