<personil_kemhan><nopeg>196801061988032002</nopeg><nip>030193449</nip><nrp_nip>196801061988032002</nrp_nip><nama>SITI AMINAH</nama><tempat_lahir>Jakarta</tempat_lahir><tgl_lahir>1968-01-06</tgl_lahir><jenis_kelamin>PEREMPUAN</jenis_kelamin><unit_organisasi>U.O. KEMHAN</unit_organisasi><jenis_personil>PNS</jenis_personil><pangkat>PENATA III/C</pangkat><pangkat_corps>PENATA III/C </pangkat_corps><tmt_pangkat>2011-04-01</tmt_pangkat><angkatan_korps>PNS</angkatan_korps><sumber_pa_gol_3>UJIAN DINAS</sumber_pa_gol_3><tmt_pa_gol_3>2004-04-01</tmt_pa_gol_3><kategori_pangkat>III/C</kategori_pangkat><jabatan>PENGOLAH BAHAN KEPUTUSAN SUBBAG TAKAHDIS BAG MINU </jabatan><satker>ROTU SETJEN KEMHAN</satker><kode_jabatan>ANGGOTA</kode_jabatan><tmt_jabatan>2014-12-31</tmt_jabatan><eselon_jabatan>99</eselon_jabatan><kategori>ORGANIK</kategori><tmt_tni>1989-03-01</tmt_tni><agama>ISLAM</agama><file_foto_1>foto/196801061988032002.jpg</file_foto_1><file_foto_2>foto/030193449.jpg</file_foto_2><riwayat_pangkat><pangkat><pangkat>CAPEG II/A</pangkat><tmt_pkt>1988-03-01</tmt_pkt><no_skep>Skep/423/IV/1988</no_skep><tgl_skep>1988-04-26</tgl_skep></pangkat><pangkat><pangkat>PENGATUR MUDA II/A</pangkat><tmt_pkt>1989-06-01</tmt_pkt><no_skep>Skep/731/IV/1989</no_skep><tgl_skep>1989-04-26</tgl_skep></pangkat><pangkat><pangkat>PENGATUR MUDA TK.I  II/B</pangkat><tmt_pkt>1992-04-01</tmt_pkt><no_skep>03-09/007/09/KEP/IV/92</no_skep><tgl_skep>1992-04-24</tgl_skep></pangkat><pangkat><pangkat>PENGATUR II/C</pangkat><tmt_pkt>1996-04-01</tmt_pkt><no_skep>09-09/0007/09/KEP/IV/96</no_skep><tgl_skep>1996-05-02</tgl_skep></pangkat><pangkat><pangkat>PENGATUR TK.I II/D</pangkat><tmt_pkt>2000-04-01</tmt_pkt><no_skep>03-09/016/KEP/IV/2000</no_skep><tgl_skep>2000-06-12</tgl_skep></pangkat><pangkat><pangkat>PENATA MUDA III/A</pangkat><tmt_pkt>2004-04-01</tmt_pkt><no_skep>Skep/84/II/2004</no_skep><tgl_skep>2004-02-20</tgl_skep></pangkat><pangkat><pangkat>PENATA MUDA TK.I III/B</pangkat><tmt_pkt>2007-10-01</tmt_pkt><no_skep>Skep/657/VIII/2007</no_skep><tgl_skep>2007-08-24</tgl_skep></pangkat><pangkat><pangkat>PENATA III/C</pangkat><tmt_pkt>2011-04-01</tmt_pkt><no_skep>Skep/225/III/2011</no_skep><tgl_skep>2011-03-31</tgl_skep></pangkat></riwayat_pangkat><riwayat_jabatan><jabatan><jabatan>PENGATUR PENYALURAN SUBBAGMINU BAG TU ROUM</jabatan><tmt_jab>1998-09-01</tmt_jab><no_skep>SKEP/1122/IX/1998</no_skep><tgl_skep>1998-09-14</tgl_skep></jabatan><jabatan><jabatan>PENGATUR PEMB RAPAT SUBBAG MINU BAG TU ROUM SETJ</jabatan><tmt_jab>2000-09-01</tmt_jab><no_skep>SKEP/961/IX/2000</no_skep><tgl_skep>2000-09-27</tgl_skep></jabatan><jabatan><jabatan>PEMBANTU RAPAT SUBBAG MINU BAG TU ROUM</jabatan><tmt_jab>2000-10-01</tmt_jab><no_skep>SPRIN/966/X/2000</no_skep><tgl_skep>2000-10-13</tgl_skep></jabatan><jabatan><jabatan>TUR PEMBANTU RAPAT SUBBAGMINU BAG TU UM ROTU</jabatan><tmt_jab>2001-03-01</tmt_jab><no_skep>SKEP/250/III/2001</no_skep><tgl_skep>2001-03-21</tgl_skep></jabatan><jabatan><jabatan>Arsiparis Pelaksana Lanjutan Rotu Setjen Dephan</jabatan><tmt_jab>2006-03-01</tmt_jab><no_skep>SPRIN/52/IV/2006</no_skep><tgl_skep>2006-04-24</tgl_skep></jabatan><jabatan><jabatan>Arsiparis Penyelia Rotu Setjen Dephan</jabatan><tmt_jab>2010-06-10</tmt_jab><no_skep>KEP/397/VI/2010</no_skep><tgl_skep>2010-06-15</tgl_skep></jabatan><jabatan><jabatan>PENGADMINISTRASI SURAT KELUAR DAN MASUK SUBBAG  TU WAMEN BAG TU DAN DUK WAMEN  ROTU SETJEN KEMHAN</jabatan><tmt_jab>2011-04-01</tmt_jab><no_skep>Kep/282/IV/2011</no_skep><tgl_skep>2011-04-19</tgl_skep></jabatan><jabatan><jabatan>PENGOLAH BAHAN KEPUTUSAN SUBBAG TAKAHDIS BAG MINU  ROTU SETJEN KEMHAN</jabatan><tmt_jab>2014-12-31</tmt_jab><no_skep>KEP/1485/XII/2014</no_skep><tgl_skep>2014-12-18</tgl_skep></jabatan></riwayat_jabatan><riwayat_pendidikan><pendidikan_umum><pendidikan><nama_dik>SEKOLAH DASAR</nama_dik><tahun_lulus>1981</tahun_lulus></pendidikan><pendidikan><nama_dik>SEKOLAH MENENGAH PERTAMA (SMP)</nama_dik><tahun_lulus>1984</tahun_lulus></pendidikan><pendidikan><nama_dik>SEKOLAH MENENGAH ATAS (SMA)</nama_dik><tahun_lulus>1987</tahun_lulus></pendidikan></pendidikan_umum><pendidikan_pembentukan><pendidikan><nama_dik>SUS MENGETIK</nama_dik><tahun_lulus>1988</tahun_lulus></pendidikan><pendidikan><nama_dik>TAR P-4 25 JAM</nama_dik><tahun_lulus>1988</tahun_lulus></pendidikan><pendidikan><nama_dik>LATPRAJAB TK II</nama_dik><tahun_lulus>1988</tahun_lulus></pendidikan><pendidikan><nama_dik>SUS PROTOKOLER</nama_dik><tahun_lulus>1998</tahun_lulus></pendidikan><pendidikan><nama_dik>DIK LAT PIM TK IV</nama_dik><tahun_lulus>2001</tahun_lulus></pendidikan><pendidikan><nama_dik>UJIAN DINAS TK II</nama_dik><tahun_lulus>2002</tahun_lulus></pendidikan><pendidikan><nama_dik>SUS ARSIPARIS</nama_dik><tahun_lulus>2009</tahun_lulus></pendidikan><pendidikan><nama_dik>SUS TIM PENILAI</nama_dik><tahun_lulus>2012</tahun_lulus></pendidikan></pendidikan_pembentukan></riwayat_pendidikan><riwayat_penugasan></riwayat_penugasan><riwayat_tanda_jasa><tanda_jasa><nama_tanda_jasa>SATYALANCANA KARYA SATYA XX TAHUN</nama_tanda_jasa><no_skep>KEPPRES/62/TK/TAHUN2010</no_skep><tgl_skep>2010-12-01</tgl_skep></tanda_jasa><tanda_jasa><nama_tanda_jasa>SATYALANCANA KARYA SATYA X TAHUN</nama_tanda_jasa><no_skep>KEPPRES/065/TK/TAHUN2001</no_skep></tanda_jasa></riwayat_tanda_jasa><riwayat_bahasa><bahasa><nama_bahasa>INGGRIS</nama_bahasa><keterangan>PASIF</keterangan></bahasa><bahasa><nama_bahasa>INDONESIA</nama_bahasa><keterangan>AKTIF</keterangan></bahasa></riwayat_bahasa><riwayat_keluarga><keluarga><nama_keluarga>Nani Apryani</nama_keluarga><jenis_kelamin>PEREMPUAN</jenis_kelamin><tgl_lahir>1989-04-28</tgl_lahir><hubungan>ANAK</hubungan></keluarga><keluarga><nama_keluarga>Nina Apryanti</nama_keluarga><jenis_kelamin>PEREMPUAN</jenis_kelamin><tgl_lahir>1989-04-28</tgl_lahir><hubungan>ANAK</hubungan></keluarga><keluarga><nama_keluarga>A. Zaenuddin Mutaqin</nama_keluarga><jenis_kelamin>LAKI-LAKI</jenis_kelamin><tgl_lahir>1991-01-17</tgl_lahir><hubungan>ANAK</hubungan></keluarga></riwayat_keluarga></personil_kemhan>
