<personil_kemhan><nopeg>196603191994031001</nopeg><nip>030226349</nip><nrp_nip>196603191994031001</nrp_nip><nama>DWI HARDJONO</nama><gelar>Ir., M.M</gelar><tempat_lahir>YOGYAKARTA</tempat_lahir><tgl_lahir>1966-03-19</tgl_lahir><jenis_kelamin>LAKI-LAKI</jenis_kelamin><unit_organisasi>U.O. KEMHAN</unit_organisasi><jenis_personil>PNS</jenis_personil><pangkat>PEMBINA IV/A</pangkat><pangkat_corps>PEMBINA IV/A </pangkat_corps><tmt_pangkat>2014-10-01</tmt_pangkat><angkatan_korps>PNS</angkatan_korps><sumber_pa_gol_3>CAPEG SARJANA</sumber_pa_gol_3><tmt_pa_gol_3>1995-10-01</tmt_pa_gol_3><kategori_pangkat>IV/A</kategori_pangkat><jabatan>KASUBBAG SAJIINFO BAG DATIN</jabatan><satker>SET ITJEN KEMHAN</satker><kode_jabatan>STRUKTURAL</kode_jabatan><tmt_jabatan>2014-02-10</tmt_jabatan><eselon_jabatan>IV</eselon_jabatan><kategori>ORGANIK</kategori><tmt_tni>1995-10-01</tmt_tni><tmt_kemhan>2007-06-01</tmt_kemhan><agama>ISLAM</agama><file_foto_1>foto/196603191994031001.jpg</file_foto_1><file_foto_2>foto/030226349.jpg</file_foto_2><riwayat_pangkat><pangkat><pangkat>CAPEG III/A</pangkat><tmt_pkt>1994-03-01</tmt_pkt><no_skep>SKEP/20-S10/VI/1994</no_skep><tgl_skep>1994-06-03</tgl_skep></pangkat><pangkat><pangkat>PENATA MUDA III/A</pangkat><tmt_pkt>1995-10-01</tmt_pkt><no_skep>SKEP/39-S1/IX/1995</no_skep><tgl_skep>1995-09-25</tgl_skep></pangkat><pangkat><pangkat>PENATA MUDA TK.I III/B</pangkat><tmt_pkt>1998-04-01</tmt_pkt><no_skep>SKEP/13-S111/VI/1998</no_skep><tgl_skep>1998-06-01</tgl_skep></pangkat><pangkat><pangkat>PENATA III/C</pangkat><tmt_pkt>2002-04-01</tmt_pkt><no_skep>SKEP/23-S111/V/2002</no_skep><tgl_skep>2002-05-15</tgl_skep></pangkat><pangkat><pangkat>PENATA TK.I III/D</pangkat><tmt_pkt>2006-04-01</tmt_pkt><no_skep>SKEP/8-S111/IV/2006</no_skep><tgl_skep>2006-04-07</tgl_skep></pangkat><pangkat><pangkat>PEMBINA IV/A</pangkat><tmt_pkt>2014-10-01</tmt_pkt><no_skep>KEP/1120/M/IX/2014</no_skep><tgl_skep>2014-09-25</tgl_skep></pangkat></riwayat_pangkat><riwayat_jabatan><jabatan><jabatan>KASUBUR HAR MAIN FRAME SUBDISLAHTA DISINFOLAHTAAU</jabatan><tmt_jab>1996-05-01</tmt_jab><no_skep>SKEP/14-SVIIIA/VII/1996</no_skep><tgl_skep>1996-07-01</tgl_skep></jabatan><jabatan><jabatan>KAUR HARJAR KOMAIN SUBSI HARALKOMTA SIJAR KOMTA SUBDIS DUKNIS DISINFOLAHTAAU</jabatan><tmt_jab>1999-04-01</tmt_jab><no_skep>SKEP/14-SVIIIA/V/1999</no_skep><tgl_skep>1999-04-01</tgl_skep></jabatan><jabatan><jabatan>PS. KASUBSI HAJARKOM SUBDIS DUKNIS DISINFOLAHTAAU</jabatan><tmt_jab>2002-01-01</tmt_jab><no_skep>SKEP/6-SVIIIA/I/2002</no_skep><tgl_skep>2002-01-21</tgl_skep></jabatan><jabatan><jabatan>KASUBSI AP BANGKUAT SUBDIS DUKMIN DISINFOLAHTAAU</jabatan><tmt_jab>2004-07-01</tmt_jab><no_skep>SKEP21-SVIIIA/VII/2004</no_skep><tgl_skep>2004-07-20</tgl_skep></jabatan><jabatan><jabatan>KASUBSI APINTELUD SUBDIS SIDUKOPS DISINFOLAHTAAU</jabatan><tmt_jab>2005-06-01</tmt_jab><no_skep>SKEP/14-SVIIIA/VI/2005</no_skep><tgl_skep>2005-06-24</tgl_skep></jabatan><jabatan><jabatan>Kasubbag Doktaka Bag Datin Set Itjen Dephan</jabatan><tmt_jab>2007-06-01</tmt_jab><no_skep>SKEP/512/VII2007</no_skep><tgl_skep>2007-07-02</tgl_skep></jabatan><jabatan><jabatan>Kasubbag Lahdat Bag Datin Set Itjen Dephan</jabatan><tmt_jab>2010-03-05</tmt_jab><no_skep>KEP/128/III/2010</no_skep><tgl_skep>2010-03-04</tgl_skep></jabatan><jabatan><jabatan>KASUBBAG LAHTA BAG DATIN SET ITJEN KEMHAN</jabatan><tmt_jab>2010-09-28</tmt_jab><no_skep>KEP/681/IX/2010</no_skep><tgl_skep>2010-09-28</tgl_skep></jabatan><jabatan><jabatan>KASUBBAG SAJIINFO BAG DATIN SET ITJEN KEMHAN</jabatan><tmt_jab>2014-02-10</tmt_jab><no_skep>KEP/201/II/2014</no_skep><tgl_skep>2014-02-10</tgl_skep></jabatan></riwayat_jabatan><riwayat_pendidikan><pendidikan_umum><pendidikan><nama_dik>SEKOLAH DASAR</nama_dik><tahun_lulus>1980</tahun_lulus></pendidikan><pendidikan><nama_dik>SEKOLAH MENENGAH PERTAMA (SMP)</nama_dik><tahun_lulus>1983</tahun_lulus></pendidikan><pendidikan><nama_dik>SEKOLAH MENENGAH ATAS (SMA)</nama_dik><tahun_lulus>1986</tahun_lulus></pendidikan><pendidikan><nama_dik>SARJANA (S1)</nama_dik><tahun_lulus>1993</tahun_lulus></pendidikan><pendidikan><nama_dik>PASCA SARJANA (S2)</nama_dik><tahun_lulus>2013</tahun_lulus></pendidikan></pendidikan_umum><pendidikan_pembentukan><pendidikan><nama_dik>LATPRAJAB TK.III</nama_dik><tahun_lulus>1994</tahun_lulus></pendidikan><pendidikan><nama_dik>ADUM</nama_dik><tahun_lulus>1996</tahun_lulus></pendidikan><pendidikan><nama_dik>SUS SISTEM JARINGAN NFORMAS DEPHAN</nama_dik><tahun_lulus>1999</tahun_lulus></pendidikan><pendidikan><nama_dik>SUS KIBI III DEPHAN</nama_dik><tahun_lulus>2004</tahun_lulus></pendidikan><pendidikan><nama_dik>WORKSHOP ESL. IV GEL. III TGL. 26 s.d. 27 SEP 2007</nama_dik><tahun_lulus>2007</tahun_lulus></pendidikan><pendidikan><nama_dik>JFA</nama_dik><tahun_lulus>2010</tahun_lulus></pendidikan><pendidikan><nama_dik>DIKLAT FUNGSIONAL ANALIS KEBIJAKAN PERTAHANAN NEGARA</nama_dik><tahun_lulus>2013</tahun_lulus></pendidikan><pendidikan><nama_dik>TRADISI PEMBARETAN PNS KEMHAN</nama_dik><tahun_lulus>2015</tahun_lulus></pendidikan></pendidikan_pembentukan></riwayat_pendidikan><riwayat_penugasan></riwayat_penugasan><riwayat_tanda_jasa><tanda_jasa><nama_tanda_jasa>SATYALANCANA DWIDYA SISTHA</nama_tanda_jasa><no_skep>218/VI1997</no_skep><tgl_skep>1997-05-29</tgl_skep></tanda_jasa><tanda_jasa><nama_tanda_jasa>SATYALANCANA KARYA SATYA X TAHUN</nama_tanda_jasa><no_skep>028/TK/TAHUN 2006</no_skep><tgl_skep>2008-11-28</tgl_skep></tanda_jasa></riwayat_tanda_jasa><riwayat_bahasa><bahasa><nama_bahasa>INGGRIS</nama_bahasa><keterangan>PASIF</keterangan></bahasa><bahasa><nama_bahasa>INDONESIA</nama_bahasa><keterangan>AKTIF</keterangan></bahasa></riwayat_bahasa><riwayat_keluarga><keluarga><nama_keluarga>Dra. LISSADMIYATUN</nama_keluarga><jenis_kelamin>PEREMPUAN</jenis_kelamin><tgl_lahir>1967-08-11</tgl_lahir><hubungan>ISTRI</hubungan></keluarga><keluarga><nama_keluarga>MEGA KUMALA HARDJONO PUTRI</nama_keluarga><jenis_kelamin>PEREMPUAN</jenis_kelamin><tgl_lahir>1999-02-13</tgl_lahir><hubungan>ANAK</hubungan></keluarga></riwayat_keluarga></personil_kemhan>
