<personil_kemhan><nopeg>195908021990031001</nopeg><nip>030207079</nip><nrp_nip>195908021990031001</nrp_nip><nama>SUBIYANTO</nama><gelar>Drs.</gelar><tempat_lahir>Magetan</tempat_lahir><tgl_lahir>1959-08-02</tgl_lahir><jenis_kelamin>LAKI-LAKI</jenis_kelamin><unit_organisasi>U.O. KEMHAN</unit_organisasi><jenis_personil>PNS</jenis_personil><pangkat>PENATA TK.I III/D</pangkat><pangkat_corps>PENATA TK.I III/D </pangkat_corps><tmt_pangkat>2002-04-01</tmt_pangkat><angkatan_korps>PNS</angkatan_korps><sumber_pa_gol_3>CAPEG SARJANA</sumber_pa_gol_3><tmt_pa_gol_3>1990-03-01</tmt_pa_gol_3><kategori_pangkat>III/D</kategori_pangkat><jabatan>KASUBBAG EVLAPGAR BAGREN ROREN DAN KU</jabatan><satker>UNHAN KEMHAN</satker><kode_jabatan>STRUKTURAL</kode_jabatan><tmt_jabatan>2013-02-25</tmt_jabatan><eselon_jabatan>IV</eselon_jabatan><kategori>ORGANIK</kategori><tmt_tni>1991-07-01</tmt_tni><tmt_kemhan>1990-03-01</tmt_kemhan><agama>ISLAM</agama><file_foto_1>foto/195908021990031001.jpg</file_foto_1><file_foto_2>foto/030207079.jpg</file_foto_2><riwayat_pangkat><pangkat><pangkat>CAPEG III/A</pangkat><tmt_pkt>1990-03-01</tmt_pkt><no_skep>SKEP/1010/VI/1990</no_skep><tgl_skep>1990-06-02</tgl_skep></pangkat><pangkat><pangkat>PENATA MUDA III/A</pangkat><tmt_pkt>1991-07-01</tmt_pkt><no_skep>SKEP/1198/VI/1991</no_skep><tgl_skep>1991-06-29</tgl_skep></pangkat><pangkat><pangkat>PENATA MUDA TK.I III/B</pangkat><tmt_pkt>1994-04-01</tmt_pkt><no_skep>SKEP/301/IV/1994</no_skep><tgl_skep>1994-04-05</tgl_skep></pangkat><pangkat><pangkat>PENATA III/C</pangkat><tmt_pkt>1998-04-01</tmt_pkt><no_skep>SKEP/175/IV/1998</no_skep><tgl_skep>1998-04-09</tgl_skep></pangkat><pangkat><pangkat>PENATA TK.I III/D</pangkat><tmt_pkt>2002-04-01</tmt_pkt><no_skep>SKEP/821/VII/2002</no_skep><tgl_skep>2002-07-30</tgl_skep></pangkat></riwayat_pangkat><riwayat_jabatan><jabatan><jabatan>PEMB KAUR TK III/TURDANG DOK BAG PERS ROUM</jabatan><tmt_jab>1992-01-01</tmt_jab><no_skep>SKEP/092/I/1992</no_skep><tgl_skep>1992-01-15</tgl_skep></jabatan><jabatan><jabatan>PSB TK II/DOSIR KEPEG SUBBAGUM BAG PERS ROUM</jabatan><tmt_jab>1993-05-05</tmt_jab><no_skep>SKEP/1148/V/1993</no_skep><tgl_skep>1993-05-05</tgl_skep></jabatan><jabatan><jabatan>PSB TK I PULLAHTA STAT SUBBAGUM BAG PERS ROUM</jabatan><tmt_jab>1998-12-01</tmt_jab><no_skep>SKEP/1420/XII/1998</no_skep><tgl_skep>1998-12-21</tgl_skep></jabatan><jabatan><jabatan>PS. KSP SUNJAB BAG ANJAB RO ORTALA</jabatan><tmt_jab>2001-02-01</tmt_jab><no_skep>SKEP/157/II/2001</no_skep><tgl_skep>2001-02-13</tgl_skep></jabatan><jabatan><jabatan>PSB TK I/TU SUBBAGRENMINRO BAGADABANGPEG ROPEG</jabatan><tmt_jab>2001-03-01</tmt_jab><no_skep>SKEP/382/III/2001</no_skep><tgl_skep>2001-03-28</tgl_skep></jabatan><jabatan><jabatan>KASUBBAG SUNJAB BAGANJAB RO. ORTALA SETJEN DEPHAN</jabatan><tmt_jab>2002-01-01</tmt_jab><no_skep>SKEP/44/I/2002</no_skep><tgl_skep>2002-01-28</tgl_skep></jabatan><jabatan><jabatan>Kasubbag Evlap Bag Tala Roren Setjen Dephan</jabatan><tmt_jab>2006-01-01</tmt_jab><no_skep>SKEP/1098/XII/2005</no_skep><tgl_skep>2006-01-01</tgl_skep></jabatan><jabatan><jabatan>Kasubbag Profjab Bag Tala Roren Setjen Dephan</jabatan><tmt_jab>2008-02-01</tmt_jab><no_skep>SKEP/72/II/2008</no_skep><tgl_skep>2008-02-14</tgl_skep></jabatan><jabatan><jabatan>Kasubbag Sistala Bag Tala Roren Setjen Dephan</jabatan><tmt_jab>2009-03-30</tmt_jab><no_skep>KEP MENHAN NO: KEP/48/III/2009</no_skep><tgl_skep>2009-03-30</tgl_skep></jabatan><jabatan><jabatan>KASUBBAG SISTALA BAG TALA ROREN SETJEN KEMHAN</jabatan><tmt_jab>2010-09-28</tmt_jab><no_skep>KEP MENHAN NOMOR : KEP/681/IX/2010</no_skep><tgl_skep>2010-09-28</tgl_skep></jabatan><jabatan><jabatan>KASUBBAG EVLAPGAR BAGREN ROREN DAN KU UNHAN KEMHAN</jabatan><tmt_jab>2013-02-25</tmt_jab><no_skep>KEP/170/II/2013</no_skep><tgl_skep>2013-02-25</tgl_skep></jabatan></riwayat_jabatan><riwayat_pendidikan><pendidikan_umum><pendidikan><nama_dik>SEKOLAH DASAR</nama_dik><tahun_lulus>1972</tahun_lulus></pendidikan><pendidikan><nama_dik>SEKOLAH MENENGAH PERTAMA (SMP)</nama_dik><tahun_lulus>1975</tahun_lulus></pendidikan><pendidikan><nama_dik>SEKOLAH MENENGAH ATAS (SMA)</nama_dik><tahun_lulus>1979</tahun_lulus></pendidikan><pendidikan><nama_dik>SARJANA (S1)</nama_dik><tahun_lulus>1987</tahun_lulus></pendidikan><pendidikan><nama_dik>PASCA SARJANA (S2)</nama_dik><tahun_lulus>2009</tahun_lulus></pendidikan></pendidikan_umum><pendidikan_pembentukan><pendidikan><nama_dik>SUS KALAK</nama_dik><tahun_lulus>1985</tahun_lulus></pendidikan><pendidikan><nama_dik>SUS MENGETIK</nama_dik><tahun_lulus>1990</tahun_lulus></pendidikan><pendidikan><nama_dik>TAR P4 PENDUKUNG 120 JAM</nama_dik><tahun_lulus>1990</tahun_lulus></pendidikan><pendidikan><nama_dik>TAR P-4 45 JAM</nama_dik><tahun_lulus>1990</tahun_lulus></pendidikan><pendidikan><nama_dik>LATPRAJAB TK.III</nama_dik><tahun_lulus>1990</tahun_lulus></pendidikan><pendidikan><nama_dik>SEPALA</nama_dik><tahun_lulus>1992</tahun_lulus></pendidikan><pendidikan><nama_dik>BINTEK SJDI HUKUM &amp;PER UUD</nama_dik><tahun_lulus>1995</tahun_lulus></pendidikan><pendidikan><nama_dik>SUS KEPEG</nama_dik><tahun_lulus>1996</tahun_lulus></pendidikan><pendidikan><nama_dik>SPEED READING</nama_dik><tahun_lulus>1996</tahun_lulus></pendidikan><pendidikan><nama_dik>SPAMA</nama_dik><tahun_lulus>1999</tahun_lulus></pendidikan><pendidikan><nama_dik>BINTEK SJDI PER UU TK.LANJUTAN</nama_dik><tahun_lulus>1999</tahun_lulus></pendidikan><pendidikan><nama_dik>DIK LAT T.  AKUISISI ARSIP NAS</nama_dik><tahun_lulus>2000</tahun_lulus></pendidikan><pendidikan><nama_dik>SUS JEMEN TEMAN</nama_dik><tahun_lulus>2000</tahun_lulus></pendidikan><pendidikan><nama_dik>SUS KAT MANAJEMEN</nama_dik><tahun_lulus>2003</tahun_lulus></pendidikan><pendidikan><nama_dik>TAR MANAJEMEN</nama_dik><tahun_lulus>2003</tahun_lulus></pendidikan><pendidikan><nama_dik>DIKLAT SUN LAKIP DEPHAN/TNI</nama_dik><tahun_lulus>2003</tahun_lulus></pendidikan><pendidikan><nama_dik>WORKSHOP ESL. IV GEL. III TGL. 26 s.d. 27 SEP 2007</nama_dik><tahun_lulus>2007</tahun_lulus></pendidikan></pendidikan_pembentukan></riwayat_pendidikan><riwayat_penugasan></riwayat_penugasan><riwayat_tanda_jasa><tanda_jasa><nama_tanda_jasa>SATYALANCANA KARYA SATYA X TAHUN</nama_tanda_jasa><no_skep>KEPPRES/063/TK/2002</no_skep><tgl_skep>2002-09-23</tgl_skep></tanda_jasa><tanda_jasa><nama_tanda_jasa>SATYALANCANA KARYA SATYA XX TAHUN</nama_tanda_jasa><no_skep>KEPPRES RI NO. 27/TK/TAHUN 2010</no_skep><tgl_skep>2010-07-20</tgl_skep></tanda_jasa></riwayat_tanda_jasa><riwayat_bahasa><bahasa><nama_bahasa>JAWA</nama_bahasa><keterangan>AKTIF</keterangan></bahasa><bahasa><nama_bahasa>MADURA</nama_bahasa><keterangan>PASIF</keterangan></bahasa><bahasa><nama_bahasa>INGGRIS</nama_bahasa><keterangan>PASIF</keterangan></bahasa></riwayat_bahasa><riwayat_keluarga><keluarga><nama_keluarga>Tri Yuni</nama_keluarga><jenis_kelamin>PEREMPUAN</jenis_kelamin><tgl_lahir>1964-06-16</tgl_lahir><hubungan>ISTRI</hubungan></keluarga><keluarga><nama_keluarga>Satriya Miftah Deniyanto</nama_keluarga><jenis_kelamin>LAKI-LAKI</jenis_kelamin><tgl_lahir>1991-12-03</tgl_lahir><hubungan>ANAK</hubungan></keluarga><keluarga><nama_keluarga>Benny Dwi Admoko</nama_keluarga><jenis_kelamin>LAKI-LAKI</jenis_kelamin><tgl_lahir>1994-12-21</tgl_lahir><hubungan>ANAK</hubungan></keluarga><keluarga><nama_keluarga>Nita Tri Rismadayani</nama_keluarga><jenis_kelamin>LAKI-LAKI</jenis_kelamin><tgl_lahir>1997-10-14</tgl_lahir><hubungan>ANAK</hubungan></keluarga></riwayat_keluarga></personil_kemhan>
