<personil_kemhan><nopeg>196811261989032001</nopeg><nip>030201344</nip><nrp_nip>196811261989032001</nrp_nip><nama>SRI SUKAMTI</nama><tempat_lahir>Purworejo</tempat_lahir><tgl_lahir>1968-11-26</tgl_lahir><jenis_kelamin>PEREMPUAN</jenis_kelamin><unit_organisasi>U.O. KEMHAN</unit_organisasi><jenis_personil>PNS</jenis_personil><pangkat>PENATA MUDA TK.I III/B</pangkat><pangkat_corps>PENATA MUDA TK.I III/B </pangkat_corps><tmt_pangkat>2009-04-01</tmt_pangkat><angkatan_korps>PNS</angkatan_korps><sumber_pa_gol_3>UJIAN DINAS</sumber_pa_gol_3><tmt_pa_gol_3>2005-04-01</tmt_pa_gol_3><kategori_pangkat>III/B</kategori_pangkat><jabatan>PENGADMINISTRASI MINPEG SUBBAG TU BIRO BAGPAM</jabatan><satker>ROUM SETJEN KEMHAN</satker><kode_jabatan>ANGGOTA</kode_jabatan><tmt_jabatan>2014-12-31</tmt_jabatan><eselon_jabatan>99</eselon_jabatan><kategori>ORGANIK</kategori><tmt_tni>1990-05-01</tmt_tni><agama>ISLAM</agama><file_foto_1>foto/196811261989032001.jpg</file_foto_1><file_foto_2>foto/030201344.jpg</file_foto_2><riwayat_pangkat><pangkat><pangkat>CAPEG II/A</pangkat><tmt_pkt>1989-03-01</tmt_pkt><no_skep>SKEP/734/IV/1989</no_skep><tgl_skep>1989-04-26</tgl_skep></pangkat><pangkat><pangkat>PENGATUR MUDA II/A</pangkat><tmt_pkt>1990-05-01</tmt_pkt><no_skep>SKEP/443/IV/1990</no_skep><tgl_skep>1990-04-07</tgl_skep></pangkat><pangkat><pangkat>PENGATUR MUDA TK.I  II/B</pangkat><tmt_pkt>1993-04-01</tmt_pkt><no_skep>03.09/01329/Kep/IV/1993</no_skep><tgl_skep>1993-04-01</tgl_skep></pangkat><pangkat><pangkat>PENGATUR II/C</pangkat><tmt_pkt>1997-03-04</tmt_pkt><no_skep>03-09/00003/KEP/IV/1997</no_skep><tgl_skep>1997-03-04</tgl_skep></pangkat><pangkat><pangkat>PENGATUR TK.I II/D</pangkat><tmt_pkt>2001-04-01</tmt_pkt><no_skep>03-09.73/17/Kep/IV/2001</no_skep><tgl_skep>2001-05-31</tgl_skep></pangkat><pangkat><pangkat>PENATA MUDA III/A</pangkat><tmt_pkt>2005-04-01</tmt_pkt><no_skep>SKEP/160/III/2005</no_skep><tgl_skep>2005-03-14</tgl_skep></pangkat><pangkat><pangkat>PENATA MUDA TK.I III/B</pangkat><tmt_pkt>2009-04-01</tmt_pkt><no_skep>KEP MENHAN NOMOR : KEP/34/III/2009</no_skep><tgl_skep>2009-03-11</tgl_skep></pangkat></riwayat_pangkat><riwayat_jabatan><jabatan><jabatan>ANGG. BAG PERS ROUM</jabatan><tmt_jab>1989-04-26</tmt_jab><no_skep>SKEP/734/IV/1989</no_skep><tgl_skep>1989-04-01</tgl_skep></jabatan><jabatan><jabatan>ANGG. BAG TU ROUM</jabatan><tmt_jab>1992-01-27</tmt_jab><no_skep>SPRIN/153/I/1992</no_skep><tgl_skep>1992-01-01</tgl_skep></jabatan><jabatan><jabatan>TURMIN SUBBAG RENTURO ROUM</jabatan><tmt_jab>1992-03-04</tmt_jab><no_skep>SPRIN/485/III/1992</no_skep><tgl_skep>1992-03-01</tgl_skep></jabatan><jabatan><jabatan>TURMIN TU SUBBAG RENTORO BAG TU ROUM</jabatan><tmt_jab>1998-09-01</tmt_jab><no_skep>SKEP/1122/IX/1998</no_skep><tgl_skep>1998-11-14</tgl_skep></jabatan><jabatan><jabatan>TURMIN KAROUM SUBBAG RENMINRO BAGPAM</jabatan><tmt_jab>2001-04-01</tmt_jab><no_skep>SKEP/357/V/2001</no_skep><tgl_skep>2001-05-03</tgl_skep></jabatan><jabatan><jabatan>Anggota Subbag Minro Bagpam Roum Setjen Dephan</jabatan><tmt_jab>2006-08-01</tmt_jab><no_skep>SKEP/550/VIII/2006</no_skep><tgl_skep>2006-08-03</tgl_skep></jabatan><jabatan><jabatan>Pengolah Administrasi Umum Subbagminro Bagpam</jabatan><tmt_jab>2010-07-27</tmt_jab><no_skep>KEP/553/VII/2010</no_skep><tgl_skep>2010-07-28</tgl_skep></jabatan><jabatan><jabatan>PENGADMINISTRASI KEPEGAWAIAN SUBBAG TU BIRO BAGPAM ROUM SETJEN KEMHAN ROUM SETJEN KEMHAN</jabatan><tmt_jab>2011-04-01</tmt_jab><no_skep>KEP/285/IV/2011</no_skep><tgl_skep>2011-04-19</tgl_skep></jabatan><jabatan><jabatan>PENGADMINISTRASI MINPEG SUBBAG TU BIRO BAGPAM ROUM SETJEN KEMHAN</jabatan><tmt_jab>2014-12-31</tmt_jab><no_skep>KEP/1484/XIV/2014</no_skep><tgl_skep>2014-12-18</tgl_skep></jabatan></riwayat_jabatan><riwayat_pendidikan><pendidikan_umum><pendidikan><nama_dik>SEKOLAH DASAR</nama_dik><tahun_lulus>1981</tahun_lulus></pendidikan><pendidikan><nama_dik>SEKOLAH LANJUTAN TINGKAT PERTAMA (SLTP)</nama_dik><tahun_lulus>1984</tahun_lulus></pendidikan><pendidikan><nama_dik>SEKOLAH LANJUTAN TINGKAT ATAS (SLTA)</nama_dik><tahun_lulus>1987</tahun_lulus></pendidikan></pendidikan_umum><pendidikan_pembentukan><pendidikan><nama_dik>LATPRAJAB</nama_dik><tahun_lulus>1990</tahun_lulus></pendidikan><pendidikan><nama_dik>SUS MINU TK. III</nama_dik><tahun_lulus>1991</tahun_lulus></pendidikan><pendidikan><nama_dik>SUS OPERATOR KOMPUTER</nama_dik><tahun_lulus>1999</tahun_lulus></pendidikan></pendidikan_pembentukan></riwayat_pendidikan><riwayat_penugasan></riwayat_penugasan><riwayat_tanda_jasa><tanda_jasa><nama_tanda_jasa>SATYALANCANA KARYA SATYA X TAHUN</nama_tanda_jasa><no_skep>KEPPRES RI.079/TK.TAHUN 2005</no_skep><tgl_skep>2005-10-10</tgl_skep></tanda_jasa><tanda_jasa><nama_tanda_jasa>SATYALANCANA KARYA SATYA XX TAHUN</nama_tanda_jasa><no_skep>62/TK/TAHUN 2010</no_skep><tgl_skep>2010-12-01</tgl_skep></tanda_jasa></riwayat_tanda_jasa><riwayat_bahasa><bahasa><nama_bahasa>JAWA</nama_bahasa><keterangan>AKTIF</keterangan></bahasa><bahasa><nama_bahasa>INGGRIS</nama_bahasa><keterangan>PASIF</keterangan></bahasa><bahasa><nama_bahasa>INDONESIA</nama_bahasa><keterangan>AKTIF</keterangan></bahasa></riwayat_bahasa><riwayat_keluarga><keluarga><nama_keluarga>WEMPI IDRUS</nama_keluarga><jenis_kelamin>LAKI-LAKI</jenis_kelamin><tgl_lahir>1958-12-27</tgl_lahir><hubungan>SUAMI</hubungan></keluarga><keluarga><nama_keluarga>SYELVIA RAHMA</nama_keluarga><jenis_kelamin>PEREMPUAN</jenis_kelamin><tgl_lahir>2007-09-14</tgl_lahir><hubungan>ANAK</hubungan></keluarga></riwayat_keluarga></personil_kemhan>
