<personil_kemhan><nopeg>196602101989031001</nopeg><nip>030201928</nip><nrp_nip>196602101989031001</nrp_nip><nama>HASBULLAH</nama><tempat_lahir>Bogor</tempat_lahir><tgl_lahir>1966-02-10</tgl_lahir><jenis_kelamin>LAKI-LAKI</jenis_kelamin><unit_organisasi>U.O. KEMHAN</unit_organisasi><jenis_personil>PNS</jenis_personil><pangkat>PENATA MUDA III/A</pangkat><pangkat_corps>PENATA MUDA III/A </pangkat_corps><tmt_pangkat>2008-10-01</tmt_pangkat><angkatan_korps>PNS</angkatan_korps><sumber_pa_gol_3>UJIAN DINAS</sumber_pa_gol_3><tmt_pa_gol_3>2008-08-21</tmt_pa_gol_3><kategori_pangkat>III/A</kategori_pangkat><jabatan>PENGOLAH BAHAN JIANINT SI HARMONISASI &quot;C&quot; SUBDIT HARMONISASI DIREKTORAT PERATURAN PERUU</jabatan><satker>DITJEN STRAHAN KEMHAN</satker><kode_jabatan>ANGGOTA</kode_jabatan><tmt_jabatan>2014-12-31</tmt_jabatan><eselon_jabatan>99</eselon_jabatan><kategori>ORGANIK</kategori><tmt_tni>1990-05-01</tmt_tni><tmt_kemhan>1989-05-25</tmt_kemhan><agama>ISLAM</agama><file_foto_1>foto/196602101989031001.jpg</file_foto_1><file_foto_2>foto/030201928.jpg</file_foto_2><riwayat_pangkat><pangkat><pangkat>CAPEG I/B</pangkat><tmt_pkt>1989-03-01</tmt_pkt><no_skep>SKEP/897/V/1989</no_skep><tgl_skep>1989-06-25</tgl_skep></pangkat><pangkat><pangkat>JURU MUDA TK. I  I/B</pangkat><tmt_pkt>1990-05-01</tmt_pkt><no_skep>SKEP/494/IV/1990</no_skep><tgl_skep>1990-04-11</tgl_skep></pangkat><pangkat><pangkat>PENGATUR MUDA II/A</pangkat><tmt_pkt>1992-10-01</tmt_pkt><no_skep>03.09.010089/KEP/X/1992</no_skep><tgl_skep>1992-10-15</tgl_skep></pangkat><pangkat><pangkat>PENGATUR MUDA TK.I  II/B</pangkat><tmt_pkt>1996-10-01</tmt_pkt><no_skep>03.09.00011/KEP/X/1996</no_skep><tgl_skep>1996-10-09</tgl_skep></pangkat><pangkat><pangkat>PENGATUR II/C</pangkat><tmt_pkt>2000-10-01</tmt_pkt><no_skep>03.09.001012/KEP/X/2000</no_skep><tgl_skep>2000-04-16</tgl_skep></pangkat><pangkat><pangkat>PENGATUR TK.I II/D</pangkat><tmt_pkt>2004-10-01</tmt_pkt><no_skep>SKEP/550/VIII/2004</no_skep><tgl_skep>2004-04-16</tgl_skep></pangkat><pangkat><pangkat>PENATA MUDA III/A</pangkat><tmt_pkt>2008-10-01</tmt_pkt><no_skep>SKEP/429/VIII/2008</no_skep><tgl_skep>2008-08-21</tgl_skep></pangkat></riwayat_pangkat><riwayat_jabatan><jabatan><jabatan>ANGG. BAGRUMGA ROUM SETJEN DEPHAN</jabatan><tmt_jab>1989-03-01</tmt_jab><no_skep>SKEP/897/V/1989</no_skep><tgl_skep>1989-05-25</tgl_skep></jabatan><jabatan><jabatan>PENGATUR UNIT USAHA PRIMKOP SETJEN DEPHAN</jabatan><tmt_jab>2000-09-01</tmt_jab><no_skep>SKEP/991/IX/2000</no_skep><tgl_skep>2000-09-27</tgl_skep></jabatan><jabatan><jabatan>TURMIN SUBBAG KAT BAG BINKARPEG ROPEG</jabatan><tmt_jab>2001-05-03</tmt_jab><no_skep>SKEP/357/V/2001</no_skep><tgl_skep>2001-04-01</tgl_skep></jabatan><jabatan><jabatan>STAF IRPEG ITJEN DEPHAN</jabatan><tmt_jab>2002-04-20</tmt_jab><no_skep>SPRIN/065/V/2001</no_skep><tgl_skep>2001-05-20</tgl_skep></jabatan><jabatan><jabatan>STAF SES ITJEN DEPHAN</jabatan><tmt_jab>2002-09-03</tmt_jab><no_skep>SPRIN/113/IX/2002</no_skep><tgl_skep>2002-09-03</tgl_skep></jabatan><jabatan><jabatan>TURMIN SUBBAGRENMINRO ROPEG SETJEN DEPHAN</jabatan><tmt_jab>2003-09-01</tmt_jab><no_skep>SKEP/1371/IX/2003</no_skep><tgl_skep>2003-09-11</tgl_skep></jabatan><jabatan><jabatan>ANGGOTA SUBBAGMINRO BAGADABANGPEG ROPEG SETJEN DEPHAN</jabatan><tmt_jab>2006-03-01</tmt_jab><no_skep>SKEP/201/III/2006</no_skep><tgl_skep>2006-03-27</tgl_skep></jabatan><jabatan><jabatan>Arsiparis Pelaksana Lanjutan Ropeg Setjen Dephan</jabatan><tmt_jab>2009-04-01</tmt_jab><no_skep>KEP MENHAN : KEP/253/XII/2009</no_skep><tgl_skep>2009-12-11</tgl_skep></jabatan><jabatan><jabatan>ARSIPARIS PELAKSANA LANJUTANN SUBBAG TU BIRO BAGADABANGPEG ROPEG SETJEN KEMHAN</jabatan><tmt_jab>2010-05-01</tmt_jab><tgl_skep>2010-05-01</tgl_skep></jabatan><jabatan><jabatan>PENGADMINISTRASI SUBBAGRUMGA BAGUM SET DITJEN STRAHAN KEMHAN</jabatan><tmt_jab>2011-06-16</tmt_jab><no_skep>SPRIN/78/VI/2011</no_skep><tgl_skep>2011-06-16</tgl_skep></jabatan><jabatan><jabatan>PENGADMINISTRASI WABKU SUBBAG TU DIT KUMSTRAHAN DITJEN STRAHAN KEMHAN</jabatan><tmt_jab>2012-04-09</tmt_jab><no_skep>KEP/275/IV/2012</no_skep><tgl_skep>2012-04-12</tgl_skep></jabatan><jabatan><jabatan>PENGOLAH BAHAN EKONOMI SI EKONOMI SUBDIT LAHKUMHAN DIT KUMSTRA DITJEN STRAHAN KEMHAN</jabatan><tmt_jab>2014-02-05</tmt_jab><no_skep>KEP/144/II/2014</no_skep><tgl_skep>2014-02-11</tgl_skep></jabatan><jabatan><jabatan>PENGOLAH BAHAN JIANINT SI HARMONISASI &quot;C&quot; SUBDIT HARMONISASI DIREKTORAT PERATURAN PERUU DITJEN STRAHAN KEMHAN</jabatan><tmt_jab>2014-12-31</tmt_jab><no_skep>KEP/1494/XII/2014</no_skep><tgl_skep>2014-12-18</tgl_skep></jabatan></riwayat_jabatan><riwayat_pendidikan><pendidikan_umum><pendidikan><nama_dik>SEKOLAH DASAR</nama_dik><tahun_lulus>1981</tahun_lulus></pendidikan><pendidikan><nama_dik>SEKOLAH LANJUTAN TINGKAT PERTAMA (SLTP)</nama_dik><tahun_lulus>1984</tahun_lulus></pendidikan><pendidikan><nama_dik>SEKOLAH LANJUTAN TINGKAT ATAS (SLTA)</nama_dik><tahun_lulus>1991</tahun_lulus></pendidikan></pendidikan_umum><pendidikan_pembentukan><pendidikan><nama_dik>LATPRAJAB TK II</nama_dik><tahun_lulus>1990</tahun_lulus></pendidikan><pendidikan><nama_dik>SUS OPERATOR MIKRO WINDOWS</nama_dik><tahun_lulus>1999</tahun_lulus></pendidikan><pendidikan><nama_dik>Dik Arsiparis Jarak Jauh</nama_dik><tahun_lulus>2011</tahun_lulus></pendidikan><pendidikan><nama_dik>SUS ARSIPARIS TINGKAT TERAMPIL</nama_dik><tahun_lulus>2011</tahun_lulus></pendidikan></pendidikan_pembentukan></riwayat_pendidikan><riwayat_penugasan></riwayat_penugasan><riwayat_tanda_jasa><tanda_jasa><nama_tanda_jasa>SATYALANCANA KARYA SATYA X TAHUN</nama_tanda_jasa><no_skep>047/TK/TAHUN 2005</no_skep><tgl_skep>2005-07-11</tgl_skep></tanda_jasa><tanda_jasa><nama_tanda_jasa>SATYALANCANA KARYA SATYA XX TAHUN</nama_tanda_jasa><no_skep>KEPPRES/27/TK/2010</no_skep><tgl_skep>2010-07-20</tgl_skep></tanda_jasa></riwayat_tanda_jasa><riwayat_bahasa><bahasa><nama_bahasa>JAWA</nama_bahasa><keterangan>PASIF</keterangan></bahasa><bahasa><nama_bahasa>SUNDA</nama_bahasa><keterangan>AKTIF</keterangan></bahasa></riwayat_bahasa><riwayat_keluarga><keluarga><nama_keluarga>WASLIAH</nama_keluarga><jenis_kelamin>PEREMPUAN</jenis_kelamin><tgl_lahir>1970-05-15</tgl_lahir><hubungan>ISTRI</hubungan></keluarga><keluarga><nama_keluarga>ELANG MUHAMMAD JAYA</nama_keluarga><jenis_kelamin>LAKI-LAKI</jenis_kelamin><tgl_lahir>1998-10-09</tgl_lahir><hubungan>ANAK</hubungan></keluarga></riwayat_keluarga></personil_kemhan>
