<personil_kemhan><nopeg>197202011998031001</nopeg><nip>030241261</nip><nrp_nip>197202011998031001</nrp_nip><nama>SAHALA NAPITUPULU</nama><tempat_lahir>SIGUMPAR</tempat_lahir><tgl_lahir>1972-02-01</tgl_lahir><jenis_kelamin>LAKI-LAKI</jenis_kelamin><unit_organisasi>U.O. KEMHAN</unit_organisasi><jenis_personil>PNS</jenis_personil><pangkat>PENGATUR TK.I II/D</pangkat><pangkat_corps>PENGATUR TK.I II/D </pangkat_corps><tmt_pangkat>2010-04-01</tmt_pangkat><angkatan_korps>PNS</angkatan_korps><kategori_pangkat>II/C</kategori_pangkat><jabatan>OPERATOR KOMPUTER SUBBAG DUKMEN BAG DUKMINMEN</jabatan><satker>ROTU SETJEN KEMHAN</satker><kode_jabatan>ANGGOTA</kode_jabatan><tmt_jabatan>2014-12-31</tmt_jabatan><eselon_jabatan>99</eselon_jabatan><kategori>ORGANIK</kategori><tmt_tni>1999-08-23</tmt_tni><tmt_kemhan>1998-09-02</tmt_kemhan><agama>PROTESTAN</agama><file_foto_1>foto/197202011998031001.jpg</file_foto_1><file_foto_2>foto/030241261.jpg</file_foto_2><riwayat_pangkat><pangkat><pangkat>CAPEG II/A</pangkat><tmt_pkt>1998-03-01</tmt_pkt><no_skep>SKEP/1029/IX/1998</no_skep><tgl_skep>1998-09-02</tgl_skep></pangkat><pangkat><pangkat>PENGATUR MUDA II/A</pangkat><tmt_pkt>1999-10-01</tmt_pkt><no_skep>SKEP/1001/VIII/1999</no_skep><tgl_skep>1999-08-25</tgl_skep></pangkat><pangkat><pangkat>PENGATUR MUDA TK.I  II/B</pangkat><tmt_pkt>2002-10-01</tmt_pkt><no_skep>SKEP/845/VII/2002</no_skep><tgl_skep>2002-07-31</tgl_skep></pangkat><pangkat><pangkat>PENGATUR II/C</pangkat><tmt_pkt>2006-03-09</tmt_pkt><no_skep>SKEP/156/III/2006</no_skep><tgl_skep>2006-04-01</tgl_skep></pangkat><pangkat><pangkat>PENGATUR TK.I II/D</pangkat><tmt_pkt>2010-04-01</tmt_pkt><no_skep>KEP/153/III/2010</no_skep><tgl_skep>2010-03-12</tgl_skep></pangkat></riwayat_pangkat><riwayat_jabatan><jabatan><jabatan>TURTIK/OPRKOMP SUBBAG LITPUB BAGBRA ROHUMAS</jabatan><tmt_jab>2001-03-01</tmt_jab><no_skep>SKEP/263/III/2001</no_skep><tgl_skep>2001-03-22</tgl_skep></jabatan><jabatan><jabatan>ANGGOTA SUBBAG RENMINRO BAG MINPROT SETJEN KEMHAN PUSKOMPUBLIK KEMHAN</jabatan><tmt_jab>2002-10-02</tmt_jab><no_skep>SPRIN/60/X/2002</no_skep><tgl_skep>2002-10-02</tgl_skep></jabatan><jabatan><jabatan>TURMIN PROTOKOL SUBBAG PROTOKOL BAG MINPROT ROHUMAS SETJEN KEMHAN PUSKOMPUBLIK KEMHAN</jabatan><tmt_jab>2005-02-25</tmt_jab><no_skep>SPRIN/12/II/2005</no_skep><tgl_skep>2005-02-25</tgl_skep></jabatan><jabatan><jabatan>ANGGOTA SUBBAG PROTOKOL BAGBANMINPIM BIRO TU SETJEN KEMHAN ROTU SETJEN KEMHAN</jabatan><tmt_jab>2006-03-01</tmt_jab><no_skep>SKEP/115/II/2006</no_skep><tgl_skep>2006-02-27</tgl_skep></jabatan><jabatan><jabatan>ANGGOTA SUBBAG PROTMEN BAG BANMINPIN ROTU SETJEN ROTU SETJEN KEMHAN</jabatan><tmt_jab>2006-04-24</tmt_jab><no_skep>SPRIN/55/IV/2006</no_skep><tgl_skep>2006-04-24</tgl_skep></jabatan><jabatan><jabatan>ANGGOTA SEKRETARIAT  TIM SIUPERVISI TRANSFORMASI BISNIS  (TSTB)  TNI ROTU SETJEN KEMHAN</jabatan><tmt_jab>2007-08-31</tmt_jab><no_skep>KEP-01/TSTB/2007</no_skep><tgl_skep>2007-08-31</tgl_skep></jabatan><jabatan><jabatan>ANGGOTA SEKRETARIAT TIM PELAKSANA  TIMNAS PENGALIHAN AKTIFITAS BISNIS TNI ROTU SETJEN KEMHAN</jabatan><tmt_jab>2008-06-03</tmt_jab><no_skep>SPRIN/230/VI/2008</no_skep><tgl_skep>2008-06-03</tgl_skep></jabatan><jabatan><jabatan>PENGEMUDI SUBBAG DUKMEN BAG TU DUKMEN ROTU SETJEN KEMHAN ROTU SETJEN KEMHAN</jabatan><tmt_jab>2010-07-19</tmt_jab><no_skep>KEP/526/VII/2010</no_skep><tgl_skep>2010-07-27</tgl_skep></jabatan><jabatan><jabatan>PETUGAS RUMGA MENTERI SUBBAG DUKMEN BAG ROTU SETJEN KEMHAN</jabatan><tmt_jab>2011-04-14</tmt_jab><no_skep>KEP/282/IV/2011</no_skep><tgl_skep>2011-04-19</tgl_skep></jabatan><jabatan><jabatan>ANGGOTA ROTU SETJEN KEMHAN</jabatan><tmt_jab>2012-09-28</tmt_jab><no_skep>KEP/775/IX/2012</no_skep><tgl_skep>2012-09-24</tgl_skep></jabatan><jabatan><jabatan>OPERATOR KOMPUTER BAG TU DA DUKMEN ROTU SETJEN KEMHAN</jabatan><tmt_jab>2013-05-03</tmt_jab><no_skep>KEP/423/V/2013</no_skep><tgl_skep>2013-05-03</tgl_skep></jabatan><jabatan><jabatan>OPERATOR KOMPUTER SUBBAG DUKMEN BAG DUKMINMEN ROTU SETJEN KEMHAN</jabatan><tmt_jab>2014-12-31</tmt_jab><no_skep>KEP/1485/XII/2014</no_skep><tgl_skep>2014-12-18</tgl_skep></jabatan></riwayat_jabatan><riwayat_pendidikan><pendidikan_umum><pendidikan><nama_dik>SEKOLAH DASAR</nama_dik><tahun_lulus>1985</tahun_lulus></pendidikan><pendidikan><nama_dik>SEKOLAH LANJUTAN TINGKAT PERTAMA (SLTP)</nama_dik><tahun_lulus>1988</tahun_lulus></pendidikan><pendidikan><nama_dik>SEKOLAH LANJUTAN TINGKAT ATAS (SLTA)</nama_dik><tahun_lulus>1992</tahun_lulus></pendidikan></pendidikan_umum><pendidikan_pembentukan><pendidikan><nama_dik>SUS DASAR INTERNET</nama_dik><tahun_lulus>1992</tahun_lulus></pendidikan><pendidikan><nama_dik>SUS PROGRAMMER DBASE III+</nama_dik><tahun_lulus>1993</tahun_lulus></pendidikan><pendidikan><nama_dik>LATSARMIL</nama_dik><tahun_lulus>1998</tahun_lulus></pendidikan><pendidikan><nama_dik>TAR P-4 25 JAM</nama_dik><tahun_lulus>1998</tahun_lulus></pendidikan><pendidikan><nama_dik>LATPRAJAB TK II</nama_dik><tahun_lulus>1998</tahun_lulus></pendidikan><pendidikan><nama_dik>SUS POWERPOINT</nama_dik><tahun_lulus>2000</tahun_lulus></pendidikan><pendidikan><nama_dik>SUS FOTO GRAFY</nama_dik><tahun_lulus>2002</tahun_lulus></pendidikan><pendidikan><nama_dik>SUS INTERNET PROGRAM</nama_dik><tahun_lulus>2003</tahun_lulus></pendidikan><pendidikan><nama_dik>SUS KESEKRETARIATAN</nama_dik><tahun_lulus>2006</tahun_lulus></pendidikan><pendidikan><nama_dik>SUS VISUAL FOXPRO </nama_dik><tahun_lulus>2008</tahun_lulus></pendidikan><pendidikan><nama_dik>LAT KOMCAD</nama_dik><tahun_lulus>2014</tahun_lulus></pendidikan></pendidikan_pembentukan></riwayat_pendidikan><riwayat_penugasan></riwayat_penugasan><riwayat_tanda_jasa></riwayat_tanda_jasa><riwayat_bahasa><bahasa><nama_bahasa>BATAK/TAPANULI</nama_bahasa><keterangan>AKTIF</keterangan></bahasa><bahasa><nama_bahasa>INDONESIA</nama_bahasa><keterangan>AKTIF</keterangan></bahasa></riwayat_bahasa><riwayat_keluarga><keluarga><nama_keluarga>RUSMAWATI SILAEN</nama_keluarga><jenis_kelamin>PEREMPUAN</jenis_kelamin><tgl_lahir>1972-09-03</tgl_lahir><hubungan>ISTRI</hubungan></keluarga><keluarga><nama_keluarga>MONIKA</nama_keluarga><jenis_kelamin>PEREMPUAN</jenis_kelamin><tgl_lahir>1998-12-23</tgl_lahir><hubungan>ANAK</hubungan></keluarga><keluarga><nama_keluarga>MONALISA</nama_keluarga><jenis_kelamin>PEREMPUAN</jenis_kelamin><tgl_lahir>1998-12-23</tgl_lahir><hubungan>ANAK</hubungan></keluarga><keluarga><nama_keluarga>FRISKILA NOVELIA NAPITUPULU</nama_keluarga><jenis_kelamin>PEREMPUAN</jenis_kelamin><tgl_lahir>2004-11-16</tgl_lahir><hubungan>ANAK</hubungan></keluarga><keluarga><nama_keluarga>ELSHADDAI NAPITUPULU</nama_keluarga><jenis_kelamin>PEREMPUAN</jenis_kelamin><tgl_lahir>2008-05-08</tgl_lahir><hubungan>ANAK</hubungan></keluarga></riwayat_keluarga></personil_kemhan>
