<personil_kemhan><nopeg>196112241987032001</nopeg><nip>030187687</nip><nrp_nip>196112241987032001</nrp_nip><nama>POLMARIA TURNIP</nama><tempat_lahir>Jiorsasada</tempat_lahir><tgl_lahir>1961-12-24</tgl_lahir><jenis_kelamin>PEREMPUAN</jenis_kelamin><unit_organisasi>U.O. KEMHAN</unit_organisasi><jenis_personil>PNS</jenis_personil><pangkat>PENATA MUDA TK.I III/B</pangkat><pangkat_corps>PENATA MUDA TK.I III/B </pangkat_corps><tmt_pangkat>2007-04-01</tmt_pangkat><angkatan_korps>PNS</angkatan_korps><sumber_pa_gol_3>UJIAN DINAS</sumber_pa_gol_3><kategori_pangkat>III/B</kategori_pangkat><jabatan>PENGOLAH BAHAN JARINFODOK SERTA PERPUSTAKAAN SI JARINFODOK SERTA PERPUSTAKAAN SUBDIT LAHINFOKUMHAN DIREKTORAT PERATURAN PERUU</jabatan><satker>DITJEN STRAHAN KEMHAN</satker><kode_jabatan>ANGGOTA</kode_jabatan><tmt_jabatan>2014-12-31</tmt_jabatan><eselon_jabatan>99</eselon_jabatan><kategori>ORGANIK</kategori><tmt_tni>1988-12-01</tmt_tni><tmt_kemhan>1987-03-01</tmt_kemhan><agama>KATHOLIK</agama><file_foto_1>foto/196112241987032001.jpg</file_foto_1><file_foto_2>foto/030187687.jpg</file_foto_2><riwayat_pangkat><pangkat><pangkat>CAPEG II/A</pangkat><tmt_pkt>1987-03-01</tmt_pkt><no_skep>SKEP/583/V/1987</no_skep><tgl_skep>1987-05-04</tgl_skep></pangkat><pangkat><pangkat>PENGATUR MUDA II/A</pangkat><tmt_pkt>1988-12-01</tmt_pkt><no_skep>SKEP/1708/XI/1988</no_skep><tgl_skep>1988-11-14</tgl_skep></pangkat><pangkat><pangkat>PENGATUR MUDA TK.I  II/B</pangkat><tmt_pkt>1990-10-01</tmt_pkt><no_skep>SKEP/225/III/1991</no_skep><tgl_skep>1991-03-27</tgl_skep></pangkat><pangkat><pangkat>PENGATUR II/C</pangkat><tmt_pkt>1995-04-01</tmt_pkt><no_skep>03-09/04802/KEP/IV/1995</no_skep><tgl_skep>1995-06-15</tgl_skep></pangkat><pangkat><pangkat>PENGATUR TK.I II/D</pangkat><tmt_pkt>1999-04-01</tmt_pkt><no_skep>03-09.00/023/KEP/IV/1999</no_skep><tgl_skep>1999-04-23</tgl_skep></pangkat><pangkat><pangkat>PENATA MUDA III/A</pangkat><tmt_pkt>2003-04-01</tmt_pkt><no_skep>SKEP/774//V/2003</no_skep><tgl_skep>2003-05-22</tgl_skep></pangkat><pangkat><pangkat>PENATA MUDA TK.I III/B</pangkat><tmt_pkt>2007-04-01</tmt_pkt><no_skep>SKEP/153/III/2007</no_skep><tgl_skep>2007-03-06</tgl_skep></pangkat></riwayat_pangkat><riwayat_jabatan><jabatan><jabatan>STAF ROPAM SETJEN DEPHANKAM</jabatan><tmt_jab>1990-11-01</tmt_jab><no_skep>SPRIN/2157/XI/1990</no_skep><tgl_skep>1990-11-30</tgl_skep></jabatan><jabatan><jabatan>PENGATUR MIN. SUBBAG PERPHANKAMUM BAG TU BUMN ROPAM SETJEN DE</jabatan><tmt_jab>1991-01-06</tmt_jab><no_skep>SPRIN/05/I/1991/ROPAM</no_skep><tgl_skep>1991-01-10</tgl_skep></jabatan><jabatan><jabatan>TURTIK SUBBAG EVBANG BAG TU BUMN ROPAM SETJEN DEPHANKAM</jabatan><tmt_jab>1998-10-01</tmt_jab><no_skep>SKEP/1446/XII/1998</no_skep><tgl_skep>1998-12-30</tgl_skep></jabatan><jabatan><jabatan>TURMIN UMUM SUBBAG RENBAG BANKUM ROKUM</jabatan><tmt_jab>2001-03-01</tmt_jab><no_skep>SKEP/247/III/2001</no_skep><tgl_skep>2001-03-21</tgl_skep></jabatan><jabatan><jabatan>Anggota Subbag Minro Bag Yankum Rohukum Setjen Dephan</jabatan><tmt_jab>2007-09-01</tmt_jab><no_skep>SKEP/735/IX/2007</no_skep><tgl_skep>2007-09-20</tgl_skep></jabatan><jabatan><jabatan>PENGADMINISTRASI UMUM SUBBAGMINRO BAGYANKUM</jabatan><tmt_jab>2010-05-24</tmt_jab><no_skep>KEP/348/V/2010</no_skep><tgl_skep>2010-05-26</tgl_skep></jabatan><jabatan><jabatan>PENGADMINISTRASI KETATUSAHAAN SUBBAG TU  DIT KUMSTRA DITJEN STRAHAN KEMHAN</jabatan><tmt_jab>2011-03-07</tmt_jab><no_skep>KEP MENHAN NOMOR : KEP/150/III/2011</no_skep><tgl_skep>2011-03-09</tgl_skep></jabatan><jabatan><jabatan>PENGOLAH BAHAN DOKPUBLIK SUBDITINFOKUM DIT KUMSTRA DITJEN STRAHAN KEMHAN</jabatan><tmt_jab>2012-04-09</tmt_jab><no_skep>KEP/275/IV/2012</no_skep><tgl_skep>2012-04-12</tgl_skep></jabatan><jabatan><jabatan>PENGOLAH BAHAN JARINFODOK SERTA PERPUSTAKAAN SI JARINFODOK SERTA PERPUSTAKAAN SUBDIT LAHINFOKUMHAN DIREKTORAT PERATURAN PERUU DITJEN STRAHAN KEMHAN</jabatan><tmt_jab>2014-12-31</tmt_jab><no_skep>KEP/1494/XII/2014</no_skep><tgl_skep>2014-12-18</tgl_skep></jabatan></riwayat_jabatan><riwayat_pendidikan><pendidikan_umum><pendidikan><nama_dik>SEKOLAH DASAR</nama_dik><tahun_lulus>1975</tahun_lulus></pendidikan><pendidikan><nama_dik>SEKOLAH LANJUTAN TINGKAT PERTAMA (SLTP)</nama_dik><tahun_lulus>1979</tahun_lulus></pendidikan><pendidikan><nama_dik>SEKOLAH LANJUTAN TINGKAT ATAS (SLTA)</nama_dik><tahun_lulus>1981</tahun_lulus></pendidikan></pendidikan_umum><pendidikan_pembentukan><pendidikan><nama_dik>LATPRAJAB TK II</nama_dik><tahun_lulus>1987</tahun_lulus></pendidikan><pendidikan><nama_dik>TAR P-4 25 JAM</nama_dik><tahun_lulus>1988</tahun_lulus></pendidikan><pendidikan><nama_dik>UJIAN DINAS TK II</nama_dik><tahun_lulus>2002</tahun_lulus></pendidikan><pendidikan><nama_dik>DIK LAT PIM TK IV</nama_dik><tahun_lulus>2004</tahun_lulus></pendidikan></pendidikan_pembentukan></riwayat_pendidikan><riwayat_penugasan></riwayat_penugasan><riwayat_tanda_jasa><tanda_jasa><nama_tanda_jasa>SATYALANCANA KARYA SATYA XX TAHUN</nama_tanda_jasa><no_skep>KEPPRES RI NOMOR 022/TK/TAHUN 2008</no_skep><tgl_skep>2008-06-24</tgl_skep></tanda_jasa><tanda_jasa><nama_tanda_jasa>SATYALANCANA KARYA SATYA X TAHUN</nama_tanda_jasa><no_skep>KEPPRES RI NOMOR 040/TK/TAHUN 2003</no_skep></tanda_jasa></riwayat_tanda_jasa><riwayat_bahasa><bahasa><nama_bahasa>BATAK/TAPANULI</nama_bahasa><keterangan>AKTIF</keterangan></bahasa><bahasa><nama_bahasa>INDONESIA</nama_bahasa><keterangan>AKTIF</keterangan></bahasa></riwayat_bahasa><riwayat_keluarga><keluarga><nama_keluarga>OLOAN PETRUS SILALAHI</nama_keluarga><jenis_kelamin>LAKI-LAKI</jenis_kelamin><tgl_lahir>1963-09-24</tgl_lahir><hubungan>SUAMI</hubungan></keluarga><keluarga><nama_keluarga>BINTANG GEORGE M.S.</nama_keluarga><jenis_kelamin>LAKI-LAKI</jenis_kelamin><tgl_lahir>1991-01-20</tgl_lahir><hubungan>ANAK</hubungan></keluarga><keluarga><nama_keluarga>BULAN MUSTIKA CAHYANI S.</nama_keluarga><jenis_kelamin>PEREMPUAN</jenis_kelamin><tgl_lahir>1994-03-02</tgl_lahir><hubungan>ANAK</hubungan></keluarga><keluarga><nama_keluarga>PRICILLA TRI N</nama_keluarga><jenis_kelamin>PEREMPUAN</jenis_kelamin><tgl_lahir>1995-11-12</tgl_lahir><hubungan>ANAK</hubungan></keluarga></riwayat_keluarga></personil_kemhan>
