<personil_kemhan><nopeg>197210131997031001</nopeg><nip>030235020</nip><nrp_nip>197210131997031001</nrp_nip><nama>OKTAVIAN SIRAIT</nama><tempat_lahir>Medan</tempat_lahir><tgl_lahir>1972-10-13</tgl_lahir><jenis_kelamin>LAKI-LAKI</jenis_kelamin><unit_organisasi>U.O. KEMHAN</unit_organisasi><jenis_personil>PNS</jenis_personil><pangkat>PENGATUR II/C</pangkat><pangkat_corps>PENGATUR II/C </pangkat_corps><tmt_pangkat>2008-10-01</tmt_pangkat><angkatan_korps>PNS</angkatan_korps><kategori_pangkat>II/C</kategori_pangkat><jabatan>PETUGAS PEMADAM KEBAKARAN SUBBAG PAMPERSMAT BAGPAM</jabatan><satker>ROUM SETJEN KEMHAN</satker><kode_jabatan>ANGGOTA</kode_jabatan><tmt_jabatan>2014-12-31</tmt_jabatan><eselon_jabatan>99</eselon_jabatan><kategori>ORGANIK</kategori><tmt_tni>1998-07-01</tmt_tni><tmt_kemhan>1989-07-01</tmt_kemhan><agama>PROTESTAN</agama><file_foto_1>foto/197210131997031001.jpg</file_foto_1><file_foto_2>foto/030235020.jpg</file_foto_2><riwayat_pangkat><pangkat><pangkat>PENGATUR MUDA TK.I  II/B</pangkat><tmt_pkt>2004-04-01</tmt_pkt><no_skep>SKEP/98/II/2004</no_skep><tgl_skep>2004-02-26</tgl_skep></pangkat><pangkat><pangkat>PENGATUR II/C</pangkat><tmt_pkt>2008-10-01</tmt_pkt><no_skep>SKEP/427/VIII/2008</no_skep><tgl_skep>2008-08-20</tgl_skep></pangkat><pangkat><pangkat>PENGATUR MUDA II/A</pangkat></pangkat><pangkat><pangkat>CAPEG II/A</pangkat><no_skep>SKEP/1338/IX/1997</no_skep><tgl_skep>1997-09-24</tgl_skep></pangkat></riwayat_pangkat><riwayat_jabatan><jabatan><jabatan>ANGGOTA SUBBAGYANUM BAGRUMGA ROUM SETJEN DH</jabatan><tmt_jab>1899-12-30</tmt_jab><tgl_skep>1899-12-30</tgl_skep></jabatan><jabatan><jabatan>ANGG.BAG PROGLAP SET ITJEN DHK</jabatan><tmt_jab>1997-09-01</tmt_jab><no_skep>SPRIN/204/IX/1994/IRD</no_skep><tgl_skep>1997-09-16</tgl_skep></jabatan><jabatan><jabatan>ANGG SUBBAG YANUM BAGRUMGA ROUM SETJEN DHK</jabatan><tmt_jab>2000-10-04</tmt_jab><no_skep>SKEP/1004/X/2000</no_skep><tgl_skep>2000-10-01</tgl_skep></jabatan><jabatan><jabatan>ANGGOTA TURYANTOR DAN RUPAT SUBBAGYANUMURDAL BAGR</jabatan><tmt_jab>2001-03-01</tmt_jab><no_skep>SKEP/296/IV/2001</no_skep><tgl_skep>2001-04-03</tgl_skep></jabatan><jabatan><jabatan>ANGGOTA TURYANTOR DAN RUPAT SUBBAG YANUMURDAL BAGRUMGA ROUM</jabatan><tmt_jab>2001-05-17</tmt_jab><no_skep>SPRIN/87/V/2001</no_skep><tgl_skep>2001-05-17</tgl_skep></jabatan><jabatan><jabatan>JURU YANTOR &amp; RAPAT SUBBAGYANUMURDAL BAGRUMGA ROUM</jabatan><tmt_jab>2001-12-01</tmt_jab><no_skep>SKEP/992/XII/2001</no_skep><tgl_skep>2001-12-10</tgl_skep></jabatan><jabatan><jabatan>JURU YANTOR &amp; RAPAT SUBBAGYANUMURDAL BAGRUMGA ROUM</jabatan><tmt_jab>2002-02-04</tmt_jab><no_skep>SPRIN-22/II/2002</no_skep><tgl_skep>2002-02-04</tgl_skep></jabatan><jabatan><jabatan>Anggota Satkam Bagpam Roum Setjen Dephan</jabatan><tmt_jab>2003-06-01</tmt_jab><tgl_skep>2003-06-01</tgl_skep></jabatan><jabatan><jabatan>Anggota Subbag Pampersmat Bagpam Roum Setjen Dephan</jabatan><tmt_jab>2003-06-01</tmt_jab><tgl_skep>2003-06-01</tgl_skep></jabatan><jabatan><jabatan>ANGGOTA SATKAM BAG PAM ROUM SETJEN</jabatan><tmt_jab>2003-07-17</tmt_jab><no_skep>SPRIN/364/VII/2003</no_skep><tgl_skep>2003-07-17</tgl_skep></jabatan><jabatan><jabatan>Pemdam Kebakaran Subbagpampersmat Bagpam</jabatan><tmt_jab>2010-07-27</tmt_jab><no_skep>KEP/553/VII/2010</no_skep><tgl_skep>2010-07-28</tgl_skep></jabatan><jabatan><jabatan>PETUGAS PEMADAM KEBAKARAN SUBBAG PAMPERSMAT BAGPAM ROUM SETJEN KEMHAN</jabatan><tmt_jab>2014-12-31</tmt_jab><no_skep>KEP/1484/XIV/2014</no_skep><tgl_skep>2014-12-18</tgl_skep></jabatan></riwayat_jabatan><riwayat_pendidikan><pendidikan_umum><pendidikan><nama_dik>SEKOLAH DASAR</nama_dik><tahun_lulus>1985</tahun_lulus></pendidikan><pendidikan><nama_dik>SEKOLAH MENENGAH PERTAMA (SMP)</nama_dik><tahun_lulus>1988</tahun_lulus></pendidikan><pendidikan><nama_dik>SEKOLAH MENENGAH ATAS (SMA)</nama_dik><tahun_lulus>1991</tahun_lulus></pendidikan></pendidikan_umum><pendidikan_pembentukan></pendidikan_pembentukan></riwayat_pendidikan><riwayat_penugasan></riwayat_penugasan><riwayat_tanda_jasa></riwayat_tanda_jasa><riwayat_bahasa><bahasa><nama_bahasa>BATAK/TAPANULI</nama_bahasa><keterangan>AKTIF</keterangan></bahasa><bahasa><nama_bahasa>INGGRIS</nama_bahasa><keterangan>PASIF</keterangan></bahasa><bahasa><nama_bahasa>INDONESIA</nama_bahasa><keterangan>AKTIF</keterangan></bahasa></riwayat_bahasa><riwayat_keluarga><keluarga><nama_keluarga>BETY SUSANTI SITUMORANG</nama_keluarga><jenis_kelamin>PEREMPUAN</jenis_kelamin><tgl_lahir>1975-10-27</tgl_lahir><hubungan>ISTRI</hubungan></keluarga></riwayat_keluarga></personil_kemhan>
