<personil_kemhan><nopeg>31000658730578</nopeg><nip>31000658730578</nip><nrp_nip>31000658730578</nrp_nip><nama>SUHAR</nama><tempat_lahir>Blora</tempat_lahir><tgl_lahir>1978-05-23</tgl_lahir><jenis_kelamin>LAKI-LAKI</jenis_kelamin><unit_organisasi>U.O. KEMHAN</unit_organisasi><jenis_personil>TNI</jenis_personil><pangkat>SERDA</pangkat><pangkat_corps>SERDA </pangkat_corps><tmt_pangkat>2013-08-03</tmt_pangkat><angkatan_korps>TNI AD</angkatan_korps><kategori_pangkat>SERDA</kategori_pangkat><jabatan>PENGEMUDI KARO SUBBAG TU BIRO BAG DUKMIN SEKJEN</jabatan><satker>ROTU SETJEN KEMHAN</satker><kode_jabatan>ANGGOTA</kode_jabatan><tmt_jabatan>2014-12-31</tmt_jabatan><eselon_jabatan>99</eselon_jabatan><kategori>ORGANIK</kategori><tmt_tni>2000-10-23</tmt_tni><agama>ISLAM</agama><file_foto_1>foto/31000658730578.jpg</file_foto_1><file_foto_2>foto/31000658730578.jpg</file_foto_2><riwayat_pangkat><pangkat><pangkat>PRADA</pangkat><tmt_pkt>2000-11-23</tmt_pkt><no_skep>Skep/3129-21/X/2000</no_skep><tgl_skep>2000-11-09</tgl_skep></pangkat><pangkat><pangkat>PRATU</pangkat><tmt_pkt>2004-04-01</tmt_pkt><no_skep>Skep/66/II/2004</no_skep><tgl_skep>2004-04-01</tgl_skep></pangkat><pangkat><pangkat>PRAKA</pangkat><tmt_pkt>2008-04-01</tmt_pkt><no_skep>Sprin/103/III/2008</no_skep><tgl_skep>2008-03-31</tgl_skep></pangkat><pangkat><pangkat>KOPDA</pangkat><tmt_pkt>2012-04-01</tmt_pkt><no_skep>KEP/180/III/2012</no_skep><tgl_skep>2012-03-26</tgl_skep></pangkat><pangkat><pangkat>SERDA</pangkat><tmt_pkt>2013-08-03</tmt_pkt><no_skep>Kep/268908-33/VII/2013</no_skep><tgl_skep>2013-07-26</tgl_skep></pangkat></riwayat_pangkat><riwayat_jabatan><jabatan><jabatan>TA KODAM VII/WRB</jabatan><tmt_jab>2000-10-23</tmt_jab><no_skep>SKEP/3129-21/X/2000</no_skep><tgl_skep>2000-10-09</tgl_skep></jabatan><jabatan><jabatan>TA HUB DAM XVII/TKR</jabatan><tmt_jab>2001-02-03</tmt_jab><no_skep>SPRIN/92/II/2001</no_skep><tgl_skep>2001-02-03</tgl_skep></jabatan><jabatan><jabatan>TA. SUBBAG RUMGA BAG UM   SET DITJEN KUATHAN KEMHAN</jabatan><tmt_jab>2003-07-01</tmt_jab><no_skep>Skep/1228/VII/2003</no_skep><tgl_skep>2003-07-10</tgl_skep></jabatan><jabatan><jabatan>TA. SUBBAG REMINRO  ROTU SETJEN KEMHAN</jabatan><tmt_jab>2005-02-01</tmt_jab><no_skep>Skep/66/II/2005</no_skep><tgl_skep>2005-02-11</tgl_skep></jabatan><jabatan><jabatan>Anggota Subbag Minro Bagbanumpim Rotu Setjen Dephan</jabatan><tmt_jab>2006-06-01</tmt_jab><no_skep>Skep/447/VI/2006</no_skep><tgl_skep>2006-06-27</tgl_skep></jabatan><jabatan><jabatan>PENGEMUDI SUBBAGMINRO BAGBANUMPIM  ROTU SETJEN KEMHAN</jabatan><tmt_jab>2010-07-19</tmt_jab><no_skep>Kep/516/VII/2010</no_skep><tgl_skep>2010-07-27</tgl_skep></jabatan><jabatan><jabatan>PENGEMUDI KARO SUBBAG TU BIRO BAG TU DAN DUK SEKJEN ROTU SETJEN KEMHAN</jabatan><tmt_jab>2013-03-26</tmt_jab><no_skep>KEP/288/III/2013</no_skep><tgl_skep>2013-03-28</tgl_skep></jabatan><jabatan><jabatan>PENGEMUDI KARO SUBBAG TU BIRO BAG DUKMIN SEKJEN ROTU SETJEN KEMHAN</jabatan><tmt_jab>2014-12-31</tmt_jab><no_skep>KEP/1485/XII/2014</no_skep><tgl_skep>2014-12-18</tgl_skep></jabatan></riwayat_jabatan><riwayat_pendidikan><pendidikan_umum><pendidikan><nama_dik>SEKOLAH DASAR</nama_dik><tahun_lulus>1989</tahun_lulus></pendidikan><pendidikan><nama_dik>SEKOLAH LANJUTAN TINGKAT PERTAMA (SLTP)</nama_dik><tahun_lulus>1992</tahun_lulus></pendidikan><pendidikan><nama_dik>SEKOLAH LANJUTAN TINGKAT ATAS (SLTA)</nama_dik><tahun_lulus>2004</tahun_lulus></pendidikan></pendidikan_umum><pendidikan_pembentukan><pendidikan><nama_dik>SECATA PK </nama_dik><tahun_lulus>2000</tahun_lulus></pendidikan><pendidikan><nama_dik>DIKTUKBA</nama_dik><tahun_lulus>2013</tahun_lulus></pendidikan></pendidikan_pembentukan></riwayat_pendidikan><riwayat_penugasan></riwayat_penugasan><riwayat_tanda_jasa><tanda_jasa><nama_tanda_jasa>SATYALANCANA KESETIAAN VIII TAHUN</nama_tanda_jasa><no_skep>KEP/84/IV/2008</no_skep><tgl_skep>2008-10-23</tgl_skep></tanda_jasa></riwayat_tanda_jasa><riwayat_bahasa><bahasa><nama_bahasa>JAWA</nama_bahasa><keterangan>AKTIF</keterangan></bahasa><bahasa><nama_bahasa>INDONESIA</nama_bahasa><keterangan>AKTIF</keterangan></bahasa></riwayat_bahasa><riwayat_keluarga><keluarga><nama_keluarga>Emah Suhaemah</nama_keluarga><jenis_kelamin>PEREMPUAN</jenis_kelamin><tgl_lahir>1986-03-01</tgl_lahir><hubungan>ISTRI</hubungan></keluarga><keluarga><nama_keluarga>M. Farrel Dhaniswara</nama_keluarga><jenis_kelamin>LAKI-LAKI</jenis_kelamin><tgl_lahir>2008-01-19</tgl_lahir><hubungan>ANAK</hubungan></keluarga></riwayat_keluarga></personil_kemhan>
