<personil_kemhan><nopeg>522972</nopeg><nip>522972</nip><nrp_nip>522972</nrp_nip><nama>JUDI BASKORO</nama><gelar>S.Si.</gelar><tempat_lahir>Jakarta</tempat_lahir><tgl_lahir>1959-07-13</tgl_lahir><jenis_kelamin>LAKI-LAKI</jenis_kelamin><unit_organisasi>U.O. KEMHAN</unit_organisasi><jenis_personil>TNI</jenis_personil><pangkat>KOLONEL</pangkat><pangkat_corps>KOLONEL SUS</pangkat_corps><tmt_pangkat>2009-04-01</tmt_pangkat><angkatan_korps>TNI AU</angkatan_korps><sumber_pa_gol_3>SEPAWAMIL</sumber_pa_gol_3><tmt_pa_gol_3>1985-02-01</tmt_pa_gol_3><kategori_pangkat>KOLONEL</kategori_pangkat><jabatan>KASUBDIT PNBP</jabatan><satker>DIT DALPROGAR DITJEN RENHAN KEMHAN</satker><kode_jabatan>STRUKTURAL</kode_jabatan><tmt_jabatan>2014-12-31</tmt_jabatan><eselon_jabatan>III</eselon_jabatan><kategori>ORGANIK</kategori><tmt_tni>1985-02-13</tmt_tni><tmt_kemhan>2000-12-01</tmt_kemhan><agama>ISLAM</agama><file_foto_1>foto/522972.jpg</file_foto_1><file_foto_2>foto/522972.jpg</file_foto_2><riwayat_pangkat><pangkat><pangkat>LETDA</pangkat><tmt_pkt>1985-02-13</tmt_pkt><no_skep>KEPRES RI NO.12/ABRI/1985</no_skep><tgl_skep>1985-02-09</tgl_skep></pangkat><pangkat><pangkat>LETTU</pangkat><tmt_pkt>1989-04-01</tmt_pkt><no_skep>SKEP/416-T III/IV/1989</no_skep><tgl_skep>1989-04-20</tgl_skep></pangkat><pangkat><pangkat>KAPTEN</pangkat><tmt_pkt>1993-04-01</tmt_pkt><no_skep>SKEP/92-T III/IV/1993</no_skep><tgl_skep>1993-04-08</tgl_skep></pangkat><pangkat><pangkat>MAYOR</pangkat><tmt_pkt>1998-04-01</tmt_pkt><no_skep>SKEP/488/P/VII/1998</no_skep><tgl_skep>1998-03-17</tgl_skep></pangkat><pangkat><pangkat>LETKOL</pangkat><tmt_pkt>2003-04-01</tmt_pkt><no_skep>SKEP/45-T III/III/2003</no_skep><tgl_skep>2003-03-18</tgl_skep></pangkat><pangkat><pangkat>KOLONEL</pangkat><tmt_pkt>2009-04-01</tmt_pkt><no_skep>KEPPRES RI NO.35/TNI/TAHUN 2009</no_skep><tgl_skep>2009-04-01</tgl_skep></pangkat></riwayat_pangkat><riwayat_jabatan><jabatan><jabatan>PA ANGG SUBDIS SIMIN DISINFOLAHTAU</jabatan><tmt_jab>1985-02-15</tmt_jab><no_skep>Skep/416-T III/II/1985</no_skep><tgl_skep>1985-02-13</tgl_skep></jabatan><jabatan><jabatan>PA ANGG SUBDIS BANGSIS BID MAT DISPULLATAU</jabatan><tmt_jab>1991-04-01</tmt_jab><no_skep>SKEP/19-T III B/I/1991</no_skep><tgl_skep>1991-01-15</tgl_skep></jabatan><jabatan><jabatan>PA ANGG SUBSI BANGSIMIN BID GAR&amp;KU DISINFOLAHTAU</jabatan><tmt_jab>1993-04-01</tmt_jab><no_skep>SKEP/92-T III/IV/1993</no_skep><tgl_skep>1993-04-08</tgl_skep></jabatan><jabatan><jabatan>KASUBSI JIANFO ADMINGAR SUBDIS SILOPS DISINFOLAHTAU</jabatan><tmt_jab>1994-05-28</tmt_jab><no_skep>SKEP/07-PKS/V/1994</no_skep><tgl_skep>1994-05-27</tgl_skep></jabatan><jabatan><jabatan>KASI ANALIS &amp; EVALSIS SUBDIS BANGSIS DISINFOLAHTAU</jabatan><tmt_jab>1998-06-15</tmt_jab><no_skep>SKEP/15-PKS/VI/1998</no_skep><tgl_skep>1998-06-22</tgl_skep></jabatan><jabatan><jabatan>KASI ANSUMDA SUBDIT ANPROG DITJEN RENUMGAR DEPHAN</jabatan><tmt_jab>1999-03-01</tmt_jab><no_skep>SKEP/132/III/1999</no_skep><tgl_skep>1999-03-04</tgl_skep></jabatan><jabatan><jabatan>PAMEN MABES TNI</jabatan><tmt_jab>1999-04-01</tmt_jab><no_skep>SKEP PANGAB/106/II/1999</no_skep><tgl_skep>1999-02-22</tgl_skep></jabatan><jabatan><jabatan>KASUBBAG LAKPROGJAGAR BAGREN SETJEN DEPHAN</jabatan><tmt_jab>2000-12-01</tmt_jab><no_skep>SKEP/1201/XII/2000</no_skep><tgl_skep>2000-12-15</tgl_skep></jabatan><jabatan><jabatan>KASUBBAG LAKGAR BAGREN ROORTALA</jabatan><tmt_jab>2001-04-01</tmt_jab><no_skep>SKEP/301/IV/2001</no_skep><tgl_skep>2001-04-03</tgl_skep></jabatan><jabatan><jabatan>Kasubbag Minro Bag Lem Roren Setjen Dephan</jabatan><tmt_jab>2006-01-01</tmt_jab><no_skep>SKEP/1097/XII/2005</no_skep><tgl_skep>2005-12-25</tgl_skep></jabatan><jabatan><jabatan>Tenaga Fungsional Gol. IV Dit Minlakgar Ditjen Renhan Dephan</jabatan><tmt_jab>2009-03-30</tmt_jab><no_skep>KEP MENHAN NO : KEP/47/III/2009</no_skep><tgl_skep>2009-03-30</tgl_skep></jabatan><jabatan><jabatan>ANALIS MADYA GOL IV DIT MINLAKGAR DITJEN RENHAN KEMHAN</jabatan><tmt_jab>2011-04-01</tmt_jab><tgl_skep>2010-09-27</tgl_skep></jabatan><jabatan><jabatan>KASUBDIT SISDALPROGAR DIT DALPROGAR DITJEN RENHAN KEMHAN</jabatan><tmt_jab>2011-09-29</tmt_jab><no_skep>KEP/727/IX/2011</no_skep><tgl_skep>2011-09-29</tgl_skep></jabatan><jabatan><jabatan>KASUBDIT DALPROGAR B DIT DALPROGAR DITJEN RENHAN KEMHAN</jabatan><tmt_jab>2014-10-31</tmt_jab><no_skep>KEP/1306/XI/2014</no_skep><tgl_skep>2014-11-12</tgl_skep></jabatan><jabatan><jabatan>KASUBDIT PNBP DIT DALPROGAR DITJEN RENHAN KEMHAN</jabatan><tmt_jab>2014-12-31</tmt_jab><no_skep>KEP/1495/XII/2014</no_skep><tgl_skep>2014-12-18</tgl_skep></jabatan></riwayat_jabatan><riwayat_pendidikan><pendidikan_umum><pendidikan><nama_dik>SEKOLAH DASAR</nama_dik><tahun_lulus>1971</tahun_lulus></pendidikan><pendidikan><nama_dik>SEKOLAH LANJUTAN TINGKAT PERTAMA (SLTP)</nama_dik><tahun_lulus>1975</tahun_lulus></pendidikan><pendidikan><nama_dik>SEKOLAH LANJUTAN TINGKAT ATAS (SLTA)</nama_dik><tahun_lulus>1979</tahun_lulus></pendidikan><pendidikan><nama_dik>SARJANA MUDA (D.III)</nama_dik><tahun_lulus>1984</tahun_lulus></pendidikan><pendidikan><nama_dik>SARJANA (S1)</nama_dik><tahun_lulus>1995</tahun_lulus></pendidikan><pendidikan><nama_dik>PASCA SARJANA (S2)</nama_dik><tahun_lulus>2007</tahun_lulus></pendidikan></pendidikan_umum><pendidikan_pembentukan><pendidikan><nama_dik>x</nama_dik><tahun_lulus>0</tahun_lulus></pendidikan><pendidikan><nama_dik>SUS KIBI</nama_dik><tahun_lulus>1986</tahun_lulus></pendidikan><pendidikan><nama_dik>SUS KOMP.SOFTWARE PACKAGE</nama_dik><tahun_lulus>1986</tahun_lulus></pendidikan><pendidikan><nama_dik>SUS DBASE III</nama_dik><tahun_lulus>1987</tahun_lulus></pendidikan><pendidikan><nama_dik>SUS PA PROG</nama_dik><tahun_lulus>1987</tahun_lulus></pendidikan><pendidikan><nama_dik>SUS INFORMIX RDBMS</nama_dik><tahun_lulus>1987</tahun_lulus></pendidikan><pendidikan><nama_dik>SUS ANALIS SISTEM PULLAHTA</nama_dik><tahun_lulus>1987</tahun_lulus></pendidikan><pendidikan><nama_dik>SUS MAPPER 1100</nama_dik><tahun_lulus>1988</tahun_lulus></pendidikan><pendidikan><nama_dik>TAR WASKAT</nama_dik><tahun_lulus>1989</tahun_lulus></pendidikan><pendidikan><nama_dik>SEKALIHPA</nama_dik><tahun_lulus>1993</tahun_lulus></pendidikan><pendidikan><nama_dik>SUS PROG ORACLE DEV.I</nama_dik><tahun_lulus>1994</tahun_lulus></pendidikan><pendidikan><nama_dik>SEKKAU</nama_dik><tahun_lulus>1997</tahun_lulus></pendidikan><pendidikan><nama_dik>TIHBANGPOT MANAJERIAL</nama_dik><tahun_lulus>1997</tahun_lulus></pendidikan><pendidikan><nama_dik>DIK LAT INDRAJA SATELIT</nama_dik><tahun_lulus>1998</tahun_lulus></pendidikan><pendidikan><nama_dik>SUSJEMEN RENGAR</nama_dik><tahun_lulus>2000</tahun_lulus></pendidikan><pendidikan><nama_dik>TAR KESEKRETARIATA</nama_dik><tahun_lulus>2006</tahun_lulus></pendidikan><pendidikan><nama_dik>WORKSHOP ESL. IV GEL. IV TGL. 1 s.d. 2 OKT 2007</nama_dik><tahun_lulus>2007</tahun_lulus></pendidikan></pendidikan_pembentukan></riwayat_pendidikan><riwayat_penugasan></riwayat_penugasan><riwayat_tanda_jasa><tanda_jasa><nama_tanda_jasa>SATYALANCANA DWIDYA SISTHA</nama_tanda_jasa><tgl_skep>1992-12-21</tgl_skep></tanda_jasa><tanda_jasa><nama_tanda_jasa>SATYALANCANA KESETIAAN VIII TAHUN</nama_tanda_jasa><no_skep>SKEP/15/I/1994</no_skep><tgl_skep>1994-01-31</tgl_skep></tanda_jasa><tanda_jasa><nama_tanda_jasa>SATYALANCANA KESETIAAN XXIV TAHUN</nama_tanda_jasa><no_skep>SKEP/149/XII/2001</no_skep><tgl_skep>2001-12-24</tgl_skep></tanda_jasa><tanda_jasa><nama_tanda_jasa>SATYALANCANA KESETIAAN XXIV TAHUN</nama_tanda_jasa><no_skep>KEP/414/VIII/2009</no_skep><tgl_skep>2009-08-20</tgl_skep></tanda_jasa></riwayat_tanda_jasa><riwayat_bahasa><bahasa><nama_bahasa>JAWA</nama_bahasa><keterangan>AKTIF</keterangan></bahasa><bahasa><nama_bahasa>INGGRIS</nama_bahasa><keterangan>PASIF</keterangan></bahasa></riwayat_bahasa><riwayat_keluarga><keluarga><nama_keluarga>SRI RETNO TRI HANDAYANI</nama_keluarga><jenis_kelamin>PEREMPUAN</jenis_kelamin><tgl_lahir>1972-04-10</tgl_lahir><hubungan>ISTRI</hubungan></keluarga><keluarga><nama_keluarga>NAUFAL MAHENDRA PUTRA</nama_keluarga><jenis_kelamin>LAKI-LAKI</jenis_kelamin><tgl_lahir>2005-11-29</tgl_lahir><hubungan>ANAK</hubungan></keluarga><keluarga><nama_keluarga>SEKAR AYU RAMADHANI</nama_keluarga><jenis_kelamin>PEREMPUAN</jenis_kelamin><tgl_lahir>2007-09-16</tgl_lahir><hubungan>ANAK</hubungan></keluarga><keluarga><nama_keluarga>GENDIS INGGITA APSARI</nama_keluarga><jenis_kelamin>PEREMPUAN</jenis_kelamin><tgl_lahir>2010-11-16</tgl_lahir><hubungan>ANAK</hubungan></keluarga></riwayat_keluarga></personil_kemhan>
