<personil_kemhan><nopeg>198304082005011001</nopeg><nip>030249215</nip><nrp_nip>198304082005011001</nrp_nip><nama>SASMITO AJI</nama><tempat_lahir>MAGETAN</tempat_lahir><tgl_lahir>1983-04-08</tgl_lahir><jenis_kelamin>LAKI-LAKI</jenis_kelamin><unit_organisasi>U.O. KEMHAN</unit_organisasi><jenis_personil>PNS</jenis_personil><pangkat>PENGATUR II/C</pangkat><pangkat_corps>PENGATUR II/C </pangkat_corps><tmt_pangkat>2013-04-01</tmt_pangkat><angkatan_korps>PNS</angkatan_korps><kategori_pangkat>II/C</kategori_pangkat><jabatan>OPERATOR KOMPUTER SUBBAG MINMEN BAG DUKMINMEN RO TU SETJEN KEMHAN</jabatan><satker>ROTU SETJEN KEMHAN</satker><kode_jabatan>ANGGOTA</kode_jabatan><tmt_jabatan>2014-12-31</tmt_jabatan><eselon_jabatan>99</eselon_jabatan><kategori>ORGANIK</kategori><tmt_tni>2006-10-01</tmt_tni><tmt_kemhan>2005-01-01</tmt_kemhan><agama>ISLAM</agama><file_foto_1>foto/198304082005011001.jpg</file_foto_1><file_foto_2>foto/030249215.jpg</file_foto_2><riwayat_pangkat><pangkat><pangkat>CAPEG II/A</pangkat><tmt_pkt>2005-01-01</tmt_pkt><no_skep>SKEP/301/M/IV/2005</no_skep><tgl_skep>00000-00-00</tgl_skep></pangkat><pangkat><pangkat>PENGATUR MUDA II/A</pangkat><tmt_pkt>2006-10-01</tmt_pkt><no_skep>SKEP/758/X/2006</no_skep><tgl_skep>2006-10-04</tgl_skep></pangkat><pangkat><pangkat>PENGATUR MUDA TK.I  II/B</pangkat><tmt_pkt>2009-04-01</tmt_pkt><no_skep>Kep. Menhan No. Kep/28/III/2009</no_skep><tgl_skep>2009-03-05</tgl_skep></pangkat><pangkat><pangkat>PENGATUR II/C</pangkat><tmt_pkt>2013-04-01</tmt_pkt><no_skep>KEP/273/III/2013</no_skep><tgl_skep>2013-03-26</tgl_skep></pangkat></riwayat_pangkat><riwayat_jabatan><jabatan><jabatan>TURMIN PADA BIRO TATA USAHA  ROTU SETJEN KEMHAN</jabatan><tmt_jab>2005-05-01</tmt_jab><no_skep>Skep/393/V/2005</no_skep><tgl_skep>2006-05-20</tgl_skep></jabatan><jabatan><jabatan>ANGGOTA SUBBAG MINMEN BAG BANMINPIM ROTU SETJEN KEMHAN</jabatan><tmt_jab>2006-03-01</tmt_jab><no_skep>Skep/192/III/2006</no_skep><tgl_skep>2006-03-21</tgl_skep></jabatan><jabatan><jabatan>ARSIPARIS PELAKSANA ROTU SETJEN KEMHAN</jabatan><tmt_jab>2009-04-01</tmt_jab><no_skep>Kep/195/X/2009</no_skep><tgl_skep>2009-10-20</tgl_skep></jabatan><jabatan><jabatan>OPERATOR KOMPUTER SUBBAG TU MENTERI BAG TU DAN DUKMEN  ROTU SETJEN KEMHAN</jabatan><tmt_jab>2011-04-01</tmt_jab><no_skep>Kep/282/IV/2011</no_skep><tgl_skep>2011-04-19</tgl_skep></jabatan><jabatan><jabatan>OPERATOR KOMPUTER SUBBAG MINMEN BAG DUKMINMEN RO TU SETJEN KEMHAN ROTU SETJEN KEMHAN</jabatan><tmt_jab>2014-12-31</tmt_jab><no_skep>KEP/1485/XII/2014</no_skep><tgl_skep>2014-12-18</tgl_skep></jabatan></riwayat_jabatan><riwayat_pendidikan><pendidikan_umum><pendidikan><nama_dik>SEKOLAH DASAR</nama_dik><tahun_lulus>1996</tahun_lulus></pendidikan><pendidikan><nama_dik>SEKOLAH LANJUTAN TINGKAT PERTAMA (SLTP)</nama_dik><tahun_lulus>1999</tahun_lulus></pendidikan><pendidikan><nama_dik>SEKOLAH LANJUTAN TINGKAT ATAS (SLTA)</nama_dik><tahun_lulus>2002</tahun_lulus></pendidikan><pendidikan><nama_dik>SARJANA (S1)</nama_dik><tahun_lulus>2012</tahun_lulus></pendidikan></pendidikan_umum><pendidikan_pembentukan><pendidikan><nama_dik>LATPRAJAB</nama_dik><tahun_lulus>2006</tahun_lulus></pendidikan><pendidikan><nama_dik>DIKLAT BELA NEGARA TA 2013</nama_dik><tahun_lulus>2013</tahun_lulus></pendidikan></pendidikan_pembentukan></riwayat_pendidikan><riwayat_penugasan></riwayat_penugasan><riwayat_tanda_jasa></riwayat_tanda_jasa><riwayat_bahasa><bahasa><nama_bahasa>JAWA</nama_bahasa><keterangan>AKTIF</keterangan></bahasa><bahasa><nama_bahasa>INGGRIS</nama_bahasa><keterangan>PASIF</keterangan></bahasa></riwayat_bahasa><riwayat_keluarga><keluarga><nama_keluarga>LENNI OKTAVIA</nama_keluarga><jenis_kelamin>PEREMPUAN</jenis_kelamin><tgl_lahir>1982-10-05</tgl_lahir><hubungan>ISTRI</hubungan></keluarga><keluarga><nama_keluarga>VANISYA INDAH VIADJI</nama_keluarga><jenis_kelamin>PEREMPUAN</jenis_kelamin><tgl_lahir>2010-04-26</tgl_lahir><hubungan>ANAK</hubungan></keluarga><keluarga><nama_keluarga>HAMZAH PRASETYA AJI</nama_keluarga><jenis_kelamin>LAKI-LAKI</jenis_kelamin><tgl_lahir>2013-11-29</tgl_lahir><hubungan>ANAK</hubungan></keluarga></riwayat_keluarga></personil_kemhan>
