<personil_kemhan><nopeg>197706112002121001</nopeg><nip>030247647</nip><nrp_nip>197706112002121001</nrp_nip><nama>SUKAMTO</nama><gelar>S.E</gelar><tempat_lahir>Wonogiri</tempat_lahir><tgl_lahir>1977-06-11</tgl_lahir><jenis_kelamin>LAKI-LAKI</jenis_kelamin><unit_organisasi>U.O. KEMHAN</unit_organisasi><jenis_personil>PNS</jenis_personil><pangkat>PENATA MUDA III/A</pangkat><pangkat_corps>PENATA MUDA III/A </pangkat_corps><tmt_pangkat>2012-04-01</tmt_pangkat><angkatan_korps>PNS</angkatan_korps><sumber_pa_gol_3>PENYESUAIAN IJASAH</sumber_pa_gol_3><tmt_pa_gol_3>2011-10-01</tmt_pa_gol_3><kategori_pangkat>III/A</kategori_pangkat><jabatan>PEMROSES WABKU SUBBAG TU BIRO BAGPAM</jabatan><satker>ROUM SETJEN KEMHAN</satker><kode_jabatan>ANGGOTA</kode_jabatan><tmt_jabatan>2014-12-31</tmt_jabatan><eselon_jabatan>99</eselon_jabatan><kategori>ORGANIK</kategori><tmt_tni>2004-09-01</tmt_tni><tmt_kemhan>2004-12-01</tmt_kemhan><agama>ISLAM</agama><file_foto_1>foto/197706112002121001.jpg</file_foto_1><file_foto_2>foto/030247647.jpg</file_foto_2><riwayat_pangkat><pangkat><pangkat>CAPEG II/A</pangkat><tmt_pkt>2002-12-01</tmt_pkt><no_skep>Skep/1021/VI/2003</no_skep><tgl_skep>2003-06-16</tgl_skep></pangkat><pangkat><pangkat>PENGATUR MUDA II/A</pangkat><tmt_pkt>2004-09-01</tmt_pkt><no_skep>skep/600/VIII/2004</no_skep><tgl_skep>2004-08-27</tgl_skep></pangkat><pangkat><pangkat>PENGATUR MUDA TK.I  II/B</pangkat><tmt_pkt>2007-04-01</tmt_pkt><no_skep>SKEP/174/III/2007</no_skep><tgl_skep>2007-03-09</tgl_skep></pangkat><pangkat><pangkat>PENGATUR II/C</pangkat><tmt_pkt>2011-04-01</tmt_pkt><no_skep>KEP/187/III/2011</no_skep><tgl_skep>2011-03-22</tgl_skep></pangkat><pangkat><pangkat>PENATA MUDA III/A</pangkat><tmt_pkt>2012-04-01</tmt_pkt><no_skep>SPRIN/232/III/2012</no_skep><tgl_skep>2012-03-27</tgl_skep></pangkat></riwayat_pangkat><riwayat_jabatan><jabatan><jabatan>Anggota Subbag Renminro Roum</jabatan><tmt_jab>2004-09-01</tmt_jab><no_skep>skep/600/VIII/2004</no_skep><tgl_skep>2004-04-28</tgl_skep></jabatan><jabatan><jabatan>Anggota Subbagminro Bagpam Roum</jabatan><tmt_jab>2007-04-01</tmt_jab><no_skep>Skep/174/III/2007</no_skep><tgl_skep>2007-03-09</tgl_skep></jabatan><jabatan><jabatan>Anggota Subbag Minro Bagpam Roum Setjen Dephan</jabatan><tmt_jab>2007-04-01</tmt_jab><no_skep>Skep/174/III/2007</no_skep><tgl_skep>2007-03-09</tgl_skep></jabatan><jabatan><jabatan>PENGADMINISTRASI ANGGARAN SUBBAGMINRO BAGPAM ROUM SETJEN KEMHAN</jabatan><tmt_jab>2010-07-27</tmt_jab><no_skep>KEP/553/VII/2010</no_skep><tgl_skep>2010-07-28</tgl_skep></jabatan><jabatan><jabatan>PEMROSES WABKU SUBBAG TU BIRO BAGPAM ROUM ROUM SETJEN KEMHAN</jabatan><tmt_jab>2013-08-28</tmt_jab><no_skep>KEP/832/VIII/2013</no_skep><tgl_skep>2013-08-23</tgl_skep></jabatan><jabatan><jabatan>PEMROSES WABKU SUBBAG TU BIRO BAGPAM ROUM SETJEN KEMHAN</jabatan><tmt_jab>2014-12-31</tmt_jab><no_skep>KEP/1484/XIV/2014</no_skep><tgl_skep>2014-12-18</tgl_skep></jabatan></riwayat_jabatan><riwayat_pendidikan><pendidikan_umum><pendidikan><nama_dik>SEKOLAH DASAR</nama_dik><tahun_lulus>1990</tahun_lulus></pendidikan><pendidikan><nama_dik>SEKOLAH LANJUTAN TINGKAT PERTAMA (SLTP)</nama_dik><tahun_lulus>1993</tahun_lulus></pendidikan><pendidikan><nama_dik>SMEA</nama_dik><tahun_lulus>1996</tahun_lulus></pendidikan><pendidikan><nama_dik>SARJANA (S1)</nama_dik><tahun_lulus>2008</tahun_lulus></pendidikan></pendidikan_umum><pendidikan_pembentukan></pendidikan_pembentukan></riwayat_pendidikan><riwayat_penugasan></riwayat_penugasan><riwayat_tanda_jasa></riwayat_tanda_jasa><riwayat_bahasa><bahasa><nama_bahasa>JAWA</nama_bahasa><keterangan>AKTIF</keterangan></bahasa><bahasa><nama_bahasa>INGGRIS</nama_bahasa><keterangan>PASIF</keterangan></bahasa><bahasa><nama_bahasa>ARAB</nama_bahasa><keterangan>PASIF</keterangan></bahasa><bahasa><nama_bahasa>INDONESIA</nama_bahasa><keterangan>AKTIF</keterangan></bahasa></riwayat_bahasa><riwayat_keluarga><keluarga><nama_keluarga>Wisarani Sevita Utami, S. Km</nama_keluarga><jenis_kelamin>PEREMPUAN</jenis_kelamin><tgl_lahir>1984-09-16</tgl_lahir><hubungan>ISTRI</hubungan></keluarga><keluarga><nama_keluarga>Muhamad Fariz Aqila Dzaky</nama_keluarga><jenis_kelamin>LAKI-LAKI</jenis_kelamin><tgl_lahir>2010-07-11</tgl_lahir><hubungan>ANAK</hubungan></keluarga><keluarga><nama_keluarga>BANU ARKANA RAFIF</nama_keluarga><jenis_kelamin>LAKI-LAKI</jenis_kelamin><tgl_lahir>2013-06-04</tgl_lahir><hubungan>ANAK</hubungan></keluarga></riwayat_keluarga></personil_kemhan>
