<personil_kemhan><nopeg>197112081994032006</nopeg><nip>030228136</nip><nrp_nip>197112081994032006</nrp_nip><nama>SRI RISTIYANTI P.</nama><tempat_lahir>Purworejo</tempat_lahir><tgl_lahir>1971-12-08</tgl_lahir><jenis_kelamin>PEREMPUAN</jenis_kelamin><unit_organisasi>U.O. KEMHAN</unit_organisasi><jenis_personil>PNS</jenis_personil><pangkat>PENATA MUDA TK.I III/B</pangkat><pangkat_corps>PENATA MUDA TK.I III/B </pangkat_corps><tmt_pangkat>2014-04-01</tmt_pangkat><angkatan_korps>PNS</angkatan_korps><sumber_pa_gol_3>UJIAN DINAS</sumber_pa_gol_3><tmt_pa_gol_3>2010-04-01</tmt_pa_gol_3><kategori_pangkat>III/B</kategori_pangkat><jabatan>PENGADMINISTRASI SI PROTOKOL SUBDIT PROTJIN</jabatan><satker>DIT KERSIN DITJEN STRAHAN KEMHAN</satker><kode_jabatan>ANGGOTA</kode_jabatan><tmt_jabatan>2014-12-31</tmt_jabatan><eselon_jabatan>99</eselon_jabatan><kategori>ORGANIK</kategori><tmt_tni>1995-06-01</tmt_tni><tmt_kemhan>1994-03-01</tmt_kemhan><agama>ISLAM</agama><file_foto_1>foto/197112081994032006.jpg</file_foto_1><file_foto_2>foto/030228136.jpg</file_foto_2><riwayat_pangkat><pangkat><pangkat>CAPEG II/A</pangkat><tmt_pkt>1994-03-01</tmt_pkt><no_skep>SKEP/1299/VIII/1994</no_skep><tgl_skep>1994-08-31</tgl_skep></pangkat><pangkat><pangkat>PENGATUR MUDA II/A</pangkat><tmt_pkt>1995-06-01</tmt_pkt><no_skep>SKEP/494/V/1995</no_skep><tgl_skep>1995-05-09</tgl_skep></pangkat><pangkat><pangkat>PENGATUR MUDA TK.I  II/B</pangkat><tmt_pkt>1998-04-01</tmt_pkt><no_skep>03-09/00013/KEP/IV/1998</no_skep><tgl_skep>1998-04-17</tgl_skep></pangkat><pangkat><pangkat>PENGATUR II/C</pangkat><tmt_pkt>2002-04-01</tmt_pkt><no_skep>SKEP/769/VII/2002</no_skep><tgl_skep>2002-07-22</tgl_skep></pangkat><pangkat><pangkat>PENGATUR TK.I II/D</pangkat><tmt_pkt>2006-04-01</tmt_pkt><no_skep>SKEP/156/III/2006</no_skep><tgl_skep>2006-03-09</tgl_skep></pangkat><pangkat><pangkat>PENATA MUDA III/A</pangkat><tmt_pkt>2010-04-01</tmt_pkt><no_skep>KEP/168/III/2010</no_skep><tgl_skep>2010-03-17</tgl_skep></pangkat><pangkat><pangkat>PENATA MUDA TK.I III/B</pangkat><tmt_pkt>2014-04-01</tmt_pkt><no_skep>SPRIN/273/III/2014</no_skep><tgl_skep>2014-03-27</tgl_skep></pangkat></riwayat_pangkat><riwayat_jabatan><jabatan><jabatan>PENGATUR JALDIS PSB TK III/HARWAT DAN JALDIS SUB</jabatan><tmt_jab>1994-03-01</tmt_jab><no_skep>SKEP/1299/VIII/1994</no_skep><tgl_skep>1994-08-31</tgl_skep></jabatan><jabatan><jabatan>TUR JALDIS PEMB SUBBAG TK. III/HARWAT &amp; JALDIS SUBBAG RUMGA &amp; KAP BAGUM SET DITJEN RENUMGAR DEPHAN</jabatan><tmt_jab>1996-09-05</tmt_jab><no_skep>SPRIN/775/IX/1996/DJRA</no_skep><tgl_skep>1996-09-05</tgl_skep></jabatan><jabatan><jabatan>ANGGOTA PRIMKOP SETJEN DEPHAN</jabatan><tmt_jab>2000-07-01</tmt_jab><no_skep>SKEP/438/VI/2000</no_skep><tgl_skep>2000-06-21</tgl_skep></jabatan><jabatan><jabatan>TUR SIMPANAN ANGGOTA PRIMKOP SETJEN</jabatan><tmt_jab>2001-10-01</tmt_jab><no_skep>SKEP/851/X/2001</no_skep><tgl_skep>2001-10-02</tgl_skep></jabatan><jabatan><jabatan>Anggota Subbag Jah Bag Watpeg Ropeg Setjen Dephan</jabatan><tmt_jab>2001-10-01</tmt_jab><tgl_skep>2001-10-01</tgl_skep></jabatan><jabatan><jabatan>PETUGAS PERGUDANGAN SUBBAGMINRO BAGADABANGPEG ROPEG SETJEN KEMHAN</jabatan><tmt_jab>2010-05-17</tmt_jab><no_skep>Kep Menhan Nomor : KEP/321/V/2010</no_skep><tgl_skep>2010-05-17</tgl_skep></jabatan><jabatan><jabatan>PENGADMINISTRASI SUBDITPROTJIN DIT KERSIN DITJEN STRAHAN KEMHAN</jabatan><tmt_jab>2011-06-16</tmt_jab><no_skep>SPRIN/78/VI/2011</no_skep><tgl_skep>2011-06-16</tgl_skep></jabatan><jabatan><jabatan>PENGADMINISTRASI SI PROTOKOL SUBDIT PROTJIN DIT KERSIN DITJEN STRAHAN KEMHAN</jabatan><tmt_jab>2014-12-31</tmt_jab><no_skep>KEP/1494/XII/2014</no_skep><tgl_skep>2014-12-18</tgl_skep></jabatan></riwayat_jabatan><riwayat_pendidikan><pendidikan_umum><pendidikan><nama_dik>SEKOLAH DASAR</nama_dik><tahun_lulus>1984</tahun_lulus></pendidikan><pendidikan><nama_dik>SEKOLAH MENENGAH PERTAMA (SMP)</nama_dik><tahun_lulus>1987</tahun_lulus></pendidikan><pendidikan><nama_dik>SEKOLAH MENENGAH ATAS (SMA)</nama_dik><tahun_lulus>1990</tahun_lulus></pendidikan></pendidikan_umum><pendidikan_pembentukan><pendidikan><nama_dik>SUS KOMPUTER</nama_dik><tahun_lulus>1992</tahun_lulus></pendidikan><pendidikan><nama_dik>SUS ADMINISTRASI UMUM</nama_dik><tahun_lulus>1997</tahun_lulus></pendidikan><pendidikan><nama_dik>SUS MINPEG</nama_dik><tahun_lulus>2002</tahun_lulus></pendidikan><pendidikan><nama_dik>DIKLAT PENGELOLAAN KOPERASI</nama_dik><tahun_lulus>2006</tahun_lulus></pendidikan><pendidikan><nama_dik>UJIAN DINAS TK. I</nama_dik><tahun_lulus>2008</tahun_lulus></pendidikan></pendidikan_pembentukan></riwayat_pendidikan><riwayat_penugasan></riwayat_penugasan><riwayat_tanda_jasa></riwayat_tanda_jasa><riwayat_bahasa><bahasa><nama_bahasa>JAWA</nama_bahasa><keterangan>AKTIF</keterangan></bahasa><bahasa><nama_bahasa>INDONESIA</nama_bahasa><keterangan>AKTIF</keterangan></bahasa></riwayat_bahasa><riwayat_keluarga></riwayat_keluarga></personil_kemhan>
