<personil_kemhan><nopeg>196507051999031001</nopeg><nip>030244290</nip><nrp_nip>196507051999031001</nrp_nip><nama>NIMIN</nama><tempat_lahir>Jakarta</tempat_lahir><tgl_lahir>1965-07-05</tgl_lahir><jenis_kelamin>LAKI-LAKI</jenis_kelamin><unit_organisasi>U.O. KEMHAN</unit_organisasi><jenis_personil>PNS</jenis_personil><pangkat>PENGATUR TK.I II/D</pangkat><pangkat_corps>PENGATUR TK.I II/D </pangkat_corps><tmt_pangkat>2011-10-01</tmt_pangkat><angkatan_korps>PNS</angkatan_korps><kategori_pangkat>II/C</kategori_pangkat><jabatan>OPERATOR KOMPUTER SUBBID CYBER MEDIA BID OPINI</jabatan><satker>PUSKOMPUBLIK KEMHAN</satker><kode_jabatan>ANGGOTA</kode_jabatan><tmt_jabatan>2011-04-01</tmt_jabatan><eselon_jabatan>99</eselon_jabatan><kategori>ORGANIK</kategori><tmt_tni>2007-04-01</tmt_tni><tmt_kemhan>1999-03-01</tmt_kemhan><agama>ISLAM</agama><file_foto_1>foto/196507051999031001.jpg</file_foto_1><file_foto_2>foto/030244290.jpg</file_foto_2><riwayat_pangkat><pangkat><pangkat>CAPEG II/A</pangkat><tmt_pkt>1999-03-01</tmt_pkt><no_skep>SKEP/374/V/1999</no_skep><tgl_skep>1999-05-01</tgl_skep></pangkat><pangkat><pangkat>PENGATUR MUDA II/A</pangkat><tmt_pkt>2000-09-01</tmt_pkt><no_skep>SKEP/529/VII/2000</no_skep><tgl_skep>2000-07-03</tgl_skep></pangkat><pangkat><pangkat>PENGATUR MUDA TK.I  II/B</pangkat><tmt_pkt>2003-04-01</tmt_pkt><no_skep>SKEP/596/IV/2003</no_skep><tgl_skep>2003-04-30</tgl_skep></pangkat><pangkat><pangkat>PENGATUR II/C</pangkat><tmt_pkt>2007-10-01</tmt_pkt><no_skep>SKEP/665/VIII/2007</no_skep><tgl_skep>2007-08-29</tgl_skep></pangkat><pangkat><pangkat>PENGATUR TK.I II/D</pangkat><tmt_pkt>2011-10-01</tmt_pkt><no_skep>KEP/705/IX/2011</no_skep><tgl_skep>2011-09-22</tgl_skep></pangkat></riwayat_pangkat><riwayat_jabatan><jabatan><jabatan>ANGGOTA ROHUMAS</jabatan><tmt_jab>1999-05-19</tmt_jab><no_skep>SPRIN/497/V/1999</no_skep><tgl_skep>1999-05-19</tgl_skep></jabatan><jabatan><jabatan>Anggota Subbag Liputpub Bag Bra Rohumas Setjen Dephan</jabatan><tmt_jab>2001-03-01</tmt_jab><no_skep>SKEP/263/III/2001</no_skep><tgl_skep>2001-03-21</tgl_skep></jabatan><jabatan><jabatan>Anggota Subbag Prod Bag Bra Rohumas Setjen Dephan</jabatan><tmt_jab>2006-05-01</tmt_jab><no_skep>SKEP/309/V/2006</no_skep><tgl_skep>2006-05-05</tgl_skep></jabatan><jabatan><jabatan>OPERATOR KOMPUTER SUBBID CYBER MEDIA BID OPINI PUSKOMPUBLIK KEMHAN</jabatan><tmt_jab>2011-04-01</tmt_jab><no_skep>SPRIN/68/VI/2011</no_skep><tgl_skep>2011-06-13</tgl_skep></jabatan><jabatan><jabatan>OPERARATOR KOMPUTER SUBBID CYBER MEDIA BID OPINI PUSKOM PUBLIK KEMHAN</jabatan><tmt_jab>2014-12-31</tmt_jab><no_skep>KEP/1510/XII/2014</no_skep><tgl_skep>2014-12-18</tgl_skep></jabatan></riwayat_jabatan><riwayat_pendidikan><pendidikan_umum><pendidikan><nama_dik>SEKOLAH DASAR</nama_dik><tahun_lulus>1980</tahun_lulus></pendidikan><pendidikan><nama_dik>SEKOLAH LANJUTAN TINGKAT PERTAMA (SLTP)</nama_dik><tahun_lulus>1983</tahun_lulus></pendidikan><pendidikan><nama_dik>SEKOLAH LANJUTAN TINGKAT ATAS (SLTA)</nama_dik><tahun_lulus>1986</tahun_lulus></pendidikan></pendidikan_umum><pendidikan_pembentukan><pendidikan><nama_dik>LATPRAJAB GOL. II</nama_dik><tahun_lulus>1999</tahun_lulus></pendidikan><pendidikan><nama_dik>KAMERAMEN TV</nama_dik><tahun_lulus>2003</tahun_lulus></pendidikan></pendidikan_pembentukan></riwayat_pendidikan><riwayat_penugasan></riwayat_penugasan><riwayat_tanda_jasa><tanda_jasa><nama_tanda_jasa>SATYALANCANA KARYA SATYA X TAHUN</nama_tanda_jasa><no_skep>KEPPRES/104/TK/TAHUN 2013</no_skep><tgl_skep>2013-12-30</tgl_skep></tanda_jasa></riwayat_tanda_jasa><riwayat_bahasa></riwayat_bahasa><riwayat_keluarga><keluarga><nama_keluarga>NENIH</nama_keluarga><jenis_kelamin>PEREMPUAN</jenis_kelamin><tgl_lahir>1970-11-18</tgl_lahir><hubungan>ISTRI</hubungan></keluarga><keluarga><nama_keluarga>ALZHUD ADITYAWAN</nama_keluarga><jenis_kelamin>LAKI-LAKI</jenis_kelamin><tgl_lahir>1990-07-28</tgl_lahir><hubungan>ANAK</hubungan></keluarga><keluarga><nama_keluarga>NINI AGUSTIN S.</nama_keluarga><jenis_kelamin>PEREMPUAN</jenis_kelamin><tgl_lahir>1997-08-07</tgl_lahir><hubungan>ANAK</hubungan></keluarga><keluarga><nama_keluarga>TRI ALFAUZAN</nama_keluarga><jenis_kelamin>LAKI-LAKI</jenis_kelamin><tgl_lahir>2006-01-14</tgl_lahir><hubungan>ANAK</hubungan></keluarga></riwayat_keluarga></personil_kemhan>
