<personil_kemhan><nopeg>197104032002122001</nopeg><nip>030247509</nip><nrp_nip>197104032002122001</nrp_nip><nama>N. NURWAHYUNI WULANDARI</nama><gelar>S.H.</gelar><tempat_lahir>Purwodadi</tempat_lahir><tgl_lahir>1971-04-03</tgl_lahir><jenis_kelamin>PEREMPUAN</jenis_kelamin><unit_organisasi>U.O. KEMHAN</unit_organisasi><jenis_personil>PNS</jenis_personil><pangkat>PENATA TK.I III/D</pangkat><pangkat_corps>PENATA TK.I III/D </pangkat_corps><tmt_pangkat>2015-04-01</tmt_pangkat><angkatan_korps>PNS</angkatan_korps><sumber_pa_gol_3>CAPEG SARJANA</sumber_pa_gol_3><tmt_pa_gol_3>2002-12-01</tmt_pa_gol_3><kategori_pangkat>III/D</kategori_pangkat><jabatan>PENYUSUN BAHAN DIL TK.II DAN III SUBBAG DIL TK II DAN III BAG BANKUM</jabatan><satker>ROKUM SETJEN KEMHAN</satker><kode_jabatan>ANGGOTA</kode_jabatan><tmt_jabatan>2014-12-31</tmt_jabatan><eselon_jabatan>99</eselon_jabatan><kategori>ORGANIK</kategori><tmt_tni>2004-09-01</tmt_tni><tmt_kemhan>2002-12-01</tmt_kemhan><agama>ISLAM</agama><file_foto_1>foto/197104032002122001.jpg</file_foto_1><file_foto_2>foto/030247509.jpg</file_foto_2><riwayat_pangkat><pangkat><pangkat>CAPEG III/A</pangkat><tmt_pkt>2002-12-01</tmt_pkt><no_skep>SKEP/1020/VI/2003</no_skep><tgl_skep>2003-06-16</tgl_skep></pangkat><pangkat><pangkat>PENATA MUDA III/A</pangkat><tmt_pkt>2004-09-01</tmt_pkt><no_skep>SKEP/644/IX/2004</no_skep><tgl_skep>2004-09-07</tgl_skep></pangkat><pangkat><pangkat>PENATA MUDA TK.I III/B</pangkat><tmt_pkt>2007-04-01</tmt_pkt><no_skep>SKEP/153/III/2007</no_skep><tgl_skep>2007-03-06</tgl_skep></pangkat><pangkat><pangkat>PENATA III/C</pangkat><tmt_pkt>2011-04-01</tmt_pkt><no_skep>KEP/188/III/2011</no_skep><tgl_skep>2011-03-22</tgl_skep></pangkat><pangkat><pangkat>PENATA TK.I III/D</pangkat><tmt_pkt>2015-04-01</tmt_pkt><no_skep>KEP/313/III/2015</no_skep><tgl_skep>2015-03-26</tgl_skep></pangkat></riwayat_pangkat><riwayat_jabatan><jabatan><jabatan>ANGGOTA BAG ANJAB RO ORTALA  ROREN SETJEN KEMHAN</jabatan><tmt_jab>2002-12-01</tmt_jab></jabatan><jabatan><jabatan>TURMIN BAG ANJAB RO ORTALA ROREN SETJEN KEMHAN</jabatan><tmt_jab>2005-06-01</tmt_jab><no_skep>SKEP/454/VI/2005</no_skep><tgl_skep>2005-06-06</tgl_skep></jabatan><jabatan><jabatan>ANGGOTA SUBBAG PROF. JAB BAG TALA ROREN SETJEN KEMHAN</jabatan><tmt_jab>2006-02-01</tmt_jab><no_skep>SKEP/91/II/2006</no_skep><tgl_skep>2006-02-23</tgl_skep></jabatan><jabatan><jabatan>PENGOLAH SISTEM KETATALAKSANAAN BAG TALA ROREN SETJEN KEMHAN</jabatan><tmt_jab>2010-06-17</tmt_jab><no_skep>SKEP/417/VI/2010</no_skep><tgl_skep>2010-06-24</tgl_skep></jabatan><jabatan><jabatan>PENGOLAH BAHAN DIL TK-I SUBBAG DIL TK-I BAG BANKUM ROKUM ROKUM SETJEN KEMHAN</jabatan><tmt_jab>2011-04-01</tmt_jab><no_skep>KEP/284/IV/2011</no_skep><tgl_skep>2011-04-19</tgl_skep></jabatan><jabatan><jabatan>PENYUSUN BAHAN DIL TK.II DAN III SUBBAG DIL TK.II DAN III BAG BANKUM ROKUM SETJEN KEMHAN</jabatan><tmt_jab>2013-10-30</tmt_jab><no_skep>Kep/1108/X/2013</no_skep><tgl_skep>2013-10-31</tgl_skep></jabatan><jabatan><jabatan>PENYUSUN BAHAN DIL TK.II DAN III SUBBAG DIL TK II DAN III BAG BANKUM ROKUM SETJEN KEMHAN</jabatan><tmt_jab>2014-12-31</tmt_jab><no_skep>KEP/1485/XII/2014</no_skep><tgl_skep>2014-12-18</tgl_skep></jabatan></riwayat_jabatan><riwayat_pendidikan><pendidikan_umum><pendidikan><nama_dik>SEKOLAH DASAR</nama_dik><tahun_lulus>1984</tahun_lulus></pendidikan><pendidikan><nama_dik>SEKOLAH MENENGAH PERTAMA (SMP)</nama_dik><tahun_lulus>1987</tahun_lulus></pendidikan><pendidikan><nama_dik>SEKOLAH MENENGAH ATAS (SMA)</nama_dik><tahun_lulus>1990</tahun_lulus></pendidikan><pendidikan><nama_dik>SARJANA HUKUM</nama_dik><tahun_lulus>1997</tahun_lulus></pendidikan></pendidikan_umum><pendidikan_pembentukan><pendidikan><nama_dik>LATPRAJAB</nama_dik><tahun_lulus>2003</tahun_lulus></pendidikan><pendidikan><nama_dik>DIKLAT TEKNIS PENYUSUN</nama_dik><tahun_lulus>2014</tahun_lulus></pendidikan><pendidikan><nama_dik>WORKSHOP PENGEMBANGAN KOMPETENSI</nama_dik><tahun_lulus>2015</tahun_lulus></pendidikan></pendidikan_pembentukan></riwayat_pendidikan><riwayat_penugasan></riwayat_penugasan><riwayat_tanda_jasa></riwayat_tanda_jasa><riwayat_bahasa></riwayat_bahasa><riwayat_keluarga><keluarga><nama_keluarga>Sudarisman</nama_keluarga><jenis_kelamin>LAKI-LAKI</jenis_kelamin><tgl_lahir>1978-06-01</tgl_lahir><hubungan>SUAMI</hubungan></keluarga><keluarga><nama_keluarga>Winner Satrio Wibowo</nama_keluarga><jenis_kelamin>LAKI-LAKI</jenis_kelamin><tgl_lahir>2005-06-22</tgl_lahir><hubungan>ANAK</hubungan></keluarga><keluarga><nama_keluarga>Winandra Krisnatama Bunindro</nama_keluarga><jenis_kelamin>LAKI-LAKI</jenis_kelamin><tgl_lahir>2010-07-21</tgl_lahir><hubungan>ANAK</hubungan></keluarga></riwayat_keluarga></personil_kemhan>
