<personil_kemhan><nopeg>196312311992031195</nopeg><nip>030218034</nip><nrp_nip>196312311992031195</nrp_nip><nama>KOSNIADI</nama><gelar>Drs., M.Si.</gelar><tempat_lahir>Kebumen</tempat_lahir><tgl_lahir>1963-12-31</tgl_lahir><jenis_kelamin>LAKI-LAKI</jenis_kelamin><unit_organisasi>U.O. KEMHAN</unit_organisasi><jenis_personil>PNS</jenis_personil><pangkat>PEMBINA IV/A</pangkat><pangkat_corps>PEMBINA IV/A </pangkat_corps><tmt_pangkat>2013-04-01</tmt_pangkat><angkatan_korps>PNS</angkatan_korps><sumber_pa_gol_3>CAPEG SARJANA</sumber_pa_gol_3><tmt_pa_gol_3>1992-03-01</tmt_pa_gol_3><kategori_pangkat>IV/A</kategori_pangkat><jabatan>KASUBBAG MUTJABFUNG BAG INDUK PNS</jabatan><satker>ROPEG SETJEN KEMHAN</satker><kode_jabatan>STRUKTURAL</kode_jabatan><tmt_jabatan>2014-12-31</tmt_jabatan><eselon_jabatan>IV</eselon_jabatan><kategori>ORGANIK</kategori><tmt_tni>1993-05-01</tmt_tni><tmt_kemhan>2001-03-01</tmt_kemhan><agama>ISLAM</agama><file_foto_1>foto/196312311992031195.jpg</file_foto_1><file_foto_2>foto/030218034.jpg</file_foto_2><riwayat_pangkat><pangkat><pangkat>CAPEG III/A</pangkat><tmt_pkt>1992-03-01</tmt_pkt><no_skep>SKEP/366/VI/1992</no_skep><tgl_skep>1992-06-25</tgl_skep></pangkat><pangkat><pangkat>PENATA MUDA III/A</pangkat><tmt_pkt>1993-05-01</tmt_pkt><no_skep>SKEP/226/IV/1993</no_skep><tgl_skep>1993-04-24</tgl_skep></pangkat><pangkat><pangkat>PENATA MUDA TK.I III/B</pangkat><tmt_pkt>1996-04-01</tmt_pkt><no_skep>SKEP/368/VI/1996</no_skep><tgl_skep>1996-06-18</tgl_skep></pangkat><pangkat><pangkat>PENATA III/C</pangkat><tmt_pkt>2000-04-01</tmt_pkt><no_skep>SKEP/433/IV/2000</no_skep><tgl_skep>2000-04-14</tgl_skep></pangkat><pangkat><pangkat>PENATA TK.I III/D</pangkat><tmt_pkt>2004-04-01</tmt_pkt><no_skep>SKEP/106/II/2004</no_skep><tgl_skep>2004-02-27</tgl_skep></pangkat><pangkat><pangkat>PEMBINA IV/A</pangkat><tmt_pkt>2013-04-01</tmt_pkt><no_skep>KEP/281/M/III/2013</no_skep><tgl_skep>2013-03-27</tgl_skep></pangkat></riwayat_pangkat><riwayat_jabatan><jabatan><jabatan>KAUR CATAT SUBBAG ARSIP BAGMINU SETUM MABES TNI</jabatan><tmt_jab>1994-05-01</tmt_jab><no_skep>SKEP/481/VI/1994</no_skep><tgl_skep>1994-06-20</tgl_skep></jabatan><jabatan><jabatan>KAUR CATAT SUBBAG CATAT BAGMINU SETUM MABES</jabatan><tmt_jab>2000-08-01</tmt_jab><no_skep>SKEP/729/VII/2000</no_skep><tgl_skep>2000-07-27</tgl_skep></jabatan><jabatan><jabatan>PSB TK I/MUSORG SUBBAG TUKLEM BAGLEM ROORTALA</jabatan><tmt_jab>2001-03-01</tmt_jab><no_skep>SKEP/231/III/2001</no_skep><tgl_skep>2001-03-15</tgl_skep></jabatan><jabatan><jabatan>KASUBBAG TUKLEM BAGLEM ROORTALA</jabatan><tmt_jab>2002-01-01</tmt_jab><no_skep>SKEP/44/I/2002</no_skep><tgl_skep>2002-01-28</tgl_skep></jabatan><jabatan><jabatan>KASUBBAG ANLEM BAGLEM ROREN SETJEN DEPHAN</jabatan><tmt_jab>2006-01-01</tmt_jab><no_skep>SKEP/1098/XII/2005</no_skep><tgl_skep>2005-12-30</tgl_skep></jabatan><jabatan><jabatan>Kasubbag Anjab Bag Lem Roren Setjen Dephan</jabatan><tmt_jab>2009-03-30</tmt_jab><no_skep>KEP MENHAN NO: KEP/48/III/2009</no_skep><tgl_skep>2009-03-30</tgl_skep></jabatan><jabatan><jabatan>Anggota Subbag Minro Bag Lem Roren Setjen Dephan</jabatan><tmt_jab>2010-03-05</tmt_jab><no_skep>KEP MENHAN NO : KEP/128/III/2010</no_skep><tgl_skep>2010-03-04</tgl_skep></jabatan><jabatan><jabatan>KASUBBAG ANJAB BAG LEM ROREN SETJEN KEMHAN</jabatan><tmt_jab>2010-09-28</tmt_jab><no_skep>KEP MENHAN NOMOR : KEP/681/IX/2010</no_skep><tgl_skep>2010-09-28</tgl_skep></jabatan><jabatan><jabatan>KASUBBAG STANDKOMJAB BAG LEM ROREN SETJEN KEMHAN</jabatan><tmt_jab>2012-08-01</tmt_jab><no_skep>KEP/606/VII/2012</no_skep><tgl_skep>2012-07-27</tgl_skep></jabatan><jabatan><jabatan>KASUBBAG MUTJABFUNG BAG INDUK PNS ROPEG SETJEN KEMHAN</jabatan><tmt_jab>2013-08-07</tmt_jab><no_skep>KEP/99/VIII/2013</no_skep><tgl_skep>2013-08-07</tgl_skep></jabatan><jabatan><jabatan>KASUBBAG MUTJABFUNG BAG INDUK PNS ROPEG SETJEN KEMHAN</jabatan><tmt_jab>2014-12-31</tmt_jab><no_skep>KEP/1483/XII/2014</no_skep><tgl_skep>2014-12-18</tgl_skep></jabatan><jabatan><jabatan>KASUBBAG MUTJABFUNG BAG INDUK PNS ROPEG SETJEN KEMHAN</jabatan><tmt_jab>2014-12-31</tmt_jab><no_skep>KEP/</no_skep><tgl_skep>2014-12-31</tgl_skep></jabatan><jabatan><tgl_skep>2013-08-02</tgl_skep></jabatan></riwayat_jabatan><riwayat_pendidikan><pendidikan_umum><pendidikan><nama_dik>SEKOLAH DASAR</nama_dik><tahun_lulus>1976</tahun_lulus></pendidikan><pendidikan><nama_dik>SEKOLAH MENENGAH PERTAMA (SMP)</nama_dik><tahun_lulus>1980</tahun_lulus></pendidikan><pendidikan><nama_dik>SEKOLAH MENENGAH ATAS (SMA)</nama_dik><tahun_lulus>1983</tahun_lulus></pendidikan><pendidikan><nama_dik>SARJANA (S1)</nama_dik><tahun_lulus>1990</tahun_lulus></pendidikan><pendidikan><nama_dik>PASCA SARJANA (S2)</nama_dik><tahun_lulus>2012</tahun_lulus></pendidikan></pendidikan_umum><pendidikan_pembentukan><pendidikan><nama_dik>LATPRAJAB TK.III</nama_dik><tahun_lulus>1992</tahun_lulus></pendidikan><pendidikan><nama_dik>SEPALA</nama_dik><tahun_lulus>1994</tahun_lulus></pendidikan><pendidikan><nama_dik>TAR PPBN</nama_dik><tahun_lulus>1995</tahun_lulus></pendidikan><pendidikan><nama_dik>TAR P-4 25 JAM</nama_dik><tahun_lulus>1997</tahun_lulus></pendidikan><pendidikan><nama_dik>WORKSHOP ESL. IV GEL. I TGL. 18 - 19 SEPT 2007</nama_dik><tahun_lulus>2007</tahun_lulus></pendidikan><pendidikan><nama_dik>WORKSHOP ANJAB TINGKAT NASIONAL</nama_dik><tahun_lulus>2012</tahun_lulus></pendidikan></pendidikan_pembentukan></riwayat_pendidikan><riwayat_penugasan></riwayat_penugasan><riwayat_tanda_jasa><tanda_jasa><nama_tanda_jasa>SATYALANCANA KARYA SATYA X TAHUN</nama_tanda_jasa><no_skep>KEP/040/TK/2003</no_skep><tgl_skep>2003-07-31</tgl_skep></tanda_jasa><tanda_jasa><nama_tanda_jasa>SATYALANCANA KARYA SATYA XX TAHUN</nama_tanda_jasa><no_skep>KEPPRES RI NOMOR 62/TK/TAHUN/2012</no_skep><tgl_skep>2012-08-06</tgl_skep></tanda_jasa></riwayat_tanda_jasa><riwayat_bahasa><bahasa><nama_bahasa>JAWA</nama_bahasa><keterangan>AKTIF</keterangan></bahasa><bahasa><nama_bahasa>INGGRIS</nama_bahasa><keterangan>PASIF</keterangan></bahasa></riwayat_bahasa><riwayat_keluarga><keluarga><nama_keluarga>ENDANG SRI SAPARIAH</nama_keluarga><jenis_kelamin>PEREMPUAN</jenis_kelamin><tgl_lahir>1967-05-20</tgl_lahir><hubungan>ISTRI</hubungan></keluarga><keluarga><nama_keluarga>PRAMUDHYA IBRAHIM</nama_keluarga><jenis_kelamin>LAKI-LAKI</jenis_kelamin><tgl_lahir>1998-12-26</tgl_lahir><hubungan>ANAK</hubungan></keluarga><keluarga><nama_keluarga>DESTATYANA PRATIWI</nama_keluarga><jenis_kelamin>PEREMPUAN</jenis_kelamin><tgl_lahir>2005-12-25</tgl_lahir><hubungan>ANAK</hubungan></keluarga></riwayat_keluarga></personil_kemhan>
