<personil_kemhan><nopeg>198001012006041001</nopeg><nip>030250278</nip><nrp_nip>198001012006041001</nrp_nip><nama>HERU HARYADI</nama><tempat_lahir>JAKARTA</tempat_lahir><tgl_lahir>1980-01-01</tgl_lahir><jenis_kelamin>LAKI-LAKI</jenis_kelamin><unit_organisasi>U.O. KEMHAN</unit_organisasi><jenis_personil>PNS</jenis_personil><pangkat>PENGATUR MUDA II/A</pangkat><pangkat_corps>PENGATUR MUDA II/A </pangkat_corps><tmt_pangkat>2014-04-01</tmt_pangkat><angkatan_korps>PNS</angkatan_korps><kategori_pangkat>II/A</kategori_pangkat><jabatan>AGENDARIS SUBBAG TU BIRO BAGADABANGPEG</jabatan><satker>ROPEG SETJEN KEMHAN</satker><kode_jabatan>ANGGOTA</kode_jabatan><tmt_jabatan>2014-12-31</tmt_jabatan><eselon_jabatan>99</eselon_jabatan><kategori>ORGANIK</kategori><tmt_tni>2007-09-01</tmt_tni><tmt_kemhan>2006-04-01</tmt_kemhan><agama>ISLAM</agama><file_foto_1>foto/198001012006041001.jpg</file_foto_1><file_foto_2>foto/030250278.jpg</file_foto_2><riwayat_pangkat><pangkat><pangkat>CAPEG I/C</pangkat><tmt_pkt>2006-04-01</tmt_pkt><no_skep>SKEP/372/M/V/2006</no_skep><tgl_skep>2006-05-05</tgl_skep></pangkat><pangkat><pangkat>JURU I/C</pangkat><tmt_pkt>2007-09-01</tmt_pkt><no_skep>SKEP/686/IX/2007</no_skep><tgl_skep>2007-09-04</tgl_skep></pangkat><pangkat><pangkat>JURU TK.I  I/D</pangkat><tmt_pkt>2010-04-01</tmt_pkt><no_skep>KEP/153/III/2010</no_skep><tgl_skep>2010-03-12</tgl_skep></pangkat><pangkat><pangkat>PENGATUR MUDA II/A</pangkat><tmt_pkt>2014-04-01</tmt_pkt><no_skep>KEP/282/III/2014</no_skep><tgl_skep>2014-03-26</tgl_skep></pangkat></riwayat_pangkat><riwayat_jabatan><jabatan><jabatan>CAPEG ROUM SETJEN DEPHAN</jabatan><tmt_jab>2006-07-07</tmt_jab><no_skep>SPRIN/222/VII/2006</no_skep><tgl_skep>2006-07-07</tgl_skep></jabatan><jabatan><jabatan>CAPEG ROPEG SETJEN DEPHAN</jabatan><tmt_jab>2006-07-26</tmt_jab><no_skep>SPRIN/222.a/VII/2006</no_skep><tgl_skep>2006-07-26</tgl_skep></jabatan><jabatan><jabatan>Anggota Subbag Minro Bag Adabangpeg Ropeg Setjen Dephan</jabatan><tmt_jab>2006-07-31</tmt_jab><no_skep>SPRIN/260/VII/2006</no_skep><tgl_skep>2006-07-31</tgl_skep></jabatan><jabatan><jabatan>SEKRETARIS PRIBADI KAROPEG SUBBAGMINRO BAGADABANGPEG ROPEG SETJEN KEMHAN</jabatan><tmt_jab>2010-05-17</tmt_jab><no_skep>Kep Menhan Nomor : KEP/321/V/2010</no_skep><tgl_skep>2010-05-17</tgl_skep></jabatan><jabatan><jabatan>SEKRETARIS KARO SUBBAG TU BIRO BAGADABANGPEG ROPEG SETJEN KEMHAN</jabatan><tmt_jab>2011-04-01</tmt_jab><no_skep>Kep/281/IV/2011</no_skep><tgl_skep>2011-04-19</tgl_skep></jabatan><jabatan><jabatan>AGENDARIS SUBBAG TU BIRO BAGADABANGPEG ROPEG SETJEN KEMHAN</jabatan><tmt_jab>2014-12-31</tmt_jab><no_skep>KEP/1485/XII/2014</no_skep><tgl_skep>2014-12-18</tgl_skep></jabatan></riwayat_jabatan><riwayat_pendidikan><pendidikan_umum><pendidikan><nama_dik>SEKOLAH DASAR</nama_dik><tahun_lulus>1993</tahun_lulus></pendidikan><pendidikan><nama_dik>SEKOLAH LANJUTAN TINGKAT PERTAMA (SLTP)</nama_dik><tahun_lulus>1996</tahun_lulus></pendidikan><pendidikan><nama_dik>SEKOLAH LANJUTAN TINGKAT ATAS (SLTA)</nama_dik><tahun_lulus>1999</tahun_lulus></pendidikan><pendidikan><nama_dik>SEKOLAH LANJUTAN TINGKAT ATAS (SLTA)</nama_dik><tahun_lulus>2009</tahun_lulus></pendidikan></pendidikan_umum><pendidikan_pembentukan><pendidikan><nama_dik>LATPRAJAB</nama_dik><tahun_lulus>2006</tahun_lulus></pendidikan></pendidikan_pembentukan></riwayat_pendidikan><riwayat_penugasan></riwayat_penugasan><riwayat_tanda_jasa></riwayat_tanda_jasa><riwayat_bahasa><bahasa><nama_bahasa>JAWA</nama_bahasa><keterangan>AKTIF</keterangan></bahasa></riwayat_bahasa><riwayat_keluarga><keluarga><nama_keluarga>SERLIYANTI</nama_keluarga><jenis_kelamin>PEREMPUAN</jenis_kelamin><tgl_lahir>1981-07-25</tgl_lahir><hubungan>ISTRI</hubungan></keluarga><keluarga><nama_keluarga>FIRAAS ALMUFADHAL</nama_keluarga><jenis_kelamin>LAKI-LAKI</jenis_kelamin><tgl_lahir>2012-03-03</tgl_lahir><hubungan>ANAK</hubungan></keluarga><keluarga><nama_keluarga>ROSYADAH KEUMALAHAYATI</nama_keluarga><jenis_kelamin>PEREMPUAN</jenis_kelamin><tgl_lahir>2015-07-10</tgl_lahir><hubungan>ANAK</hubungan></keluarga></riwayat_keluarga></personil_kemhan>
