<personil_kemhan><nopeg>196403151988032001</nopeg><nip>030194474</nip><nrp_nip>196403151988032001</nrp_nip><nama>ATING SUKARNI</nama><gelar>B.Sc</gelar><tempat_lahir>Jakarta</tempat_lahir><tgl_lahir>1964-03-15</tgl_lahir><jenis_kelamin>PEREMPUAN</jenis_kelamin><unit_organisasi>U.O. KEMHAN</unit_organisasi><jenis_personil>PNS</jenis_personil><pangkat>PENATA TK.I III/D</pangkat><pangkat_corps>PENATA TK.I III/D </pangkat_corps><tmt_pangkat>2010-10-01</tmt_pangkat><angkatan_korps>PNS</angkatan_korps><tmt_pa_gol_3>1998-04-01</tmt_pa_gol_3><kategori_pangkat>III/D</kategori_pangkat><jabatan>KASI DALGAR KEMHAN SUBDIT DALPROGAR A</jabatan><satker>DIT DALPROGAR DITJEN RENHAN KEMHAN</satker><kode_jabatan>STRUKTURAL</kode_jabatan><tmt_jabatan>2014-02-10</tmt_jabatan><eselon_jabatan>IV</eselon_jabatan><kategori>ORGANIK</kategori><tmt_tni>1989-05-01</tmt_tni><tmt_kemhan>1988-03-01</tmt_kemhan><agama>ISLAM</agama><file_foto_1>foto/196403151988032001.jpg</file_foto_1><file_foto_2>foto/030194474.jpg</file_foto_2><riwayat_pangkat><pangkat><pangkat>CAPEG II/B</pangkat><tmt_pkt>1988-03-01</tmt_pkt><no_skep>SKEP/680/VI/1988</no_skep><tgl_skep>1988-06-02</tgl_skep></pangkat><pangkat><pangkat>PENGATUR MUDA TK.I  II/B</pangkat><tmt_pkt>1989-05-01</tmt_pkt><no_skep>SKEP/727/IV/1989</no_skep><tgl_skep>1989-04-26</tgl_skep></pangkat><pangkat><pangkat>PENGATUR II/C</pangkat><tmt_pkt>1990-04-01</tmt_pkt><no_skep>SKEP/1694/VII/1990</no_skep><tgl_skep>1990-07-31</tgl_skep></pangkat><pangkat><pangkat>PENGATUR TK.I II/D</pangkat><tmt_pkt>1994-04-01</tmt_pkt><no_skep>03-09/01683/KEP/IV/1994</no_skep><tgl_skep>1994-03-05</tgl_skep></pangkat><pangkat><pangkat>PENATA MUDA III/A</pangkat><tmt_pkt>1998-04-01</tmt_pkt><no_skep>SKEP/270/IV/1998</no_skep><tgl_skep>1998-04-30</tgl_skep></pangkat><pangkat><pangkat>PENATA MUDA TK.I III/B</pangkat><tmt_pkt>2002-04-01</tmt_pkt><no_skep>SKEP/624/VII/2002</no_skep><tgl_skep>2002-07-03</tgl_skep></pangkat><pangkat><pangkat>PENATA III/C</pangkat><tmt_pkt>2006-04-01</tmt_pkt><no_skep>SKEP/118/II/2006</no_skep><tgl_skep>2006-02-28</tgl_skep></pangkat><pangkat><pangkat>PENATA TK.I III/D</pangkat><tmt_pkt>2010-10-01</tmt_pkt><no_skep>KEP MENHAN NOMOR : KEP/643/IX/2010</no_skep><tgl_skep>2010-09-14</tgl_skep></pangkat></riwayat_pangkat><riwayat_jabatan><jabatan><jabatan>ANGG. SUBBAG PENGURUSAN SURAT BAGTU ROUM SETJEN DEPHAN</jabatan><tmt_jab>1988-02-01</tmt_jab><no_skep>SPRIN/332/III/1988</no_skep><tgl_skep>1988-02-01</tgl_skep></jabatan><jabatan><jabatan>ANGGOTA SUBBAG RENPROGGAR ROUM</jabatan><tmt_jab>1993-06-17</tmt_jab><no_skep>SPRIN/1286/VI/1993</no_skep><tgl_skep>1993-06-24</tgl_skep></jabatan><jabatan><jabatan>PSB TK III/TASA SUBBAG WATJAH BAGPERS ROUM SETJEN DEPHAN</jabatan><tmt_jab>1998-12-01</tmt_jab><no_skep>SKEP/1420/XII/1998</no_skep><tgl_skep>1998-12-21</tgl_skep></jabatan><jabatan><jabatan>PSB TKII/ANEV SUBBAGRENMINRO BAGADABANGPEG ROPEG SETJEN DEPHAN</jabatan><tmt_jab>2001-03-01</tmt_jab><no_skep>SKEP/282/III/2001</no_skep><tgl_skep>2001-03-28</tgl_skep></jabatan><jabatan><jabatan>ANALIS KEPEGAWAIAN PELAKSANA LANJUTAN ROPEG SETJEN DEPHAN</jabatan><tmt_jab>2001-12-01</tmt_jab><no_skep>SKEP/1017/XII/2001</no_skep><tgl_skep>2001-12-24</tgl_skep></jabatan><jabatan><jabatan>ANGGOTA SUBBAGRENMINRO BAGADABANGPEG ROPEG SETJEN DEPHAN</jabatan><tmt_jab>2005-03-01</tmt_jab><no_skep>SKEP/205/III/2005</no_skep><tgl_skep>2005-03-01</tgl_skep></jabatan><jabatan><jabatan>ANGGOTA SUBBAGMINRO BAGADABANGPEG ROPEG SETJEN DEPHAN</jabatan><tmt_jab>2006-03-01</tmt_jab><no_skep>SKEP/201/III/2006</no_skep><tgl_skep>2006-03-27</tgl_skep></jabatan><jabatan><jabatan>ANGGOTA SUBBAGWATSAH BAGINDUK PNS ROPEG SETJEN DEPHAN</jabatan><tmt_jab>2008-02-01</tmt_jab><no_skep>SKEP/50/II/2008</no_skep><tgl_skep>2008-02-01</tgl_skep></jabatan><jabatan><jabatan>Arsiparis Penyelia Ropeg Setjen Dephan</jabatan><tmt_jab>2009-04-01</tmt_jab><no_skep>KEP/253/XII/2009</no_skep><tgl_skep>2009-12-11</tgl_skep></jabatan><jabatan><jabatan>KASUBBAG TU SUBDIT EVLAP PROGAR DIT DALPROGAR DITJEN RENHAN KEMHAN</jabatan><tmt_jab>2010-09-28</tmt_jab><no_skep>KEP MENHAN NOMOR : KEP/681/IX/2010</no_skep><tgl_skep>2010-09-28</tgl_skep></jabatan><jabatan><jabatan>KASI DALGAR KEMHAN SUBDIT DALPROGAR A DIT DALPROGAR DITJEN RENHAN KEMHAN</jabatan><tmt_jab>2014-02-10</tmt_jab><no_skep>KEP/201/II/2014</no_skep><tgl_skep>2014-02-26</tgl_skep></jabatan></riwayat_jabatan><riwayat_pendidikan><pendidikan_umum><pendidikan><nama_dik>SEKOLAH DASAR</nama_dik><tahun_lulus>1976</tahun_lulus></pendidikan><pendidikan><nama_dik>SEKOLAH LANJUTAN TINGKAT PERTAMA (SLTP)</nama_dik><tahun_lulus>1980</tahun_lulus></pendidikan><pendidikan><nama_dik>SEKOLAH LANJUTAN TINGKAT ATAS (SLTA)</nama_dik><tahun_lulus>1983</tahun_lulus></pendidikan><pendidikan><nama_dik>SARJANA MUDA (D.III)</nama_dik><tahun_lulus>1986</tahun_lulus></pendidikan></pendidikan_umum><pendidikan_pembentukan><pendidikan><nama_dik>SUS DASAR KOMPUTER MIKRO</nama_dik><tahun_lulus>1989</tahun_lulus></pendidikan><pendidikan><nama_dik>SEPADA</nama_dik><tahun_lulus>1992</tahun_lulus></pendidikan><pendidikan><nama_dik>ADUM</nama_dik><tahun_lulus>1998</tahun_lulus></pendidikan></pendidikan_pembentukan></riwayat_pendidikan><riwayat_penugasan></riwayat_penugasan><riwayat_tanda_jasa><tanda_jasa><nama_tanda_jasa>SATYALANCANA KARYA SATYA X TAHUN</nama_tanda_jasa><no_skep>KEPRES RI NOMOR : 047/TK/TAHUN 2005</no_skep><tgl_skep>2005-07-11</tgl_skep></tanda_jasa><tanda_jasa><nama_tanda_jasa>SATYALANCANA KARYA SATYA XX TAHUN</nama_tanda_jasa><no_skep>KEPPRES/27/TK/2010</no_skep><tgl_skep>2010-07-20</tgl_skep></tanda_jasa></riwayat_tanda_jasa><riwayat_bahasa></riwayat_bahasa><riwayat_keluarga></riwayat_keluarga></personil_kemhan>
