<personil_kemhan><nopeg>196706151989031001</nopeg><nip>030202778</nip><nrp_nip>196706151989031001</nrp_nip><nama>ROHMAT</nama><tempat_lahir>Murnioso</tempat_lahir><tgl_lahir>1967-06-15</tgl_lahir><jenis_kelamin>LAKI-LAKI</jenis_kelamin><unit_organisasi>U.O. KEMHAN</unit_organisasi><jenis_personil>PNS</jenis_personil><pangkat>PENATA III/C</pangkat><pangkat_corps>PENATA III/C </pangkat_corps><tmt_pangkat>2011-04-01</tmt_pangkat><angkatan_korps>PNS</angkatan_korps><sumber_pa_gol_3>UJIAN DINAS</sumber_pa_gol_3><tmt_pa_gol_3>2005-04-01</tmt_pa_gol_3><kategori_pangkat>III/C</kategori_pangkat><jabatan>ARSIPARIS PENYELIA</jabatan><satker>ROTU SETJEN KEMHAN</satker><kode_jabatan>FUNGSIONAL</kode_jabatan><tmt_jabatan>2014-12-31</tmt_jabatan><eselon_jabatan>99</eselon_jabatan><kategori>ORGANIK</kategori><tmt_tni>1990-05-01</tmt_tni><agama>ISLAM</agama><file_foto_1>foto/196706151989031001.jpg</file_foto_1><file_foto_2>foto/030202778.jpg</file_foto_2><riwayat_pangkat><pangkat><pangkat>CAPEG II/A</pangkat><tmt_pkt>1989-04-01</tmt_pkt><no_skep>SKEP/1022/VI/1989</no_skep><tgl_skep>1989-06-01</tgl_skep></pangkat><pangkat><pangkat>PENGATUR MUDA II/A</pangkat><tmt_pkt>1990-04-01</tmt_pkt><no_skep>SKEP/489/IV/1990</no_skep><tgl_skep>1990-04-11</tgl_skep></pangkat><pangkat><pangkat>PENGATUR MUDA TK.I  II/B</pangkat><tmt_pkt>1997-03-01</tmt_pkt><no_skep>SKEP/03-09/01352/KEP/IV/1993</no_skep><tgl_skep>1993-03-01</tgl_skep></pangkat><pangkat><pangkat>PENGATUR II/C</pangkat><tmt_pkt>1997-04-04</tmt_pkt><no_skep>SKEP/03-09/0003/KEP/IV/1997</no_skep><tgl_skep>1997-03-04</tgl_skep></pangkat><pangkat><pangkat>PENGATUR TK.I II/D</pangkat><tmt_pkt>2001-04-01</tmt_pkt><no_skep>SKEP/03-09.73/KEP/IV/2001</no_skep><tgl_skep>2001-05-31</tgl_skep></pangkat><pangkat><pangkat>PENATA MUDA III/A</pangkat><tmt_pkt>2005-04-01</tmt_pkt><no_skep>SKEP/790/IX/2005</no_skep><tgl_skep>2005-05-14</tgl_skep></pangkat><pangkat><pangkat>PENATA MUDA TK.I III/B</pangkat><tmt_pkt>2005-08-01</tmt_pkt><no_skep>SKEP/657/VIII/2007</no_skep><tgl_skep>2007-08-24</tgl_skep></pangkat><pangkat><pangkat>PENATA III/C</pangkat><tmt_pkt>2011-04-01</tmt_pkt><no_skep>KEP/225/III/2011</no_skep><tgl_skep>2011-03-31</tgl_skep></pangkat></riwayat_pangkat><riwayat_jabatan><jabatan><jabatan>ANGG. SUBBAG ARDOK BAG TU ROUM</jabatan><tmt_jab>1990-04-11</tmt_jab><no_skep>SKEP/489/IV/1990</no_skep><tgl_skep>1990-04-11</tgl_skep></jabatan><jabatan><jabatan>TURMIN ARSIP SUBBAG ARDOK BAG TU ROUM</jabatan><tmt_jab>1998-11-01</tmt_jab><no_skep>SKEP/1122/IX/1998</no_skep><tgl_skep>1998-11-14</tgl_skep></jabatan><jabatan><jabatan>TURMIN ARSIP &amp; DOK SUBBAGARDOK BAG TU UM ROTU</jabatan><tmt_jab>2001-03-01</tmt_jab><no_skep>SKEP/250/III/2001</no_skep><tgl_skep>2001-03-04</tgl_skep></jabatan><jabatan><jabatan>ARSIPARIS PELAKSANA LANJUTAN ROTU SETJEN KEMHAN</jabatan><tmt_jab>2005-09-12</tmt_jab><no_skep>SKEP/790/IX/2005</no_skep><tgl_skep>2006-04-24</tgl_skep></jabatan><jabatan><jabatan>Arsiparis Pelaksana Lanjutan Rotu Setjen Dephan</jabatan><tmt_jab>2006-03-01</tmt_jab><no_skep>SPRIN/52/IV/2006</no_skep><tgl_skep>2006-04-24</tgl_skep></jabatan><jabatan><jabatan>Arsiparis Penyelia Rotu Setjen Dephan</jabatan><tmt_jab>2010-06-10</tmt_jab><no_skep>KEP/397/VI/2010</no_skep><tgl_skep>2010-06-15</tgl_skep></jabatan><jabatan><jabatan>PENGOLAH BAHAN KEGIATAN WAMEN SUBBAG DUK WAMEN BAG TU DAN DUK WAMEN ROTU SETJEN KEMHAN</jabatan><tmt_jab>2011-04-01</tmt_jab><no_skep>Kep/282/IV/2011</no_skep><tgl_skep>2011-04-19</tgl_skep></jabatan><jabatan><jabatan>ARSIPARIS PENYELIA ROTU SETJEN KEMHAN</jabatan><tmt_jab>2014-12-31</tmt_jab><no_skep>KEP/1488/XII/2014</no_skep><tgl_skep>2014-12-18</tgl_skep></jabatan></riwayat_jabatan><riwayat_pendidikan><pendidikan_umum><pendidikan><nama_dik>SEKOLAH DASAR</nama_dik><tahun_lulus>1979</tahun_lulus></pendidikan><pendidikan><nama_dik>SEKOLAH MENENGAH PERTAMA (SMP)</nama_dik><tahun_lulus>1982</tahun_lulus></pendidikan><pendidikan><nama_dik>SEKOLAH MENENGAH ATAS (SMA)</nama_dik><tahun_lulus>1986</tahun_lulus></pendidikan></pendidikan_umum><pendidikan_pembentukan><pendidikan><nama_dik>LATPRAJAB TK II</nama_dik><tahun_lulus>1989</tahun_lulus></pendidikan><pendidikan><nama_dik>SUS MINU TK. III</nama_dik><tahun_lulus>1991</tahun_lulus></pendidikan><pendidikan><nama_dik>SUS MIKRO KOMPUTER</nama_dik><tahun_lulus>1998</tahun_lulus></pendidikan><pendidikan><nama_dik>SUS ARSIP/DOSIR</nama_dik><tahun_lulus>1999</tahun_lulus></pendidikan><pendidikan><nama_dik>PENYETARAAN JABFUNG ARSIPARIS</nama_dik><tahun_lulus>2005</tahun_lulus></pendidikan><pendidikan><nama_dik>KIBA ARAB TK DASAR</nama_dik><tahun_lulus>2009</tahun_lulus></pendidikan><pendidikan><nama_dik>SEMINAR KEARSIPAN</nama_dik><tahun_lulus>2010</tahun_lulus></pendidikan><pendidikan><nama_dik>SELEKSI ARSIPARIS TELADAN NASIONAL</nama_dik><tahun_lulus>2010</tahun_lulus></pendidikan><pendidikan><nama_dik>TIM PENILAI ARSIPARIS</nama_dik><tahun_lulus>2012</tahun_lulus></pendidikan></pendidikan_pembentukan></riwayat_pendidikan><riwayat_penugasan></riwayat_penugasan><riwayat_tanda_jasa><tanda_jasa><nama_tanda_jasa>SATYALANCANA KARYA SATYA X TAHUN</nama_tanda_jasa><no_skep>065/TK/2001</no_skep><tgl_skep>2001-06-19</tgl_skep></tanda_jasa><tanda_jasa><nama_tanda_jasa>SATYALANCANA KARYA SATYA XX TAHUN</nama_tanda_jasa><no_skep>62/TK/2010</no_skep><tgl_skep>2010-12-01</tgl_skep></tanda_jasa></riwayat_tanda_jasa><riwayat_bahasa><bahasa><nama_bahasa>JAWA</nama_bahasa><keterangan>AKTIF</keterangan></bahasa><bahasa><nama_bahasa>INGGRIS</nama_bahasa><keterangan>PASIF</keterangan></bahasa></riwayat_bahasa><riwayat_keluarga><keluarga><nama_keluarga>KUSTIYANTI</nama_keluarga><jenis_kelamin>PEREMPUAN</jenis_kelamin><tgl_lahir>1973-08-20</tgl_lahir><hubungan>ISTRI</hubungan></keluarga><keluarga><nama_keluarga>ATIEK MAULINA ULYA</nama_keluarga><jenis_kelamin>PEREMPUAN</jenis_kelamin><tgl_lahir>1997-04-02</tgl_lahir><hubungan>ANAK</hubungan></keluarga><keluarga><nama_keluarga>MIFTAHUL SABILA ROSYAD</nama_keluarga><jenis_kelamin>LAKI-LAKI</jenis_kelamin><tgl_lahir>1999-06-22</tgl_lahir><hubungan>ANAK</hubungan></keluarga><keluarga><nama_keluarga>KURROTA LATIFA ULYA</nama_keluarga><jenis_kelamin>PEREMPUAN</jenis_kelamin><tgl_lahir>2002-06-08</tgl_lahir><hubungan>ANAK</hubungan></keluarga></riwayat_keluarga></personil_kemhan>
