<personil_kemhan><nopeg>196104261988031001</nopeg><nip>030194469</nip><nrp_nip>196104261988031001</nrp_nip><nama>MARUDUT SITANGGANG</nama><gelar>S.E, M.M.</gelar><tempat_lahir>Taput</tempat_lahir><tgl_lahir>1961-04-26</tgl_lahir><jenis_kelamin>LAKI-LAKI</jenis_kelamin><unit_organisasi>U.O. KEMHAN</unit_organisasi><jenis_personil>PNS</jenis_personil><pangkat>PENATA TK.I III/D</pangkat><pangkat_corps>PENATA TK.I III/D </pangkat_corps><tmt_pangkat>2009-04-01</tmt_pangkat><angkatan_korps>PNS</angkatan_korps><sumber_pa_gol_3>REGULAR</sumber_pa_gol_3><kategori_pangkat>III/D</kategori_pangkat><jabatan>KASUBBAG TU LEMBANGDIK DAN JAMTU </jabatan><satker>UNHAN KEMHAN</satker><kode_jabatan>STRUKTURAL</kode_jabatan><tmt_jabatan>2014-11-24</tmt_jabatan><eselon_jabatan>IV</eselon_jabatan><kategori>ORGANIK</kategori><tmt_tni>1989-06-01</tmt_tni><tmt_kemhan>1997-03-01</tmt_kemhan><agama>PROTESTAN</agama><file_foto_1>foto/196104261988031001.jpg</file_foto_1><file_foto_2>foto/030194469.jpg</file_foto_2><riwayat_pangkat><pangkat><pangkat>CAPEG II/B</pangkat><tmt_pkt>1988-03-01</tmt_pkt><no_skep>SKEP/815/VI/1988</no_skep><tgl_skep>1988-05-10</tgl_skep></pangkat><pangkat><pangkat>PENGATUR MUDA TK.I  II/B</pangkat><tmt_pkt>1989-06-01</tmt_pkt><no_skep>SKEP/810/V/1989</no_skep><tgl_skep>1989-05-17</tgl_skep></pangkat><pangkat><pangkat>PENGATUR II/C</pangkat><tmt_pkt>1990-04-01</tmt_pkt><no_skep>SKEP/1296/VI/1990</no_skep><tgl_skep>1990-06-22</tgl_skep></pangkat><pangkat><pangkat>PENGATUR TK.I II/D</pangkat><tmt_pkt>1994-04-01</tmt_pkt><no_skep>KA BAKN 03-09/01752/KEP/IV/1994</no_skep><tgl_skep>1994-03-25</tgl_skep></pangkat><pangkat><pangkat>PENATA MUDA III/A</pangkat><tmt_pkt>1997-04-01</tmt_pkt><no_skep>SKEP/678/VI/1997</no_skep><tgl_skep>1997-06-02</tgl_skep></pangkat><pangkat><pangkat>PENATA MUDA TK.I III/B</pangkat><tmt_pkt>2001-04-01</tmt_pkt><no_skep>SKEP/537/VIII/2001</no_skep><tgl_skep>2001-08-15</tgl_skep></pangkat><pangkat><pangkat>PENATA III/C</pangkat><tmt_pkt>2005-04-01</tmt_pkt><no_skep>SKEP/160/III/2005</no_skep><tgl_skep>2005-03-14</tgl_skep></pangkat><pangkat><pangkat>PENATA TK.I III/D</pangkat><tmt_pkt>2009-04-01</tmt_pkt><no_skep>KEP MENHAN NOMOR : KEP/34/III/2009</no_skep><tgl_skep>2009-04-11</tgl_skep></pangkat></riwayat_pangkat><riwayat_jabatan><jabatan><jabatan>PS PEMB SUBBAG TK II/SUNGARTIN SUNPROGJAGAR BAGREN</jabatan><tmt_jab>2000-01-01</tmt_jab><no_skep>SKEP/1481/XII/1999</no_skep><tgl_skep>1999-12-24</tgl_skep></jabatan><jabatan><jabatan>PSB TK II/SUNGARTIN SUBBAGSUNREN BAGREN ROORTALA</jabatan><tmt_jab>2001-03-01</tmt_jab><no_skep>SKEP/316/IV/2001</no_skep><tgl_skep>2001-04-11</tgl_skep></jabatan><jabatan><jabatan>PERENCANA PERTAMA</jabatan><tmt_jab>2001-12-01</tmt_jab><no_skep>SKEP/1053/XII/2001</no_skep><tgl_skep>2001-12-31</tgl_skep></jabatan><jabatan><jabatan>Ajun Arsiparis Ro.Ortala Setjen Dephan</jabatan><tmt_jab>2003-08-01</tmt_jab><no_skep>Skep/1338/IX/2003</no_skep><tgl_skep>2003-09-02</tgl_skep></jabatan><jabatan><jabatan>WS. Kasubbag Dalprogjagar Bagren Ro. Ortaala Setjen Dephan</jabatan><tmt_jab>2004-08-01</tmt_jab><no_skep>Sprin/70/VIII/2004</no_skep><tgl_skep>2004-08-25</tgl_skep></jabatan><jabatan><jabatan>Anggota Ro. Ortala Setjen Dephan</jabatan><tmt_jab>2005-02-01</tmt_jab><no_skep>Skep/48/II/2005</no_skep><tgl_skep>2005-02-03</tgl_skep></jabatan><jabatan><jabatan>WS. Kasubbag Dalprogjagar Bagren Ro. Ortala Setjen Dephan</jabatan><tmt_jab>2005-03-18</tmt_jab><no_skep>Sprin/51/III/2005</no_skep><tgl_skep>2005-03-18</tgl_skep></jabatan><jabatan><jabatan>Anggota Subbag Minro Bag Lem Roren Setjen Dephan</jabatan><tmt_jab>2006-02-01</tmt_jab><no_skep>SKEP/91/II/2006</no_skep><tgl_skep>2006-02-23</tgl_skep></jabatan><jabatan><jabatan>Kasubbag Evlap Bag Tala Roren Setjen Dephan</jabatan><tmt_jab>2009-03-30</tmt_jab><no_skep>KEP MENHAN NO: KEP/48/III/2009</no_skep><tgl_skep>2009-03-30</tgl_skep></jabatan><jabatan><jabatan>KASUBBAG EVLAPJA BAG TALA ROREN SETJEN KEMHAN</jabatan><tmt_jab>2010-09-28</tmt_jab><no_skep>KEP/681/IX/2010</no_skep><tgl_skep>2010-09-28</tgl_skep></jabatan><jabatan><jabatan>PERENCANA MUDA PENJAMIN MUTU LEMBANGDIK PENJAMIN MUTU UNHAN KEMHAN</jabatan><tmt_jab>2013-02-25</tmt_jab><no_skep>KEP/170/II/2013</no_skep><tgl_skep>2013-02-25</tgl_skep></jabatan><jabatan><jabatan>KASUBBAG TU LEMBANGDIK DAN JAMTU  UNHAN KEMHAN</jabatan><tmt_jab>2014-11-24</tmt_jab><no_skep>Skep/1375/XI/2014</no_skep><tgl_skep>2014-11-27</tgl_skep></jabatan></riwayat_jabatan><riwayat_pendidikan><pendidikan_umum><pendidikan><nama_dik>SEKOLAH DASAR</nama_dik><tahun_lulus>1973</tahun_lulus></pendidikan><pendidikan><nama_dik>SEKOLAH LANJUTAN TINGKAT PERTAMA (SLTP)</nama_dik><tahun_lulus>1976</tahun_lulus></pendidikan><pendidikan><nama_dik>SEKOLAH LANJUTAN TINGKAT ATAS (SLTA)</nama_dik><tahun_lulus>1980</tahun_lulus></pendidikan><pendidikan><nama_dik>SARJANA MUDA (D.III)</nama_dik><tahun_lulus>1986</tahun_lulus></pendidikan><pendidikan><nama_dik>SARJANA (S1)</nama_dik><tahun_lulus>1996</tahun_lulus></pendidikan><pendidikan><nama_dik>PASCA SARJANA (S2)</nama_dik><tahun_lulus>2007</tahun_lulus></pendidikan></pendidikan_umum><pendidikan_pembentukan><pendidikan><nama_dik>ADUM</nama_dik><tahun_lulus>1999</tahun_lulus></pendidikan><pendidikan><nama_dik>WORK SHOP</nama_dik><tahun_lulus>2009</tahun_lulus></pendidikan><pendidikan><nama_dik>SUSDAS JEMEN ANGKATAN II</nama_dik><tahun_lulus>2009</tahun_lulus></pendidikan></pendidikan_pembentukan></riwayat_pendidikan><riwayat_penugasan></riwayat_penugasan><riwayat_tanda_jasa><tanda_jasa><nama_tanda_jasa>SATYALANCANA KARYA SATYA X TAHUN</nama_tanda_jasa><no_skep>KEPPRES RI NOMOR 063/TK/2003</no_skep><tgl_skep>2003-09-23</tgl_skep></tanda_jasa><tanda_jasa><nama_tanda_jasa>SATYALANCANA KARYA SATYA XX TAHUN</nama_tanda_jasa><no_skep>KEPRES RI NOMOR 022/TK/TAHUN 2008</no_skep><tgl_skep>2008-06-24</tgl_skep></tanda_jasa></riwayat_tanda_jasa><riwayat_bahasa><bahasa><nama_bahasa>BATAK/TAPANULI</nama_bahasa><keterangan>AKTIF</keterangan></bahasa><bahasa><nama_bahasa>INGGRIS</nama_bahasa><keterangan>PASIF</keterangan></bahasa></riwayat_bahasa><riwayat_keluarga><keluarga><nama_keluarga>DORMAIDA PARHUSIP</nama_keluarga><jenis_kelamin>PEREMPUAN</jenis_kelamin><tgl_lahir>1960-04-10</tgl_lahir><hubungan>ISTRI</hubungan></keluarga><keluarga><nama_keluarga>UNTUNG SLAMET</nama_keluarga><jenis_kelamin>LAKI-LAKI</jenis_kelamin><tgl_lahir>1985-10-21</tgl_lahir><hubungan>ANAK</hubungan></keluarga><keluarga><nama_keluarga>ADI GUNAWAN SITANGGANG</nama_keluarga><jenis_kelamin>LAKI-LAKI</jenis_kelamin><tgl_lahir>1987-11-07</tgl_lahir><hubungan>ANAK</hubungan></keluarga><keluarga><nama_keluarga>CHRISTIANI SITANGGANG</nama_keluarga><jenis_kelamin>PEREMPUAN</jenis_kelamin><tgl_lahir>1990-12-02</tgl_lahir><hubungan>ANAK</hubungan></keluarga></riwayat_keluarga></personil_kemhan>
