<personil_kemhan><nopeg>196911161997031001</nopeg><nip>030235662</nip><nrp_nip>196911161997031001</nrp_nip><nama>AMIRUDIN</nama><tempat_lahir>Jakarta</tempat_lahir><tgl_lahir>1969-11-16</tgl_lahir><jenis_kelamin>LAKI-LAKI</jenis_kelamin><unit_organisasi>U.O. KEMHAN</unit_organisasi><jenis_personil>PNS</jenis_personil><pangkat>PENGATUR TK.I II/D</pangkat><pangkat_corps>PENGATUR TK.I II/D </pangkat_corps><tmt_pangkat>2009-10-01</tmt_pangkat><angkatan_korps>PNS</angkatan_korps><kategori_pangkat>II/C</kategori_pangkat><jabatan>PENGEMUDI SAHLI SUBBAG TU SAHLI BAG TU DAN DUKMEN  </jabatan><satker>ROTU SETJEN KEMHAN</satker><kode_jabatan>ANGGOTA</kode_jabatan><tmt_jabatan>2011-04-01</tmt_jabatan><eselon_jabatan>99</eselon_jabatan><kategori>ORGANIK</kategori><tmt_tni>1998-07-01</tmt_tni><agama>ISLAM</agama><file_foto_1>foto/196911161997031001.jpg</file_foto_1><file_foto_2>foto/030235662.jpg</file_foto_2><riwayat_pangkat><pangkat><pangkat>CAPEG I/A</pangkat><tmt_pkt>1993-03-01</tmt_pkt><no_skep>skep/1345/IX/97</no_skep><tgl_skep>1997-09-24</tgl_skep></pangkat><pangkat><pangkat>PENGATUR MUDA II/A</pangkat><tmt_pkt>1998-07-01</tmt_pkt><no_skep>SKEP/494/VI/1998</no_skep><tgl_skep>1998-06-12</tgl_skep></pangkat><pangkat><pangkat>PENGATUR MUDA TK.I  II/B</pangkat><tmt_pkt>2001-04-01</tmt_pkt><no_skep>03-09.00/024/KEP/IV/2001</no_skep><tgl_skep>2001-05-31</tgl_skep></pangkat><pangkat><pangkat>PENGATUR II/C</pangkat><tmt_pkt>2005-04-01</tmt_pkt><no_skep>SKEP/170/III/2005</no_skep><tgl_skep>2005-03-14</tgl_skep></pangkat><pangkat><pangkat>PENGATUR TK.I II/D</pangkat><tmt_pkt>2009-10-01</tmt_pkt><no_skep>KEP MENHAN NO : KEP/157/IX/2009</no_skep><tgl_skep>2009-09-01</tgl_skep></pangkat></riwayat_pangkat><riwayat_jabatan><jabatan><jabatan>TURMIN UMUM STAF AHLI MENHAN BID. POLDAGRI SUBBAG</jabatan><tmt_jab>1998-10-01</tmt_jab><no_skep>SKEP/119/X/1998</no_skep><tgl_skep>1998-10-12</tgl_skep></jabatan><jabatan><jabatan>TUR ARTAKA SUBBAGMIN STAF AHLI BAG TU PIM ROTU</jabatan><tmt_jab>2001-04-01</tmt_jab><no_skep>SKEP/357/V/2001</no_skep><tgl_skep>2001-05-03</tgl_skep></jabatan><jabatan><jabatan>Anggota Subbag MinSahli Bagbanminpim Rotu Setjen Dephan</jabatan><tmt_jab>2006-03-01</tmt_jab><no_skep>SKEP/192/III/2006</no_skep><tgl_skep>2006-03-21</tgl_skep></jabatan><jabatan><jabatan>SEKRETARIS SAHLI MENHAN BIDKAM ROTU SETJEN KEMHAN</jabatan><tmt_jab>2010-07-19</tmt_jab><no_skep>Sprin/269/IX/2010</no_skep><tgl_skep>2010-09-14</tgl_skep></jabatan><jabatan><jabatan>PENGEMUDI SAHLI SUBBAG TU SAHLI BAG TU DAN DUKMEN   ROTU SETJEN KEMHAN</jabatan><tmt_jab>2011-04-01</tmt_jab><no_skep>KEP/282/VI/2011</no_skep><tgl_skep>2011-04-19</tgl_skep></jabatan></riwayat_jabatan><riwayat_pendidikan><pendidikan_umum><pendidikan><nama_dik>SEKOLAH DASAR</nama_dik><tahun_lulus>1984</tahun_lulus></pendidikan><pendidikan><nama_dik>SEKOLAH LANJUTAN TINGKAT PERTAMA (SLTP)</nama_dik><tahun_lulus>1987</tahun_lulus></pendidikan><pendidikan><nama_dik>SEKOLAH LANJUTAN TINGKAT ATAS (SLTA)</nama_dik><tahun_lulus>1990</tahun_lulus></pendidikan><pendidikan><nama_dik>STM</nama_dik><tahun_lulus>1990</tahun_lulus></pendidikan></pendidikan_umum><pendidikan_pembentukan><pendidikan><nama_dik>LATPRAJAB TK II</nama_dik><tahun_lulus>1997</tahun_lulus></pendidikan><pendidikan><nama_dik>SUS PEMROGRAMAN INTERNET</nama_dik><tahun_lulus>2003</tahun_lulus></pendidikan></pendidikan_pembentukan></riwayat_pendidikan><riwayat_penugasan></riwayat_penugasan><riwayat_tanda_jasa><tanda_jasa><nama_tanda_jasa>SATYALANCANA KARYA SATYA X TAHUN</nama_tanda_jasa><no_skep>KEPPRES/065/TK/2007</no_skep><tgl_skep>2007-10-31</tgl_skep></tanda_jasa></riwayat_tanda_jasa><riwayat_bahasa></riwayat_bahasa><riwayat_keluarga><keluarga><nama_keluarga>ROSANIH</nama_keluarga><jenis_kelamin>PEREMPUAN</jenis_kelamin><tgl_lahir>1974-07-10</tgl_lahir><hubungan>ISTRI</hubungan></keluarga><keluarga><nama_keluarga>M. AJI SETYAWAN</nama_keluarga><jenis_kelamin>LAKI-LAKI</jenis_kelamin><tgl_lahir>1993-07-25</tgl_lahir><hubungan>ANAK</hubungan></keluarga><keluarga><nama_keluarga>ANGGA DWI SETYADI</nama_keluarga><jenis_kelamin>LAKI-LAKI</jenis_kelamin><tgl_lahir>1998-01-06</tgl_lahir><hubungan>ANAK</hubungan></keluarga><keluarga><nama_keluarga>ADINDA GITA CAHYANI</nama_keluarga><jenis_kelamin>PEREMPUAN</jenis_kelamin><tgl_lahir>2004-08-10</tgl_lahir><hubungan>ANAK</hubungan></keluarga></riwayat_keluarga></personil_kemhan>
