<personil_kemhan><nopeg>21970043730575</nopeg><nip>21970043730575</nip><nrp_nip>21970043730575</nrp_nip><nama>SUNHAJI</nama><tempat_lahir>Demak</tempat_lahir><tgl_lahir>1975-05-15</tgl_lahir><jenis_kelamin>LAKI-LAKI</jenis_kelamin><unit_organisasi>U.O. KEMHAN</unit_organisasi><jenis_personil>TNI</jenis_personil><pangkat>LETTU</pangkat><pangkat_corps>LETTU CKU</pangkat_corps><tmt_pangkat>2013-09-30</tmt_pangkat><angkatan_korps>TNI AD</angkatan_korps><sumber_pa_gol_3>SECAPA</sumber_pa_gol_3><kategori_pangkat>LETTU</kategori_pangkat><jabatan>PENGADMINISTRASI ANGGARAN BELANJA PEGAWAI DAN BELANJA BARANG SUBBAG PROGJAGAR BAGPROGLAP</jabatan><satker>SET DITJEN STRAHAN KEMHAN</satker><kode_jabatan>ANGGOTA</kode_jabatan><tmt_jabatan>2014-12-31</tmt_jabatan><eselon_jabatan>99</eselon_jabatan><kategori>ORGANIK</kategori><tmt_tni>1997-03-24</tmt_tni><agama>ISLAM</agama><file_foto_1>foto/21970043730575.jpg</file_foto_1><file_foto_2>foto/21970043730575.jpg</file_foto_2><riwayat_pangkat><pangkat><pangkat>SERDA</pangkat><tmt_pkt>1997-03-24</tmt_pkt><no_skep>SKEP/621-21/III/1997</no_skep><tgl_skep>1997-03-03</tgl_skep></pangkat><pangkat><pangkat>SERTU</pangkat><tmt_pkt>2001-04-01</tmt_pkt><no_skep>SKEP/950-21/III/2001</no_skep><tgl_skep>2001-03-12</tgl_skep></pangkat><pangkat><pangkat>SERKA</pangkat><tmt_pkt>2005-04-01</tmt_pkt><no_skep>SKEP/432-21/III/2005</no_skep><tgl_skep>2005-03-21</tgl_skep></pangkat><pangkat><pangkat>SERMA</pangkat><tmt_pkt>2010-04-01</tmt_pkt><no_skep>KEP KASAD NO : KEP/270-33/III/2010</no_skep><tgl_skep>2010-03-19</tgl_skep></pangkat><pangkat><pangkat>LETDA</pangkat><tmt_pkt>2010-09-03</tmt_pkt><no_skep>48/TNI/Tahun 2010</no_skep><tgl_skep>2010-08-27</tgl_skep></pangkat><pangkat><pangkat>LETTU</pangkat><tmt_pkt>2013-09-30</tmt_pkt><no_skep>SKEP/371/IX/2013</no_skep><tgl_skep>2013-09-30</tgl_skep></pangkat></riwayat_pangkat><riwayat_jabatan><jabatan><jabatan>BA SUBBAGUM BAG PERS ROUM SETJEN DEPHANKAM</jabatan><tmt_jab>1997-09-01</tmt_jab><no_skep>SKEP/383/IX/1997</no_skep><tgl_skep>1997-09-01</tgl_skep></jabatan><jabatan><jabatan>BA DEPHANKAM</jabatan><tmt_jab>1997-10-01</tmt_jab><no_skep>SKEP/383/X/1997</no_skep><tgl_skep>1997-10-01</tgl_skep></jabatan><jabatan><jabatan>TURMIN PULLAHTASTAT SUB BAG UM BAG PERS ROUM SETJEN DEPHANKAM</jabatan><tmt_jab>1998-09-01</tmt_jab><no_skep>SKEP/1156/IX/1998</no_skep><tgl_skep>1998-09-23</tgl_skep></jabatan><jabatan><jabatan>TURMIN SIBUKU PRIMKOP SETJEN DEPHAN</jabatan><tmt_jab>1999-05-01</tmt_jab><no_skep>SKEP/295/IV/1999</no_skep><tgl_skep>1999-04-30</tgl_skep></jabatan><jabatan><jabatan>TURMIN SUBBAGKAT BAGBINKARPEG ROPEG SETJEN DEPHAN</jabatan><tmt_jab>2002-04-01</tmt_jab><no_skep>SKEP/487/IV/2002</no_skep><tgl_skep>2002-04-01</tgl_skep></jabatan><jabatan><jabatan>Anggota Subbag Pam VIP Bagpam Roum Setjen Dephan</jabatan><tmt_jab>2006-11-01</tmt_jab><no_skep>SKEP/893/XI/2006</no_skep><tgl_skep>2006-11-17</tgl_skep></jabatan><jabatan><jabatan>PAMA DISBINTALAD</jabatan><tmt_jab>2010-12-30</tmt_jab><no_skep>SKEP/502/XII/2010</no_skep><tgl_skep>2010-12-30</tgl_skep></jabatan><jabatan><jabatan>KAPOK BANPRI KADISBINTALAD</jabatan><tmt_jab>2011-04-11</tmt_jab><no_skep>SKEP/13-38/IV/2011</no_skep><tgl_skep>2011-04-11</tgl_skep></jabatan><jabatan><jabatan>PAURDALPROG BAGPROGGAR SETDIBINTALAD</jabatan><tmt_jab>2013-04-01</tmt_jab><no_skep>SKEP/19-38/VII/2013</no_skep></jabatan><jabatan><jabatan>PENGADMINISTRASI ANGGARAN BELANJA PEGAWAI DAN BARANG BAG PROGLAP SET DITJEN STRAHAN KEMHAN</jabatan><tmt_jab>2014-10-22</tmt_jab><no_skep>KEP/1244/X/2014</no_skep><tgl_skep>2013-11-30</tgl_skep></jabatan><jabatan><jabatan>PENGADMINISTRASI ANGGARAN BELANJA PEGAWAI DAN BELANJA BARANG SUBBAG PROGJAGAR BAGPROGLAP SET DITJEN STRAHAN KEMHAN</jabatan><tmt_jab>2014-12-31</tmt_jab><no_skep>KEP/1494/XII/2014</no_skep><tgl_skep>2014-12-18</tgl_skep></jabatan></riwayat_jabatan><riwayat_pendidikan><pendidikan_umum><pendidikan><nama_dik>SEKOLAH DASAR</nama_dik><tahun_lulus>1987</tahun_lulus></pendidikan><pendidikan><nama_dik>SEKOLAH MENENGAH PERTAMA (SMP)</nama_dik><tahun_lulus>1990</tahun_lulus></pendidikan><pendidikan><nama_dik>SMEA</nama_dik><tahun_lulus>1993</tahun_lulus></pendidikan></pendidikan_umum><pendidikan_pembentukan><pendidikan><nama_dik>SECABA PK</nama_dik><tahun_lulus>1997</tahun_lulus></pendidikan><pendidikan><nama_dik>SUS OPERATOR KOMPUTER</nama_dik><tahun_lulus>1998</tahun_lulus></pendidikan><pendidikan><nama_dik>SUS JURBABUK</nama_dik><tahun_lulus>1998</tahun_lulus></pendidikan><pendidikan><nama_dik>SECAPA REG</nama_dik><tahun_lulus>2010</tahun_lulus></pendidikan><pendidikan><nama_dik>DIKSARCABKU</nama_dik><tahun_lulus>2010</tahun_lulus></pendidikan><pendidikan><nama_dik>SUSPATALIDJUANG</nama_dik><tahun_lulus>2011</tahun_lulus></pendidikan><pendidikan><nama_dik>TARPUS KAPWABKU</nama_dik><tahun_lulus>2012</tahun_lulus></pendidikan><pendidikan><nama_dik>SUSJEMEN MINLAKGAR HAN </nama_dik><tahun_lulus>2015</tahun_lulus></pendidikan></pendidikan_pembentukan></riwayat_pendidikan><riwayat_penugasan></riwayat_penugasan><riwayat_tanda_jasa><tanda_jasa><nama_tanda_jasa>SATYALANCANA KESETIAAN VIII TAHUN</nama_tanda_jasa><no_skep>KEP/164/VIII/2008</no_skep><tgl_skep>2008-08-07</tgl_skep></tanda_jasa></riwayat_tanda_jasa><riwayat_bahasa><bahasa><nama_bahasa>JAWA</nama_bahasa><keterangan>AKTIF</keterangan></bahasa><bahasa><nama_bahasa>SUNDA</nama_bahasa><keterangan>PASIF</keterangan></bahasa><bahasa><nama_bahasa>INGGRIS</nama_bahasa><keterangan>PASIF</keterangan></bahasa><bahasa><nama_bahasa>ARAB</nama_bahasa><keterangan>PASIF</keterangan></bahasa></riwayat_bahasa><riwayat_keluarga><keluarga><nama_keluarga>ANIK HANDAYANI</nama_keluarga><jenis_kelamin>PEREMPUAN</jenis_kelamin><tgl_lahir>1977-03-13</tgl_lahir><hubungan>ISTRI</hubungan></keluarga><keluarga><nama_keluarga>M.AJI SOFYAN MUZAKKI</nama_keluarga><jenis_kelamin>LAKI-LAKI</jenis_kelamin><tgl_lahir>2003-05-06</tgl_lahir><hubungan>ANAK</hubungan></keluarga><keluarga><nama_keluarga>SAFINAH JIHAN AZ-ZAHRAH</nama_keluarga><jenis_kelamin>PEREMPUAN</jenis_kelamin><tgl_lahir>2007-05-31</tgl_lahir><hubungan>ANAK</hubungan></keluarga></riwayat_keluarga></personil_kemhan>
