<personil_kemhan><nopeg>197503232006041001</nopeg><nip>030250232</nip><nrp_nip>197503232006041001</nrp_nip><nama>ABDUL ROHIM MISAR</nama><tempat_lahir>Jakarta</tempat_lahir><tgl_lahir>1975-03-23</tgl_lahir><jenis_kelamin>LAKI-LAKI</jenis_kelamin><unit_organisasi>U.O. KEMHAN</unit_organisasi><jenis_personil>PNS</jenis_personil><pangkat>PENGATUR MUDA II/A</pangkat><pangkat_corps>PENGATUR MUDA II/A </pangkat_corps><tmt_pangkat>2014-04-01</tmt_pangkat><angkatan_korps>PNS</angkatan_korps><kategori_pangkat>II/A</kategori_pangkat><jabatan>PRAMU KANTOR SUBBAG TU</jabatan><satker>DIT JAKSTRA DITJEN STRAHAN KEMHAN</satker><kode_jabatan>ANGGOTA</kode_jabatan><tmt_jabatan>2014-12-31</tmt_jabatan><eselon_jabatan>99</eselon_jabatan><kategori>ORGANIK</kategori><tmt_tni>2007-09-01</tmt_tni><tmt_kemhan>2006-04-01</tmt_kemhan><agama>ISLAM</agama><file_foto_1>foto/197503232006041001.jpg</file_foto_1><file_foto_2>foto/030250232.jpg</file_foto_2><riwayat_pangkat><pangkat><pangkat>CAPEG II/A</pangkat><tmt_pkt>2006-04-01</tmt_pkt><no_skep>SKEP/372/M/V/2006</no_skep><tgl_skep>2006-05-23</tgl_skep></pangkat><pangkat><pangkat>JURU I/C</pangkat><tmt_pkt>2007-09-01</tmt_pkt><no_skep>SKEP/686/IX/2007</no_skep><tgl_skep>2007-09-04</tgl_skep></pangkat><pangkat><pangkat>JURU TK.I  I/D</pangkat><tmt_pkt>2010-04-01</tmt_pkt><no_skep>KEP/153/III/2010</no_skep><tgl_skep>2010-03-12</tgl_skep></pangkat><pangkat><pangkat>PENGATUR MUDA II/A</pangkat><tmt_pkt>2014-04-01</tmt_pkt><no_skep>SPRIN/273/III/2014</no_skep><tgl_skep>2014-03-27</tgl_skep></pangkat></riwayat_pangkat><riwayat_jabatan><jabatan><jabatan>CAPEG ROUM SETJEN DEPHAN</jabatan><tmt_jab>2006-07-07</tmt_jab><no_skep>SPRIN/222/II/2006</no_skep><tgl_skep>2006-07-07</tgl_skep></jabatan><jabatan><jabatan>CAPEG ROPEG SETJEN DEPHAN</jabatan><tmt_jab>2006-07-26</tmt_jab><no_skep>SPRIN/222.A/II/2006</no_skep><tgl_skep>2006-07-26</tgl_skep></jabatan><jabatan><jabatan>ANGGOTA SUBBAGMINRO BAGADABANGPEG ROPEG SETJEN DEPHAN</jabatan><tmt_jab>2006-08-02</tmt_jab><no_skep>SPRIN/260/VIII/2006</no_skep><tgl_skep>2006-07-31</tgl_skep></jabatan><jabatan><jabatan>Anggota Subbag Bang Bag Adabangpeg Ropeg Setjen Dephan</jabatan><tmt_jab>2007-06-04</tmt_jab><no_skep>SPRIN/156/VI/2007</no_skep><tgl_skep>2007-06-04</tgl_skep></jabatan><jabatan><jabatan>KURIR SUBBAGBANG BAGADABANGPEG ROPEG SETJEN KEMHAN</jabatan><tmt_jab>2010-05-17</tmt_jab><no_skep>KEP MENHAN NOMOR : KEP/321/V/2010</no_skep><tgl_skep>2010-05-17</tgl_skep></jabatan><jabatan><jabatan>PETUGAS PERPUSTAKAAN SUBBAGDOKTAKA BAG TU PUSKOMPUBLIK KEMHAN</jabatan><tmt_jab>2011-06-16</tmt_jab><no_skep>SPRIN/78/VI/2011</no_skep><tgl_skep>2011-06-16</tgl_skep></jabatan><jabatan><jabatan>ANGGOTA ROPEG SETJEN KEMHAN</jabatan><tmt_jab>2011-10-12</tmt_jab><no_skep>KEP/779/X/2011</no_skep><tgl_skep>2011-10-19</tgl_skep></jabatan><jabatan><jabatan>PRAMU KANTOR DIREKTUR SUBBAG TU SUBDITDOKTRIN DIT JAKSTRA DITJEN STRAHAN KEMHAN</jabatan><tmt_jab>2012-02-01</tmt_jab><no_skep>KEP/66/II/2012</no_skep><tgl_skep>2012-02-02</tgl_skep></jabatan><jabatan><jabatan>PRAMU KANTOR SUBBAG TU DIT JAKSTRA DITJEN STRAHAN KEMHAN</jabatan><tmt_jab>2014-12-31</tmt_jab><no_skep>KEP/1494/XII/2014</no_skep><tgl_skep>2014-12-18</tgl_skep></jabatan></riwayat_jabatan><riwayat_pendidikan><pendidikan_umum><pendidikan><nama_dik>SEKOLAH DASAR</nama_dik><tahun_lulus>1987</tahun_lulus></pendidikan><pendidikan><nama_dik>SEKOLAH LANJUTAN TINGKAT PERTAMA (SLTP)</nama_dik><tahun_lulus>1990</tahun_lulus></pendidikan><pendidikan><nama_dik>SEKOLAH LANJUTAN TINGKAT ATAS (SLTA)</nama_dik><tahun_lulus>1993</tahun_lulus></pendidikan><pendidikan><nama_dik>SARJANA (S1)</nama_dik><tahun_lulus>1999</tahun_lulus></pendidikan></pendidikan_umum><pendidikan_pembentukan></pendidikan_pembentukan></riwayat_pendidikan><riwayat_penugasan></riwayat_penugasan><riwayat_tanda_jasa></riwayat_tanda_jasa><riwayat_bahasa><bahasa><nama_bahasa>JAWA</nama_bahasa><keterangan>PASIF</keterangan></bahasa><bahasa><nama_bahasa>SUNDA</nama_bahasa><keterangan>PASIF</keterangan></bahasa><bahasa><nama_bahasa>INGGRIS</nama_bahasa><keterangan>PASIF</keterangan></bahasa></riwayat_bahasa><riwayat_keluarga><keluarga><nama_keluarga>NUSI SUSILADANY</nama_keluarga><jenis_kelamin>PEREMPUAN</jenis_kelamin><tgl_lahir>1978-07-20</tgl_lahir><hubungan>ISTRI</hubungan></keluarga><keluarga><nama_keluarga>ALANZA PUTTI HATTI IMANNI</nama_keluarga><jenis_kelamin>PEREMPUAN</jenis_kelamin><tgl_lahir>2001-07-25</tgl_lahir><hubungan>ANAK</hubungan></keluarga><keluarga><nama_keluarga>CALYA PANDITA DRUPADI</nama_keluarga><jenis_kelamin>PEREMPUAN</jenis_kelamin><tgl_lahir>2005-07-25</tgl_lahir><hubungan>ANAK</hubungan></keluarga><keluarga><nama_keluarga>RAYA RABBANI ROHIM</nama_keluarga><jenis_kelamin>LAKI-LAKI</jenis_kelamin><tgl_lahir>2013-09-19</tgl_lahir><hubungan>ANAK</hubungan></keluarga></riwayat_keluarga></personil_kemhan>
