<personil_kemhan><nopeg>196408011990031001</nopeg><nip>030205964</nip><nrp_nip>196408011990031001</nrp_nip><nama>SUPARNI</nama><gelar>S.E.</gelar><tempat_lahir>Pacitan</tempat_lahir><tgl_lahir>1964-08-01</tgl_lahir><jenis_kelamin>LAKI-LAKI</jenis_kelamin><unit_organisasi>U.O. KEMHAN</unit_organisasi><jenis_personil>PNS</jenis_personil><pangkat>PENATA III/C</pangkat><pangkat_corps>PENATA III/C </pangkat_corps><tmt_pangkat>2014-04-01</tmt_pangkat><angkatan_korps>PNS</angkatan_korps><sumber_pa_gol_3>PENYESUAIAN IJASAH</sumber_pa_gol_3><tmt_pa_gol_3>2006-04-01</tmt_pa_gol_3><kategori_pangkat>III/C</kategori_pangkat><jabatan>PENYUSUN BAHAN JAB STRUKTURAL ESELON IV KEBAWAH &amp; JAB FUNGSIONAL SUBBAGJAB BAGKARPEG</jabatan><satker>ROPEG SETJEN KEMHAN</satker><kode_jabatan>ANGGOTA</kode_jabatan><tmt_jabatan>2014-12-31</tmt_jabatan><eselon_jabatan>99</eselon_jabatan><kategori>ORGANIK</kategori><tmt_tni>1991-08-01</tmt_tni><tmt_kemhan>1990-03-01</tmt_kemhan><agama>ISLAM</agama><file_foto_1>foto/196408011990031001.jpg</file_foto_1><file_foto_2>foto/030205964.jpg</file_foto_2><riwayat_pangkat><pangkat><pangkat>CAPEG II/A</pangkat><tmt_pkt>1990-03-01</tmt_pkt><no_skep>SKEP/795/V/1990</no_skep><tgl_skep>1990-05-07</tgl_skep></pangkat><pangkat><pangkat>PENGATUR MUDA II/A</pangkat><tmt_pkt>1991-08-01</tmt_pkt><no_skep>SKEP/1160/VII/1991</no_skep><tgl_skep>1991-07-12</tgl_skep></pangkat><pangkat><pangkat>PENGATUR MUDA TK.I  II/B</pangkat><tmt_pkt>1994-04-01</tmt_pkt><no_skep>03-09/01976/KEP/IV/1994</no_skep><tgl_skep>1994-03-30</tgl_skep></pangkat><pangkat><pangkat>PENGATUR II/C</pangkat><tmt_pkt>1998-04-01</tmt_pkt><no_skep>03-09/01976/KEP/IV/1998</no_skep><tgl_skep>1998-03-26</tgl_skep></pangkat><pangkat><pangkat>PENGATUR TK.I II/D</pangkat><tmt_pkt>2002-04-01</tmt_pkt><no_skep>SKEP/735/VII/2002</no_skep><tgl_skep>2002-07-19</tgl_skep></pangkat><pangkat><pangkat>PENATA MUDA III/A</pangkat><tmt_pkt>2006-04-01</tmt_pkt><no_skep>SKEP/118/II/2006</no_skep><tgl_skep>2006-01-28</tgl_skep></pangkat><pangkat><pangkat>PENATA MUDA TK.I III/B</pangkat><tmt_pkt>2010-04-01</tmt_pkt><no_skep>KEP/168/III/2010</no_skep><tgl_skep>2010-03-17</tgl_skep></pangkat><pangkat><pangkat>PENATA III/C</pangkat><tmt_pkt>2014-04-01</tmt_pkt><no_skep>SPRIN/59/III/2014</no_skep><tgl_skep>2014-03-28</tgl_skep></pangkat></riwayat_pangkat><riwayat_jabatan><jabatan><jabatan>ANGG. SUBBAG URDAL BAGRUMGA ROUM</jabatan><tmt_jab>1990-04-01</tmt_jab><no_skep>SKEP/795/V/1990</no_skep><tgl_skep>1990-05-07</tgl_skep></jabatan><jabatan><jabatan>OPR. KOMP. PSB TK.II SUBBAGRENMINRO ROUM SETJEN DEPHAN</jabatan><tmt_jab>1998-09-01</tmt_jab><no_skep>SKEP/1159/IX/1998</no_skep><tgl_skep>1989-09-13</tgl_skep></jabatan><jabatan><jabatan>TURMINKU SUBBAG RENMINRO ROPEG</jabatan><tmt_jab>2001-04-01</tmt_jab><no_skep>SKEP/357/V/2001</no_skep><tgl_skep>2001-05-03</tgl_skep></jabatan><jabatan><jabatan>Anggota Subbag Minro Bag Adabangpeg Ropeg Setjen Dephan</jabatan><tmt_jab>2006-03-01</tmt_jab><no_skep> SKEP/201/III/2006</no_skep><tgl_skep>2006-03-27</tgl_skep></jabatan><jabatan><jabatan>Analis Kepegawaian Pertama Ropeg Setjen Dephan</jabatan><tmt_jab>2010-05-24</tmt_jab><no_skep>KEP/351/V/2010</no_skep><tgl_skep>2010-05-31</tgl_skep></jabatan><jabatan><jabatan>PENGADMINISTRASI SUBBAGADA BAGADABANGPEG ROPEG SETJEN KEMHAN</jabatan><tmt_jab>2011-04-01</tmt_jab><no_skep>Kep/281/IV/2011</no_skep><tgl_skep>2011-04-19</tgl_skep></jabatan><jabatan><jabatan>ANALIS KEPEGAWAIAN PERTAMA ROPEG SETJEN KEMHAN</jabatan><tmt_jab>2012-09-17</tmt_jab><no_skep>KEP/763/IX/2012</no_skep><tgl_skep>2012-09-19</tgl_skep></jabatan><jabatan><jabatan>PENYUSUN BAHAN JAB ES IV &amp; NON STRUKTURAL SUBBAG JAB B BAG KARPEG ROPEG SETJEN KEMHAN</jabatan><tmt_jab>2013-04-25</tmt_jab><no_skep>KEP/403/IV/2013</no_skep><tgl_skep>2013-04-29</tgl_skep></jabatan><jabatan><jabatan>PENYUSUN BAHAN JAB STRUKTURAL ESELON IV KEBAWAH &amp; JAB FUNGSIONAL SUBBAGJAB BAGKARPEG ROPEG SETJEN KEMHAN</jabatan><tmt_jab>2014-12-31</tmt_jab><no_skep>KEP/1485/XII/2014</no_skep><tgl_skep>2014-12-18</tgl_skep></jabatan></riwayat_jabatan><riwayat_pendidikan><pendidikan_umum><pendidikan><nama_dik>SEKOLAH DASAR</nama_dik><tahun_lulus>1976</tahun_lulus></pendidikan><pendidikan><nama_dik>SEKOLAH LANJUTAN TINGKAT PERTAMA (SLTP)</nama_dik><tahun_lulus>1979</tahun_lulus></pendidikan><pendidikan><nama_dik>SEKOLAH LANJUTAN TINGKAT ATAS (SLTA)</nama_dik><tahun_lulus>1984</tahun_lulus></pendidikan><pendidikan><nama_dik>SARJANA (S1)</nama_dik><tahun_lulus>2004</tahun_lulus></pendidikan></pendidikan_umum><pendidikan_pembentukan><pendidikan><nama_dik>LATPRAJAB TK II</nama_dik><tahun_lulus>1990</tahun_lulus></pendidikan><pendidikan><nama_dik>SUS JUR BUK</nama_dik><tahun_lulus>1993</tahun_lulus></pendidikan><pendidikan><nama_dik>SUS MIKRO KOMPUTER</nama_dik><tahun_lulus>2000</tahun_lulus></pendidikan><pendidikan><nama_dik>DIK LAT PIM TK IV</nama_dik><tahun_lulus>2008</tahun_lulus></pendidikan><pendidikan><nama_dik>WORKSHOP VISUAL FOXPRO</nama_dik><tahun_lulus>2008</tahun_lulus></pendidikan><pendidikan><nama_dik>SUSDASJEMENHAN</nama_dik><tahun_lulus>2009</tahun_lulus></pendidikan><pendidikan><nama_dik>PENGEMBANGAN METODE DIKLAT</nama_dik><tahun_lulus>2010</tahun_lulus></pendidikan><pendidikan><nama_dik>ANALIS KEPEGAWAIAN KEAHLIAN</nama_dik><tahun_lulus>2010</tahun_lulus></pendidikan></pendidikan_pembentukan></riwayat_pendidikan><riwayat_penugasan></riwayat_penugasan><riwayat_tanda_jasa><tanda_jasa><nama_tanda_jasa>SATYALANCANA KARYA SATYA X TAHUN</nama_tanda_jasa><no_skep>047/TK/TAHUN 2005</no_skep><tgl_skep>2005-07-11</tgl_skep></tanda_jasa><tanda_jasa><nama_tanda_jasa>SATYALANCANA KARYA SATYA XX TAHUN</nama_tanda_jasa><no_skep>62/tk/tahun 2010</no_skep><tgl_skep>2010-12-01</tgl_skep></tanda_jasa></riwayat_tanda_jasa><riwayat_bahasa><bahasa><nama_bahasa>JAWA</nama_bahasa><keterangan>AKTIF</keterangan></bahasa><bahasa><nama_bahasa>SUNDA</nama_bahasa><keterangan>AKTIF</keterangan></bahasa></riwayat_bahasa><riwayat_keluarga><keluarga><nama_keluarga>SUKATIN</nama_keluarga><jenis_kelamin>PEREMPUAN</jenis_kelamin><tgl_lahir>1970-06-04</tgl_lahir><hubungan>ISTRI</hubungan></keluarga><keluarga><nama_keluarga>AMALIA PUTRI</nama_keluarga><jenis_kelamin>PEREMPUAN</jenis_kelamin><tgl_lahir>1996-04-17</tgl_lahir><hubungan>ANAK</hubungan></keluarga><keluarga><nama_keluarga>HABIB MUSTHAFA</nama_keluarga><jenis_kelamin>LAKI-LAKI</jenis_kelamin><tgl_lahir>2001-11-29</tgl_lahir><hubungan>ANAK</hubungan></keluarga></riwayat_keluarga></personil_kemhan>
