<personil_kemhan><nopeg>197002211990032001</nopeg><nip>030205045</nip><nrp_nip>197002211990032001</nrp_nip><nama>RIEN SUWARNI</nama><gelar>S.H.</gelar><tempat_lahir>Jakarta</tempat_lahir><tgl_lahir>1970-02-21</tgl_lahir><jenis_kelamin>PEREMPUAN</jenis_kelamin><unit_organisasi>U.O. KEMHAN</unit_organisasi><jenis_personil>PNS</jenis_personil><pangkat>PENATA TK.I III/D</pangkat><pangkat_corps>PENATA TK.I III/D </pangkat_corps><tmt_pangkat>2008-10-01</tmt_pangkat><angkatan_korps>PNS</angkatan_korps><sumber_pa_gol_3>PENYESUAIAN IJASAH</sumber_pa_gol_3><kategori_pangkat>III/D</kategori_pangkat><jabatan>KASI EKONOMI SUBDIT PERATURAN</jabatan><satker>DIT KUMSTRA DITJEN STRAHAN KEMHAN</satker><kode_jabatan>STRUKTURAL</kode_jabatan><tmt_jabatan>2014-11-24</tmt_jabatan><eselon_jabatan>IV</eselon_jabatan><kategori>ORGANIK</kategori><tmt_tni>1991-07-01</tmt_tni><tmt_kemhan>1990-03-01</tmt_kemhan><agama>ISLAM</agama><file_foto_1>foto/197002211990032001.jpg</file_foto_1><file_foto_2>foto/030205045.jpg</file_foto_2><riwayat_pangkat><pangkat><pangkat>CAPEG II/A</pangkat><tmt_pkt>1990-03-01</tmt_pkt><no_skep>SKEP/400/IV/1990</no_skep><tgl_skep>1990-04-06</tgl_skep></pangkat><pangkat><pangkat>PENGATUR MUDA II/A</pangkat><tmt_pkt>1991-07-01</tmt_pkt><no_skep>SKEP/905/VI/1991</no_skep><tgl_skep>1991-06-21</tgl_skep></pangkat><pangkat><pangkat>PENGATUR MUDA TK.I  II/B</pangkat><tmt_pkt>1994-04-01</tmt_pkt><no_skep>03-09/01753/KEP/IV/1994</no_skep><tgl_skep>1994-03-25</tgl_skep></pangkat><pangkat><pangkat>PENATA MUDA III/A</pangkat><tmt_pkt>1996-10-01</tmt_pkt><no_skep>SKEP/1246/XI/1996</no_skep><tgl_skep>1996-11-06</tgl_skep></pangkat><pangkat><pangkat>PENGATUR II/C</pangkat><tmt_pkt>1998-04-01</tmt_pkt><no_skep>03-09/00004/KEP/IV/1998</no_skep><tgl_skep>1998-03-26</tgl_skep></pangkat><pangkat><pangkat>PENATA MUDA TK.I III/B</pangkat><tmt_pkt>2000-10-01</tmt_pkt><no_skep>SKEP/15/I/2001</no_skep><tgl_skep>2001-01-09</tgl_skep></pangkat><pangkat><pangkat>PENATA III/C</pangkat><tmt_pkt>2004-10-01</tmt_pkt><no_skep>SKEP/546/VIII/2004</no_skep><tgl_skep>2004-08-16</tgl_skep></pangkat><pangkat><pangkat>PENATA TK.I III/D</pangkat><tmt_pkt>2008-10-01</tmt_pkt><no_skep>SKEP/429/VIII/2008</no_skep><tgl_skep>2008-08-21</tgl_skep></pangkat></riwayat_pangkat><riwayat_jabatan><jabatan><jabatan>ANGGOTA BIRO HUKUM SETJEN DEPHANKAM</jabatan><tmt_jab>1995-12-01</tmt_jab><no_skep>SKEP/1521/XI/1995</no_skep><tgl_skep>1995-11-28</tgl_skep></jabatan><jabatan><jabatan>STAF BAGLITBANGKUM BIRO HUKUM SETJEN DEPHAN</jabatan><tmt_jab>1996-01-11</tmt_jab><no_skep>SPRIN/002/I/1996</no_skep><tgl_skep>1996-01-11</tgl_skep></jabatan><jabatan><jabatan>PEMB SUBBAG TK.III/KUM UDARA SUBBAGKUM UDARA BAG H</jabatan><tmt_jab>2000-04-01</tmt_jab><no_skep>SKEP/220/IV/2000</no_skep><tgl_skep>2000-04-03</tgl_skep></jabatan><jabatan><jabatan>PEMB SUBBAG TKII/RENLITKUM NONHAN SUBBAGLITKUM BAG UNDANG</jabatan><tmt_jab>2001-03-01</tmt_jab><no_skep>SKEP/260/III/2001</no_skep><tgl_skep>2001-03-22</tgl_skep></jabatan><jabatan><jabatan>AJUN ARSIPARIS</jabatan><tmt_jab>2001-12-01</tmt_jab><no_skep>SKEP/1016/XII/2001</no_skep><tgl_skep>2001-12-24</tgl_skep></jabatan><jabatan><jabatan>Anggota Subbag Terapkum Bag Undang Rohukum Setjen Dephan</jabatan><tmt_jab>2007-09-01</tmt_jab><no_skep>SKEP/735/IX/2007</no_skep><tgl_skep>2007-09-01</tgl_skep></jabatan><jabatan><jabatan>KASI PROLEGHAN SUBDIT PERATURAN DIT KUMSTRA DITJEN STRAHAN KEMHAN</jabatan><tmt_jab>2010-09-28</tmt_jab><no_skep>KEP MENHAN NOMOR : KEP/681/IX/2010</no_skep><tgl_skep>2010-09-28</tgl_skep></jabatan><jabatan><jabatan>KASI DOKASI SUBDIT INFOKUM DIT KUMSTRA DITJEN STRAHAN KEMHAN</jabatan><tmt_jab>2013-02-25</tmt_jab><no_skep>KEP/170/II/2013</no_skep><tgl_skep>2013-02-25</tgl_skep></jabatan><jabatan><jabatan>KASI EKONOMI SUBDIT PERATURAN DIT KUMSTRA DITJEN STRAHAN KEMHAN</jabatan><tmt_jab>2014-11-24</tmt_jab><no_skep>Kep/1375/XI/2014</no_skep><tgl_skep>2014-11-27</tgl_skep></jabatan></riwayat_jabatan><riwayat_pendidikan><pendidikan_umum><pendidikan><nama_dik>SEKOLAH DASAR</nama_dik><tahun_lulus>1983</tahun_lulus></pendidikan><pendidikan><nama_dik>SEKOLAH LANJUTAN TINGKAT PERTAMA (SLTP)</nama_dik><tahun_lulus>1986</tahun_lulus></pendidikan><pendidikan><nama_dik>SEKOLAH LANJUTAN TINGKAT ATAS (SLTA)</nama_dik><tahun_lulus>1989</tahun_lulus></pendidikan><pendidikan><nama_dik>SARJANA (S1)</nama_dik><tahun_lulus>1995</tahun_lulus></pendidikan></pendidikan_umum><pendidikan_pembentukan><pendidikan><nama_dik>LATPRAJAB TK II</nama_dik><tahun_lulus>1990</tahun_lulus></pendidikan><pendidikan><nama_dik>SUS PA LITBANG</nama_dik><tahun_lulus>1998</tahun_lulus></pendidikan><pendidikan><nama_dik>ADUM</nama_dik><tahun_lulus>1999</tahun_lulus></pendidikan><pendidikan><nama_dik>SUS MINU DEPHAN TK. III</nama_dik><tahun_lulus>2002</tahun_lulus></pendidikan><pendidikan><nama_dik>DIKLAT PERANCANG PERATURAN PERUNDANG UNDANGAN KEMK</nama_dik><tahun_lulus>2008</tahun_lulus></pendidikan></pendidikan_pembentukan></riwayat_pendidikan><riwayat_penugasan></riwayat_penugasan><riwayat_tanda_jasa><tanda_jasa><nama_tanda_jasa>SATYALANCANA KARYA SATYA X TAHUN</nama_tanda_jasa><no_skep>KEPPRES RI NOMOR 048/TK/TAHUN 2004</no_skep><tgl_skep>2004-08-05</tgl_skep></tanda_jasa></riwayat_tanda_jasa><riwayat_bahasa><bahasa><nama_bahasa>JAWA</nama_bahasa><keterangan>AKTIF</keterangan></bahasa><bahasa><nama_bahasa>INDONESIA</nama_bahasa><keterangan>AKTIF</keterangan></bahasa></riwayat_bahasa><riwayat_keluarga><keluarga><nama_keluarga>NITYA PRAMUDITA</nama_keluarga><jenis_kelamin>LAKI-LAKI</jenis_kelamin><tgl_lahir>1967-04-01</tgl_lahir><hubungan>SUAMI</hubungan></keluarga><keluarga><nama_keluarga>GALUH OKTAVIA ANGGRAENI</nama_keluarga><jenis_kelamin>PEREMPUAN</jenis_kelamin><tgl_lahir>1997-10-26</tgl_lahir><hubungan>ANAK</hubungan></keluarga><keluarga><nama_keluarga>GENDIS A. PRAMUDITA PUTRI</nama_keluarga><jenis_kelamin>PEREMPUAN</jenis_kelamin><tgl_lahir>1998-05-22</tgl_lahir><hubungan>ANAK</hubungan></keluarga><keluarga><nama_keluarga>NESSA AMANDA GHASSANI</nama_keluarga><jenis_kelamin>PEREMPUAN</jenis_kelamin><tgl_lahir>2005-12-18</tgl_lahir><hubungan>ANAK</hubungan></keluarga></riwayat_keluarga></personil_kemhan>
