<personil_kemhan><nopeg>196902201990031001</nopeg><nip>030206003</nip><nrp_nip>196902201990031001</nrp_nip><nama>EKO TEGUH SANTOSO</nama><gelar>S.E.</gelar><tempat_lahir>Jakarta</tempat_lahir><tgl_lahir>1969-02-20</tgl_lahir><jenis_kelamin>LAKI-LAKI</jenis_kelamin><unit_organisasi>U.O. KEMHAN</unit_organisasi><jenis_personil>PNS</jenis_personil><pangkat>PENATA III/C</pangkat><pangkat_corps>PENATA III/C </pangkat_corps><tmt_pangkat>2014-04-01</tmt_pangkat><angkatan_korps>PNS</angkatan_korps><sumber_pa_gol_3>UJIAN DINAS</sumber_pa_gol_3><kategori_pangkat>III/C</kategori_pangkat><jabatan>PENYUSUN BAHAN KETATAUSAHAAN SUBBAG TU  BAG HUMAS DAN TU BIRO UMUM UNHAN</jabatan><satker>UNHAN KEMHAN</satker><kode_jabatan>ANGGOTA</kode_jabatan><tmt_jabatan>2014-04-24</tmt_jabatan><eselon_jabatan>99</eselon_jabatan><kategori>ORGANIK</kategori><tmt_tni>1991-08-01</tmt_tni><agama>ISLAM</agama><file_foto_1>foto/196902201990031001.jpg</file_foto_1><file_foto_2>foto/030206003.jpg</file_foto_2><riwayat_pangkat><pangkat><pangkat>PENGATUR MUDA II/A</pangkat><tmt_pkt>1991-08-01</tmt_pkt><no_skep>SKEP/1046/VII/1991</no_skep><tgl_skep>1991-07-04</tgl_skep></pangkat><pangkat><pangkat>PENGATUR MUDA TK.I  II/B</pangkat><tmt_pkt>1994-04-01</tmt_pkt><no_skep>03-09/02614/KEP/IV/1994</no_skep><tgl_skep>1994-04-14</tgl_skep></pangkat><pangkat><pangkat>PENGATUR II/C</pangkat><tmt_pkt>1998-04-01</tmt_pkt><no_skep>03-09/00010/KEP/IV/1994</no_skep><tgl_skep>1994-09-12</tgl_skep></pangkat><pangkat><pangkat>CAPEG II/A</pangkat><tmt_pkt>2002-03-01</tmt_pkt><no_skep>SKEP/727/V/1990</no_skep><tgl_skep>1990-05-02</tgl_skep></pangkat><pangkat><pangkat>PENGATUR TK.I II/D</pangkat><tmt_pkt>2002-04-10</tmt_pkt><no_skep>SKEP/1297/IX/2002</no_skep><tgl_skep>2002-09-12</tgl_skep></pangkat><pangkat><pangkat>PENATA MUDA III/A</pangkat><tmt_pkt>2006-03-01</tmt_pkt><no_skep>SKEP/118/II/2006</no_skep><tgl_skep>2006-04-01</tgl_skep></pangkat><pangkat><pangkat>PENATA III/C</pangkat><tmt_pkt>2014-04-01</tmt_pkt><no_skep>KEP/III/2014</no_skep><tgl_skep>2014-03-31</tgl_skep></pangkat><pangkat><pangkat>PENATA MUDA TK.I III/B</pangkat></pangkat></riwayat_pangkat><riwayat_jabatan><jabatan><jabatan>ANGGOTA BAG BEKHAR ROUM SETJEN</jabatan><tmt_jab>1899-12-30</tmt_jab><tgl_skep>1899-12-30</tgl_skep></jabatan><jabatan><jabatan>ANGG. SUBBAGRENPROGAR BAG TU ROUM</jabatan><tmt_jab>1899-12-30</tmt_jab><tgl_skep>1899-12-30</tgl_skep></jabatan><jabatan><jabatan>TURMIN RENGAR SUBBAGRENMINRO ROUM</jabatan><tmt_jab>1998-09-01</tmt_jab><no_skep>SKEP/1122/IX/1998</no_skep><tgl_skep>1998-09-14</tgl_skep></jabatan><jabatan><jabatan>ANGGOTA DITJEN SUMDAMAN DEPHAN</jabatan><tmt_jab>2000-09-01</tmt_jab><no_skep>SKEP/991/IX/2000</no_skep><tgl_skep>2000-09-27</tgl_skep></jabatan><jabatan><jabatan>TUR ARDOK SISUN SUBDITKONSERVASI SDA DITPOT SDA DI</jabatan><tmt_jab>2001-03-01</tmt_jab><no_skep>SKEP/249/III/2001</no_skep><tgl_skep>2001-03-21</tgl_skep></jabatan><jabatan><jabatan>TURMIN PROGGAR SUBBAGPROGJAGAR BAGPROGLAP SETDITJEN</jabatan><tmt_jab>2001-03-01</tmt_jab><no_skep>SKEP/313/IV/2001</no_skep><tgl_skep>2001-04-10</tgl_skep></jabatan><jabatan><jabatan>Anggota Subbag Minpeg Bagum Set Ditjen Strahan</jabatan><tmt_jab>2006-02-01</tmt_jab><no_skep>SKEP MENHAN NO : SKEP/57/</no_skep><tgl_skep>2008-02-08</tgl_skep></jabatan><jabatan><jabatan>Anggota Subbag Evlap Bag Tala Roren Setjen Dephan</jabatan><tmt_jab>2006-02-01</tmt_jab><tgl_skep>2006-02-01</tgl_skep></jabatan><jabatan><jabatan> Dit Kersin Ditjen Strahan</jabatan><tmt_jab>2006-02-01</tmt_jab><no_skep>SKEP MENHAN NO : SKEP/57/II/08</no_skep><tgl_skep>2008-02-08</tgl_skep></jabatan><jabatan><jabatan>Anggota Subbag TU Dit Kersin Ditjen Strahan</jabatan><tmt_jab>2006-02-01</tmt_jab><no_skep>SKEP MENHAN NO : SKEP/57/II/08</no_skep><tgl_skep>2008-02-08</tgl_skep></jabatan><jabatan><jabatan>Anggota Subbag TU Dit Kersin Ditjen Strahan Dephan</jabatan><tmt_jab>2006-02-01</tmt_jab><no_skep>SKEP MENHAN NO : SKEP/57/II/08</no_skep><tgl_skep>2008-02-08</tgl_skep></jabatan><jabatan><jabatan>PENYUSUN ADMINISTRASI PERENCANAAN, PELAKSANAAN SUBDIT ANGGARAN BID.II NON AKADEMIK UNHAN</jabatan><tmt_jab>2011-08-08</tmt_jab><no_skep>KEP/601/VIII/2011</no_skep><tgl_skep>2011-08-09</tgl_skep></jabatan><jabatan><jabatan>PENGOLAH WABKU SUBBAG TU FAKULTAS MANAJEMEN PERTAHANAN UNHAN KEMHAN</jabatan><tmt_jab>2013-03-15</tmt_jab><no_skep>KEP/237/III/2013</no_skep><tgl_skep>2013-03-18</tgl_skep></jabatan><jabatan><jabatan>PENYUSUN BAHAN KETATAUSAHAAN SUBBAG TU  BAG HUMAS DAN TU BIRO UMUM UNHAN UNHAN KEMHAN</jabatan><tmt_jab>2014-04-24</tmt_jab><no_skep>KEP/421/V/2014</no_skep><tgl_skep>2014-05-02</tgl_skep></jabatan></riwayat_jabatan><riwayat_pendidikan><pendidikan_umum><pendidikan><nama_dik>SEKOLAH DASAR</nama_dik><tahun_lulus>1982</tahun_lulus></pendidikan><pendidikan><nama_dik>SEKOLAH LANJUTAN TINGKAT PERTAMA (SLTP)</nama_dik><tahun_lulus>1985</tahun_lulus></pendidikan><pendidikan><nama_dik>SEKOLAH LANJUTAN TINGKAT ATAS (SLTA)</nama_dik><tahun_lulus>1988</tahun_lulus></pendidikan><pendidikan><nama_dik>SARJANA (S1)</nama_dik><tahun_lulus>2013</tahun_lulus></pendidikan></pendidikan_umum><pendidikan_pembentukan></pendidikan_pembentukan></riwayat_pendidikan><riwayat_penugasan></riwayat_penugasan><riwayat_tanda_jasa></riwayat_tanda_jasa><riwayat_bahasa></riwayat_bahasa><riwayat_keluarga><keluarga><nama_keluarga>HARTINI</nama_keluarga><jenis_kelamin>PEREMPUAN</jenis_kelamin><tgl_lahir>1971-09-11</tgl_lahir><hubungan>ISTRI</hubungan></keluarga><keluarga><nama_keluarga>PRADANA PUTRA SANTOSO</nama_keluarga><jenis_kelamin>LAKI-LAKI</jenis_kelamin><tgl_lahir>1995-03-09</tgl_lahir><hubungan>ANAK</hubungan></keluarga><keluarga><nama_keluarga>LAKSONO BAYU SATRIO</nama_keluarga><jenis_kelamin>LAKI-LAKI</jenis_kelamin><tgl_lahir>1997-01-01</tgl_lahir><hubungan>ANAK</hubungan></keluarga><keluarga><nama_keluarga>RAMA CANDRA</nama_keluarga><jenis_kelamin>LAKI-LAKI</jenis_kelamin><tgl_lahir>2005-07-08</tgl_lahir><hubungan>ANAK</hubungan></keluarga></riwayat_keluarga></personil_kemhan>
