<personil_kemhan><nopeg>196502241988091001</nopeg><nip>030196886</nip><nrp_nip>196502241988091001</nrp_nip><nama>BAMBANG SOEJITNO</nama><gelar>S.E</gelar><tempat_lahir>Cimahi</tempat_lahir><tgl_lahir>1965-02-24</tgl_lahir><jenis_kelamin>LAKI-LAKI</jenis_kelamin><unit_organisasi>U.O. KEMHAN</unit_organisasi><jenis_personil>PNS</jenis_personil><pangkat>PENATA TK.I III/D</pangkat><pangkat_corps>PENATA TK.I III/D </pangkat_corps><tmt_pangkat>2015-04-01</tmt_pangkat><angkatan_korps>PNS</angkatan_korps><sumber_pa_gol_3>UJIAN DINAS</sumber_pa_gol_3><tmt_pa_gol_3>2004-10-01</tmt_pa_gol_3><kategori_pangkat>III/D</kategori_pangkat><jabatan>KASUBBAG ARSIP BAG TAKAHSIP</jabatan><satker>ROTU SETJEN KEMHAN</satker><kode_jabatan>STRUKTURAL</kode_jabatan><tmt_jabatan>2014-12-31</tmt_jabatan><eselon_jabatan>IV</eselon_jabatan><kategori>ORGANIK</kategori><tmt_tni>1989-09-01</tmt_tni><tmt_kemhan>1989-09-01</tmt_kemhan><agama>ISLAM</agama><file_foto_1>foto/196502241988091001.jpg</file_foto_1><file_foto_2>foto/030196886.jpg</file_foto_2><riwayat_pangkat><pangkat><pangkat>CAPEG II/B</pangkat><tmt_pkt>1988-09-10</tmt_pkt><no_skep>SKEP/1401/IX/1998</no_skep><tgl_skep>1988-09-01</tgl_skep></pangkat><pangkat><pangkat>PENGATUR MUDA II/A</pangkat><tmt_pkt>1989-01-11</tmt_pkt><no_skep>SKEP/1451/IX/19889</no_skep><tgl_skep>1989-09-01</tgl_skep></pangkat><pangkat><pangkat>PENGATUR MUDA TK.I  II/B</pangkat><tmt_pkt>1992-10-01</tmt_pkt><no_skep>SKEP/03-09/00903/KEP/1992</no_skep><tgl_skep>1992-10-01</tgl_skep></pangkat><pangkat><pangkat>PENGATUR II/C</pangkat><tmt_pkt>1996-10-01</tmt_pkt><no_skep>SKEP/09-09/00040/KEP/X/1996</no_skep><tgl_skep>1996-10-01</tgl_skep></pangkat><pangkat><pangkat>PENGATUR TK.I II/D</pangkat><tmt_pkt>2000-10-01</tmt_pkt><no_skep>SKEP/03-09/012/KEP/X/2000</no_skep><tgl_skep>2000-10-01</tgl_skep></pangkat><pangkat><pangkat>PENATA MUDA III/A</pangkat><tmt_pkt>2004-10-01</tmt_pkt><no_skep>SKEP/546/VIII/2004</no_skep><tgl_skep>2004-08-16</tgl_skep></pangkat><pangkat><pangkat>PENATA MUDA TK.I III/B</pangkat><tmt_pkt>2007-10-01</tmt_pkt><no_skep>SKEP/657/VIII/2007</no_skep><tgl_skep>2007-08-24</tgl_skep></pangkat><pangkat><pangkat>PENATA III/C</pangkat><tmt_pkt>2011-04-01</tmt_pkt><no_skep>KEP/225/III/2011</no_skep><tgl_skep>2011-03-31</tgl_skep></pangkat><pangkat><pangkat>PENATA TK.I III/D</pangkat><tmt_pkt>2015-04-01</tmt_pkt></pangkat></riwayat_pangkat><riwayat_jabatan><jabatan><jabatan>ANGG.SUBBAG ARDOK BAG TU ROUM</jabatan><tmt_jab>1988-09-01</tmt_jab><no_skep>SPRIN/046/I/1989</no_skep><tgl_skep>1988-09-10</tgl_skep></jabatan><jabatan><jabatan>PENGATUR ARSIP SUBBAG ARDOK BAG TU ROUM</jabatan><tmt_jab>1998-09-01</tmt_jab><no_skep>SKEP/1122/IX/1998</no_skep><tgl_skep>1998-11-14</tgl_skep></jabatan><jabatan><jabatan>TUR PENGHAPUSAN ARSIP SUBBAGARDOK BAG TU UM BIRO T</jabatan><tmt_jab>2001-03-01</tmt_jab><no_skep>SKEP/250/III/2001</no_skep><tgl_skep>2001-03-21</tgl_skep></jabatan><jabatan><jabatan>TURMIN LAIDOK SUBBAG MINU BAG TU UM ROTU</jabatan><tmt_jab>2001-08-01</tmt_jab><no_skep>SPRIN/459/VII/2001</no_skep><tgl_skep>2001-07-16</tgl_skep></jabatan><jabatan><jabatan>Arsiparis Pelaksana Lanjutan Rotu Setjen Dephan</jabatan><tmt_jab>2006-03-01</tmt_jab><no_skep>SPRIN/52/IV/2006</no_skep><tgl_skep>2006-04-24</tgl_skep></jabatan><jabatan><jabatan>Arsiparis Penyelia Rotu Setjen Dephan</jabatan><tmt_jab>2010-06-10</tmt_jab><no_skep>KEP/397/VI/2010</no_skep><tgl_skep>2010-06-15</tgl_skep></jabatan><jabatan><jabatan>PENGOLAH BAHAN DUK SEKJEN SUBBAG DUK SEKJEN BAG TU DAN DUK SEKJEN ROTU SETJEN KEMHAN</jabatan><tmt_jab>2011-09-10</tmt_jab><no_skep>KEP/231/X/2011</no_skep><tgl_skep>2011-10-09</tgl_skep></jabatan><jabatan><jabatan>KASUBAG ARSIP BAGTAKAHDISSIP ROTU SETJEN KEMHAN</jabatan><tmt_jab>2013-02-25</tmt_jab><no_skep>KEP/170/II/2013</no_skep><tgl_skep>2013-02-25</tgl_skep></jabatan><jabatan><jabatan>KASUBAG ARSIP BAG TAKAH DISSIP ROTU SETJEN KEMHAN ROTU SETJEN KEMHAN</jabatan><tmt_jab>2013-02-25</tmt_jab><no_skep>SKEP/170//II/2013</no_skep><tgl_skep>2013-02-25</tgl_skep></jabatan><jabatan><jabatan>KASUBBAG ARSIP BAG MINU ROTU SETJEN KEMHAN</jabatan><tmt_jab>2014-12-31</tmt_jab><no_skep>KEP/1483/XII/2014</no_skep><tgl_skep>2014-12-18</tgl_skep></jabatan></riwayat_jabatan><riwayat_pendidikan><pendidikan_umum><pendidikan><nama_dik>SEKOLAH DASAR</nama_dik><tahun_lulus>1977</tahun_lulus></pendidikan><pendidikan><nama_dik>SEKOLAH MENENGAH PERTAMA (SMP)</nama_dik><tahun_lulus>1981</tahun_lulus></pendidikan><pendidikan><nama_dik>SEKOLAH MENENGAH ATAS (SMA)</nama_dik><tahun_lulus>1984</tahun_lulus></pendidikan><pendidikan><nama_dik>SARJANA (S1)</nama_dik><tahun_lulus>2006</tahun_lulus></pendidikan></pendidikan_umum><pendidikan_pembentukan><pendidikan><nama_dik>SUS MENGETIK</nama_dik><tahun_lulus>1988</tahun_lulus></pendidikan><pendidikan><nama_dik>LATPRAJAB TK II</nama_dik><tahun_lulus>1988</tahun_lulus></pendidikan><pendidikan><nama_dik>SUS MINU TK. III</nama_dik><tahun_lulus>1989</tahun_lulus></pendidikan><pendidikan><nama_dik>SUS MIKRO KOMPUTER</nama_dik><tahun_lulus>1989</tahun_lulus></pendidikan><pendidikan><nama_dik>SUS MENGEMUDI</nama_dik><tahun_lulus>1993</tahun_lulus></pendidikan><pendidikan><nama_dik>TAR ARSIP ORDE BARU</nama_dik><tahun_lulus>1999</tahun_lulus></pendidikan><pendidikan><nama_dik>TAR TAKAH DAN ARSIP</nama_dik><tahun_lulus>2002</tahun_lulus></pendidikan><pendidikan><nama_dik>DIKLAT PIM IV</nama_dik><tahun_lulus>2005</tahun_lulus></pendidikan><pendidikan><nama_dik>SOSIALISASI UJIAN NASIONAL SERTIFIKASI KEAHLIAN BARANG JASA</nama_dik><tahun_lulus>2006</tahun_lulus></pendidikan><pendidikan><nama_dik>TAR KESEKRETARIATAN DEPHAN TA.2006</nama_dik><tahun_lulus>2006</tahun_lulus></pendidikan><pendidikan><nama_dik>MENGIKUTI SELEKSI ARSIPARIS TELADAN NASIONAL</nama_dik><tahun_lulus>2008</tahun_lulus></pendidikan><pendidikan><nama_dik>PELATIHAN JABATAN FUNGSIONAL ARSIPARIS TINGKAT KETERAMPIL</nama_dik><tahun_lulus>2009</tahun_lulus></pendidikan><pendidikan><nama_dik>SOSIALISAI PENYELENGGARAAN AKREDITASI DAN SERTIFIKASI KEARSIPAN</nama_dik><tahun_lulus>2010</tahun_lulus></pendidikan><pendidikan><nama_dik>SEMINAR PERAN SERTA PENGELOLAAN ARSIP DINAMIS DALAM RANGKA IMPLEMENTASI UU KETERBUKAAN INFORMASI PUBLIK</nama_dik><tahun_lulus>2011</tahun_lulus></pendidikan><pendidikan><nama_dik>SOSIALISASI JABFUNG ARSIPARIS KEMHAN TNI</nama_dik><tahun_lulus>2011</tahun_lulus></pendidikan><pendidikan><nama_dik>SUSDASJEMENHAN</nama_dik><tahun_lulus>2012</tahun_lulus></pendidikan><pendidikan><nama_dik>BIMTEK APLIKASI SIKD ANRI</nama_dik><tahun_lulus>2013</tahun_lulus></pendidikan><pendidikan><nama_dik>SOSIALISASI REVISI PERMENHAN DAN RB TENTANG JABFUNG ARSIPARIS DAN ANGKA KREDITNYA</nama_dik><tahun_lulus>2013</tahun_lulus></pendidikan><pendidikan><nama_dik>WORKSHOP SISHANNEG BAGI PEJABAT ESELON IV KEMHAN </nama_dik><tahun_lulus>2013</tahun_lulus></pendidikan><pendidikan><nama_dik>RAKOR PENYELAMATAN ARSIP INSTANSI STRATEGIS</nama_dik><tahun_lulus>2014</tahun_lulus></pendidikan></pendidikan_pembentukan></riwayat_pendidikan><riwayat_penugasan></riwayat_penugasan><riwayat_tanda_jasa><tanda_jasa><nama_tanda_jasa>SATYALANCANA KARYA SATYA X TAHUN</nama_tanda_jasa><no_skep>SKEP/963/M/XI/2001</no_skep><tgl_skep>2001-11-20</tgl_skep></tanda_jasa><tanda_jasa><nama_tanda_jasa>SATYALANCANA KARYA SATYA XX TAHUN</nama_tanda_jasa><no_skep>SKEP/62/TK/2010</no_skep><tgl_skep>2010-12-01</tgl_skep></tanda_jasa></riwayat_tanda_jasa><riwayat_bahasa><bahasa><nama_bahasa>JAWA</nama_bahasa><keterangan>AKTIF</keterangan></bahasa><bahasa><nama_bahasa>SUNDA</nama_bahasa><keterangan>AKTIF</keterangan></bahasa></riwayat_bahasa><riwayat_keluarga><keluarga><nama_keluarga>RAHMA S.E</nama_keluarga><jenis_kelamin>PEREMPUAN</jenis_kelamin><tgl_lahir>1970-11-06</tgl_lahir><hubungan>ISTRI</hubungan></keluarga><keluarga><nama_keluarga>DEWI NUR RAHMAH</nama_keluarga><jenis_kelamin>PEREMPUAN</jenis_kelamin><tgl_lahir>2003-07-18</tgl_lahir><hubungan>ANAK</hubungan></keluarga><keluarga><nama_keluarga>FATUR RAHMAN HAKIMUDIN</nama_keluarga><jenis_kelamin>LAKI-LAKI</jenis_kelamin><tgl_lahir>2010-06-30</tgl_lahir><hubungan>ANAK</hubungan></keluarga><keluarga><nama_keluarga>M. FADIL ARI YANTO</nama_keluarga><jenis_kelamin>LAKI-LAKI</jenis_kelamin><tgl_lahir>2012-02-14</tgl_lahir><hubungan>ANAK</hubungan></keluarga></riwayat_keluarga></personil_kemhan>
