<personil_kemhan><nopeg>197203291998031002</nopeg><nip>030235971</nip><nrp_nip>197203291998031002</nrp_nip><nama>SYUKRON AMIN</nama><gelar>S.Sos.</gelar><tempat_lahir>Jakarta</tempat_lahir><tgl_lahir>1972-03-29</tgl_lahir><jenis_kelamin>LAKI-LAKI</jenis_kelamin><unit_organisasi>U.O. KEMHAN</unit_organisasi><jenis_personil>PNS</jenis_personil><pangkat>PENATA MUDA III/A</pangkat><pangkat_corps>PENATA MUDA III/A </pangkat_corps><tmt_pangkat>2012-10-01</tmt_pangkat><angkatan_korps>PNS</angkatan_korps><sumber_pa_gol_3>PENYESUAIAN IJASAH</sumber_pa_gol_3><kategori_pangkat>III/A</kategori_pangkat><jabatan>PENGADMINISTRASI KEPEGAWAIAN SUBBAG TU</jabatan><satker>DIT ANSTRA DITJEN STRAHAN KEMHAN</satker><kode_jabatan>ANGGOTA</kode_jabatan><tmt_jabatan>2015-06-30</tmt_jabatan><eselon_jabatan>99</eselon_jabatan><kategori>ORGANIK</kategori><tmt_tni>1999-04-01</tmt_tni><tmt_kemhan>1998-03-01</tmt_kemhan><agama>ISLAM</agama><file_foto_1>foto/197203291998031002.jpg</file_foto_1><file_foto_2>foto/030235971.jpg</file_foto_2><riwayat_pangkat><pangkat><pangkat>CAPEG II/A</pangkat><tmt_pkt>1998-03-01</tmt_pkt><no_skep>127-21/II/1988</no_skep><tgl_skep>1998-02-18</tgl_skep></pangkat><pangkat><pangkat>PENGATUR MUDA II/A</pangkat><tmt_pkt>1999-04-01</tmt_pkt><no_skep>47-8/IV/1998</no_skep><tgl_skep>1999-04-15</tgl_skep></pangkat><pangkat><pangkat>PENGATUR MUDA TK.I  II/B</pangkat><tmt_pkt>2002-04-01</tmt_pkt><no_skep>6-10/III/2002</no_skep><tgl_skep>2002-03-27</tgl_skep></pangkat><pangkat><pangkat>PENGATUR II/C</pangkat><tmt_pkt>2006-04-01</tmt_pkt><no_skep>SKEP/156/III/2006</no_skep><tgl_skep>2006-03-09</tgl_skep></pangkat><pangkat><pangkat>PENGATUR TK.I II/D</pangkat><tmt_pkt>2010-04-01</tmt_pkt><no_skep>KEP/160/III/2010</no_skep><tgl_skep>2010-03-15</tgl_skep></pangkat><pangkat><pangkat>PENATA MUDA III/A</pangkat><tmt_pkt>2012-10-01</tmt_pkt><no_skep>KEP/703/IX/2012</no_skep><tgl_skep>2012-08-04</tgl_skep></pangkat></riwayat_pangkat><riwayat_jabatan><jabatan><jabatan>ANGGOTA SUBBAGPATJAB BAGBINKARPEG</jabatan><tmt_jab>2003-03-01</tmt_jab><no_skep>SKEP/394/III/2003</no_skep><tgl_skep>2003-03-11</tgl_skep></jabatan><jabatan><jabatan>TURMIN SUBBAG PATJAB ROPEG</jabatan><tmt_jab>2003-04-01</tmt_jab><tgl_skep>1899-12-30</tgl_skep></jabatan><jabatan><jabatan>ANGGOTA SUBBAGJAB BAGKARPEG ROPEG SETJEN DEPHAN</jabatan><tmt_jab>2006-03-01</tmt_jab><no_skep>SKEP/201/III/2006</no_skep><tgl_skep>2006-03-27</tgl_skep></jabatan><jabatan><jabatan>ANGGOTA SUBBAGTAL BAGWATPEG ROPEG SETJEN DEPHAN</jabatan><tmt_jab>2008-02-01</tmt_jab><no_skep>SKEP/50/II/2008</no_skep><tgl_skep>2008-02-01</tgl_skep></jabatan><jabatan><jabatan>Arsiparis Pelaksana Ropeg Setjen Dephan</jabatan><tmt_jab>2009-04-01</tmt_jab><no_skep>KEP MENHAN : KEP/253/XII/2009</no_skep><tgl_skep>2009-12-11</tgl_skep></jabatan><jabatan><jabatan>AGENDARIS BID MATRA UDARA BALITBANG KEMHAN</jabatan><tmt_jab>2011-06-16</tmt_jab><no_skep>SPRIN/78/VI/2011</no_skep><tgl_skep>2011-06-16</tgl_skep></jabatan><jabatan><jabatan>PENGADMINISTRASI KEPEGAWAIAN SUBBAG TU PUSLITBANG ALPAHAN BALITBANG KEMHAN</jabatan><tmt_jab>2012-10-30</tmt_jab><no_skep>KEP/885/X/2012</no_skep><tgl_skep>2012-10-29</tgl_skep></jabatan><jabatan><jabatan>PENGADMINISTRASI SUBDIT DAGRI DIT ANSTRA DITJEN STRAHAN KEMHAN</jabatan><tmt_jab>2014-11-12</tmt_jab><no_skep>KEP/1339/XI/2014</no_skep><tgl_skep>2014-11-18</tgl_skep></jabatan><jabatan><jabatan>PENGADMINISTRASI SI IDPOL SUBDIT DAGRI DIT ANSTRA DITJEN STRAHAN KEMHAN</jabatan><tmt_jab>2014-12-31</tmt_jab><no_skep>KEP/1494/XII/2014</no_skep><tgl_skep>2014-12-18</tgl_skep></jabatan><jabatan><jabatan>PENGADMINISTRASI KEPEGAWAIAN SUBBAG TU DIT ANSTRA DITJEN STRAHAN KEMHAN</jabatan><tmt_jab>2015-06-30</tmt_jab><no_skep>KEP/615/VI/2015</no_skep><tgl_skep>2015-06-30</tgl_skep></jabatan></riwayat_jabatan><riwayat_pendidikan><pendidikan_umum><pendidikan><nama_dik>SEKOLAH DASAR</nama_dik><tahun_lulus>1987</tahun_lulus></pendidikan><pendidikan><nama_dik>SEKOLAH LANJUTAN TINGKAT PERTAMA (SLTP)</nama_dik><tahun_lulus>1990</tahun_lulus></pendidikan><pendidikan><nama_dik>SEKOLAH LANJUTAN TINGKAT ATAS (SLTA)</nama_dik><tahun_lulus>1993</tahun_lulus></pendidikan><pendidikan><nama_dik>SARJANA (S1)</nama_dik><tahun_lulus>2007</tahun_lulus></pendidikan></pendidikan_umum><pendidikan_pembentukan><pendidikan><nama_dik>SUS MIKRO KOMPUTER</nama_dik><tahun_lulus>1993</tahun_lulus></pendidikan><pendidikan><nama_dik>LATPRAJAB TK II</nama_dik><tahun_lulus>1998</tahun_lulus></pendidikan><pendidikan><nama_dik>SUS OPERATOR KOMPUTER</nama_dik><tahun_lulus>2004</tahun_lulus></pendidikan><pendidikan><nama_dik>SUS KOMPUTER MICROSOFT OFFICE</nama_dik><tahun_lulus>2010</tahun_lulus></pendidikan><pendidikan><nama_dik>Dik Arsiparis Jarak Jauh</nama_dik><tahun_lulus>2011</tahun_lulus></pendidikan><pendidikan><nama_dik>SUS IN HOUSE TRAINING MULTIMEDIA DAN INTERNET</nama_dik><tahun_lulus>2011</tahun_lulus></pendidikan><pendidikan><nama_dik>SUS BID TEK INFORMASI KOMPUTER</nama_dik><tahun_lulus>2011</tahun_lulus></pendidikan><pendidikan><nama_dik>KURSUS DASAR PENGKAJIAN TEKNOLOGI MATRA LAUT</nama_dik><tahun_lulus>2013</tahun_lulus></pendidikan><pendidikan><nama_dik>DIKLAT BELA NEGARA GEL. I PNS KEMHAN RI</nama_dik><tahun_lulus>2014</tahun_lulus></pendidikan></pendidikan_pembentukan></riwayat_pendidikan><riwayat_penugasan><penugasan><negara>SAUDI ARABIA</negara><tahun>2010</tahun><uraian>KETUA REGU HAJI DINAS - KEMHAN</uraian></penugasan></riwayat_penugasan><riwayat_tanda_jasa><tanda_jasa><nama_tanda_jasa>SATYALANCANA KARYA SATYA X TAHUN</nama_tanda_jasa><no_skep>KEPRES RI NOMOR 022/TK/TAHUN 2008</no_skep><tgl_skep>2008-06-24</tgl_skep></tanda_jasa></riwayat_tanda_jasa><riwayat_bahasa><bahasa><nama_bahasa>INGGRIS</nama_bahasa><keterangan>PASIF</keterangan></bahasa><bahasa><nama_bahasa>INDONESIA</nama_bahasa><keterangan>AKTIF</keterangan></bahasa></riwayat_bahasa><riwayat_keluarga><keluarga><nama_keluarga>ENOK SURYATI</nama_keluarga><jenis_kelamin>PEREMPUAN</jenis_kelamin><tgl_lahir>1972-07-04</tgl_lahir><hubungan>ISTRI</hubungan></keluarga><keluarga><nama_keluarga>WIENA ANINDYTA</nama_keluarga><jenis_kelamin>PEREMPUAN</jenis_kelamin><tgl_lahir>1998-03-02</tgl_lahir><hubungan>ANAK</hubungan></keluarga><keluarga><nama_keluarga>AZIZAH AINI AMIN</nama_keluarga><jenis_kelamin>PEREMPUAN</jenis_kelamin><tgl_lahir>2002-03-30</tgl_lahir><hubungan>ANAK</hubungan></keluarga><keluarga><nama_keluarga>ANNAJWA CHAIRIYAH AMIN</nama_keluarga><jenis_kelamin>PEREMPUAN</jenis_kelamin><tgl_lahir>2006-08-30</tgl_lahir><hubungan>ANAK</hubungan></keluarga></riwayat_keluarga></personil_kemhan>
