<personil_kemhan><nopeg>196509301988031001</nopeg><nip>030193535</nip><nrp_nip>196509301988031001</nrp_nip><nama>MASHADI</nama><tempat_lahir>Tuban</tempat_lahir><tgl_lahir>1965-09-30</tgl_lahir><jenis_kelamin>LAKI-LAKI</jenis_kelamin><unit_organisasi>U.O. KEMHAN</unit_organisasi><jenis_personil>PNS</jenis_personil><pangkat>PENATA MUDA TK.I III/B</pangkat><pangkat_corps>PENATA MUDA TK.I III/B </pangkat_corps><tmt_pangkat>2008-04-01</tmt_pangkat><angkatan_korps>PNS</angkatan_korps><sumber_pa_gol_3>UJIAN DINAS</sumber_pa_gol_3><tmt_pa_gol_3>2004-02-01</tmt_pa_gol_3><kategori_pangkat>III/B</kategori_pangkat><jabatan>PENGOLAH AKUNTASI BARANG (BMN) SUBBAG TU BIRO BAG DUKMIN SEKJEN</jabatan><satker>ROTU SETJEN KEMHAN</satker><kode_jabatan>ANGGOTA</kode_jabatan><tmt_jabatan>2014-12-31</tmt_jabatan><eselon_jabatan>99</eselon_jabatan><kategori>ORGANIK</kategori><tmt_tni>1989-08-01</tmt_tni><tmt_kemhan>1987-08-01</tmt_kemhan><agama>ISLAM</agama><file_foto_1>foto/196509301988031001.jpg</file_foto_1><file_foto_2>foto/030193535.jpg</file_foto_2><riwayat_pangkat><pangkat><pangkat>HONORER</pangkat><tmt_pkt>1987-08-01</tmt_pkt><no_skep>Sprin/672/VIII/1987</no_skep><tgl_skep>1987-08-01</tgl_skep></pangkat><pangkat><pangkat>CAPEG II/A</pangkat><tmt_pkt>1988-03-01</tmt_pkt><no_skep>SKEP/458/IV/1988</no_skep><tgl_skep>1988-04-27</tgl_skep></pangkat><pangkat><pangkat>PENGATUR MUDA II/A</pangkat><tmt_pkt>1989-03-01</tmt_pkt><no_skep>SKEP/1382/VII/1989</no_skep><tgl_skep>1989-03-01</tgl_skep></pangkat><pangkat><pangkat>PENGATUR MUDA TK.I  II/B</pangkat><tmt_pkt>1991-04-01</tmt_pkt><no_skep>KEP.03-09/01569/KEP/IV/1991</no_skep><tgl_skep>1991-10-02</tgl_skep></pangkat><pangkat><pangkat>PENGATUR II/C</pangkat><tmt_pkt>1995-04-01</tmt_pkt><no_skep>KEP.03-09/02950/KEP/IV/1995</no_skep><tgl_skep>1995-03-17</tgl_skep></pangkat><pangkat><pangkat>PENGATUR TK.I II/D</pangkat><tmt_pkt>1999-04-01</tmt_pkt><no_skep>SKEP/03/09-00/024/KEP/IV/1999</no_skep><tgl_skep>1999-04-23</tgl_skep></pangkat><pangkat><pangkat>PENATA MUDA III/A</pangkat><tmt_pkt>2004-02-01</tmt_pkt><no_skep>SKEP/84/II/2004</no_skep><tgl_skep>2004-02-20</tgl_skep></pangkat><pangkat><pangkat>PENATA MUDA TK.I III/B</pangkat><tmt_pkt>2008-04-01</tmt_pkt><no_skep>SKEP/148/III/2008</no_skep><tgl_skep>2008-03-10</tgl_skep></pangkat></riwayat_pangkat><riwayat_jabatan><jabatan><jabatan>TUR RUMGA &amp; CARAKA SUBBAGRENMINRO ROHUBANLEM</jabatan><tmt_jab>1998-10-01</tmt_jab><no_skep>SKEP/1199/X/1998</no_skep><tgl_skep>1998-10-12</tgl_skep></jabatan><jabatan><jabatan>TUR ARSIP BAG TU PIMPINAN ROTU</jabatan><tmt_jab>2001-03-01</tmt_jab><no_skep>SKEP/250/III/2001</no_skep><tgl_skep>2001-03-21</tgl_skep></jabatan><jabatan><jabatan>AGGOTA SUBBAG BANUMMEN BAG BANUMPIM ROTU SETJEN KEMHAN</jabatan><tmt_jab>2006-03-01</tmt_jab><no_skep>SPRIN/52/IV/2006</no_skep><tgl_skep>2006-04-24</tgl_skep></jabatan><jabatan><jabatan>Anggota Subbag Minro Bagbanumpim Rotu Setjen Dephan</jabatan><tmt_jab>2007-10-24</tmt_jab><no_skep>Sprin/274/X/2007</no_skep><tgl_skep>2007-10-23</tgl_skep></jabatan><jabatan><jabatan>Arsiparis Pelaksana Lanjutan Rotu Setjen Dephan</jabatan><tmt_jab>2009-04-01</tmt_jab><no_skep>Kep Menhan Nomor : KEP/195/X/2009</no_skep><tgl_skep>2009-10-26</tgl_skep></jabatan><jabatan><jabatan>PENGOLAH SIMAK BMN SUBBAG TU BIRO BAG TU DAN DUK SEKJEN  ROTU SETJEN KEMHAN</jabatan><tmt_jab>2011-04-01</tmt_jab><no_skep>Kep/282/VI/2011</no_skep><tgl_skep>2011-04-19</tgl_skep></jabatan><jabatan><jabatan>PENGOLAH AKUNTASI BARANG (BMN) SUBBAG TU BIRO BAG DUKMIN SEKJEN ROTU SETJEN KEMHAN</jabatan><tmt_jab>2014-12-31</tmt_jab><no_skep>KEP/1485/XII/2014</no_skep><tgl_skep>2014-12-18</tgl_skep></jabatan></riwayat_jabatan><riwayat_pendidikan><pendidikan_umum><pendidikan><nama_dik>SEKOLAH DASAR</nama_dik><tahun_lulus>1980</tahun_lulus></pendidikan><pendidikan><nama_dik>SEKOLAH LANJUTAN TINGKAT PERTAMA (SLTP)</nama_dik><tahun_lulus>1983</tahun_lulus></pendidikan><pendidikan><nama_dik>SEKOLAH LANJUTAN TINGKAT ATAS (SLTA)</nama_dik><tahun_lulus>1986</tahun_lulus></pendidikan></pendidikan_umum><pendidikan_pembentukan><pendidikan><nama_dik>LAT PRAJAB</nama_dik><tahun_lulus>1989</tahun_lulus></pendidikan><pendidikan><nama_dik>UDIN TK I</nama_dik><tahun_lulus>2002</tahun_lulus></pendidikan><pendidikan><nama_dik>SOSIALISASI AKUTANSI BARANG MILIK NEGARA</nama_dik><tahun_lulus>2004</tahun_lulus></pendidikan><pendidikan><nama_dik>DIKLAT TEKNIS SERTIFIKASI PENGADAAN BARANG DAN JASA PEMERINTAH</nama_dik><tahun_lulus>2013</tahun_lulus></pendidikan><pendidikan><nama_dik>LAT LPSE UO. KEMHAN 2013</nama_dik><tahun_lulus>2013</tahun_lulus></pendidikan><pendidikan><nama_dik>DIKLAT TEKNIS SUBSTANTIF SPESIALISASI PENATAAN BMN TK.III GEL.II TA.2014</nama_dik><tahun_lulus>2014</tahun_lulus></pendidikan></pendidikan_pembentukan></riwayat_pendidikan><riwayat_penugasan></riwayat_penugasan><riwayat_tanda_jasa><tanda_jasa><nama_tanda_jasa>SATYALANCANA KARYA SATYA X TAHUN</nama_tanda_jasa><no_skep>KEPPRES RI NO: 095/TK/TAHUN 2006</no_skep><tgl_skep>2006-11-23</tgl_skep></tanda_jasa><tanda_jasa><nama_tanda_jasa>SATYALANCANA KARYA SATYA XX TAHUN</nama_tanda_jasa><no_skep>KEPPRES RI NO: 62/TK/TAHUN 2010</no_skep><tgl_skep>2010-12-01</tgl_skep></tanda_jasa></riwayat_tanda_jasa><riwayat_bahasa><bahasa><nama_bahasa>JAWA</nama_bahasa><keterangan>AKTIF</keterangan></bahasa></riwayat_bahasa><riwayat_keluarga><keluarga><nama_keluarga>ANIK Q KHOLIDAH</nama_keluarga><jenis_kelamin>PEREMPUAN</jenis_kelamin><tgl_lahir>1966-12-31</tgl_lahir><hubungan>ISTRI</hubungan></keluarga><keluarga><nama_keluarga>DIMAS IRKHAM RABBANI</nama_keluarga><jenis_kelamin>LAKI-LAKI</jenis_kelamin><tgl_lahir>1997-09-21</tgl_lahir><hubungan>ANAK</hubungan></keluarga></riwayat_keluarga></personil_kemhan>
