<personil_kemhan><nopeg>196201271985031001</nopeg><nip>030180278</nip><nrp_nip>196201271985031001</nrp_nip><nama>BURHANUDIN</nama><gelar>SE</gelar><tempat_lahir>Jakarta,</tempat_lahir><tgl_lahir>1962-01-27</tgl_lahir><jenis_kelamin>LAKI-LAKI</jenis_kelamin><unit_organisasi>U.O. KEMHAN</unit_organisasi><jenis_personil>PNS</jenis_personil><pangkat>PENATA III/C</pangkat><pangkat_corps>PENATA III/C </pangkat_corps><tmt_pangkat>2014-10-01</tmt_pangkat><angkatan_korps>PNS</angkatan_korps><sumber_pa_gol_3>UJIAN DINAS</sumber_pa_gol_3><tmt_pa_gol_3>2001-08-16</tmt_pa_gol_3><kategori_pangkat>III/C</kategori_pangkat><jabatan>PENYUSUN AKUNTANSI BARANG (BMN) TANAH DAN BANGUNAN UO KEMHAN SUBBAG BMN BAGFASBANG</jabatan><satker>ROUM SETJEN KEMHAN</satker><kode_jabatan>ANGGOTA</kode_jabatan><tmt_jabatan>2014-12-31</tmt_jabatan><eselon_jabatan>99</eselon_jabatan><kategori>ORGANIK</kategori><tmt_tni>1987-03-01</tmt_tni><tmt_kemhan>1985-03-01</tmt_kemhan><agama>ISLAM</agama><file_foto_1>foto/196201271985031001.jpg</file_foto_1><file_foto_2>foto/030180278.jpg</file_foto_2><riwayat_pangkat><pangkat><pangkat>HONORER</pangkat><tmt_pkt>1985-02-01</tmt_pkt><no_skep>SKEP/03/11/1985</no_skep><tgl_skep>1985-02-25</tgl_skep></pangkat><pangkat><pangkat>CAPEG II/A</pangkat><tmt_pkt>1985-03-01</tmt_pkt><no_skep>SKEP/188/15/VII/1985</no_skep><tgl_skep>1985-07-31</tgl_skep></pangkat><pangkat><pangkat>PENGATUR MUDA II/A</pangkat><tmt_pkt>1987-03-01</tmt_pkt><no_skep>SKEP/017/17/II//1987</no_skep><tgl_skep>1987-02-23</tgl_skep></pangkat><pangkat><pangkat>PENGATUR MUDA TK.I  II/B</pangkat><tmt_pkt>1989-04-01</tmt_pkt><no_skep>SKEP/002/22/IX/1989</no_skep><tgl_skep>1989-09-26</tgl_skep></pangkat><pangkat><pangkat>PENGATUR II/C</pangkat><tmt_pkt>1993-04-01</tmt_pkt><no_skep>SKEP/03-09/02250/IV/1993</no_skep><tgl_skep>1993-04-03</tgl_skep></pangkat><pangkat><pangkat>PENGATUR TK.I II/D</pangkat><tmt_pkt>1997-04-01</tmt_pkt><no_skep>SKEP/03-09/0008/III/1997</no_skep><tgl_skep>1997-03-04</tgl_skep></pangkat><pangkat><pangkat>PENATA MUDA III/A</pangkat><tmt_pkt>2001-08-16</tmt_pkt><no_skep>SKEP/559/VIII/2001</no_skep><tgl_skep>2001-08-16</tgl_skep></pangkat><pangkat><pangkat>PENATA MUDA TK.I III/B</pangkat><tmt_pkt>2005-03-14</tmt_pkt><no_skep>SKEP/160/III/2005</no_skep><tgl_skep>2005-03-14</tgl_skep></pangkat><pangkat><pangkat>PENATA III/C</pangkat><tmt_pkt>2014-10-01</tmt_pkt><no_skep>KEP/1122/IX/2014</no_skep><tgl_skep>2014-09-25</tgl_skep></pangkat></riwayat_pangkat><riwayat_jabatan><jabatan><jabatan>ANGGOTA SILOG SMIN DENMA MABES ABRI</jabatan><tmt_jab>1985-02-01</tmt_jab><no_skep>SKEP/188/15/VII/1985</no_skep><tgl_skep>1985-07-31</tgl_skep></jabatan><jabatan><jabatan>ANGGOTA SATANG DENMA MABES ABRI</jabatan><tmt_jab>1990-03-01</tmt_jab><no_skep>SPRIN/125/II/1990</no_skep><tgl_skep>1990-02-28</tgl_skep></jabatan><jabatan><jabatan>ANGGOTA BAG RUMGA ROUM</jabatan><tmt_jab>1993-05-01</tmt_jab><no_skep>SKEP/1357/V/1993</no_skep><tgl_skep>1993-05-12</tgl_skep></jabatan><jabatan><jabatan>PSB TK.IV/URUM BAGRUMGA ROUM</jabatan><tmt_jab>1998-12-01</tmt_jab><no_skep>SKEP/1420/XII/1998</no_skep><tgl_skep>1998-12-21</tgl_skep></jabatan><jabatan><jabatan>KARUMGA MENHAN  ROUM SETJEN KEMHAN</jabatan><tmt_jab>2000-05-12</tmt_jab><no_skep>SPRIN/447/V/2000</no_skep><tgl_skep>2000-05-12</tgl_skep></jabatan><jabatan><jabatan>PSB TK.IV/GUD ALKAN SATRI SUBBAG PANDISI BAGBEKHAR</jabatan><tmt_jab>2001-02-01</tmt_jab><no_skep>SKEP/157/II/2001</no_skep><tgl_skep>2001-02-13</tgl_skep></jabatan><jabatan><jabatan>TURMIN PANDISIALTORSATRI SUBBAGPANDISI BAGBEGKHAR</jabatan><tmt_jab>2001-05-01</tmt_jab><no_skep>SKEP/390/V/2001</no_skep><tgl_skep>2001-05-29</tgl_skep></jabatan><jabatan><jabatan>TURMIN PANDISIALTORSATRI SUBBAGPANDISI BAGBEGKHAR ROUM</jabatan><tmt_jab>2001-06-11</tmt_jab><no_skep>SPRIN/131/VI/2001</no_skep><tgl_skep>2001-06-11</tgl_skep></jabatan><jabatan><jabatan>PS PSB TK II/ALSATRI SUBBAG PANDISI BAG BEKHAR ROUM</jabatan><tmt_jab>2001-06-11</tmt_jab><no_skep>SKEP/27/XI/2001</no_skep><tgl_skep>2001-06-11</tgl_skep></jabatan><jabatan><jabatan>KARUMGA MENHAN  ROUM SETJEN KEMHAN</jabatan><tmt_jab>2004-12-10</tmt_jab><no_skep>SPRIN/841/XII/2004</no_skep><tgl_skep>2004-12-10</tgl_skep></jabatan><jabatan><jabatan>Anggota Subbag Min Ada Bag Fasbang Roum Setjen Dephan</jabatan><tmt_jab>2009-12-15</tmt_jab><no_skep>SKEP MENHAN NO : SKEP/251/XII/2009</no_skep><tgl_skep>2009-12-11</tgl_skep></jabatan><jabatan><jabatan>PENGADMINISTRASI BARANG INVETARIS SUBBAGMINADA BAGFASBANG ROUM SETJEN KEMHA</jabatan><tmt_jab>2010-08-09</tmt_jab><no_skep>KEP/585/VIII/2010</no_skep><tgl_skep>2010-08-09</tgl_skep></jabatan><jabatan><jabatan>PENGOLAH BAHAN SERTIFIKASI TANAH DAN BANGUNAN SUBBAGMINADA BAGFASBANG ROUM SETJEN KEMHAN</jabatan><tmt_jab>2011-04-01</tmt_jab><no_skep>KEP/285/IV/2011</no_skep><tgl_skep>2011-04-19</tgl_skep></jabatan><jabatan><jabatan>PENYUSUN AKUNTANSI BARANG (BMN) TANAH DAN BANGUNAN UO KEMHAN SUBBAG BMN BAGFASBANG ROUM SETJEN KEMHAN</jabatan><tmt_jab>2014-12-31</tmt_jab><no_skep>KEP/1484/XIV/2014</no_skep><tgl_skep>2014-12-18</tgl_skep></jabatan></riwayat_jabatan><riwayat_pendidikan><pendidikan_umum><pendidikan><nama_dik>SEKOLAH DASAR</nama_dik><tahun_lulus>1974</tahun_lulus></pendidikan><pendidikan><nama_dik>SEKOLAH MENENGAH PERTAMA (SMP)</nama_dik><tahun_lulus>1977</tahun_lulus></pendidikan><pendidikan><nama_dik>SEKOLAH MENENGAH ATAS (SMA)</nama_dik><tahun_lulus>1981</tahun_lulus></pendidikan><pendidikan><nama_dik>SARJANA (S1)</nama_dik><tahun_lulus>2013</tahun_lulus></pendidikan></pendidikan_umum><pendidikan_pembentukan><pendidikan><nama_dik>ADUM</nama_dik><tahun_lulus>1998</tahun_lulus></pendidikan></pendidikan_pembentukan></riwayat_pendidikan><riwayat_penugasan></riwayat_penugasan><riwayat_tanda_jasa><tanda_jasa><nama_tanda_jasa>SATYALANCANA KARYA SATYA X TAHUN</nama_tanda_jasa><no_skep>KEPRES/48/TK/2004</no_skep><tgl_skep>2004-09-05</tgl_skep></tanda_jasa><tanda_jasa><nama_tanda_jasa>SATYALANCANA KARYA SATYA XX TAHUN</nama_tanda_jasa><no_skep>KEPRES/28/TK/2006</no_skep><tgl_skep>2006-07-01</tgl_skep></tanda_jasa></riwayat_tanda_jasa><riwayat_bahasa><bahasa><nama_bahasa>JAWA</nama_bahasa><keterangan>PASIF</keterangan></bahasa><bahasa><nama_bahasa>BETAWI</nama_bahasa><keterangan>PASIF</keterangan></bahasa><bahasa><nama_bahasa>INGGRIS</nama_bahasa><keterangan>PASIF</keterangan></bahasa><bahasa><nama_bahasa>INDONESIA</nama_bahasa><keterangan>AKTIF</keterangan></bahasa></riwayat_bahasa><riwayat_keluarga><keluarga><nama_keluarga>SITA SUTIATY</nama_keluarga><jenis_kelamin>PEREMPUAN</jenis_kelamin><tgl_lahir>1965-05-09</tgl_lahir><hubungan>ISTRI</hubungan></keluarga><keluarga><nama_keluarga>DYAH RAHMALIA HASANAH</nama_keluarga><jenis_kelamin>PEREMPUAN</jenis_kelamin><tgl_lahir>1995-10-31</tgl_lahir><hubungan>ANAK</hubungan></keluarga><keluarga><nama_keluarga>DENY RAHMAT</nama_keluarga><jenis_kelamin>LAKI-LAKI</jenis_kelamin><tgl_lahir>1997-03-03</tgl_lahir><hubungan>ANAK</hubungan></keluarga></riwayat_keluarga></personil_kemhan>
