<personil_kemhan><nopeg>198205162002122001</nopeg><nip>030247671</nip><nrp_nip>198205162002122001</nrp_nip><nama>MAILINAH</nama><tempat_lahir>Jakarta</tempat_lahir><tgl_lahir>1982-05-16</tgl_lahir><jenis_kelamin>PEREMPUAN</jenis_kelamin><unit_organisasi>U.O. KEMHAN</unit_organisasi><jenis_personil>PNS</jenis_personil><pangkat>PENGATUR TK.I II/D</pangkat><pangkat_corps>PENGATUR TK.I II/D </pangkat_corps><tmt_pangkat>2015-10-01</tmt_pangkat><angkatan_korps>PNS</angkatan_korps><kategori_pangkat>II/C</kategori_pangkat><jabatan>AGENDARIS SUBDITLAHKUMHAN</jabatan><satker>DIT KUMSTRA DITJEN STRAHAN KEMHAN</satker><kode_jabatan>ANGGOTA</kode_jabatan><tmt_jabatan>2011-09-21</tmt_jabatan><eselon_jabatan>99</eselon_jabatan><kategori>ORGANIK</kategori><tmt_tni>2004-09-01</tmt_tni><tmt_kemhan>2002-12-01</tmt_kemhan><agama>ISLAM</agama><file_foto_1>foto/198205162002122001.jpg</file_foto_1><file_foto_2>foto/030247671.jpg</file_foto_2><riwayat_pangkat><pangkat><pangkat>HONORER</pangkat><tmt_pkt>2002-09-01</tmt_pkt><no_skep>SPRIN/1706/VIII/2002</no_skep><tgl_skep>2002-08-28</tgl_skep></pangkat><pangkat><pangkat>CAPEG II/A</pangkat><tmt_pkt>2002-12-01</tmt_pkt><no_skep>SKEP/1021/VI/2003</no_skep><tgl_skep>2003-06-16</tgl_skep></pangkat><pangkat><pangkat>PENGATUR MUDA II/A</pangkat><tmt_pkt>2004-09-01</tmt_pkt><no_skep>SKEP/600/VIII/2004</no_skep><tgl_skep>2004-08-27</tgl_skep></pangkat><pangkat><pangkat>PENGATUR MUDA TK.I  II/B</pangkat><tmt_pkt>2007-10-01</tmt_pkt><no_skep>SKEP/665/VIII/2007</no_skep><tgl_skep>2002-08-29</tgl_skep></pangkat><pangkat><pangkat>PENGATUR II/C</pangkat><tmt_pkt>2011-10-01</tmt_pkt><no_skep>KEP/705/IX/2011</no_skep><tgl_skep>2011-10-01</tgl_skep></pangkat><pangkat><pangkat>PENGATUR TK.I II/D</pangkat><tmt_pkt>2015-10-01</tmt_pkt><no_skep>KEP/834/IX/2015</no_skep><tgl_skep>2015-09-09</tgl_skep></pangkat></riwayat_pangkat><riwayat_jabatan><jabatan><jabatan>TURMIN PADA ROPEG SETJEN DEPHAN</jabatan><tmt_jab>2002-12-01</tmt_jab><no_skep>SKEP/1021/VI/2003</no_skep><tgl_skep>2003-06-16</tgl_skep></jabatan><jabatan><jabatan>ANGGOTA SUBBAGSAHLURJA BAGBINKARPEG ROPEG SETJEN DEPHAN</jabatan><tmt_jab>2003-07-02</tmt_jab><no_skep>SPRIN/172/VII/2003</no_skep><tgl_skep>2003-07-02</tgl_skep></jabatan><jabatan><jabatan>ANGGOTA SUBBAGSAHLURJA BAGKARPEG ROPEG SETJEN DEPHAN</jabatan><tmt_jab>2006-03-01</tmt_jab><no_skep>SKEP/201/III/2006</no_skep><tgl_skep>2006-03-27</tgl_skep></jabatan><jabatan><jabatan>Anggota Subbag Sahlurja Bag Karpeg Ropeg Setjen Dephan</jabatan><tmt_jab>2006-03-01</tmt_jab><no_skep>SKEP/201/III/2006</no_skep><tgl_skep>2006-03-27</tgl_skep></jabatan><jabatan><jabatan>AGENDARIS SUBBAG SAHLURJA BAGKARPEG ROPEG SETJEN KEMHAN</jabatan><tmt_jab>2010-05-17</tmt_jab><no_skep>Kep Menhan Nomor : KEP/321/V/2010</no_skep><tgl_skep>2010-05-17</tgl_skep></jabatan><jabatan><jabatan>AGENDARIS  SUBDIT AMERIKA, EROPA, AFRIKA DIT ANSTRA DITJEN STRAHAN KEMHAN</jabatan><tmt_jab>2011-06-16</tmt_jab><no_skep>SPRIN/78/VI/2011</no_skep><tgl_skep>2011-06-16</tgl_skep></jabatan><jabatan><jabatan>AGENDARIS SUBDITLAHKUMHAN DIT KUMSTRAHAN DITJEN STRAHAN KEMHAN</jabatan><tmt_jab>2011-09-21</tmt_jab><no_skep>KEP/716/IX/2011</no_skep><tgl_skep>2011-09-26</tgl_skep></jabatan></riwayat_jabatan><riwayat_pendidikan><pendidikan_umum><pendidikan><nama_dik>SEKOLAH DASAR</nama_dik><tahun_lulus>1996</tahun_lulus></pendidikan><pendidikan><nama_dik>SEKOLAH LANJUTAN TINGKAT PERTAMA (SLTP)</nama_dik><tahun_lulus>1999</tahun_lulus></pendidikan><pendidikan><nama_dik>SEKOLAH LANJUTAN TINGKAT ATAS (SLTA)</nama_dik><tahun_lulus>2002</tahun_lulus></pendidikan></pendidikan_umum><pendidikan_pembentukan><pendidikan><nama_dik>LATPRAJABATN TK II</nama_dik><tahun_lulus>2004</tahun_lulus></pendidikan><pendidikan><nama_dik>SUS KOMPUTER</nama_dik><tahun_lulus>2004</tahun_lulus></pendidikan><pendidikan><nama_dik>DIKLAT BELA NEGARA ANGKATAN II</nama_dik><tahun_lulus>2013</tahun_lulus></pendidikan></pendidikan_pembentukan></riwayat_pendidikan><riwayat_penugasan></riwayat_penugasan><riwayat_tanda_jasa></riwayat_tanda_jasa><riwayat_bahasa></riwayat_bahasa><riwayat_keluarga><keluarga><nama_keluarga>MOHAMAD MUZAKI</nama_keluarga><jenis_kelamin>LAKI-LAKI</jenis_kelamin><tgl_lahir>1981-04-12</tgl_lahir><hubungan>SUAMI</hubungan></keluarga><keluarga><nama_keluarga>AISYAH NURSYAKKIYA</nama_keluarga><jenis_kelamin>PEREMPUAN</jenis_kelamin><tgl_lahir>2005-12-11</tgl_lahir><hubungan>ANAK</hubungan></keluarga><keluarga><nama_keluarga>M.LUTHFI MUDZAKIR</nama_keluarga><jenis_kelamin>LAKI-LAKI</jenis_kelamin><tgl_lahir>2009-07-05</tgl_lahir><hubungan>ANAK</hubungan></keluarga></riwayat_keluarga></personil_kemhan>
