<personil_kemhan><nopeg>196309091987032001</nopeg><nip>030189400</nip><nrp_nip>196309091987032001</nrp_nip><nama>ATIEK ZUHRIYATI</nama><gelar>A.Mk.</gelar><tempat_lahir>Solo</tempat_lahir><tgl_lahir>1963-09-09</tgl_lahir><jenis_kelamin>PEREMPUAN</jenis_kelamin><unit_organisasi>U.O. KEMHAN</unit_organisasi><jenis_personil>PNS</jenis_personil><pangkat>PENATA III/C</pangkat><pangkat_corps>PENATA III/C </pangkat_corps><tmt_pangkat>2013-10-01</tmt_pangkat><angkatan_korps>PNS</angkatan_korps><sumber_pa_gol_3>UJIAN DINAS</sumber_pa_gol_3><tmt_pa_gol_3>2005-04-01</tmt_pa_gol_3><kategori_pangkat>III/C</kategori_pangkat><jabatan>PENYUSUN SPM SUBBAG PROGJAGAR BAGPROGLAP</jabatan><satker>SET BALITBANG KEMHAN</satker><kode_jabatan>ANGGOTA</kode_jabatan><tmt_jabatan>2014-12-31</tmt_jabatan><eselon_jabatan>99</eselon_jabatan><kategori>ORGANIK</kategori><tmt_tni>1988-09-01</tmt_tni><tmt_kemhan>1988-09-01</tmt_kemhan><agama>ISLAM</agama><file_foto_1>foto/196309091987032001.jpg</file_foto_1><file_foto_2>foto/030189400.jpg</file_foto_2><riwayat_pangkat><pangkat><pangkat>CAPEG II/A</pangkat><tmt_pkt>1987-03-01</tmt_pkt><no_skep>Skep/183/V/1987</no_skep><tgl_skep>1987-05-27</tgl_skep></pangkat><pangkat><pangkat>PENGATUR MUDA II/A</pangkat><tmt_pkt>1988-09-01</tmt_pkt><no_skep>Skep/1210/VIII/1988</no_skep><tgl_skep>1988-08-10</tgl_skep></pangkat><pangkat><pangkat>PENGATUR MUDA TK.I  II/B</pangkat><tmt_pkt>1989-10-01</tmt_pkt><no_skep>Skep/2028/XII/1989</no_skep><tgl_skep>1989-12-04</tgl_skep></pangkat><pangkat><pangkat>PENGATUR II/C</pangkat><tmt_pkt>1992-10-01</tmt_pkt><no_skep>03.09/01043/KEP/X/1992</no_skep><tgl_skep>1992-10-15</tgl_skep></pangkat><pangkat><pangkat>PENGATUR TK.I II/D</pangkat><tmt_pkt>1996-10-01</tmt_pkt><no_skep>03.09/00011/KEP/X/1996</no_skep><tgl_skep>1996-09-09</tgl_skep></pangkat><pangkat><pangkat>PENATA MUDA III/A</pangkat><tmt_pkt>2005-04-01</tmt_pkt><no_skep>SKEP/160/III/2005</no_skep><tgl_skep>00000-00-00</tgl_skep></pangkat><pangkat><pangkat>PENATA MUDA TK.I III/B</pangkat><tmt_pkt>2009-10-01</tmt_pkt><no_skep>Kep Menhan Nomor : Kep/156/IX/2009</no_skep><tgl_skep>2009-09-01</tgl_skep></pangkat><pangkat><pangkat>PENATA III/C</pangkat><tmt_pkt>2013-10-01</tmt_pkt><no_skep>KEP/     /IX/2013</no_skep><tgl_skep>2013-10-01</tgl_skep></pangkat></riwayat_pangkat><riwayat_jabatan><jabatan><jabatan>Anggota Bidang Bina Program Pusdiklat Dephankam</jabatan><tmt_jab>1988-09-01</tmt_jab><no_skep>Skep/1210/VIII/1988</no_skep><tgl_skep>1988-08-10</tgl_skep></jabatan><jabatan><jabatan>Anggota Biro Umum Setjen Dephankam</jabatan><tmt_jab>1990-09-01</tmt_jab><no_skep>Skep/2280/XI/1990</no_skep><tgl_skep>1990-09-17</tgl_skep></jabatan><jabatan><jabatan>Anggota Roum Setjen Dephan DBP  PT. Bank Yudha Bhakti</jabatan><tmt_jab>1990-12-20</tmt_jab><no_skep>Sprin/2296/XII/1990</no_skep><tgl_skep>1990-12-20</tgl_skep></jabatan><jabatan><jabatan>Anggota Subbid Biabuk  Bid Kudep Pusku Dephan</jabatan><tmt_jab>2009-06-10</tmt_jab><no_skep>KEP MENHAN NO : KEP/90/VI/2009</no_skep><tgl_skep>2009-06-11</tgl_skep></jabatan><jabatan><jabatan>PENGOLAH BAHAN PEMBIAYAAN SUBBID BIABUK BIDKUKEM PUSKU KEMHAN</jabatan><tmt_jab>2012-04-01</tmt_jab><no_skep>KEP/       /IV/2012</no_skep><tgl_skep>2012-04-01</tgl_skep></jabatan><jabatan><jabatan>PENYUSUN SPM SUBBAG PROGJAGAR BAGPROGLAP SET BALITBANG KEMHAN</jabatan><tmt_jab>2014-12-31</tmt_jab><no_skep>KEP/1506/XII/2014</no_skep><tgl_skep>2014-12-18</tgl_skep></jabatan></riwayat_jabatan><riwayat_pendidikan><pendidikan_umum><pendidikan><nama_dik>SEKOLAH DASAR</nama_dik><tahun_lulus>1975</tahun_lulus></pendidikan><pendidikan><nama_dik>SEKOLAH LANJUTAN TINGKAT PERTAMA (SLTP)</nama_dik><tahun_lulus>1979</tahun_lulus></pendidikan><pendidikan><nama_dik>SEKOLAH LANJUTAN TINGKAT ATAS (SLTA)</nama_dik><tahun_lulus>1982</tahun_lulus></pendidikan><pendidikan><nama_dik>SARJANA MUDA (D.III)</nama_dik><tahun_lulus>1987</tahun_lulus></pendidikan></pendidikan_umum><pendidikan_pembentukan><pendidikan><nama_dik>DIKLAT PRAJAB</nama_dik><tahun_lulus>1991</tahun_lulus></pendidikan><pendidikan><nama_dik>UDIN</nama_dik><tahun_lulus>2004</tahun_lulus></pendidikan><pendidikan><nama_dik>DIKLAT MINU TK. III</nama_dik><tahun_lulus>2011</tahun_lulus></pendidikan></pendidikan_pembentukan></riwayat_pendidikan><riwayat_penugasan></riwayat_penugasan><riwayat_tanda_jasa></riwayat_tanda_jasa><riwayat_bahasa><bahasa><nama_bahasa>JAWA</nama_bahasa><keterangan>AKTIF</keterangan></bahasa><bahasa><nama_bahasa>INGGRIS</nama_bahasa><keterangan>PASIF</keterangan></bahasa></riwayat_bahasa><riwayat_keluarga><keluarga><nama_keluarga>HANDI SURYANA</nama_keluarga><jenis_kelamin>LAKI-LAKI</jenis_kelamin><tgl_lahir>1962-06-01</tgl_lahir><hubungan>SUAMI</hubungan></keluarga><keluarga><nama_keluarga>KOERNIASIH KHASSAN</nama_keluarga><jenis_kelamin>PEREMPUAN</jenis_kelamin><tgl_lahir>1992-01-10</tgl_lahir><hubungan>ANAK</hubungan></keluarga><keluarga><nama_keluarga>NADIA AMELIA DEWI S.</nama_keluarga><jenis_kelamin>LAKI-LAKI</jenis_kelamin><tgl_lahir>1994-12-14</tgl_lahir><hubungan>ANAK</hubungan></keluarga><keluarga><nama_keluarga>RHANDU FAHMINTHA DEWA</nama_keluarga><jenis_kelamin>LAKI-LAKI</jenis_kelamin><tgl_lahir>1998-09-06</tgl_lahir><hubungan>ANAK</hubungan></keluarga></riwayat_keluarga></personil_kemhan>
