<personil_kemhan><nopeg>21950109760474</nopeg><nip>21950109760474</nip><nrp_nip>21950109760474</nrp_nip><nama>VINSENSIUS KRISWANTO</nama><tempat_lahir>Natar</tempat_lahir><tgl_lahir>1974-04-03</tgl_lahir><jenis_kelamin>LAKI-LAKI</jenis_kelamin><unit_organisasi>U.O. KEMHAN</unit_organisasi><jenis_personil>TNI</jenis_personil><pangkat>PELDA</pangkat><pangkat_corps>PELDA </pangkat_corps><tmt_pangkat>2014-04-01</tmt_pangkat><angkatan_korps>TNI AD</angkatan_korps><kategori_pangkat>PELDA</kategori_pangkat><jabatan>PENGEMUDI BIRO SUBBAGRUMGA BAGLOG &amp; RUMGA ROUM</jabatan><satker>UNHAN KEMHAN</satker><kode_jabatan>ANGGOTA</kode_jabatan><tmt_jabatan>2015-12-30</tmt_jabatan><eselon_jabatan>99</eselon_jabatan><kategori>ORGANIK</kategori><tmt_tni>1995-03-17</tmt_tni><tmt_kemhan>1997-01-01</tmt_kemhan><agama>KATHOLIK</agama><file_foto_1>foto/21950109760474.jpg</file_foto_1><file_foto_2>foto/21950109760474.jpg</file_foto_2><riwayat_pangkat><pangkat><pangkat>SERDA</pangkat><tmt_pkt>1995-03-17</tmt_pkt><no_skep>SKEP/1062-21/II/1995</no_skep><tgl_skep>1995-02-24</tgl_skep></pangkat><pangkat><pangkat>SERTU</pangkat><tmt_pkt>1999-10-01</tmt_pkt><no_skep>SKEP/3085-21/VIII/1999</no_skep><tgl_skep>1999-08-25</tgl_skep></pangkat><pangkat><pangkat>SERKA</pangkat><tmt_pkt>2003-10-01</tmt_pkt><no_skep>SKEP/2007-21/VIII/2003</no_skep><tgl_skep>2003-08-28</tgl_skep></pangkat><pangkat><pangkat>SERMA</pangkat><tmt_pkt>2008-10-01</tmt_pkt><no_skep>Kep/973-33/IX/2008</no_skep><tgl_skep>2008-09-12</tgl_skep></pangkat><pangkat><pangkat>PELDA</pangkat><tmt_pkt>2014-04-01</tmt_pkt><no_skep>KEP/121-33/III/2014</no_skep><tgl_skep>2014-03-11</tgl_skep></pangkat></riwayat_pangkat><riwayat_jabatan><jabatan><jabatan>DANRU TONWAL DENMA SESKOAD</jabatan><tmt_jab>1995-08-18</tmt_jab><no_skep>SKEP/4519-21/VIII/1995</no_skep><tgl_skep>1995-08-08</tgl_skep></jabatan><jabatan><jabatan>TURMIN JAB TNI/POLRI SUBBAG MUTASI BAGPERS ROUM SETJEN DEPHAN</jabatan><tmt_jab>1997-07-01</tmt_jab><no_skep>SKEP/1150/IX/1997</no_skep><tgl_skep>1997-08-12</tgl_skep></jabatan><jabatan><jabatan>TURMIN SUBBAGPATJAB BAGBINKARPEG ROPEG</jabatan><tmt_jab>2001-03-01</tmt_jab><no_skep>SKEP/288/III/2001</no_skep><tgl_skep>2001-03-29</tgl_skep></jabatan><jabatan><jabatan>ASISTEN PRANATA KOMPUTER MADYA</jabatan><tmt_jab>2003-05-01</tmt_jab><no_skep>SKEP/678/V/2003</no_skep><tgl_skep>2003-05-07</tgl_skep></jabatan><jabatan><jabatan>ANGGOTA SUBBAGJAB BAGKARPEG ROPEG SETJEN DEPHAN</jabatan><tmt_jab>2006-09-01</tmt_jab><no_skep>SKEP/667/IX/2006</no_skep><tgl_skep>2006-09-06</tgl_skep></jabatan><jabatan><jabatan>OPERATOR KOMPUTER SUBBAGJAB BAGKARPEG ROPEG SETJEN KEMHAN</jabatan><tmt_jab>2010-05-17</tmt_jab><no_skep>KEP/321/V/2010</no_skep><tgl_skep>2010-05-17</tgl_skep></jabatan><jabatan><jabatan>ANGGOTA ROPEG SETJEN KEMHAN</jabatan><tmt_jab>2011-04-01</tmt_jab><no_skep>KEP/525/VII/2011</no_skep><tgl_skep>2011-07-12</tgl_skep></jabatan><jabatan><jabatan>AGENDARIS SUBBAG TU BIRO BAGADABANGPEG</jabatan><tmt_jab>2013-04-25</tmt_jab><no_skep>KEP/403/IV/2013</no_skep><tgl_skep>2013-04-29</tgl_skep></jabatan><jabatan><jabatan>OPERATOR KOMPUTER BIDWILNEG PUSLITBANG STRAHAN BALITBANG KEMHAN</jabatan><tmt_jab>2013-11-12</tmt_jab><no_skep>KEP/1200/XI/2013</no_skep><tgl_skep>2013-11-15</tgl_skep></jabatan><jabatan><jabatan>TEKNISI SUBBAG RUMGA BAGUM SET BALITBANG KEMHAN</jabatan><tmt_jab>2014-02-05</tmt_jab><no_skep>KEP/144/II/2014</no_skep><tgl_skep>2014-02-11</tgl_skep></jabatan><jabatan><jabatan>PETUGAS PERGUDANGAN SUBBAG RUMGA BAGUM SET BALITBANG KEMHAN</jabatan><tmt_jab>2014-12-31</tmt_jab><no_skep>KEP/1508/XII/2014</no_skep><tgl_skep>2014-12-18</tgl_skep></jabatan><jabatan><jabatan>PENGEMUDI BIRO SUBBAGRUMGA BAGLOG &amp; RUMGA ROUM UNHAN KEMHAN</jabatan><tmt_jab>2015-12-30</tmt_jab><no_skep>KEP/1325/XII/2015</no_skep><tgl_skep>2015-12-21</tgl_skep></jabatan><jabatan><jabatan>PENGEMUDI BIRO SUBBAGRUMGA BAGLOG &amp; RUMGA ROUM</jabatan><tmt_jab>2015-12-30</tmt_jab><no_skep>KEP/1325/XII/2015</no_skep><tgl_skep>2015-12-21</tgl_skep></jabatan></riwayat_jabatan><riwayat_pendidikan><pendidikan_umum><pendidikan><nama_dik>SEKOLAH DASAR</nama_dik><tahun_lulus>1987</tahun_lulus></pendidikan><pendidikan><nama_dik>SEKOLAH LANJUTAN TINGKAT PERTAMA (SLTP)</nama_dik><tahun_lulus>1990</tahun_lulus></pendidikan><pendidikan><nama_dik>SEKOLAH LANJUTAN TINGKAT ATAS (SLTA)</nama_dik><tahun_lulus>1993</tahun_lulus></pendidikan></pendidikan_umum><pendidikan_pembentukan><pendidikan><nama_dik>SUS OPERATOR KOMPUTER</nama_dik><tahun_lulus>1993</tahun_lulus></pendidikan><pendidikan><nama_dik>SUS SARCAB IF</nama_dik><tahun_lulus>1995</tahun_lulus></pendidikan><pendidikan><nama_dik>SECABA PK</nama_dik><tahun_lulus>1995</tahun_lulus></pendidikan><pendidikan><nama_dik>SUS HAR KOMPUTER</nama_dik><tahun_lulus>1997</tahun_lulus></pendidikan><pendidikan><nama_dik>SUS KOMPUTER JARINGAN</nama_dik><tahun_lulus>1999</tahun_lulus></pendidikan><pendidikan><nama_dik>SUS SCUBA DIVER</nama_dik><tahun_lulus>2000</tahun_lulus></pendidikan></pendidikan_pembentukan></riwayat_pendidikan><riwayat_penugasan><penugasan><negara>INDONESIA</negara><tahun>1997</tahun><uraian>TIM MONITORING POSKO KLB ACEH, KALTIM</uraian></penugasan><penugasan><negara>INDONESIA</negara><tahun>2006</tahun><uraian>TIM TANGGAP DARURAT GEMPA JOGJAKARTA</uraian></penugasan><penugasan><negara>INDONESIA</negara><tahun>2007</tahun><uraian>TIM TRANSFORMASI PYD</uraian></penugasan></riwayat_penugasan><riwayat_tanda_jasa><tanda_jasa><nama_tanda_jasa>SATYALANCANA KESETIAAN VIII TAHUN</nama_tanda_jasa><no_skep>SKEP/125/VI/2005</no_skep><tgl_skep>2005-06-03</tgl_skep></tanda_jasa><tanda_jasa><nama_tanda_jasa>SATYALANCANA KESETIAAN XVI TAHUN</nama_tanda_jasa><no_skep>79/TK/TAHUN 2012</no_skep><tgl_skep>2012-09-18</tgl_skep></tanda_jasa></riwayat_tanda_jasa><riwayat_bahasa><bahasa><nama_bahasa>JAWA</nama_bahasa><keterangan>AKTIF</keterangan></bahasa><bahasa><nama_bahasa>SUNDA</nama_bahasa><keterangan>PASIF</keterangan></bahasa><bahasa><nama_bahasa>INGGRIS</nama_bahasa><keterangan>PASIF</keterangan></bahasa></riwayat_bahasa><riwayat_keluarga><keluarga><nama_keluarga>FRANSISKA SURATI</nama_keluarga><jenis_kelamin>PEREMPUAN</jenis_kelamin><tgl_lahir>1976-01-01</tgl_lahir><hubungan>ISTRI</hubungan></keluarga><keluarga><nama_keluarga>HERIBERTUS PRAMONO AJI</nama_keluarga><jenis_kelamin>LAKI-LAKI</jenis_kelamin><tgl_lahir>2000-03-16</tgl_lahir><hubungan>ANAK</hubungan></keluarga><keluarga><nama_keluarga>VALENTINA DWI NATHANIA</nama_keluarga><jenis_kelamin>PEREMPUAN</jenis_kelamin><tgl_lahir>2008-06-19</tgl_lahir><hubungan>ANAK</hubungan></keluarga></riwayat_keluarga></personil_kemhan>
