<personil_kemhan><nopeg>195902131992031001</nopeg><nip>030215624</nip><nrp_nip>195902131992031001</nrp_nip><nama>Drs. RISMAN NAPITUPULU</nama><tempat_lahir>P. Siantar</tempat_lahir><tgl_lahir>1959-02-13</tgl_lahir><jenis_kelamin>LAKI-LAKI</jenis_kelamin><unit_organisasi>U.O. KEMHAN</unit_organisasi><jenis_personil>PNS</jenis_personil><pangkat>PENATA TK.I III/D</pangkat><pangkat_corps>PENATA TK.I III/D </pangkat_corps><tmt_pangkat>2004-10-01</tmt_pangkat><angkatan_korps>PNS</angkatan_korps><sumber_pa_gol_3>CAPEG SARJANA</sumber_pa_gol_3><tmt_pa_gol_3>1992-04-01</tmt_pa_gol_3><kategori_pangkat>III/D</kategori_pangkat><jabatan>ANGGOTA</jabatan><satker>ROUM SETJEN KEMHAN</satker><kode_jabatan>ANGGOTA</kode_jabatan><tmt_jabatan>2014-05-20</tmt_jabatan><eselon_jabatan>99</eselon_jabatan><kategori>ORGANIK</kategori><tmt_kemhan>2006-01-01</tmt_kemhan><agama>PROTESTAN</agama><file_foto_1>foto/195902131992031001.jpg</file_foto_1><file_foto_2>foto/030215624.jpg</file_foto_2><riwayat_pangkat><pangkat><pangkat>CAPEG III/A</pangkat><tmt_pkt>1992-04-01</tmt_pkt><no_skep>SKEP/207/IV/1992</no_skep><tgl_skep>1992-04-10</tgl_skep></pangkat><pangkat><pangkat>PENATA MUDA III/A</pangkat><tmt_pkt>1993-05-01</tmt_pkt><no_skep>SKEP/278/V/1993</no_skep><tgl_skep>1993-05-13</tgl_skep></pangkat><pangkat><pangkat>PENATA MUDA TK.I III/B</pangkat><tmt_pkt>1996-10-01</tmt_pkt><no_skep>SKEP/736/XI/1996</no_skep><tgl_skep>1996-10-05</tgl_skep></pangkat><pangkat><pangkat>PENATA III/C</pangkat><tmt_pkt>2000-10-01</tmt_pkt><no_skep>SKEP/826/IX/2000</no_skep><tgl_skep>2000-10-27</tgl_skep></pangkat><pangkat><pangkat>PENATA TK.I III/D</pangkat><tmt_pkt>2004-10-01</tmt_pkt><no_skep>SKEP/546/VIII/2004</no_skep><tgl_skep>2004-08-16</tgl_skep></pangkat></riwayat_pangkat><riwayat_jabatan><jabatan><jabatan>ANGGOTA STAF PABAN II/TRINSTA SOSPOL ABRI</jabatan><tmt_jab>1992-04-10</tmt_jab><no_skep>SPRIN/26/IV/1992</no_skep><tgl_skep>1992-04-10</tgl_skep></jabatan><jabatan><jabatan>KAURTU SOPS DENMA MABES TNI</jabatan><tmt_jab>2000-10-01</tmt_jab><no_skep>SKEP/815/IX/2000</no_skep><tgl_skep>2000-09-21</tgl_skep></jabatan><jabatan><jabatan>KAURTU SUBDEN MABES TNI</jabatan><tmt_jab>2001-10-20</tmt_jab><no_skep>SKEP/846/XII/2001</no_skep><tgl_skep>2001-10-20</tgl_skep></jabatan><jabatan><jabatan>ANALIS KEPEGAWAIAN PENYELIA ROPEG SETJEN DEPHAN</jabatan><tmt_jab>2003-04-01</tmt_jab><no_skep>SKEP/526/IV/2003</no_skep><tgl_skep>2003-04-23</tgl_skep></jabatan><jabatan><jabatan>ANGGOTA SUBBAGBINJAH BAGWATPEG</jabatan><tmt_jab>2003-05-01</tmt_jab><no_skep>SKEP/526/IV/2003</no_skep><tgl_skep>2003-04-23</tgl_skep></jabatan><jabatan><jabatan>KASUBBAG PROGANDA BAG MINU ROTU SETJEN DEPHAN</jabatan><tmt_jab>2006-01-01</tmt_jab><no_skep>SKEP/1098/XII/2005</no_skep><tgl_skep>2005-01-30</tgl_skep></jabatan><jabatan><jabatan>Kasubbag Prod Bag Minu Rotu Setjen Dephan</jabatan><tmt_jab>2006-01-01</tmt_jab><no_skep>Skep/1098/XII/2005</no_skep><tgl_skep>2005-12-30</tgl_skep></jabatan><jabatan><jabatan>Anggota Subbag Minro Bagbanumpim Rotu Setjen Dephan</jabatan><tmt_jab>2008-09-15</tmt_jab><no_skep>SKEP/460/IX/2008</no_skep><tgl_skep>2008-09-15</tgl_skep></jabatan><jabatan><jabatan>KASI ALKAP SUBDIT ORGAS DIT PENGERAHAN DITJEN STRAHAN KEMHAN</jabatan><tmt_jab>2010-09-28</tmt_jab><no_skep>KEP MENHAN NOMOR : KEP/681/IX/2010</no_skep><tgl_skep>2010-09-28</tgl_skep></jabatan><jabatan><jabatan>KASI EVADOK SUBDIT TASLAUD DIT WILHAN DITJEN STRAHAN KEMHAN</jabatan><tmt_jab>2011-03-17</tmt_jab><no_skep>KEP MENHAN NOMOR : KEP/180/III/2011</no_skep><tgl_skep>2011-03-17</tgl_skep></jabatan><jabatan><jabatan>KASUBBAG TU SUBDIT TR DIT WILHAN DITJEN STRAHAN KEMHAN</jabatan><tmt_jab>2012-12-05</tmt_jab><no_skep>KEP</no_skep><tgl_skep>2012-12-05</tgl_skep></jabatan><jabatan><jabatan>KASI EVADOK SUBDIT SURTA DIT WILHAN DITJEN STRAHAN KEMHAN</jabatan><tmt_jab>2013-10-18</tmt_jab><no_skep>KEP/1076/X/2013</no_skep><tgl_skep>2013-10-24</tgl_skep></jabatan><jabatan><jabatan>PENELITI MUDA BIDLINGSTRA DAGRI PUSLITBANG STRAHAN BALITBANG KEMHAN</jabatan><tmt_jab>2014-02-10</tmt_jab><no_skep>KEP/201/II/2014</no_skep><tgl_skep>2014-02-26</tgl_skep></jabatan><jabatan><jabatan>ANGGOTA ROUM SETJEN KEMHAN</jabatan><tmt_jab>2014-05-20</tmt_jab><no_skep>KEP/520/V/2014</no_skep><tgl_skep>2014-05-26</tgl_skep></jabatan></riwayat_jabatan><riwayat_pendidikan><pendidikan_umum><pendidikan><nama_dik>SEKOLAH DASAR</nama_dik><tahun_lulus>1973</tahun_lulus></pendidikan><pendidikan><nama_dik>SEKOLAH MENENGAH PERTAMA (SMP)</nama_dik><tahun_lulus>1976</tahun_lulus></pendidikan><pendidikan><nama_dik>SEKOLAH MENENGAH ATAS (SMA)</nama_dik><tahun_lulus>1981</tahun_lulus></pendidikan><pendidikan><nama_dik>SARJANA (S1)</nama_dik><tahun_lulus>1987</tahun_lulus></pendidikan></pendidikan_umum><pendidikan_pembentukan><pendidikan><nama_dik>ADUM</nama_dik><tahun_lulus>2000</tahun_lulus></pendidikan><pendidikan><nama_dik>DIKLAT PIMPINAN TK. III DEPHAN</nama_dik><tahun_lulus>2004</tahun_lulus></pendidikan><pendidikan><nama_dik>WORKSHOP ESL. IV GEL. V TGL. 3 s.d. 4 OKT 2007</nama_dik><tahun_lulus>2007</tahun_lulus></pendidikan></pendidikan_pembentukan></riwayat_pendidikan><riwayat_penugasan></riwayat_penugasan><riwayat_tanda_jasa><tanda_jasa><nama_tanda_jasa>SATYALANCANA KARYA SATYA X TAHUN</nama_tanda_jasa><no_skep>SKEP/095/TK/2006</no_skep><tgl_skep>2006-11-23</tgl_skep></tanda_jasa></riwayat_tanda_jasa><riwayat_bahasa></riwayat_bahasa><riwayat_keluarga><keluarga><nama_keluarga>DRA NURBAYA NADEAK</nama_keluarga><jenis_kelamin>PEREMPUAN</jenis_kelamin><tgl_lahir>1962-02-25</tgl_lahir><hubungan>ISTRI</hubungan></keluarga><keluarga><nama_keluarga>MARLINA AGUSTINA</nama_keluarga><jenis_kelamin>PEREMPUAN</jenis_kelamin><tgl_lahir>1991-08-17</tgl_lahir><hubungan>ANAK</hubungan></keluarga><keluarga><nama_keluarga>IRENE SULINSIA</nama_keluarga><jenis_kelamin>PEREMPUAN</jenis_kelamin><tgl_lahir>1995-03-24</tgl_lahir><hubungan>ANAK</hubungan></keluarga><keluarga><nama_keluarga>CHAUDIA NATHALIA</nama_keluarga><jenis_kelamin>PEREMPUAN</jenis_kelamin><tgl_lahir>2001-12-23</tgl_lahir><hubungan>ANAK</hubungan></keluarga></riwayat_keluarga></personil_kemhan>
