<personil_kemhan><nopeg>195809101992031001</nopeg><nip>030217290</nip><nrp_nip>195809101992031001</nrp_nip><nama>R. NUGROHO PRIHODO</nama><tempat_lahir>Jakarta</tempat_lahir><tgl_lahir>1958-09-10</tgl_lahir><jenis_kelamin>LAKI-LAKI</jenis_kelamin><unit_organisasi>U.O. KEMHAN</unit_organisasi><jenis_personil>PNS</jenis_personil><pangkat>PENATA III/C</pangkat><pangkat_corps>PENATA III/C </pangkat_corps><tmt_pangkat>2012-04-01</tmt_pangkat><angkatan_korps>PNS</angkatan_korps><sumber_pa_gol_3>UJIAN DINAS</sumber_pa_gol_3><tmt_pa_gol_3>2004-04-01</tmt_pa_gol_3><kategori_pangkat>III/C</kategori_pangkat><jabatan>PENYUSUN BAHAN MINGAR BAGLAKGAR</jabatan><satker>ROREN SETJEN KEMHAN</satker><kode_jabatan>ANGGOTA</kode_jabatan><tmt_jabatan>2014-12-31</tmt_jabatan><eselon_jabatan>99</eselon_jabatan><kategori>ORGANIK</kategori><tmt_tni>1993-07-01</tmt_tni><tmt_kemhan>1992-03-01</tmt_kemhan><agama>ISLAM</agama><file_foto_1>foto/195809101992031001.jpg</file_foto_1><file_foto_2>foto/030217290.jpg</file_foto_2><riwayat_pangkat><pangkat><pangkat>CAPEG II/B</pangkat><tmt_pkt>1992-03-01</tmt_pkt><no_skep>Skep/864/VII/1992</no_skep><tgl_skep>1992-07-01</tgl_skep></pangkat><pangkat><pangkat>PENGATUR MUDA TK.I  II/B</pangkat><tmt_pkt>1993-07-01</tmt_pkt><no_skep>Skep/1554/VI/1993</no_skep><tgl_skep>1993-06-03</tgl_skep></pangkat><pangkat><pangkat>PENGATUR II/C</pangkat><tmt_pkt>1996-04-01</tmt_pkt><no_skep>KA. BAKN NOMOR : 03-09/00007/KEP/IV/1996</no_skep><tgl_skep>1996-04-18</tgl_skep></pangkat><pangkat><pangkat>PENGATUR TK.I II/D</pangkat><tmt_pkt>2000-04-01</tmt_pkt><no_skep>KA. BAKN NOMOR : 03-09.00/017/KEP/IV/2000</no_skep><tgl_skep>2000-06-12</tgl_skep></pangkat><pangkat><pangkat>PENATA MUDA III/A</pangkat><tmt_pkt>2008-04-01</tmt_pkt><no_skep>SKEP/84/II/2004</no_skep><tgl_skep>2004-02-20</tgl_skep></pangkat><pangkat><pangkat>PENATA MUDA TK.I III/B</pangkat><tmt_pkt>2008-04-01</tmt_pkt><no_skep>SKEP/148/III/2008</no_skep><tgl_skep>2008-03-10</tgl_skep></pangkat><pangkat><pangkat>PENATA III/C</pangkat><tmt_pkt>2012-04-01</tmt_pkt><no_skep>KEP/207/III/2012</no_skep><tgl_skep>2012-03-22</tgl_skep></pangkat></riwayat_pangkat><riwayat_jabatan><jabatan><jabatan>TURMIN SUBBAG LAKPROJAGAR BAGREN ROORTALA</jabatan><tmt_jab>2001-03-01</tmt_jab><no_skep>SKEP/304/IV/2001</no_skep><tgl_skep>2001-04-03</tgl_skep></jabatan><jabatan><jabatan>Anggota Subbag Min Roren Setjen Dephan</jabatan><tmt_jab>2006-02-01</tmt_jab><no_skep>Skep/91/II/2006</no_skep><tgl_skep>2006-02-23</tgl_skep></jabatan><jabatan><jabatan>PENYUSUN OTORISASI PELAKSANAAN ANGGARAN BAGLAKGAR ROREN SETJEN KEMHAN</jabatan><tmt_jab>2010-06-17</tmt_jab><no_skep>KEP/417/VI/2010</no_skep><tgl_skep>2010-06-24</tgl_skep></jabatan><jabatan><jabatan>PENYUSUN BAHAN MINGAR BELANJA BARANG DAN BELANJA MODAL SUBBAG MINGAR BAGLAKGAR ROREN SETJEN KEMHAN</jabatan><tmt_jab>2011-04-01</tmt_jab><no_skep>KEP/283/IV/2011</no_skep><tgl_skep>2011-04-19</tgl_skep></jabatan><jabatan><jabatan>PENYUSUN BAHAN MINGAR BAGLAKGAR ROREN SETJEN KEMHAN</jabatan><tmt_jab>2014-12-31</tmt_jab><no_skep>KEP/1485/XII/2014</no_skep><tgl_skep>2014-12-18</tgl_skep></jabatan></riwayat_jabatan><riwayat_pendidikan><pendidikan_umum><pendidikan><nama_dik>SEKOLAH DASAR</nama_dik><tahun_lulus>1971</tahun_lulus></pendidikan><pendidikan><nama_dik>SEKOLAH MENENGAH PERTAMA (SMP)</nama_dik><tahun_lulus>1974</tahun_lulus></pendidikan><pendidikan><nama_dik>SEKOLAH MENENGAH ATAS (SMA)</nama_dik><tahun_lulus>1977</tahun_lulus></pendidikan><pendidikan><nama_dik>SARJANA MUDA (D.III)</nama_dik><tahun_lulus>1982</tahun_lulus></pendidikan></pendidikan_umum><pendidikan_pembentukan><pendidikan><nama_dik>TAR P4</nama_dik><tahun_lulus>1992</tahun_lulus></pendidikan><pendidikan><nama_dik>LATPRAJAB</nama_dik><tahun_lulus>1992</tahun_lulus></pendidikan><pendidikan><nama_dik>TAR KEBAKARAN</nama_dik><tahun_lulus>1993</tahun_lulus></pendidikan><pendidikan><nama_dik>SUS KOMP</nama_dik><tahun_lulus>1994</tahun_lulus></pendidikan><pendidikan><nama_dik>UJIAN DINAS TK II</nama_dik><tahun_lulus>2002</tahun_lulus></pendidikan><pendidikan><nama_dik>PEMPROGRAMAN INTERNET</nama_dik><tahun_lulus>2003</tahun_lulus></pendidikan></pendidikan_pembentukan></riwayat_pendidikan><riwayat_penugasan></riwayat_penugasan><riwayat_tanda_jasa><tanda_jasa><nama_tanda_jasa>SATYALANCANA KARYA SATYA X TAHUN</nama_tanda_jasa><no_skep>KEPPRES RI NOMOR 047/TK/TAHUN 2005</no_skep><tgl_skep>2005-07-11</tgl_skep></tanda_jasa><tanda_jasa><nama_tanda_jasa>SATYALANCANA KARYA SATYA XX TAHUN</nama_tanda_jasa><no_skep>KEPPRES RI NOMOR 62/TK/TAHUN 2012</no_skep><tgl_skep>2012-08-06</tgl_skep></tanda_jasa></riwayat_tanda_jasa><riwayat_bahasa><bahasa><nama_bahasa>JAWA</nama_bahasa><keterangan>PASIF</keterangan></bahasa><bahasa><nama_bahasa>SUNDA</nama_bahasa><keterangan>AKTIF</keterangan></bahasa><bahasa><nama_bahasa>INGGRIS</nama_bahasa><keterangan>PASIF</keterangan></bahasa></riwayat_bahasa><riwayat_keluarga><keluarga><nama_keluarga>NANI MULYATI</nama_keluarga><jenis_kelamin>PEREMPUAN</jenis_kelamin><tgl_lahir>1962-11-03</tgl_lahir><hubungan>ISTRI</hubungan></keluarga><keluarga><nama_keluarga>R. SITI AMINAH NURSYAHBANI</nama_keluarga><jenis_kelamin>PEREMPUAN</jenis_kelamin><tgl_lahir>1989-04-08</tgl_lahir><hubungan>ANAK</hubungan></keluarga><keluarga><nama_keluarga>R. MOHAMAD IBNU REZA</nama_keluarga><jenis_kelamin>LAKI-LAKI</jenis_kelamin><tgl_lahir>1992-03-04</tgl_lahir><hubungan>ANAK</hubungan></keluarga><keluarga><nama_keluarga>R. MUHAMAD RIZQI ASHIDIQI</nama_keluarga><jenis_kelamin>LAKI-LAKI</jenis_kelamin><tgl_lahir>2002-06-09</tgl_lahir><hubungan>ANAK</hubungan></keluarga></riwayat_keluarga></personil_kemhan>
