<personil_kemhan><nopeg>196711161990032001</nopeg><nip>030206015</nip><nrp_nip>196711161990032001</nrp_nip><nama>NURHAYATI</nama><gelar>S.E., MM</gelar><tempat_lahir>Banyumas</tempat_lahir><tgl_lahir>1967-11-16</tgl_lahir><jenis_kelamin>PEREMPUAN</jenis_kelamin><unit_organisasi>U.O. KEMHAN</unit_organisasi><jenis_personil>PNS</jenis_personil><pangkat>PEMBINA IV/A</pangkat><pangkat_corps>PEMBINA IV/A </pangkat_corps><tmt_pangkat>2012-04-01</tmt_pangkat><angkatan_korps>PNS</angkatan_korps><sumber_pa_gol_3>PENYESUAIAN IJASAH</sumber_pa_gol_3><tmt_pa_gol_3>1996-04-01</tmt_pa_gol_3><kategori_pangkat>IV/A</kategori_pangkat><jabatan>KASUBBAG BMN BAG FASBANG DAN BMN</jabatan><satker>ROUM SETJEN KEMHAN</satker><kode_jabatan>STRUKTURAL</kode_jabatan><tmt_jabatan>2014-12-31</tmt_jabatan><eselon_jabatan>IV</eselon_jabatan><kategori>ORGANIK</kategori><tmt_tni>1991-08-01</tmt_tni><tmt_kemhan>1990-03-01</tmt_kemhan><agama>ISLAM</agama><file_foto_1>foto/196711161990032001.jpg</file_foto_1><file_foto_2>foto/030206015.jpg</file_foto_2><riwayat_pangkat><pangkat><pangkat>CAPEG II/A</pangkat><tmt_pkt>1990-03-01</tmt_pkt><no_skep>SKEP/702/V/1990</no_skep><tgl_skep>1990-05-02</tgl_skep></pangkat><pangkat><pangkat>PENGATUR MUDA II/A</pangkat><tmt_pkt>1991-08-01</tmt_pkt><no_skep>SKEP/1038/VII/1991</no_skep><tgl_skep>1991-07-03</tgl_skep></pangkat><pangkat><pangkat>PENGATUR MUDA TK.I  II/B</pangkat><tmt_pkt>1994-04-01</tmt_pkt><no_skep>03-09/02615/KEP/IV/1994</no_skep><tgl_skep>1994-04-14</tgl_skep></pangkat><pangkat><pangkat>PENATA MUDA III/A</pangkat><tmt_pkt>1996-04-01</tmt_pkt><no_skep>SKEP/375//V/1996</no_skep><tgl_skep>1996-05-07</tgl_skep></pangkat><pangkat><pangkat>PENATA MUDA TK.I III/B</pangkat><tmt_pkt>2000-04-01</tmt_pkt><no_skep>SKEP/448/VI/2000</no_skep><tgl_skep>2000-06-26</tgl_skep></pangkat><pangkat><pangkat>PENATA III/C</pangkat><tmt_pkt>2004-04-01</tmt_pkt><no_skep>SKEP/84/II/2004</no_skep><tgl_skep>2004-02-20</tgl_skep></pangkat><pangkat><pangkat>PENATA TK.I III/D</pangkat><tmt_pkt>2008-04-01</tmt_pkt><no_skep>SKEP/148/III/2008</no_skep><tgl_skep>2008-03-10</tgl_skep></pangkat><pangkat><pangkat>PEMBINA IV/A</pangkat><tmt_pkt>2012-04-01</tmt_pkt><no_skep>KEP/205/M/III/2012</no_skep><tgl_skep>2012-03-22</tgl_skep></pangkat></riwayat_pangkat><riwayat_jabatan><jabatan><jabatan>ANGG BAG KAP ROUM SETJEN DEPHAN</jabatan><tmt_jab>1990-03-01</tmt_jab><no_skep>SKEP/702/V/1990</no_skep><tgl_skep>1990-05-02</tgl_skep></jabatan><jabatan><jabatan>ANGG SUBBAG INVEN HAPUS BAG BEKHAR ROUM SETJEN DEPHAN</jabatan><tmt_jab>1994-04-01</tmt_jab><no_skep>03-09/02615/KEP/IV/1994</no_skep><tgl_skep>1994-04-14</tgl_skep></jabatan><jabatan><jabatan>PEMB SUBBAG TK III/REN SUBBAG HAR BAG BEKHAR ROUM SETJEN DEPHAN</jabatan><tmt_jab>1996-09-01</tmt_jab><no_skep>SKEP/1024/IX/1996</no_skep><tgl_skep>1996-09-13</tgl_skep></jabatan><jabatan><jabatan>PEMB SUBBAG TK III/BTB HAPUS SUBBAG INVENTORI BAG BEKHAR ROUM SETJEN DEPHAN</jabatan><tmt_jab>2000-01-01</tmt_jab><no_skep>SKEP/1418/XII/1999</no_skep><tgl_skep>1999-12-24</tgl_skep></jabatan><jabatan><jabatan>PEMB SUBBAG TK II/HAPUS &amp; PRAKUALIFIKASI SUBBAG ADAINVEN BAG BEKHAR  ROUM</jabatan><tmt_jab>2001-03-01</tmt_jab><no_skep>SKEP/281/III/2001</no_skep><tgl_skep>2001-03-28</tgl_skep></jabatan><jabatan><jabatan>AJUN ARSIPARIS</jabatan><tmt_jab>2001-12-01</tmt_jab><no_skep>SKEP/1016/XII/2001</no_skep><tgl_skep>2001-12-24</tgl_skep></jabatan><jabatan><jabatan>Anggota Subbag Adainven Bag Bekhar Roum Setjen Dephan</jabatan><tmt_jab>2006-11-01</tmt_jab><no_skep>SKEP/892/XI/2006</no_skep><tgl_skep>2006-12-08</tgl_skep></jabatan><jabatan><jabatan>PENYUSUN ADMINISTRASI PENGADAAN DAN INVENTARISASI SUBBAGADAINVEN BAGBEKHAR ROUM SETJEN KEMHAN</jabatan><tmt_jab>2010-07-27</tmt_jab><no_skep>KEP/553/VII/2010</no_skep><tgl_skep>2010-07-28</tgl_skep></jabatan><jabatan><jabatan>KASI AFRIKA SUBDIT AMERROAF DIT ANSTRA DITJEN STRAHAN KEMHAN</jabatan><tmt_jab>2010-09-28</tmt_jab><no_skep>KEP/681/IX/2010</no_skep><tgl_skep>2010-09-28</tgl_skep></jabatan><jabatan><jabatan>KASUBBAG ADAINVEN BAG BEKHAR ROUM SETJEN KEMHAN</jabatan><tmt_jab>2012-05-15</tmt_jab><no_skep>KEP/374/V/2012</no_skep><tgl_skep>2012-05-14</tgl_skep></jabatan><jabatan><jabatan>KASUBBAG MINADA BAG FASBANG ROUM ROUM SETJEN KEMHAN</jabatan><tmt_jab>2014-11-24</tmt_jab><no_skep>KEP/1375/XI/2014</no_skep><tgl_skep>2014-11-27</tgl_skep></jabatan><jabatan><jabatan>KASUBBAG BMN BAG FASBANG DAN BMN ROUM SETJEN KEMHAN</jabatan><tmt_jab>2014-12-31</tmt_jab><no_skep>KEP/1483/XII/2014</no_skep><tgl_skep>2014-12-18</tgl_skep></jabatan></riwayat_jabatan><riwayat_pendidikan><pendidikan_umum><pendidikan><nama_dik>SEKOLAH DASAR</nama_dik><tahun_lulus>1980</tahun_lulus></pendidikan><pendidikan><nama_dik>SEKOLAH MENENGAH PERTAMA (SMP)</nama_dik><tahun_lulus>1983</tahun_lulus></pendidikan><pendidikan><nama_dik>SEKOLAH MENENGAH ATAS (SMA)</nama_dik><tahun_lulus>1986</tahun_lulus></pendidikan><pendidikan><nama_dik>SARJANA (S1)</nama_dik><tahun_lulus>1994</tahun_lulus></pendidikan><pendidikan><nama_dik>PASCA SARJANA (S2)</nama_dik><tahun_lulus>2009</tahun_lulus></pendidikan></pendidikan_umum><pendidikan_pembentukan><pendidikan><nama_dik>SUS MENGETIK</nama_dik><tahun_lulus>1983</tahun_lulus></pendidikan><pendidikan><nama_dik>SUS AKUNTANSI</nama_dik><tahun_lulus>1988</tahun_lulus></pendidikan><pendidikan><nama_dik>SUS BHS INGGRIS</nama_dik><tahun_lulus>1989</tahun_lulus></pendidikan><pendidikan><nama_dik>SUS MIKRO KOMPUTER</nama_dik><tahun_lulus>1989</tahun_lulus></pendidikan><pendidikan><nama_dik>LATPRAJAB TK II</nama_dik><tahun_lulus>1990</tahun_lulus></pendidikan><pendidikan><nama_dik>ADUM</nama_dik><tahun_lulus>1999</tahun_lulus></pendidikan><pendidikan><nama_dik>DIK LAT PIM TK III</nama_dik><tahun_lulus>2005</tahun_lulus></pendidikan><pendidikan><nama_dik>SUS BARANG/JASA</nama_dik><tahun_lulus>2007</tahun_lulus></pendidikan></pendidikan_pembentukan></riwayat_pendidikan><riwayat_penugasan><penugasan><negara>INDIA</negara><tahun>2011</tahun><uraian>PUL DATA DAN SUN PRODUK KAJIAN ANALISIS HUB. RI-AS</uraian></penugasan><penugasan><negara>AUSTRALIA</negara><tahun>2011</tahun><uraian>PUL DATA DAN SUN PRODUK KAJIAN ANALISIS MIL AS</uraian></penugasan><penugasan><negara>AFRIKA SELATAN</negara><tahun>2012</tahun><uraian>PUL DATA DAN SUN PRODUK KAJIAN PEMETAAN AFRIKA</uraian></penugasan></riwayat_penugasan><riwayat_tanda_jasa><tanda_jasa><nama_tanda_jasa>SATYALANCANA KARYA SATYA X TAHUN</nama_tanda_jasa><no_skep>KEPRES/084/TK/2003</no_skep><tgl_skep>2003-10-31</tgl_skep></tanda_jasa><tanda_jasa><nama_tanda_jasa>SATYALANCANA KARYA SATYA XX TAHUN</nama_tanda_jasa><no_skep>KEPPRES RI NO. 62/TK/TH.2010</no_skep><tgl_skep>2010-12-01</tgl_skep></tanda_jasa></riwayat_tanda_jasa><riwayat_bahasa><bahasa><nama_bahasa>INGGRIS</nama_bahasa><keterangan>PASIF</keterangan></bahasa><bahasa><nama_bahasa>INDONESIA</nama_bahasa><keterangan>AKTIF</keterangan></bahasa></riwayat_bahasa><riwayat_keluarga><keluarga><nama_keluarga>BUDI SANTOSA</nama_keluarga><jenis_kelamin>LAKI-LAKI</jenis_kelamin><tgl_lahir>1971-12-19</tgl_lahir><hubungan>SUAMI</hubungan></keluarga><keluarga><nama_keluarga>M REZA ALIF SANTOSO</nama_keluarga><jenis_kelamin>LAKI-LAKI</jenis_kelamin><tgl_lahir>1998-05-23</tgl_lahir><hubungan>ANAK</hubungan></keluarga><keluarga><nama_keluarga>ISA RAHMANIA ADJANI</nama_keluarga><jenis_kelamin>PEREMPUAN</jenis_kelamin><tgl_lahir>2002-08-07</tgl_lahir><hubungan>ANAK</hubungan></keluarga><keluarga><nama_keluarga>M DIMAS ABIMANYU</nama_keluarga><jenis_kelamin>LAKI-LAKI</jenis_kelamin><tgl_lahir>2003-09-17</tgl_lahir><hubungan>ANAK</hubungan></keluarga></riwayat_keluarga></personil_kemhan>
