<personil_kemhan><nopeg>196203251987031001</nopeg><nip>030186656</nip><nrp_nip>196203251987031001</nrp_nip><nama>AVECK SUBANDRIO MARTO</nama><tempat_lahir>Bangka</tempat_lahir><tgl_lahir>1962-03-25</tgl_lahir><jenis_kelamin>LAKI-LAKI</jenis_kelamin><unit_organisasi>U.O. KEMHAN</unit_organisasi><jenis_personil>PNS</jenis_personil><pangkat>PENATA MUDA TK.I III/B</pangkat><pangkat_corps>PENATA MUDA TK.I III/B </pangkat_corps><tmt_pangkat>2009-04-01</tmt_pangkat><angkatan_korps>PNS</angkatan_korps><sumber_pa_gol_3>UJIAN DINAS</sumber_pa_gol_3><tmt_pa_gol_3>2005-04-01</tmt_pa_gol_3><kategori_pangkat>III/B</kategori_pangkat><jabatan>ANGGOTA</jabatan><satker>ROUM SETJEN KEMHAN</satker><kode_jabatan>ANGGOTA</kode_jabatan><tmt_jabatan>2013-02-01</tmt_jabatan><eselon_jabatan>99</eselon_jabatan><kategori>ORGANIK</kategori><tmt_tni>1988-10-01</tmt_tni><tmt_kemhan>1987-03-01</tmt_kemhan><agama>ISLAM</agama><file_foto_1>foto/196203251987031001.jpg</file_foto_1><file_foto_2>foto/030186656.jpg</file_foto_2><riwayat_pangkat><pangkat><pangkat>PENGATUR MUDA II/A</pangkat><tmt_pkt>1987-03-01</tmt_pkt><no_skep>1384-II/VII/1987</no_skep><tgl_skep>1987-07-13</tgl_skep></pangkat><pangkat><pangkat>PENGATUR MUDA TK.I  II/B</pangkat><tmt_pkt>1991-10-01</tmt_pkt><no_skep>03-09/01567/KEP/X/1991</no_skep><tgl_skep>1992-02-28</tgl_skep></pangkat><pangkat><pangkat>PENGATUR II/C</pangkat><tmt_pkt>1995-10-01</tmt_pkt><no_skep>03-09/80C01/KEP/X/1995</no_skep><tgl_skep>1995-08-31</tgl_skep></pangkat><pangkat><pangkat>PENGATUR TK.I II/D</pangkat><tmt_pkt>1999-10-01</tmt_pkt><no_skep>V 03-01.72/007/KEP</no_skep><tgl_skep>1999-09-01</tgl_skep></pangkat><pangkat><pangkat>PENATA MUDA III/A</pangkat><tmt_pkt>2005-04-01</tmt_pkt><no_skep>KEP/160/III/2005</no_skep><tgl_skep>2005-03-14</tgl_skep></pangkat><pangkat><pangkat>PENATA MUDA TK.I III/B</pangkat><tmt_pkt>2009-04-01</tmt_pkt><no_skep>KEP MENHAN NOMOR : KEP/34/III/2009</no_skep><tgl_skep>2009-04-01</tgl_skep></pangkat></riwayat_pangkat><riwayat_jabatan><jabatan><jabatan>TURGUD ALTORSTRI SUBBAGPANDISI BAG BEKHAR</jabatan><tmt_jab>1899-12-30</tmt_jab><no_skep>SKEP/78/V/2001</no_skep><tgl_skep>2001-05-15</tgl_skep></jabatan><jabatan><jabatan>TURGUD ALTORSTRI SUBBAGPANDISI BAGBEKHAR ROUM</jabatan><tmt_jab>2001-03-01</tmt_jab><no_skep>SKEP/280/III/2001</no_skep><tgl_skep>2001-03-28</tgl_skep></jabatan><jabatan><jabatan>Anggota Subbag Minro Bagpam Roum Setjen Dephan</jabatan><tmt_jab>2006-03-01</tmt_jab><tgl_skep>2006-03-01</tgl_skep></jabatan><jabatan><jabatan>Anggota Taskar Bagpam Roum Setjen Dephan</jabatan><tmt_jab>2006-03-01</tmt_jab><no_skep>SKEP/161/III/2006</no_skep><tgl_skep>2006-03-01</tgl_skep></jabatan><jabatan><jabatan>ANGGOTA ROUM SETJEN KEMHAN</jabatan><tmt_jab>2013-02-01</tmt_jab><no_skep>KEP</no_skep></jabatan></riwayat_jabatan><riwayat_pendidikan><pendidikan_umum><pendidikan><nama_dik>SEKOLAH DASAR</nama_dik><tahun_lulus>1975</tahun_lulus></pendidikan><pendidikan><nama_dik>SEKOLAH LANJUTAN TINGKAT PERTAMA (SLTP)</nama_dik><tahun_lulus>1979</tahun_lulus></pendidikan><pendidikan><nama_dik>SEKOLAH LANJUTAN TINGKAT ATAS (SLTA)</nama_dik><tahun_lulus>1982</tahun_lulus></pendidikan></pendidikan_umum><pendidikan_pembentukan><pendidikan><nama_dik>KURSUS OPERATOR KOMPUTER KEMHAN</nama_dik><tahun_lulus>2001</tahun_lulus></pendidikan><pendidikan><nama_dik>UJIAN DINAS TK II</nama_dik><tahun_lulus>2002</tahun_lulus></pendidikan><pendidikan><nama_dik>KURSUS MEKANIK OTOMOTIF R2 (RODA DUA)</nama_dik><tahun_lulus>2010</tahun_lulus></pendidikan><pendidikan><nama_dik>KURSUS DESIGN GRAPHIS</nama_dik><tahun_lulus>2013</tahun_lulus></pendidikan></pendidikan_pembentukan></riwayat_pendidikan><riwayat_penugasan></riwayat_penugasan><riwayat_tanda_jasa><tanda_jasa><nama_tanda_jasa>SATYALANCANA KARYA SATYA XX TAHUN</nama_tanda_jasa><no_skep>KEPPRES/8/TK/TAHUN 2012</no_skep><tgl_skep>2012-02-08</tgl_skep></tanda_jasa></riwayat_tanda_jasa><riwayat_bahasa><bahasa><nama_bahasa>INDONESIA</nama_bahasa><keterangan>AKTIF</keterangan></bahasa></riwayat_bahasa><riwayat_keluarga><keluarga><nama_keluarga>DIAH</nama_keluarga><jenis_kelamin>PEREMPUAN</jenis_kelamin><tgl_lahir>1968-06-12</tgl_lahir><hubungan>ISTRI</hubungan></keluarga><keluarga><nama_keluarga>GATOT SATRIO NUGROHO</nama_keluarga><jenis_kelamin>LAKI-LAKI</jenis_kelamin><tgl_lahir>1994-09-19</tgl_lahir><hubungan>ANAK</hubungan></keluarga><keluarga><nama_keluarga>NILAM CAHYA APRILIA</nama_keluarga><jenis_kelamin>PEREMPUAN</jenis_kelamin><tgl_lahir>2001-04-29</tgl_lahir><hubungan>ANAK</hubungan></keluarga></riwayat_keluarga></personil_kemhan>
