<personil_kemhan><nopeg>196411291992031002</nopeg><nip>030217967</nip><nrp_nip>196411291992031002</nrp_nip><nama>AMAL BASUKI</nama><tempat_lahir>Cirebon</tempat_lahir><tgl_lahir>1964-11-29</tgl_lahir><jenis_kelamin>LAKI-LAKI</jenis_kelamin><unit_organisasi>U.O. KEMHAN</unit_organisasi><jenis_personil>PNS</jenis_personil><pangkat>PENATA MUDA TK.I III/B</pangkat><pangkat_corps>PENATA MUDA TK.I III/B </pangkat_corps><tmt_pangkat>2013-04-01</tmt_pangkat><angkatan_korps>PNS</angkatan_korps><sumber_pa_gol_3>UJIAN DINAS</sumber_pa_gol_3><tmt_pa_gol_3>2008-08-12</tmt_pa_gol_3><kategori_pangkat>III/B</kategori_pangkat><jabatan>PENGOLAH RUMGA BIRO SUBBAG TU BIRO BAGPAM</jabatan><satker>ROUM SETJEN KEMHAN</satker><kode_jabatan>ANGGOTA</kode_jabatan><tmt_jabatan>2014-12-31</tmt_jabatan><eselon_jabatan>99</eselon_jabatan><kategori>ORGANIK</kategori><tmt_tni>1993-06-01</tmt_tni><tmt_kemhan>1991-03-15</tmt_kemhan><agama>ISLAM</agama><file_foto_1>foto/196411291992031002.jpg</file_foto_1><file_foto_2>foto/030217967.jpg</file_foto_2><riwayat_pangkat><pangkat><pangkat>CAPEG II/A</pangkat><tmt_pkt>1992-03-01</tmt_pkt><no_skep>SKEP/752/VI/1992</no_skep><tgl_skep>1991-03-15</tgl_skep></pangkat><pangkat><pangkat>PENGATUR MUDA II/A</pangkat><tmt_pkt>1992-07-01</tmt_pkt><no_skep>SKEP/1615/VI/1993</no_skep><tgl_skep>1993-07-01</tgl_skep></pangkat><pangkat><pangkat>PENGATUR MUDA TK.I  II/B</pangkat><tmt_pkt>1996-04-01</tmt_pkt><no_skep>03-09/00007/KEP/IV/1996</no_skep><tgl_skep>1996-04-01</tgl_skep></pangkat><pangkat><pangkat>PENGATUR II/C</pangkat><tmt_pkt>2000-04-01</tmt_pkt><no_skep>03-09.00/017/KEP/IV/2000</no_skep><tgl_skep>2000-04-01</tgl_skep></pangkat><pangkat><pangkat>PENGATUR TK.I II/D</pangkat><tmt_pkt>2004-04-01</tmt_pkt><no_skep>SKEP/98/II/2004</no_skep><tgl_skep>2004-04-01</tgl_skep></pangkat><pangkat><pangkat>PENATA MUDA III/A</pangkat><tmt_pkt>2009-04-01</tmt_pkt><no_skep>KEP MENHAN NOMOR : KEP/34/III/2009</no_skep><tgl_skep>2009-04-01</tgl_skep></pangkat><pangkat><pangkat>PENATA MUDA TK.I III/B</pangkat><tmt_pkt>2013-04-01</tmt_pkt><no_skep>SPRIN/208/III/2013</no_skep><tgl_skep>2013-03-28</tgl_skep></pangkat></riwayat_pangkat><riwayat_jabatan><jabatan><jabatan>HONORER BAG REN ROUM</jabatan><tmt_jab>1991-03-15</tmt_jab><no_skep>SPRIN/001/III/91</no_skep><tgl_skep>1991-03-15</tgl_skep></jabatan><jabatan><jabatan>CAPEG DI BAG REN ROUM</jabatan><tmt_jab>1992-03-01</tmt_jab><no_skep>SKEP/752/VI/1992</no_skep><tgl_skep>1992-06-22</tgl_skep></jabatan><jabatan><jabatan>CAPEG DI BAG BEKHAR</jabatan><tmt_jab>1992-10-13</tmt_jab><no_skep>SPRIN/2035/X/92</no_skep><tgl_skep>1992-10-13</tgl_skep></jabatan><jabatan><jabatan>ANGGOTA SUBBAG RENPROGAR ROUM</jabatan><tmt_jab>1993-06-24</tmt_jab><no_skep>SPRIN/1286/VI/1993</no_skep><tgl_skep>1993-06-24</tgl_skep></jabatan><jabatan><jabatan>ANGGOTA BAG BEKHAR</jabatan><tmt_jab>1993-07-01</tmt_jab><no_skep>SKEP/1615/VI/93</no_skep><tgl_skep>1993-06-09</tgl_skep></jabatan><jabatan><jabatan>TURMIN RUMGA ROUM SUBBAGRENMINRO BAGPAM</jabatan><tmt_jab>1998-09-01</tmt_jab><no_skep>SKEP/1122/IX/1998</no_skep><tgl_skep>1998-09-14</tgl_skep></jabatan><jabatan><jabatan>Anggota Subbag Minro Bagpam Roum Setjen Dephan</jabatan><tmt_jab>2006-08-01</tmt_jab><no_skep>SKEP/550/VIII/2006</no_skep><tgl_skep>2006-08-03</tgl_skep></jabatan><jabatan><jabatan>Arsiparis Pelaksana Lanjutan Roum Setjen Dephan</jabatan><tmt_jab>2009-04-01</tmt_jab><no_skep>KEP MENHAN NO : KEP/274/XII/2009</no_skep><tgl_skep>2009-12-22</tgl_skep></jabatan><jabatan><jabatan>PENGOLAH RUMGA SUBBAG TU BIRO BAGPAM ROUM SETJEN ROUM SETJEN KEMHAN</jabatan><tmt_jab>2011-04-01</tmt_jab><no_skep>KEP/285/IV/2011</no_skep><tgl_skep>2011-04-19</tgl_skep></jabatan><jabatan><jabatan>PENGOLAH RUMGA BIRO SUBBAG TU BIRO BAGPAM ROUM SETJEN KEMHAN</jabatan><tmt_jab>2014-12-31</tmt_jab><no_skep>KEP/1484/XIV/2014</no_skep><tgl_skep>2014-12-18</tgl_skep></jabatan></riwayat_jabatan><riwayat_pendidikan><pendidikan_umum><pendidikan><nama_dik>SEKOLAH DASAR</nama_dik><tahun_lulus>1976</tahun_lulus></pendidikan><pendidikan><nama_dik>SEKOLAH LANJUTAN TINGKAT PERTAMA (SLTP)</nama_dik><tahun_lulus>1980</tahun_lulus></pendidikan><pendidikan><nama_dik>SEKOLAH LANJUTAN TINGKAT ATAS (SLTA)</nama_dik><tahun_lulus>1983</tahun_lulus></pendidikan></pendidikan_umum><pendidikan_pembentukan><pendidikan><nama_dik>LATPRAJAB TK II</nama_dik><tahun_lulus>1992</tahun_lulus></pendidikan><pendidikan><nama_dik>SUS OTOMOTIF</nama_dik><tahun_lulus>2008</tahun_lulus></pendidikan><pendidikan><nama_dik>UJIAN DINAS TK. I</nama_dik><tahun_lulus>2008</tahun_lulus></pendidikan></pendidikan_pembentukan></riwayat_pendidikan><riwayat_penugasan></riwayat_penugasan><riwayat_tanda_jasa><tanda_jasa><nama_tanda_jasa>SATYALANCANA KARYA SATYA X TAHUN</nama_tanda_jasa><no_skep>KEPPRES/079/TK/TAHUN 2005</no_skep><tgl_skep>2005-10-10</tgl_skep></tanda_jasa><tanda_jasa><nama_tanda_jasa>SATYALANCANA KARYA SATYA XX TAHUN</nama_tanda_jasa><no_skep>KEPPRES/14/TK/TAHUN 2013</no_skep><tgl_skep>2013-04-09</tgl_skep></tanda_jasa></riwayat_tanda_jasa><riwayat_bahasa><bahasa><nama_bahasa>SUNDA</nama_bahasa><keterangan>AKTIF</keterangan></bahasa><bahasa><nama_bahasa>INGGRIS</nama_bahasa><keterangan>PASIF</keterangan></bahasa><bahasa><nama_bahasa>INDONESIA</nama_bahasa><keterangan>AKTIF</keterangan></bahasa></riwayat_bahasa><riwayat_keluarga><keluarga><nama_keluarga>TINTIN SETIAWATI</nama_keluarga><jenis_kelamin>PEREMPUAN</jenis_kelamin><tgl_lahir>1970-08-24</tgl_lahir><hubungan>ISTRI</hubungan></keluarga><keluarga><nama_keluarga>LULU RAHMAHWATI</nama_keluarga><jenis_kelamin>PEREMPUAN</jenis_kelamin><tgl_lahir>1994-06-13</tgl_lahir><hubungan>ANAK</hubungan></keluarga><keluarga><nama_keluarga>VINA ROFIFAH</nama_keluarga><jenis_kelamin>PEREMPUAN</jenis_kelamin><tgl_lahir>1997-09-11</tgl_lahir><hubungan>ANAK</hubungan></keluarga><keluarga><nama_keluarga>M. TEGAR BASKARA</nama_keluarga><jenis_kelamin>LAKI-LAKI</jenis_kelamin><tgl_lahir>2002-12-13</tgl_lahir><hubungan>ANAK</hubungan></keluarga><keluarga><nama_keluarga>MARSYA AMALIA PUTRI</nama_keluarga><jenis_kelamin>PEREMPUAN</jenis_kelamin><tgl_lahir>2010-03-17</tgl_lahir><hubungan>ANAK</hubungan></keluarga></riwayat_keluarga></personil_kemhan>
