<personil_kemhan><nopeg>197405041998032002</nopeg><nip>030241371</nip><nrp_nip>197405041998032002</nrp_nip><nama>ANI MARYANI</nama><gelar>S.Pd., M.M.</gelar><tempat_lahir>Bandung</tempat_lahir><tgl_lahir>1974-05-04</tgl_lahir><jenis_kelamin>PEREMPUAN</jenis_kelamin><unit_organisasi>U.O. KEMHAN</unit_organisasi><jenis_personil>PNS</jenis_personil><pangkat>PEMBINA IV/A</pangkat><pangkat_corps>PEMBINA IV/A </pangkat_corps><tmt_pangkat>2014-04-01</tmt_pangkat><angkatan_korps>PNS</angkatan_korps><sumber_pa_gol_3>CAPEG SARJANA</sumber_pa_gol_3><kategori_pangkat>IV/A</kategori_pangkat><jabatan>KASUBBAG TU PUSAT PERPUSTAKAAN UNHAN</jabatan><satker>UNHAN KEMHAN</satker><kode_jabatan>STRUKTURAL</kode_jabatan><tmt_jabatan>2014-11-24</tmt_jabatan><eselon_jabatan>IV</eselon_jabatan><kategori>ORGANIK</kategori><tmt_tni>1999-09-01</tmt_tni><tmt_kemhan>1998-03-01</tmt_kemhan><agama>ISLAM</agama><file_foto_1>foto/197405041998032002.jpg</file_foto_1><file_foto_2>foto/030241371.jpg</file_foto_2><riwayat_pangkat><pangkat><pangkat>CAPEG III/A</pangkat><tmt_pkt>1998-03-01</tmt_pkt><no_skep>SKEP/1093/IX/1998</no_skep><tgl_skep>1998-09-09</tgl_skep></pangkat><pangkat><pangkat>PENATA MUDA III/A</pangkat><tmt_pkt>1999-09-01</tmt_pkt><no_skep>SKEP/960/VIII/1999</no_skep><tgl_skep>1999-08-09</tgl_skep></pangkat><pangkat><pangkat>PENATA MUDA TK.I III/B</pangkat><tmt_pkt>2002-04-01</tmt_pkt><no_skep>SKEP/628/VII/2002</no_skep><tgl_skep>2002-07-03</tgl_skep></pangkat><pangkat><pangkat>PENATA III/C</pangkat><tmt_pkt>2006-04-01</tmt_pkt><no_skep>SKEP/118/II/2006</no_skep><tgl_skep>2006-02-03</tgl_skep></pangkat><pangkat><pangkat>PENATA TK.I III/D</pangkat><tmt_pkt>2010-04-01</tmt_pkt><no_skep>KEP/156/III/2010</no_skep><tgl_skep>2010-03-15</tgl_skep></pangkat><pangkat><pangkat>PEMBINA IV/A</pangkat><tmt_pkt>2014-04-01</tmt_pkt><no_skep>KEP/III/2014</no_skep><tgl_skep>2014-03-31</tgl_skep></pangkat></riwayat_pangkat><riwayat_jabatan><jabatan><jabatan>PSB TKII/IDPSI SUBBAGBINTAL BAGWATPEG ROPEG</jabatan><tmt_jab>2001-03-01</tmt_jab><no_skep>SKEP/282/III/2001</no_skep><tgl_skep>2001-03-28</tgl_skep></jabatan><jabatan><jabatan>ANALIS KEPEGAWAIAN PELAKSANA LANJUTAN ROPEG</jabatan><tmt_jab>2001-12-01</tmt_jab><no_skep>SKEP/1017/XII/2001</no_skep><tgl_skep>2001-12-24</tgl_skep></jabatan><jabatan><jabatan>ANGGOTA SUBBAGTAL BAGWATPEG ROPEG SETJEN DEPHAN</jabatan><tmt_jab>2006-03-01</tmt_jab><no_skep>SKEP/201/III/2006</no_skep><tgl_skep>00000-00-00</tgl_skep></jabatan><jabatan><jabatan>ANGGOTA SUBAGTAL BAGWATPEG ROPEG SETJEN DEPHAN</jabatan><tmt_jab>2006-03-27</tmt_jab><no_skep>SKEP/201/III/2006</no_skep><tgl_skep>2006-03-01</tgl_skep></jabatan><jabatan><jabatan>ANGGOTA SUBBAGBANG BAGADABANGPEG ROPEG SETJEN DEPHAN</jabatan><tmt_jab>2008-02-01</tmt_jab><no_skep>SKEP/50/II/2008</no_skep><tgl_skep>2008-02-01</tgl_skep></jabatan><jabatan><jabatan>Kasubbag Mutasi Bag Induk PNS Ropeg Setjen Dephan</jabatan><tmt_jab>2008-09-15</tmt_jab><no_skep>SKEP/460/IX/2008</no_skep><tgl_skep>2008-09-15</tgl_skep></jabatan><jabatan><jabatan>KASUBBAG MUTJABFUNG BAG INDUK PNS ROPEG SETJEN KEMHAN</jabatan><tmt_jab>2010-09-28</tmt_jab><no_skep>KEP MENHAN NOMOR : KEP/681/IX/2010</no_skep><tgl_skep>2010-09-28</tgl_skep></jabatan><jabatan><jabatan>KASUBBAG SAHLURJA BAG WATPEG ROPEG SETJEN KEMHAN</jabatan><tmt_jab>2012-12-05</tmt_jab><no_skep>KEP/1066/XII/2012</no_skep><tgl_skep>2012-12-17</tgl_skep></jabatan><jabatan><jabatan>KASUBBAG TU PUS TEK INFO DAN KOM UNHAN KEMHAN</jabatan><tmt_jab>2013-03-08</tmt_jab><no_skep>SPRIN/31/III/2013</no_skep><tgl_skep>2013-03-08</tgl_skep></jabatan><jabatan><jabatan>PUSTAKAWAN MUDA PUSAT PERPUSTAKAAN UNHAN KEMHAN</jabatan><tmt_jab>2014-02-10</tmt_jab><no_skep>KEP/201/II/2014</no_skep><tgl_skep>2014-02-26</tgl_skep></jabatan><jabatan><jabatan>KASUBBAG TU PUSAT PERPUSTAKAAN UNHAN UNHAN KEMHAN</jabatan><tmt_jab>2014-11-24</tmt_jab><no_skep>Kep/1375/XI/2014</no_skep><tgl_skep>2014-11-27</tgl_skep></jabatan></riwayat_jabatan><riwayat_pendidikan><pendidikan_umum><pendidikan><nama_dik>SEKOLAH DASAR</nama_dik><tahun_lulus>1986</tahun_lulus></pendidikan><pendidikan><nama_dik>SEKOLAH LANJUTAN TINGKAT PERTAMA (SLTP)</nama_dik><tahun_lulus>1989</tahun_lulus></pendidikan><pendidikan><nama_dik>SEKOLAH LANJUTAN TINGKAT ATAS (SLTA)</nama_dik><tahun_lulus>1992</tahun_lulus></pendidikan><pendidikan><nama_dik>SARJANA (S1)</nama_dik><tahun_lulus>1997</tahun_lulus></pendidikan><pendidikan><nama_dik>PASCA SARJANA (S2)</nama_dik><tahun_lulus>2009</tahun_lulus></pendidikan></pendidikan_umum><pendidikan_pembentukan><pendidikan><nama_dik>LATPRAJAB TK.III</nama_dik><tahun_lulus>1998</tahun_lulus></pendidikan><pendidikan><nama_dik>SUS PA MINU HKM</nama_dik><tahun_lulus>2000</tahun_lulus></pendidikan><pendidikan><nama_dik>ADUM</nama_dik><tahun_lulus>2001</tahun_lulus></pendidikan><pendidikan><nama_dik>DIK LAT PIM TK IV</nama_dik><tahun_lulus>2001</tahun_lulus></pendidikan><pendidikan><nama_dik>SUSDAS JEMENHAN</nama_dik><tahun_lulus>2008</tahun_lulus></pendidikan></pendidikan_pembentukan></riwayat_pendidikan><riwayat_penugasan></riwayat_penugasan><riwayat_tanda_jasa><tanda_jasa><nama_tanda_jasa>SATYALANCANA KARYA SATYA X TAHUN</nama_tanda_jasa><no_skep>KEPPRES NO. 62/TK/TAHUN 2012</no_skep><tgl_skep>2012-08-06</tgl_skep></tanda_jasa></riwayat_tanda_jasa><riwayat_bahasa><bahasa><nama_bahasa>SUNDA</nama_bahasa><keterangan>AKTIF</keterangan></bahasa><bahasa><nama_bahasa>INGGRIS</nama_bahasa><keterangan>PASIF</keterangan></bahasa><bahasa><nama_bahasa>PADANG</nama_bahasa><keterangan>AKTIF</keterangan></bahasa></riwayat_bahasa><riwayat_keluarga><keluarga><nama_keluarga>BUDI SATOTO., S.E.</nama_keluarga><jenis_kelamin>LAKI-LAKI</jenis_kelamin><tgl_lahir>1972-02-12</tgl_lahir><hubungan>SUAMI</hubungan></keluarga><keluarga><nama_keluarga>ALLAMANDA ALIFIA SATOTO</nama_keluarga><jenis_kelamin>PEREMPUAN</jenis_kelamin><tgl_lahir>2001-05-14</tgl_lahir><hubungan>ANAK</hubungan></keluarga><keluarga><nama_keluarga>SYAHIRA FEBIANA SATOTO</nama_keluarga><jenis_kelamin>PEREMPUAN</jenis_kelamin><tgl_lahir>2005-02-09</tgl_lahir><hubungan>ANAK</hubungan></keluarga></riwayat_keluarga></personil_kemhan>
