<personil_kemhan><nopeg>196509161986031001</nopeg><nip>030183022</nip><nrp_nip>196509161986031001</nrp_nip><nama>CHRISTOFIAN</nama><tempat_lahir>Yogyakarta</tempat_lahir><tgl_lahir>1965-09-16</tgl_lahir><jenis_kelamin>LAKI-LAKI</jenis_kelamin><unit_organisasi>U.O. KEMHAN</unit_organisasi><jenis_personil>PNS</jenis_personil><pangkat>PENATA III/C</pangkat><pangkat_corps>PENATA III/C </pangkat_corps><tmt_pangkat>2010-10-01</tmt_pangkat><angkatan_korps>PNS</angkatan_korps><sumber_pa_gol_3>UJIAN DINAS</sumber_pa_gol_3><tmt_pa_gol_3>2002-10-01</tmt_pa_gol_3><kategori_pangkat>III/C</kategori_pangkat><jabatan>PENGOLAH BAHAN PROGLAP SUBBAG TU BIRO BAG DUKMIN SEKJEN</jabatan><satker>ROTU SETJEN KEMHAN</satker><kode_jabatan>ANGGOTA</kode_jabatan><tmt_jabatan>2014-12-31</tmt_jabatan><eselon_jabatan>99</eselon_jabatan><kategori>ORGANIK</kategori><tmt_tni>1987-06-01</tmt_tni><tmt_kemhan>1986-03-01</tmt_kemhan><agama>PROTESTAN</agama><file_foto_1>foto/196509161986031001.jpg</file_foto_1><file_foto_2>foto/030183022.jpg</file_foto_2><riwayat_pangkat><pangkat><pangkat>CAPEG II/A</pangkat><tmt_pkt>1986-03-01</tmt_pkt><no_skep>SKEP/492/III/1986</no_skep><tgl_skep>1986-03-29</tgl_skep></pangkat><pangkat><pangkat>PENGATUR MUDA II/A</pangkat><tmt_pkt>1987-06-10</tmt_pkt><no_skep>SKEP/655/V/1987</no_skep><tgl_skep>1987-05-14</tgl_skep></pangkat><pangkat><pangkat>PENGATUR MUDA TK.I  II/B</pangkat><tmt_pkt>1989-10-01</tmt_pkt><no_skep>SKEP/2048/XII/1989</no_skep><tgl_skep>1989-12-05</tgl_skep></pangkat><pangkat><pangkat>PENGATUR II/C</pangkat><tmt_pkt>1993-10-01</tmt_pkt><no_skep>SKEP/03-09/007/737/KEP/X/1993</no_skep><tgl_skep>1993-08-23</tgl_skep></pangkat><pangkat><pangkat>PENGATUR TK.I II/D</pangkat><tmt_pkt>1997-04-01</tmt_pkt><no_skep>SKEP/03-09/00001/KEP/X/1997</no_skep><tgl_skep>1997-07-18</tgl_skep></pangkat><pangkat><pangkat>PENATA MUDA III/A</pangkat><tmt_pkt>2002-10-01</tmt_pkt><no_skep>SKEP/35/I/2003</no_skep><tgl_skep>2003-01-10</tgl_skep></pangkat><pangkat><pangkat>PENATA MUDA TK.I III/B</pangkat><tmt_pkt>2006-10-01</tmt_pkt><no_skep>SKEP/619/VIII/2006</no_skep><tgl_skep>2006-08-24</tgl_skep></pangkat><pangkat><pangkat>PENATA III/C</pangkat><tmt_pkt>2010-10-01</tmt_pkt><no_skep>KEP MENHAN NOMOR : KEP/643/IX/2010</no_skep><tgl_skep>2010-09-14</tgl_skep></pangkat></riwayat_pangkat><riwayat_jabatan><jabatan><jabatan>TUR ADM PROT SUBBAG PROTOKOL BAGBANPRIMEN ROHUBANL</jabatan><tmt_jab>1998-10-01</tmt_jab><no_skep>SKEP/1199/X/1998</no_skep><tgl_skep>1998-10-12</tgl_skep></jabatan><jabatan><jabatan>TURTIK/OPRKOMP BAG TU PIMPINAN BIRO TU SETJEN DEPH</jabatan><tmt_jab>2001-03-01</tmt_jab><no_skep>SKEP/250/III/2001</no_skep><tgl_skep>2001-03-21</tgl_skep></jabatan><jabatan><jabatan>TURMINKU SUBBAG RENMINRO BAG TU ROTU</jabatan><tmt_jab>2001-04-01</tmt_jab><no_skep>SKEP/357/V/2001</no_skep><tgl_skep>2001-05-03</tgl_skep></jabatan><jabatan><jabatan>ANGGOTA SUBBAGMINRO BAGBANUMPIM ROTU SETJEN KEMHAN</jabatan><tmt_jab>2006-03-01</tmt_jab><no_skep>SKEP/192/III/2006</no_skep><tgl_skep>2006-03-21</tgl_skep></jabatan><jabatan><jabatan>ARSIPARIS PELAKSANA LANJUTAN ROTU SETJEN KEMHAN</jabatan><tmt_jab>2009-04-01</tmt_jab><no_skep>KEP/195/X/2009</no_skep><tgl_skep>2009-10-26</tgl_skep></jabatan><jabatan><jabatan>ARSIPARIS PENYELIA ROTU SETJEN KEMHAN</jabatan><tmt_jab>2010-06-10</tmt_jab><no_skep>KEP/397/VI/2010</no_skep><tgl_skep>2010-06-15</tgl_skep></jabatan><jabatan><jabatan>PENGOLAH BAHAN PROGLAP SUBBAG TU BIRO BAG TU DAN DUK SEKJEN ROTU SETJEN KEMHAN</jabatan><tmt_jab>2011-04-01</tmt_jab><no_skep>Kep/282/VI/2011</no_skep><tgl_skep>2011-04-19</tgl_skep></jabatan><jabatan><jabatan>PENGOLAH BAHAN PROGLAP SUBBAG TU BIRO BAG DUKMIN SEKJEN ROTU SETJEN KEMHAN</jabatan><tmt_jab>2014-12-31</tmt_jab><no_skep>KEP/1485/XII/2014</no_skep><tgl_skep>2014-12-18</tgl_skep></jabatan></riwayat_jabatan><riwayat_pendidikan><pendidikan_umum><pendidikan><nama_dik>SEKOLAH DASAR</nama_dik><tahun_lulus>1977</tahun_lulus></pendidikan><pendidikan><nama_dik>SEKOLAH LANJUTAN TINGKAT PERTAMA (SLTP)</nama_dik><tahun_lulus>1981</tahun_lulus></pendidikan><pendidikan><nama_dik>SEKOLAH LANJUTAN TINGKAT ATAS (SLTA)</nama_dik><tahun_lulus>1984</tahun_lulus></pendidikan></pendidikan_umum><pendidikan_pembentukan><pendidikan><nama_dik>TAR P4</nama_dik><tahun_lulus>1986</tahun_lulus></pendidikan><pendidikan><nama_dik>LAT PRAJAB</nama_dik><tahun_lulus>1986</tahun_lulus></pendidikan><pendidikan><nama_dik>UJIAN DINAS TK II</nama_dik><tahun_lulus>2002</tahun_lulus></pendidikan></pendidikan_pembentukan></riwayat_pendidikan><riwayat_penugasan></riwayat_penugasan><riwayat_tanda_jasa><tanda_jasa><nama_tanda_jasa>SATYALANCANA KARYA SATYA X TAHUN</nama_tanda_jasa><no_skep>KEPPRES RI NO : 063/TK/THN/2002</no_skep><tgl_skep>2002-09-23</tgl_skep></tanda_jasa><tanda_jasa><nama_tanda_jasa>SATYALANCANA KARYA SATYA XX TAHUN</nama_tanda_jasa><no_skep>KEPPRES RI NO : 095/TK/THN 2006</no_skep><tgl_skep>2006-11-23</tgl_skep></tanda_jasa></riwayat_tanda_jasa><riwayat_bahasa><bahasa><nama_bahasa>JAWA</nama_bahasa><keterangan>AKTIF</keterangan></bahasa><bahasa><nama_bahasa>SUNDA</nama_bahasa><keterangan>AKTIF</keterangan></bahasa><bahasa><nama_bahasa>INGGRIS</nama_bahasa><keterangan>PASIF</keterangan></bahasa></riwayat_bahasa><riwayat_keluarga><keluarga><nama_keluarga>TURSINI</nama_keluarga><jenis_kelamin>PEREMPUAN</jenis_kelamin><tgl_lahir>1972-10-08</tgl_lahir><hubungan>ISTRI</hubungan></keluarga></riwayat_keluarga></personil_kemhan>
