<personil_kemhan><nopeg>21930148630573</nopeg><nip>21930148630573</nip><nrp_nip>21930148630573</nrp_nip><nama>MURNI</nama><gelar>S.Sos., M.H.</gelar><tempat_lahir>Pakalu Maros</tempat_lahir><tgl_lahir>1973-05-11</tgl_lahir><jenis_kelamin>PEREMPUAN</jenis_kelamin><unit_organisasi>U.O. KEMHAN</unit_organisasi><jenis_personil>TNI</jenis_personil><pangkat>MAYOR</pangkat><pangkat_corps>MAYOR (K) CHK</pangkat_corps><tmt_pangkat>2012-04-01</tmt_pangkat><angkatan_korps>TNI AD</angkatan_korps><sumber_pa_gol_3>SECAPA</sumber_pa_gol_3><tmt_pa_gol_3>2000-10-20</tmt_pa_gol_3><kategori_pangkat>MAYOR</kategori_pangkat><jabatan>PENYUSUN BAHAN EVLAPLUHKUM SUBBAHEVLAPLUHKUM BAG LUHKUM</jabatan><satker>ROKUM SETJEN KEMHAN</satker><kode_jabatan>FUNGSIONAL</kode_jabatan><tmt_jabatan>2014-12-31</tmt_jabatan><eselon_jabatan>99</eselon_jabatan><kategori>ORGANIK</kategori><tmt_tni>1993-02-20</tmt_tni><tmt_kemhan>2006-09-01</tmt_kemhan><agama>ISLAM</agama><file_foto_1>foto/21930148630573.jpg</file_foto_1><file_foto_2>foto/21930148630573.jpg</file_foto_2><riwayat_pangkat><pangkat><pangkat>SERDA</pangkat><tmt_pkt>1993-02-20</tmt_pkt><no_skep>SKEP/1193/-21/11/1993</no_skep><tgl_skep>1993-02-20</tgl_skep></pangkat><pangkat><pangkat>SERTU</pangkat><tmt_pkt>1997-04-01</tmt_pkt><no_skep>SKEP/34-07/III/97</no_skep><tgl_skep>1997-04-01</tgl_skep></pangkat><pangkat><pangkat>LETDA</pangkat><tmt_pkt>2000-10-20</tmt_pkt><no_skep>SKEP/72/TNI/2000</no_skep><tgl_skep>2000-09-30</tgl_skep></pangkat><pangkat><pangkat>LETTU</pangkat><tmt_pkt>2004-10-01</tmt_pkt><no_skep>SKEP/294/IX/2004</no_skep><tgl_skep>2004-10-01</tgl_skep></pangkat><pangkat><pangkat>KAPTEN</pangkat><tmt_pkt>2007-10-01</tmt_pkt><no_skep>SKEP/149/IX/2007</no_skep><tgl_skep>2007-10-01</tgl_skep></pangkat><pangkat><pangkat>MAYOR</pangkat><tmt_pkt>2012-04-01</tmt_pkt><no_skep>KEP/180/III/2012</no_skep><tgl_skep>2012-03-26</tgl_skep></pangkat></riwayat_pangkat><riwayat_jabatan><jabatan><jabatan>BABAN URPAMPERS TUUD KODAM VII/WRB</jabatan><tmt_jab>1993-04-01</tmt_jab><no_skep>SKEP/279/X/1993</no_skep><tgl_skep>1993-04-01</tgl_skep></jabatan><jabatan><jabatan>BA Uryar Kumdan VII/ Wrb</jabatan><tmt_jab>1999-06-01</tmt_jab><no_skep>SKEP/92/VI/1999</no_skep><tgl_skep>1999-06-01</tgl_skep></jabatan><jabatan><jabatan>Pa Urmin Bag Dikjar STHM Ditkumad</jabatan><tmt_jab>2001-05-04</tmt_jab><no_skep>SKEP/20.22/V/2001</no_skep><tgl_skep>2001-05-16</tgl_skep></jabatan><jabatan><jabatan>Pama Dephan</jabatan><tmt_jab>2002-01-15</tmt_jab><no_skep>SKEP/42/I/2002</no_skep><tgl_skep>2002-01-17</tgl_skep></jabatan><jabatan><jabatan>Analis Kepegawaian Ahli Pertama Gol. IX Ropeg Setjen Dephan</jabatan><tmt_jab>2002-12-01</tmt_jab><no_skep>SKEP/40/XII/2002</no_skep><tgl_skep>2002-12-24</tgl_skep></jabatan><jabatan><jabatan>Tenaga Fungsional Gol. VII Ropeg Setjen Dephan</jabatan><tmt_jab>2005-02-01</tmt_jab><no_skep>SKEP/150/III/2005</no_skep><tgl_skep>2005-09-22</tgl_skep></jabatan><jabatan><jabatan>Tenaga Fungsional Gol. VII Set Ditjen Pothan</jabatan><tmt_jab>2006-09-01</tmt_jab><no_skep>SKEP/737/IX/2006</no_skep><tgl_skep>2006-09-01</tgl_skep></jabatan><jabatan><jabatan>PENYUSUN BAHAN SAJI INFO SUBBAG SAJI INFO BAGDATIN SET DITJEN POTHAN KEMHAN</jabatan><tmt_jab>2011-03-08</tmt_jab><no_skep>Sprin/158/III/2011</no_skep><tgl_skep>2011-03-04</tgl_skep></jabatan><jabatan><jabatan>PENYUSUN BAHAN LUHKUM PRIVAT SUBBAGLUHKUM PRIVAT BAGLUHKUM ROKUM SETJEN KEMHAN</jabatan><tmt_jab>2011-09-28</tmt_jab><no_skep>KEP/729/IX/2011</no_skep><tgl_skep>2011-09-29</tgl_skep></jabatan><jabatan><jabatan>PENYUSUN BAHAN EVLAPLUHKUM SUBBAGEVLAPLUHKUM BAGLUHKUM ROKUM SETJEN KEMHAN</jabatan><tmt_jab>2014-12-31</tmt_jab><no_skep>KEP/1485/XII/2014</no_skep><tgl_skep>2014-12-18</tgl_skep></jabatan></riwayat_jabatan><riwayat_pendidikan><pendidikan_umum><pendidikan><nama_dik>SEKOLAH DASAR</nama_dik><tahun_lulus>1986</tahun_lulus></pendidikan><pendidikan><nama_dik>SEKOLAH LANJUTAN TINGKAT PERTAMA (SLTP)</nama_dik><tahun_lulus>1989</tahun_lulus></pendidikan><pendidikan><nama_dik>SEKOLAH MENENGAH ATAS (SMA)</nama_dik><tahun_lulus>1992</tahun_lulus></pendidikan><pendidikan><nama_dik>SARJANA (S1)</nama_dik><tahun_lulus>1997</tahun_lulus></pendidikan><pendidikan><nama_dik>SARJANA HUKUM</nama_dik><tahun_lulus>1999</tahun_lulus></pendidikan><pendidikan><nama_dik>PASCA SARJANA (S2)</nama_dik><tahun_lulus>2009</tahun_lulus></pendidikan></pendidikan_umum><pendidikan_pembentukan><pendidikan><nama_dik>SECABA MILSUK</nama_dik><tahun_lulus>1993</tahun_lulus></pendidikan><pendidikan><nama_dik>SECABA MILSUK KOWAD TAHAP I</nama_dik><tahun_lulus>1993</tahun_lulus></pendidikan><pendidikan><nama_dik>SUS OPR KOMPUTER</nama_dik><tahun_lulus>1994</tahun_lulus></pendidikan><pendidikan><nama_dik>SUSJURBAMINLUHKUM</nama_dik><tahun_lulus>1996</tahun_lulus></pendidikan><pendidikan><nama_dik>SUS KIBI</nama_dik><tahun_lulus>1997</tahun_lulus></pendidikan><pendidikan><nama_dik>SECAPA REG TNI AD</nama_dik><tahun_lulus>2000</tahun_lulus></pendidikan><pendidikan><nama_dik>SESSARCAB KUM</nama_dik><tahun_lulus>2001</tahun_lulus></pendidikan><pendidikan><nama_dik>SUS MINU DEPHAN</nama_dik><tahun_lulus>2006</tahun_lulus></pendidikan><pendidikan><nama_dik>DIK LAPA 2</nama_dik><tahun_lulus>2011</tahun_lulus></pendidikan><pendidikan><nama_dik>Ahli pengadaan Barang/Jasa Pemerintahan</nama_dik><tahun_lulus>2012</tahun_lulus></pendidikan><pendidikan><nama_dik>WORKSHOP PENGEMBANGAN KOMPETENSI</nama_dik><tahun_lulus>2015</tahun_lulus></pendidikan><pendidikan><nama_dik>PERANCANG PERUNDANG-UNDANGAN</nama_dik><tahun_lulus>2015</tahun_lulus></pendidikan></pendidikan_pembentukan></riwayat_pendidikan><riwayat_penugasan></riwayat_penugasan><riwayat_tanda_jasa></riwayat_tanda_jasa><riwayat_bahasa><bahasa><nama_bahasa>INDONESIA</nama_bahasa><keterangan>AKTIF</keterangan></bahasa></riwayat_bahasa><riwayat_keluarga><keluarga><nama_keluarga>MUHAMMAD RAIHAN RAMADHAN</nama_keluarga><jenis_kelamin>LAKI-LAKI</jenis_kelamin><tgl_lahir>2003-11-05</tgl_lahir><hubungan>ANAK</hubungan></keluarga><keluarga><nama_keluarga>NURSAPUTRI</nama_keluarga><jenis_kelamin>PEREMPUAN</jenis_kelamin><tgl_lahir>2004-12-13</tgl_lahir><hubungan>ANAK</hubungan></keluarga></riwayat_keluarga></personil_kemhan>
