<personil_kemhan><nopeg>197303181998032001</nopeg><nip>030241248</nip><nrp_nip>197303181998032001</nrp_nip><nama>ASIATIK</nama><tempat_lahir>Ngawi</tempat_lahir><tgl_lahir>1973-03-18</tgl_lahir><jenis_kelamin>PEREMPUAN</jenis_kelamin><unit_organisasi>U.O. KEMHAN</unit_organisasi><jenis_personil>PNS</jenis_personil><pangkat>PENATA MUDA TK.I III/B</pangkat><pangkat_corps>PENATA MUDA TK.I III/B </pangkat_corps><tmt_pangkat>2014-10-01</tmt_pangkat><angkatan_korps>PNS</angkatan_korps><kategori_pangkat>III/B</kategori_pangkat><jabatan>BENDAHARA PENGELUARAN PEMBANTU SUBBAG TU BIRO BAGDUKMIN SEKJEN ROTU SETJEN KEMHAN</jabatan><satker>ROTU SETJEN KEMHAN</satker><kode_jabatan>ANGGOTA</kode_jabatan><tmt_jabatan>2015-02-27</tmt_jabatan><eselon_jabatan>99</eselon_jabatan><kategori>ORGANIK</kategori><tmt_tni>1999-10-01</tmt_tni><tmt_kemhan>1998-03-01</tmt_kemhan><agama>ISLAM</agama><file_foto_1>foto/197303181998032001.jpg</file_foto_1><file_foto_2>foto/030241248.jpg</file_foto_2><riwayat_pangkat><pangkat><pangkat>CAPEG II/A</pangkat><tmt_pkt>1998-03-01</tmt_pkt><no_skep>SKEP/970/VIII/1998</no_skep><tgl_skep>1998-08-31</tgl_skep></pangkat><pangkat><pangkat>PENGATUR MUDA II/A</pangkat><tmt_pkt>1999-10-01</tmt_pkt><no_skep>SKEP/1042/IX/1999</no_skep><tgl_skep>1999-09-01</tgl_skep></pangkat><pangkat><pangkat>PENGATUR MUDA TK.I  II/B</pangkat><tmt_pkt>2002-04-01</tmt_pkt><no_skep>SKEP/756/VII/2002</no_skep><tgl_skep>2002-07-22</tgl_skep></pangkat><pangkat><pangkat>PENGATUR II/C</pangkat><tmt_pkt>2006-04-01</tmt_pkt><no_skep>SKEP/156/III/2006</no_skep><tgl_skep>2006-03-09</tgl_skep></pangkat><pangkat><pangkat>PENGATUR TK.I II/D</pangkat><tmt_pkt>2010-04-01</tmt_pkt><no_skep>KEP/160/III/2010</no_skep><tgl_skep>2010-03-15</tgl_skep></pangkat><pangkat><pangkat>PENATA MUDA III/A</pangkat><tmt_pkt>2014-10-01</tmt_pkt><tgl_skep>2014-10-01</tgl_skep></pangkat><pangkat><pangkat>PENATA MUDA TK.I III/B</pangkat><tmt_pkt>2014-10-01</tmt_pkt></pangkat></riwayat_pangkat><riwayat_jabatan><jabatan><jabatan>ANGG TU SUBBAGRENMINRO ROHUBANLEM</jabatan><tmt_jab>1998-03-01</tmt_jab><no_skep>SPRIN/138/XI/1998</no_skep><tgl_skep>1998-11-25</tgl_skep></jabatan><jabatan><jabatan>TURTIK/OPR KOMP SUBBAGMINMEN BAG TU PIMPINAN ROTU</jabatan><tmt_jab>2001-03-01</tmt_jab><no_skep>SKEP/250/III/2001</no_skep><tgl_skep>2001-03-21</tgl_skep></jabatan><jabatan><jabatan>ANGGOTA SUBBAG MINMEN BAG BANMINPIM ROTU SETJEN KEMHAN</jabatan><tmt_jab>2006-03-01</tmt_jab><no_skep>SKEP/192/III/2006</no_skep><tgl_skep>2006-03-21</tgl_skep></jabatan><jabatan><jabatan>ARSIPARIS PELAKSANA ROTU SETJEN KEMHA N ROTU SETJEN KEMHAN</jabatan><tmt_jab>2009-04-01</tmt_jab><no_skep>SPRIN/418/XI/2009</no_skep><tgl_skep>2009-11-03</tgl_skep></jabatan><jabatan><jabatan>OPERATOR KOMPUTER BAG TU DAN DUKMEN ROTU SETJEN  KEMHAN ROTU SETJEN KEMHAN</jabatan><tmt_jab>2011-04-01</tmt_jab><no_skep>KEP/282/IV/2011</no_skep><tgl_skep>2011-04-19</tgl_skep></jabatan><jabatan><jabatan>ARSIPARIS PELAKSANA ROTU SETJEN KEMHAN ROTU SETJEN KEMHAN</jabatan><tmt_jab>2013-04-01</tmt_jab><no_skep>KEP/319/IV/2013</no_skep><tgl_skep>2013-04-05</tgl_skep></jabatan><jabatan><jabatan>OPERATOR KOMPUTER SUBBAG TU BIRO BAG TU DAN DUK SEKJEN ROTU SETJEN KEMHAN ROTU SETJEN KEMHAN</jabatan><tmt_jab>2013-11-21</tmt_jab><no_skep>KEP/1289/XI/2013</no_skep><tgl_skep>2013-11-29</tgl_skep></jabatan><jabatan><jabatan>PENGADMINISTRASI KEPEGAWAIAN SUBBAG TU BIRO BAG DUKMIN SEKJEN ROTU SETJEN KEMHAN</jabatan><tmt_jab>2014-12-31</tmt_jab><no_skep>Kep/1485/XII/2014</no_skep><tgl_skep>2014-12-18</tgl_skep></jabatan><jabatan><jabatan>PENGADMINISTRASI KEPEGAWAIN SUBBAG TU BIRO BAG DUKMIN SEKJEN ROTU SETJEN KEMHAN</jabatan><tmt_jab>2014-12-31</tmt_jab><no_skep>KEP/1485/XII/2014</no_skep><tgl_skep>2014-12-18</tgl_skep></jabatan><jabatan><jabatan>BENDAHARA PENGELUARAN PEMBANTU SUBBAG TU BIRO BAGDUKMIN SEKJEN ROTU SETJEN KEMHAN ROTU SETJEN KEMHAN</jabatan><tmt_jab>2015-02-27</tmt_jab><no_skep>KEP/195/III/2015</no_skep><tgl_skep>2015-03-20</tgl_skep></jabatan></riwayat_jabatan><riwayat_pendidikan><pendidikan_umum><pendidikan><nama_dik>SEKOLAH DASAR</nama_dik><tahun_lulus>1986</tahun_lulus></pendidikan><pendidikan><nama_dik>SEKOLAH LANJUTAN TINGKAT PERTAMA (SLTP)</nama_dik><tahun_lulus>1989</tahun_lulus></pendidikan><pendidikan><nama_dik>SEKOLAH LANJUTAN TINGKAT ATAS (SLTA)</nama_dik><tahun_lulus>1992</tahun_lulus></pendidikan></pendidikan_umum><pendidikan_pembentukan><pendidikan><nama_dik>LATPRAJAB</nama_dik><tahun_lulus>1998</tahun_lulus></pendidikan><pendidikan><nama_dik>SUS MIKRO KOMPUTER</nama_dik><tahun_lulus>2000</tahun_lulus></pendidikan><pendidikan><nama_dik>DIKLAT FUNG. ARSIPARIS TK. TERAMPIL</nama_dik><tahun_lulus>2004</tahun_lulus></pendidikan><pendidikan><nama_dik>DIKLAT BELA NEGARA</nama_dik><tahun_lulus>2013</tahun_lulus></pendidikan><pendidikan><nama_dik>DIKLAT ALIH GOLONGAN</nama_dik><tahun_lulus>2014</tahun_lulus></pendidikan></pendidikan_pembentukan></riwayat_pendidikan><riwayat_penugasan></riwayat_penugasan><riwayat_tanda_jasa><tanda_jasa><nama_tanda_jasa>SATYALANCANA KARYA SATYA X TAHUN</nama_tanda_jasa><no_skep>033/TK/2009</no_skep><tgl_skep>2009-07-24</tgl_skep></tanda_jasa></riwayat_tanda_jasa><riwayat_bahasa><bahasa><nama_bahasa>JAWA</nama_bahasa><keterangan>AKTIF</keterangan></bahasa><bahasa><nama_bahasa>INDONESIA</nama_bahasa><keterangan>AKTIF</keterangan></bahasa></riwayat_bahasa><riwayat_keluarga></riwayat_keluarga></personil_kemhan>
