<personil_kemhan><nopeg>606198</nopeg><nip>606198</nip><nrp_nip>606198</nrp_nip><nama>SUDJARWO</nama><tempat_lahir>Kudus</tempat_lahir><tgl_lahir>1968-01-17</tgl_lahir><jenis_kelamin>LAKI-LAKI</jenis_kelamin><unit_organisasi>U.O. KEMHAN</unit_organisasi><jenis_personil>TNI</jenis_personil><pangkat>MAYOR</pangkat><pangkat_corps>MAYOR INF</pangkat_corps><tmt_pangkat>2013-10-01</tmt_pangkat><angkatan_korps>TNI AD</angkatan_korps><sumber_pa_gol_3>SECAPA</sumber_pa_gol_3><tmt_pa_gol_3>2000-10-01</tmt_pa_gol_3><kategori_pangkat>MAYOR</kategori_pangkat><jabatan>PENYUSUN BAHAN REGISTRASI SUBBAG PENDIDIKAN BAG AKADEMIK BIRO AKADEMIK DAN KEMAHASISWAAN UNHAN</jabatan><satker>UNHAN KEMHAN</satker><kode_jabatan>FUNGSIONAL</kode_jabatan><tmt_jabatan>2014-12-31</tmt_jabatan><eselon_jabatan>99</eselon_jabatan><kategori>ORGANIK</kategori><tmt_tni>1987-03-01</tmt_tni><tmt_kemhan>1994-07-01</tmt_kemhan><agama>ISLAM</agama><file_foto_1>foto/606198.jpg</file_foto_1><file_foto_2>foto/606198.jpg</file_foto_2><riwayat_pangkat><pangkat><pangkat>PRADA</pangkat><tmt_pkt>1987-03-01</tmt_pkt><no_skep>SKEP/06/III/1987</no_skep><tgl_skep>1987-03-20</tgl_skep></pangkat><pangkat><pangkat>PRATU</pangkat><tmt_pkt>1989-10-01</tmt_pkt><no_skep>SKEP/242-07/X/1989</no_skep><tgl_skep>1989-06-06</tgl_skep></pangkat><pangkat><pangkat>PRAKA</pangkat><tmt_pkt>1993-10-01</tmt_pkt><no_skep>SKEP/309/X/1993</no_skep><tgl_skep>1993-09-18</tgl_skep></pangkat><pangkat><pangkat>SERDA</pangkat><tmt_pkt>1994-02-19</tmt_pkt><no_skep>SKEP/1077-21/IV/1994</no_skep><tgl_skep>1994-02-05</tgl_skep></pangkat><pangkat><pangkat>SERTU</pangkat><tmt_pkt>1998-10-01</tmt_pkt><no_skep>SKEP/3031-21/VIII/1998</no_skep><tgl_skep>1998-08-20</tgl_skep></pangkat><pangkat><pangkat>LETDA</pangkat><tmt_pkt>2000-10-01</tmt_pkt><no_skep>KEPPRES RI NO.72/TNI/2000</no_skep><tgl_skep>2000-09-25</tgl_skep></pangkat><pangkat><pangkat>LETTU</pangkat><tmt_pkt>2004-04-01</tmt_pkt><no_skep>SKEP/294/IX/2004</no_skep><tgl_skep>2004-09-16</tgl_skep></pangkat><pangkat><pangkat>KAPTEN</pangkat><tmt_pkt>2007-10-01</tmt_pkt><no_skep>KEP/149/IX/2007</no_skep><tgl_skep>2007-09-20</tgl_skep></pangkat><pangkat><pangkat>MAYOR</pangkat><tmt_pkt>2013-10-01</tmt_pkt><no_skep>KEP/723/IX/2013</no_skep><tgl_skep>2013-09-19</tgl_skep></pangkat></riwayat_pangkat><riwayat_jabatan><jabatan><jabatan>TA PROVOST URDAL SITUUD AJENDAM VII/WRB</jabatan><tmt_jab>1989-04-01</tmt_jab><no_skep>SKEP/115/V/1989</no_skep><tgl_skep>1989-05-16</tgl_skep></jabatan><jabatan><jabatan>TAJURLISTIK URGISDOS SIMINPERSSIP AJENDAM VII/WRB</jabatan><tmt_jab>1992-03-01</tmt_jab><no_skep>SKEP/275/V/1992</no_skep><tgl_skep>1992-05-01</tgl_skep></jabatan><jabatan><jabatan>BA SUBBAG MUTASI BAGPERS ROUM SETJEN DEPHAN</jabatan><tmt_jab>1994-07-01</tmt_jab><no_skep>SKEP/739/VII/1994</no_skep><tgl_skep>1994-07-01</tgl_skep></jabatan><jabatan><jabatan>BA TURMINPAT ABRI SUBBAG MUTASI BAGPERS ROUM SETJEN DEPHAN</jabatan><tmt_jab>1997-07-01</tmt_jab><no_skep>SKEP/1150/VII/1997</no_skep><tgl_skep>1997-08-12</tgl_skep></jabatan><jabatan><jabatan>PSB TK II/JABSTRUK SUBBAGPATJAB BAGBINKARPEG ROPEG SETJEN</jabatan><tmt_jab>2001-04-01</tmt_jab><no_skep>SKEP/337/IV/2001</no_skep><tgl_skep>2001-04-24</tgl_skep></jabatan><jabatan><jabatan>PSB. TK.II/JABSTRUK SUBBAGPATJAB BAGBINKARPEG ROPEG SETJEN DEPHAN</jabatan><tmt_jab>2001-04-01</tmt_jab><no_skep>SKEP/337/IV/2001</no_skep><tgl_skep>2001-04-20</tgl_skep></jabatan><jabatan><jabatan>PAMA MABES TNI</jabatan><tmt_jab>2001-04-12</tmt_jab><no_skep>SKEP/84/IV/2001</no_skep><tgl_skep>2001-04-10</tgl_skep></jabatan><jabatan><jabatan>PAMA DEPHAN (LULUSAN SESARCABIF TA.2000/2001)</jabatan><tmt_jab>2001-05-01</tmt_jab><no_skep>SKEP/288/V/2001</no_skep><tgl_skep>2001-04-30</tgl_skep></jabatan><jabatan><jabatan>ANALIS KEPEGAWAIAN PELAKSANA LANJUTAN (GOL.VIII) ROPEG SETJEN DEPHAN</jabatan><tmt_jab>2001-12-01</tmt_jab><no_skep>SKEP/1059/XII/2001</no_skep><tgl_skep>2001-12-31</tgl_skep></jabatan><jabatan><jabatan>TENAGA FUNGSIONAL GOL.VII ROPEG SETJEN DEPHAN</jabatan><tmt_jab>2005-02-01</tmt_jab><no_skep>SKEP/150/III/2005</no_skep><tgl_skep>2005-03-10</tgl_skep></jabatan><jabatan><jabatan>Tenaga Fungsional Gol. VII Ropeg Setjen Dephan</jabatan><tmt_jab>2005-02-01</tmt_jab><tgl_skep>2005-02-01</tgl_skep></jabatan><jabatan><jabatan>PENYUSUN JAB ESELON I DAN II SUBBAGJAB BAGKARPEG ROPEG SETJEN KEMHAN</jabatan><tmt_jab>2010-05-17</tmt_jab><no_skep>Kep/320/V/2010</no_skep><tgl_skep>2010-05-19</tgl_skep></jabatan><jabatan><jabatan>PENYUSUN ADMINISTRASI PEMBERITAAN OPINI KERJASAMA INFORMASI SUBBAG HUMAS DAN TATAUSAHA UNHAN KEMHAN</jabatan><tmt_jab>2012-04-12</tmt_jab><no_skep>KEP/275/IV/2012</no_skep><tgl_skep>2012-04-12</tgl_skep></jabatan><jabatan><jabatan>PENYUSUN BAHAN REGISTRASI SUBBAG REGISTRASI BAG AKADEMIK BIRO AKADEMIK DAN KEMAHASISWAAN UNHAN KEMHAN</jabatan><tmt_jab>2013-03-15</tmt_jab><no_skep>KEP/237/III/2013</no_skep><tgl_skep>2013-03-18</tgl_skep></jabatan><jabatan><jabatan>PENYUSUN BAHAN REGISTRASI SUBBAG PENDIDIKAN BAG AKADEMIK BIRO AKADEMIK DAN KEMAHASISWAAN UNHAN UNHAN KEMHAN</jabatan><tmt_jab>2014-12-31</tmt_jab><no_skep>Kep/1492/XII/2014</no_skep><tgl_skep>2014-12-18</tgl_skep></jabatan></riwayat_jabatan><riwayat_pendidikan><pendidikan_umum><pendidikan><nama_dik>SEKOLAH DASAR</nama_dik><tahun_lulus>1982</tahun_lulus></pendidikan><pendidikan><nama_dik>SEKOLAH LANJUTAN TINGKAT PERTAMA (SLTP)</nama_dik><tahun_lulus>1985</tahun_lulus></pendidikan><pendidikan><nama_dik>SEKOLAH LANJUTAN TINGKAT ATAS (SLTA)</nama_dik><tahun_lulus>1998</tahun_lulus></pendidikan></pendidikan_umum><pendidikan_pembentukan><pendidikan><nama_dik>SECATAM</nama_dik><tahun_lulus>1987</tahun_lulus></pendidikan><pendidikan><nama_dik>SUSTABANMIANAJ</nama_dik><tahun_lulus>1987</tahun_lulus></pendidikan><pendidikan><nama_dik>SECABA REG</nama_dik><tahun_lulus>1994</tahun_lulus></pendidikan><pendidikan><nama_dik>SECAPA REG</nama_dik><tahun_lulus>2000</tahun_lulus></pendidikan><pendidikan><nama_dik>SUS SARCAB IF</nama_dik><tahun_lulus>2001</tahun_lulus></pendidikan><pendidikan><nama_dik>SUSDASJEMEN HAN</nama_dik><tahun_lulus>2012</tahun_lulus></pendidikan></pendidikan_pembentukan></riwayat_pendidikan><riwayat_penugasan></riwayat_penugasan><riwayat_tanda_jasa><tanda_jasa><nama_tanda_jasa>SATYALANCANA KESETIAAN VIII TAHUN</nama_tanda_jasa><no_skep>SKEP/294/IX/2002</no_skep><tgl_skep>2002-09-04</tgl_skep></tanda_jasa><tanda_jasa><nama_tanda_jasa>SATYALANCANA KESETIAAN XVI TAHUN</nama_tanda_jasa><no_skep>KEP/163/VII/2008</no_skep><tgl_skep>2008-08-07</tgl_skep></tanda_jasa><tanda_jasa><nama_tanda_jasa>SATYALANCANA KESETIAAN XXIV TAHUN</nama_tanda_jasa><no_skep>KEPPRES NO. 43/TK/TAHUN 2012</no_skep><tgl_skep>2012-06-07</tgl_skep></tanda_jasa><tanda_jasa><nama_tanda_jasa>BINTANG KARTIKA EKA PAKSI NARARYA</nama_tanda_jasa><no_skep>KEPPRES NO. 15/TK/TAHUN 2013</no_skep><tgl_skep>2013-04-09</tgl_skep></tanda_jasa></riwayat_tanda_jasa><riwayat_bahasa><bahasa><nama_bahasa>JAWA</nama_bahasa><keterangan>AKTIF</keterangan></bahasa><bahasa><nama_bahasa>INGGRIS</nama_bahasa><keterangan>PASIF</keterangan></bahasa></riwayat_bahasa><riwayat_keluarga><keluarga><nama_keluarga>JUINI</nama_keluarga><jenis_kelamin>PEREMPUAN</jenis_kelamin><tgl_lahir>1972-01-17</tgl_lahir><hubungan>ISTRI</hubungan></keluarga><keluarga><nama_keluarga>CITRA KUSUMA DEWI</nama_keluarga><jenis_kelamin>PEREMPUAN</jenis_kelamin><tgl_lahir>1993-08-20</tgl_lahir><hubungan>ANAK</hubungan></keluarga><keluarga><nama_keluarga>MEISECAR DWI PERTIWI</nama_keluarga><jenis_kelamin>PEREMPUAN</jenis_kelamin><tgl_lahir>1999-05-13</tgl_lahir><hubungan>ANAK</hubungan></keluarga><keluarga><nama_keluarga>MARSELIA NURHIDAYAH PUTRI</nama_keluarga><jenis_kelamin>PEREMPUAN</jenis_kelamin><tgl_lahir>2005-03-29</tgl_lahir><hubungan>ANAK</hubungan></keluarga></riwayat_keluarga></personil_kemhan>
