<personil_kemhan><nopeg>196807111994022001</nopeg><nip>030225431</nip><nrp_nip>196807111994022001</nrp_nip><nama>NYOMAN SURYANI</nama><tempat_lahir>Bali</tempat_lahir><tgl_lahir>1968-07-11</tgl_lahir><jenis_kelamin>PEREMPUAN</jenis_kelamin><unit_organisasi>U.O. KEMHAN</unit_organisasi><jenis_personil>PNS</jenis_personil><pangkat>PENATA MUDA III/A</pangkat><pangkat_corps>PENATA MUDA III/A </pangkat_corps><tmt_pangkat>2011-04-01</tmt_pangkat><angkatan_korps>PNS</angkatan_korps><tmt_pa_gol_3>2011-03-28</tmt_pa_gol_3><kategori_pangkat>III/A</kategori_pangkat><jabatan>PEMROSES DATA BASE SISTEM SUBBAG PERPUSTAKAAN DAN DATA BAG TU </jabatan><satker>PUSKOMPUBLIK KEMHAN</satker><kode_jabatan>ANGGOTA</kode_jabatan><tmt_jabatan>2014-12-31</tmt_jabatan><eselon_jabatan>99</eselon_jabatan><kategori>ORGANIK</kategori><tmt_tni>1995-03-01</tmt_tni><tmt_kemhan>1994-02-01</tmt_kemhan><agama>HINDU</agama><file_foto_1>foto/196807111994022001.jpg</file_foto_1><file_foto_2>foto/030225431.jpg</file_foto_2><riwayat_pangkat><pangkat><pangkat>CAPEG II/A</pangkat><tmt_pkt>1994-02-01</tmt_pkt><no_skep>SKEP/066/17/V/1994</no_skep><tgl_skep>1994-03-11</tgl_skep></pangkat><pangkat><pangkat>PENGATUR MUDA II/A</pangkat><tmt_pkt>1995-03-01</tmt_pkt><no_skep>SKEP/42/18/II/1995</no_skep><tgl_skep>1995-02-20</tgl_skep></pangkat><pangkat><pangkat>PENGATUR MUDA TK.I  II/B</pangkat><tmt_pkt>1998-03-04</tmt_pkt><no_skep>03-09/00015/KEP//IV/1998</no_skep><tgl_skep>1998-04-17</tgl_skep></pangkat><pangkat><pangkat>PENGATUR II/C</pangkat><tmt_pkt>2002-04-01</tmt_pkt><no_skep>SKEP/812/VI/2002</no_skep><tgl_skep>2002-06-25</tgl_skep></pangkat><pangkat><pangkat>PENGATUR TK.I II/D</pangkat><tmt_pkt>2006-04-01</tmt_pkt><no_skep>SKEP/156/III/2006</no_skep><tgl_skep>2006-03-09</tgl_skep></pangkat><pangkat><pangkat>PENATA MUDA III/A</pangkat><tmt_pkt>2011-04-01</tmt_pkt><no_skep>KEP/210/III/2011</no_skep><tgl_skep>2011-03-28</tgl_skep></pangkat></riwayat_pangkat><riwayat_jabatan><jabatan><jabatan>TAUD IKKA CAB SKAMTIBMAS</jabatan><tmt_jab>1899-12-30</tmt_jab><no_skep>SPRIN/336/I/1996</no_skep><tgl_skep>1996-01-29</tgl_skep></jabatan><jabatan><jabatan>ANGG TU SKAMTIBMAS ABRI</jabatan><tmt_jab>1992-02-01</tmt_jab><no_skep>SPRIN/383/II/1992</no_skep><tgl_skep>1992-02-08</tgl_skep></jabatan><jabatan><jabatan>TURMIN MONITOR BERITA SUBBAGMONEV BAGPATUMSIAR ROH</jabatan><tmt_jab>2001-03-01</tmt_jab><no_skep>SKEP/263/III/2001</no_skep><tgl_skep>2001-03-22</tgl_skep></jabatan><jabatan><jabatan>Anggota Subbag Perpustakaan DokBitak Rohumas Setjen Dephan</jabatan><tmt_jab>2005-05-01</tmt_jab><no_skep>SKEP/314/V/2005</no_skep><tgl_skep>2005-05-02</tgl_skep></jabatan><jabatan><jabatan>REPORTER SUBBIDLIPUTPUB BIDBRA  PUSKOMPUBLIK KEMHAN</jabatan><tmt_jab>2011-04-01</tmt_jab><no_skep>SPRIN/68/VI/2011</no_skep><tgl_skep>2011-06-13</tgl_skep></jabatan><jabatan><jabatan>PENGADMINISTRASI BAG TU PUSKOMPUBLIK KEMHAN</jabatan><tmt_jab>2013-05-30</tmt_jab><no_skep>KEP/545/VI/2013</no_skep><tgl_skep>2013-06-07</tgl_skep></jabatan><jabatan><jabatan>PEMROSES DATA BASE SISTEM SUUBAG PERPUSTAKAAN DAN DATA BAG TU PUSKOMPUBLIK KEMHAN</jabatan><tmt_jab>2014-12-31</tmt_jab><no_skep>KEP/1510/XII/2014</no_skep><tgl_skep>2014-12-18</tgl_skep></jabatan><jabatan><jabatan>PEMROSES DATA BASE SISTEM SUBBAG PERPUSTAKAAN DAN DATA BAG TU  PUSKOMPUBLIK KEMHAN</jabatan><tmt_jab>2014-12-31</tmt_jab><no_skep>KEP/1510/XII/2014</no_skep><tgl_skep>2014-12-18</tgl_skep></jabatan></riwayat_jabatan><riwayat_pendidikan><pendidikan_umum><pendidikan><nama_dik>SEKOLAH DASAR</nama_dik><tahun_lulus>1982</tahun_lulus></pendidikan><pendidikan><nama_dik>SEKOLAH LANJUTAN TINGKAT PERTAMA (SLTP)</nama_dik><tahun_lulus>1986</tahun_lulus></pendidikan><pendidikan><nama_dik>SEKOLAH LANJUTAN TINGKAT ATAS (SLTA)</nama_dik><tahun_lulus>1989</tahun_lulus></pendidikan></pendidikan_umum><pendidikan_pembentukan><pendidikan><nama_dik>LATPRAJAB TK I</nama_dik><tahun_lulus>1996</tahun_lulus></pendidikan><pendidikan><nama_dik>SUS OPERATOR KOMPUTER</nama_dik><tahun_lulus>2000</tahun_lulus></pendidikan><pendidikan><nama_dik>SUS KESEKRETARIATAN</nama_dik><tahun_lulus>2001</tahun_lulus></pendidikan><pendidikan><nama_dik>UDIN</nama_dik><tahun_lulus>2010</tahun_lulus></pendidikan><pendidikan><nama_dik>SUS FORUM KOMUNIKASI PERPUSTAKAAN KHUSUS INSTANSI PEMERINTAH TAHUN 2014</nama_dik><tahun_lulus>2014</tahun_lulus></pendidikan></pendidikan_pembentukan></riwayat_pendidikan><riwayat_penugasan></riwayat_penugasan><riwayat_tanda_jasa><tanda_jasa><nama_tanda_jasa>SATYALANCANA KARYA SATYA X TAHUN</nama_tanda_jasa><no_skep>023/TK/2007</no_skep><tgl_skep>2007-06-07</tgl_skep></tanda_jasa></riwayat_tanda_jasa><riwayat_bahasa><bahasa><nama_bahasa>BALI</nama_bahasa><keterangan>AKTIF</keterangan></bahasa></riwayat_bahasa><riwayat_keluarga><keluarga><nama_keluarga>I KADEK NINDRA</nama_keluarga><jenis_kelamin>LAKI-LAKI</jenis_kelamin><tgl_lahir>1971-04-19</tgl_lahir><hubungan>SUAMI</hubungan></keluarga></riwayat_keluarga></personil_kemhan>
