<personil_kemhan><nopeg>196012121988032001</nopeg><nip>030195043</nip><nrp_nip>196012121988032001</nrp_nip><nama>Syahlaini</nama><gelar>Dra., M.M.</gelar><tempat_lahir>Sibolga</tempat_lahir><tgl_lahir>1960-12-12</tgl_lahir><jenis_kelamin>PEREMPUAN</jenis_kelamin><unit_organisasi>U.O. KEMHAN</unit_organisasi><jenis_personil>PNS</jenis_personil><pangkat>PEMBINA TK.I IV/B</pangkat><pangkat_corps>PEMBINA TK.I IV/B </pangkat_corps><tmt_pangkat>2011-10-01</tmt_pangkat><angkatan_korps>PNS</angkatan_korps><sumber_pa_gol_3>CAPEG SARJANA</sumber_pa_gol_3><tmt_pa_gol_3>1988-03-01</tmt_pa_gol_3><kategori_pangkat>IV/B</kategori_pangkat><jabatan>ANGGOTA</jabatan><satker>ROUM SETJEN KEMHAN</satker><kode_jabatan>FUNGSIONAL</kode_jabatan><tmt_jabatan>2014-01-07</tmt_jabatan><eselon_jabatan>99</eselon_jabatan><kategori>ORGANIK</kategori><tmt_tni>1988-03-01</tmt_tni><tmt_kemhan>1988-03-01</tmt_kemhan><agama>ISLAM</agama><file_foto_1>foto/196012121988032001.jpg</file_foto_1><file_foto_2>foto/030195043.jpg</file_foto_2><riwayat_pangkat><pangkat><pangkat>CAPEG III/A</pangkat><tmt_pkt>1988-03-01</tmt_pkt><no_skep>SKEP/798/VI/1988</no_skep><tgl_skep>1988-06-09</tgl_skep></pangkat><pangkat><pangkat>PENATA MUDA III/A</pangkat><tmt_pkt>1989-08-01</tmt_pkt><no_skep>SKEP/1405/VII/1989</no_skep><tgl_skep>1989-07-24</tgl_skep></pangkat><pangkat><pangkat>PENATA MUDA TK.I III/B</pangkat><tmt_pkt>1992-04-01</tmt_pkt><no_skep>SKEP/719/VI/1992</no_skep><tgl_skep>1992-06-15</tgl_skep></pangkat><pangkat><pangkat>PENATA III/C</pangkat><tmt_pkt>1996-04-01</tmt_pkt><no_skep>SKEP/392/VI/1996</no_skep><tgl_skep>1996-05-08</tgl_skep></pangkat><pangkat><pangkat>PENATA TK.I III/D</pangkat><tmt_pkt>2000-04-01</tmt_pkt><no_skep>SKEP/465/VI/2000</no_skep><tgl_skep>2000-06-26</tgl_skep></pangkat><pangkat><pangkat>PEMBINA IV/A</pangkat><tmt_pkt>2006-10-01</tmt_pkt><no_skep>SKEP/640/M/VIII/2006</no_skep><tgl_skep>2006-08-29</tgl_skep></pangkat><pangkat><pangkat>PEMBINA TK.I IV/B</pangkat><tmt_pkt>2011-10-01</tmt_pkt><no_skep>KEP/476/IX/2011</no_skep><tgl_skep>2011-09-22</tgl_skep></pangkat></riwayat_pangkat><riwayat_jabatan><jabatan><jabatan>PS PSB TK I/ORGREG INT ROHUMAS KERMALUGRI SETJEN DEPHAN</jabatan><tmt_jab>1998-02-01</tmt_jab><no_skep>SKEP/102/III/1998</no_skep><tgl_skep>1998-03-02</tgl_skep></jabatan><jabatan><jabatan>PGS. PSB. TK. I/ORG REG INT ROHUMASKERMALUGRI</jabatan><tmt_jab>1998-08-01</tmt_jab><no_skep>SKEP/1038/VIII/1998</no_skep><tgl_skep>1998-08-10</tgl_skep></jabatan><jabatan><jabatan>PSB. TK. I/ORG REGINT ROHUMAS KERMALUGRI SETJEN DEPHAN</jabatan><tmt_jab>1999-05-01</tmt_jab><no_skep>SKEP/299/V/1999</no_skep><tgl_skep>1999-05-05</tgl_skep></jabatan><jabatan><jabatan>PS. KASUBBAG AUDIO VISUAL BAGBRA &amp; PATUM ROHUMAS SETJEN DEPHAN</jabatan><tmt_jab>2000-02-01</tmt_jab><no_skep>SKEP/1103/XI/2000</no_skep><tgl_skep>2000-11-15</tgl_skep></jabatan><jabatan><jabatan>KASUBBAG AUDIO VISUAL BAGBRA ROHUMAS SETJEN DEPHAN</jabatan><tmt_jab>2001-02-01</tmt_jab><no_skep>SKEP/157/II/2001</no_skep><tgl_skep>2001-02-13</tgl_skep></jabatan><jabatan><jabatan>KASUBBAG PRODUKSI BAGBRA ROHUMAS</jabatan><tmt_jab>2001-03-01</tmt_jab><no_skep>SKEP/220/III/2001</no_skep><tgl_skep>2001-03-14</tgl_skep></jabatan><jabatan><jabatan>KASUBBAG RENMINRO BAGLEM RO. ORTALA SETJEN DEPHAN</jabatan><tmt_jab>2002-01-01</tmt_jab><no_skep>SKEP/44/I/2002</no_skep><tgl_skep>2002-01-28</tgl_skep></jabatan><jabatan><jabatan>KASUBBAG ANEVTALA BAGTALA RO. ORTALA SETJEN DEPHAN</jabatan><tmt_jab>2003-06-01</tmt_jab><no_skep>SKEP/1180/VI/2003</no_skep><tgl_skep>2003-06-13</tgl_skep></jabatan><jabatan><jabatan>Kasubbag Sistala Bag Tala Roren Setjen Dephan</jabatan><tmt_jab>2006-01-01</tmt_jab><no_skep>SKEP/1098/XII/2005</no_skep><tgl_skep>2005-12-28</tgl_skep></jabatan><jabatan><jabatan>Kasubbag Profjab Bag Tala Roren Setjen Dephan</jabatan><tmt_jab>2009-03-30</tmt_jab><no_skep>KEP MENHAN NO: KEP/48/III/2009</no_skep><tgl_skep>2009-03-30</tgl_skep></jabatan><jabatan><jabatan>KASUBBAG STANDKOMJAB BAG LEM ROREN SETJEN KEMHAN</jabatan><tmt_jab>2010-09-28</tmt_jab><no_skep>KEP MENHAN NOMOR : KEP/681/IX/2010</no_skep><tgl_skep>2010-09-28</tgl_skep></jabatan><jabatan><jabatan>KABID KERMAINFO PUSKOMPUBLIK KEMHAN</jabatan><tmt_jab>2011-02-01</tmt_jab><no_skep>KEP MENHAN NOMOR : KEP/77/II/2011</no_skep><tgl_skep>2011-02-04</tgl_skep></jabatan><jabatan><jabatan>KABAG TU PUSKOMPUBLIK KEMHAN</jabatan><tmt_jab>2012-06-01</tmt_jab><no_skep>KEP/481/VI/2012</no_skep><tgl_skep>2012-06-15</tgl_skep></jabatan><jabatan><jabatan>ANGGOTA ROUM SETJEN KEMHAN</jabatan><tmt_jab>2014-01-07</tmt_jab><no_skep>KEP/26/I/2014</no_skep><tgl_skep>2014-01-07</tgl_skep></jabatan></riwayat_jabatan><riwayat_pendidikan><pendidikan_umum><pendidikan><nama_dik>SEKOLAH DASAR</nama_dik><tahun_lulus>1973</tahun_lulus></pendidikan><pendidikan><nama_dik>SEKOLAH LANJUTAN TINGKAT PERTAMA (SLTP)</nama_dik><tahun_lulus>1976</tahun_lulus></pendidikan><pendidikan><nama_dik>SEKOLAH LANJUTAN TINGKAT ATAS (SLTA)</nama_dik><tahun_lulus>1980</tahun_lulus></pendidikan><pendidikan><nama_dik>SARJANA (S1)</nama_dik><tahun_lulus>1986</tahun_lulus></pendidikan><pendidikan><nama_dik>PASCA SARJANA (S2)</nama_dik><tahun_lulus>2006</tahun_lulus></pendidikan></pendidikan_umum><pendidikan_pembentukan><pendidikan><nama_dik>LATPRAJAB TK I</nama_dik><tahun_lulus>1988</tahun_lulus></pendidikan><pendidikan><nama_dik>TAR P-4 45 JAM</nama_dik><tahun_lulus>1988</tahun_lulus></pendidikan><pendidikan><nama_dik>SEPALA</nama_dik><tahun_lulus>1992</tahun_lulus></pendidikan><pendidikan><nama_dik>SUS KIBI</nama_dik><tahun_lulus>2000</tahun_lulus></pendidikan><pendidikan><nama_dik>SPAMA</nama_dik><tahun_lulus>2000</tahun_lulus></pendidikan><pendidikan><nama_dik>DIK LAT CAPACITY BUILDING IN PUBLIC RELATIONS</nama_dik><tahun_lulus>2001</tahun_lulus></pendidikan><pendidikan><nama_dik>PENTINGNYA KOMUNIKASI KEBIJAKAN PEMERINTAH</nama_dik><tahun_lulus>2001</tahun_lulus></pendidikan><pendidikan><nama_dik>SEMINAR REORIENTASI WAWASAN KEBANGSAAN</nama_dik><tahun_lulus>2001</tahun_lulus></pendidikan><pendidikan><nama_dik>REENGINERING&amp;BENCHMARKING</nama_dik><tahun_lulus>2002</tahun_lulus></pendidikan><pendidikan><nama_dik>SOCIAL MARKETING AND PUBLIC RELATION </nama_dik><tahun_lulus>2002</tahun_lulus></pendidikan><pendidikan><nama_dik>SUS KAT STRATEGIC MANAGEMENT</nama_dik><tahun_lulus>2003</tahun_lulus></pendidikan><pendidikan><nama_dik>ENTREPRENERSHIP FOR PUBLIC ORGANIZATION</nama_dik><tahun_lulus>2003</tahun_lulus></pendidikan><pendidikan><nama_dik>ASISTENSI AND SISTEM  AKUNTABILITAS KINERJA INSTANSI PEMERINTAH PD KEMHAN/TNI</nama_dik><tahun_lulus>2003</tahun_lulus></pendidikan><pendidikan><nama_dik>THE FUTURE BATTLEFIELD</nama_dik><tahun_lulus>2003</tahun_lulus></pendidikan><pendidikan><nama_dik>ASISTENSI AND STRATEGIC MANAGEMENT</nama_dik><tahun_lulus>2003</tahun_lulus></pendidikan><pendidikan><nama_dik>STRATEGI PERTAHANAN NASIONAL</nama_dik><tahun_lulus>2006</tahun_lulus></pendidikan><pendidikan><nama_dik>WORKSHOP ESL. IV GEL. I TGL. 18 s.d. 19 SEPT 2007</nama_dik><tahun_lulus>2007</tahun_lulus></pendidikan><pendidikan><nama_dik>Sertifikasi Keahlian Pengadaan Barang/Jasa</nama_dik><tahun_lulus>2008</tahun_lulus></pendidikan><pendidikan><nama_dik>the first Indonesia-Korea Ocean and Fisheries Forum</nama_dik><tahun_lulus>2011</tahun_lulus></pendidikan><pendidikan><nama_dik>Forum Komunikasi Bakohumas </nama_dik><tahun_lulus>2011</tahun_lulus></pendidikan><pendidikan><nama_dik>Bimtek dan Sertifikasi Goverment Chief Information Officer (GCIO)</nama_dik><tahun_lulus>2012</tahun_lulus></pendidikan><pendidikan><nama_dik>Workshop sistem Pertahanan Negara</nama_dik><tahun_lulus>2012</tahun_lulus></pendidikan></pendidikan_pembentukan></riwayat_pendidikan><riwayat_penugasan></riwayat_penugasan><riwayat_tanda_jasa><tanda_jasa><nama_tanda_jasa>SATYALANCANA KARYA SATYA X TAHUN</nama_tanda_jasa><no_skep>KEPPRES RI NOMOR 040/TK/2003</no_skep><tgl_skep>2003-07-31</tgl_skep></tanda_jasa><tanda_jasa><nama_tanda_jasa>SATYALANCANA KARYA SATYA XX TAHUN</nama_tanda_jasa><no_skep>KEPRES RI NOMOR 022/TK/TAHUN 2008</no_skep><tgl_skep>2008-06-24</tgl_skep></tanda_jasa></riwayat_tanda_jasa><riwayat_bahasa><bahasa><nama_bahasa>BATAK/TAPANULI</nama_bahasa><keterangan>PASIF</keterangan></bahasa><bahasa><nama_bahasa>MELAYU</nama_bahasa><keterangan>AKTIF</keterangan></bahasa><bahasa><nama_bahasa>JAWA</nama_bahasa><keterangan>PASIF</keterangan></bahasa><bahasa><nama_bahasa>INGGRIS</nama_bahasa><keterangan>PASIF</keterangan></bahasa><bahasa><nama_bahasa>INDONESIA</nama_bahasa><keterangan>AKTIF</keterangan></bahasa></riwayat_bahasa><riwayat_keluarga><keluarga><nama_keluarga>ALIAMSYAH RIVAI HARAHAP, SH</nama_keluarga><jenis_kelamin>LAKI-LAKI</jenis_kelamin><tgl_lahir>1959-10-12</tgl_lahir><hubungan>SUAMI</hubungan></keluarga><keluarga><nama_keluarga>FARIZ AZHAR</nama_keluarga><jenis_kelamin>LAKI-LAKI</jenis_kelamin><tgl_lahir>1989-01-09</tgl_lahir><hubungan>ANAK</hubungan></keluarga><keluarga><nama_keluarga>RIZKY HAFIZ</nama_keluarga><jenis_kelamin>LAKI-LAKI</jenis_kelamin><tgl_lahir>1990-10-04</tgl_lahir><hubungan>ANAK</hubungan></keluarga><keluarga><nama_keluarga>DENNY ARLANDO</nama_keluarga><jenis_kelamin>LAKI-LAKI</jenis_kelamin><tgl_lahir>1997-09-20</tgl_lahir><hubungan>ANAK</hubungan></keluarga></riwayat_keluarga></personil_kemhan>
