<personil_kemhan><nopeg>196704021996031001</nopeg><nip>030230608</nip><nrp_nip>196704021996031001</nrp_nip><nama>UTOYO ARIF BUDIANTO</nama><gelar>A.Md.</gelar><tempat_lahir>Jakarta</tempat_lahir><tgl_lahir>1967-04-02</tgl_lahir><jenis_kelamin>LAKI-LAKI</jenis_kelamin><unit_organisasi>U.O. KEMHAN</unit_organisasi><jenis_personil>PNS</jenis_personil><pangkat>PENATA MUDA TK.I III/B</pangkat><pangkat_corps>PENATA MUDA TK.I III/B </pangkat_corps><tmt_pangkat>2012-04-01</tmt_pangkat><angkatan_korps>PNS</angkatan_korps><sumber_pa_gol_3>UJIAN DINAS</sumber_pa_gol_3><tmt_pa_gol_3>2008-04-01</tmt_pa_gol_3><kategori_pangkat>III/B</kategori_pangkat><jabatan>PERBENDAHARAAN TK. II SUBBAG TU BIRO BAGADABANGPEG</jabatan><satker>ROPEG SETJEN KEMHAN</satker><kode_jabatan>ANGGOTA</kode_jabatan><tmt_jabatan>2015-02-27</tmt_jabatan><eselon_jabatan>99</eselon_jabatan><kategori>ORGANIK</kategori><tmt_tni>1997-06-01</tmt_tni><tmt_kemhan>1996-03-01</tmt_kemhan><agama>ISLAM</agama><file_foto_1>foto/196704021996031001.jpg</file_foto_1><file_foto_2>foto/030230608.jpg</file_foto_2><riwayat_pangkat><pangkat><pangkat>CAPEG II/B</pangkat><tmt_pkt>1996-03-01</tmt_pkt><no_skep>SKEP/1110/X/1996</no_skep><tgl_skep>1996-10-01</tgl_skep></pangkat><pangkat><pangkat>PENGATUR MUDA TK.I  II/B</pangkat><tmt_pkt>1997-07-01</tmt_pkt><no_skep>SKEP/566/V/1997</no_skep><tgl_skep>1997-05-15</tgl_skep></pangkat><pangkat><pangkat>PENGATUR II/C</pangkat><tmt_pkt>1998-04-01</tmt_pkt><no_skep>03-09/00013/KEP/IV/1998</no_skep><tgl_skep>1998-04-17</tgl_skep></pangkat><pangkat><pangkat>PENGATUR TK.I II/D</pangkat><tmt_pkt>2002-04-01</tmt_pkt><no_skep>SKEP/736/VII/2002</no_skep><tgl_skep>2002-07-19</tgl_skep></pangkat><pangkat><pangkat>PENATA MUDA III/A</pangkat><tmt_pkt>2008-04-01</tmt_pkt><no_skep>SKEP/148/III/2008</no_skep><tgl_skep>2008-03-10</tgl_skep></pangkat><pangkat><pangkat>PENATA MUDA TK.I III/B</pangkat><tmt_pkt>2012-04-01</tmt_pkt><no_skep>SPRIN/232/III/2012</no_skep><tgl_skep>2012-03-27</tgl_skep></pangkat></riwayat_pangkat><riwayat_jabatan><jabatan><jabatan>ANGGOTA PRIMKOP  SETJEN DEPHAN</jabatan><tmt_jab>1997-07-01</tmt_jab><no_skep>SKEP/566/V/1997</no_skep><tgl_skep>1997-05-15</tgl_skep></jabatan><jabatan><jabatan>PENGATUR UNIT USAHA ROPEG</jabatan><tmt_jab>1998-09-01</tmt_jab><no_skep>SKEP/1159/IX/1998</no_skep><tgl_skep>1998-09-23</tgl_skep></jabatan><jabatan><jabatan>ANGG SUBBAGRENMINRO BAGADABANGPEG ROPEG</jabatan><tmt_jab>2006-06-01</tmt_jab><no_skep>SKEP/446/IX/1998</no_skep><tgl_skep>2006-06-27</tgl_skep></jabatan><jabatan><jabatan>Anggota Subbag Lahtada Bag Induk PNS Ropeg Setjen Dephan</jabatan><tmt_jab>2006-11-01</tmt_jab><no_skep>SPRIN/713/XII/2006</no_skep><tgl_skep>2006-12-29</tgl_skep></jabatan><jabatan><jabatan>PENGOLAH DATA PEGAWAI SUBBAGLAHTADA BAG INDUK PNS</jabatan><tmt_jab>2010-05-17</tmt_jab><no_skep>Kep Menhan Nomor : KEP/321/V/2010</no_skep><tgl_skep>2010-05-17</tgl_skep></jabatan><jabatan><jabatan>PENGOLAH WABKU SUBBAG TU BIRO BAGADABANGPEG ROPEG SETJEN KEMHAN</jabatan><tmt_jab>2011-04-01</tmt_jab><no_skep>Kep/281/IV/2011</no_skep><tgl_skep>2011-04-19</tgl_skep></jabatan><jabatan><jabatan>PENGOLAH WABKU SUBBAG TU BIRO BAGADABANGPEG</jabatan><tmt_jab>2014-12-31</tmt_jab><no_skep>KEP/1485/XII/2014</no_skep><tgl_skep>2014-12-18</tgl_skep></jabatan><jabatan><jabatan>PERBENDAHARAAN TK. II SUBBAG TU BIRO BAGADABANGPEG ROPEG SETJEN KEMHAN</jabatan><tmt_jab>2015-02-27</tmt_jab><no_skep>KEP/193/II/2015</no_skep><tgl_skep>2015-02-27</tgl_skep></jabatan></riwayat_jabatan><riwayat_pendidikan><pendidikan_umum><pendidikan><nama_dik>SEKOLAH DASAR</nama_dik><tahun_lulus>1980</tahun_lulus></pendidikan><pendidikan><nama_dik>SEKOLAH LANJUTAN TINGKAT PERTAMA (SLTP)</nama_dik><tahun_lulus>1983</tahun_lulus></pendidikan><pendidikan><nama_dik>SEKOLAH LANJUTAN TINGKAT ATAS (SLTA)</nama_dik><tahun_lulus>1986</tahun_lulus></pendidikan><pendidikan><nama_dik>SARJANA MUDA (D.III)</nama_dik><tahun_lulus>1993</tahun_lulus></pendidikan></pendidikan_umum><pendidikan_pembentukan><pendidikan><nama_dik>LATPRAJAB</nama_dik><tahun_lulus>1996</tahun_lulus></pendidikan><pendidikan><nama_dik>SUS KOPERASI</nama_dik><tahun_lulus>1997</tahun_lulus></pendidikan><pendidikan><nama_dik>UJIAN DINAS</nama_dik><tahun_lulus>2007</tahun_lulus></pendidikan><pendidikan><nama_dik>PENATARAN TIM PENILAI JABATAN FUNGSIONAL</nama_dik><tahun_lulus>2008</tahun_lulus></pendidikan><pendidikan><nama_dik>DIKLATFUNG ARSIPARIS TK TERAMPIL</nama_dik><tahun_lulus>2008</tahun_lulus></pendidikan><pendidikan><nama_dik>Diklatket Otomotif</nama_dik><tahun_lulus>2010</tahun_lulus></pendidikan><pendidikan><nama_dik>LAT DLM SATUAN BID TIK</nama_dik><tahun_lulus>2011</tahun_lulus></pendidikan></pendidikan_pembentukan></riwayat_pendidikan><riwayat_penugasan></riwayat_penugasan><riwayat_tanda_jasa><tanda_jasa><nama_tanda_jasa>SATYALANCANA KARYA SATYA X TAHUN</nama_tanda_jasa><no_skep>KEPPRES NO 023/TK/TH 2007</no_skep><tgl_skep>2007-07-01</tgl_skep></tanda_jasa></riwayat_tanda_jasa><riwayat_bahasa><bahasa><nama_bahasa>JAWA</nama_bahasa><keterangan>AKTIF</keterangan></bahasa><bahasa><nama_bahasa>INDONESIA</nama_bahasa><keterangan>AKTIF</keterangan></bahasa></riwayat_bahasa><riwayat_keluarga><keluarga><nama_keluarga>VONNY PREMBARA SARI</nama_keluarga><jenis_kelamin>PEREMPUAN</jenis_kelamin><tgl_lahir>1971-06-10</tgl_lahir><hubungan>ISTRI</hubungan></keluarga><keluarga><nama_keluarga>ZIDANE ANVIO PUTRA</nama_keluarga><jenis_kelamin>LAKI-LAKI</jenis_kelamin><tgl_lahir>2001-07-18</tgl_lahir><hubungan>ANAK</hubungan></keluarga><keluarga><nama_keluarga>ZEFANNO ANVIO PUTRA</nama_keluarga><jenis_kelamin>LAKI-LAKI</jenis_kelamin><tgl_lahir>2006-04-17</tgl_lahir><hubungan>ANAK</hubungan></keluarga></riwayat_keluarga></personil_kemhan>
