<personil_kemhan><nopeg>196602191988031009</nopeg><nip>030194109</nip><nrp_nip>196602191988031009</nrp_nip><nama>Nadin</nama><tempat_lahir>Bogor</tempat_lahir><tgl_lahir>1966-02-19</tgl_lahir><jenis_kelamin>LAKI-LAKI</jenis_kelamin><unit_organisasi>U.O. KEMHAN</unit_organisasi><jenis_personil>PNS</jenis_personil><pangkat>PENGATUR MUDA II/A</pangkat><pangkat_corps>PENGATUR MUDA II/A </pangkat_corps><tmt_pangkat>2006-04-01</tmt_pangkat><angkatan_korps>PNS</angkatan_korps><kategori_pangkat>II/A</kategori_pangkat><jabatan>PENGGANDA NASKAH SUBBAG TU BIRO BAGADABANGPEG</jabatan><satker>ROPEG SETJEN KEMHAN</satker><kode_jabatan>ANGGOTA</kode_jabatan><tmt_jabatan>2014-12-31</tmt_jabatan><eselon_jabatan>99</eselon_jabatan><kategori>ORGANIK</kategori><tmt_tni>1990-11-01</tmt_tni><tmt_kemhan>1988-03-01</tmt_kemhan><agama>ISLAM</agama><file_foto_1>foto/196602191988031009.jpg</file_foto_1><file_foto_2>foto/030194109.jpg</file_foto_2><riwayat_pangkat><pangkat><pangkat>CAPEG I/A</pangkat><tmt_pkt>1988-03-01</tmt_pkt><no_skep>SKEP/108/17/VI/1988</no_skep><tgl_skep>1988-06-08</tgl_skep></pangkat><pangkat><pangkat>JURU MUDA I/A</pangkat><tmt_pkt>1990-11-01</tmt_pkt><no_skep>SKEP/198/18/X/1990</no_skep><tgl_skep>1990-10-20</tgl_skep></pangkat><pangkat><pangkat>JURU MUDA TK. I  I/B</pangkat><tmt_pkt>1993-04-01</tmt_pkt><no_skep>03-09/02261/KEP/IV/1993</no_skep><tgl_skep>1993-04-03</tgl_skep></pangkat><pangkat><pangkat>JURU I/C</pangkat><tmt_pkt>1997-04-01</tmt_pkt><no_skep>03-09/00002/KEP/IV/1997</no_skep><tgl_skep>1997-03-04</tgl_skep></pangkat><pangkat><pangkat>JURU TK.I  I/D</pangkat><tmt_pkt>2001-04-01</tmt_pkt><no_skep>03-09-73/001/KEP/IV/2001</no_skep><tgl_skep>2001-04-03</tgl_skep></pangkat><pangkat><pangkat>PENGATUR MUDA II/A</pangkat><tmt_pkt>2006-04-01</tmt_pkt><no_skep>SKEP/156/III/2006</no_skep><tgl_skep>2006-03-09</tgl_skep></pangkat></riwayat_pangkat><riwayat_jabatan><jabatan><jabatan>STAF URDAL KOORDINATOR OPSTIBPUS</jabatan><tmt_jab>1983-08-01</tmt_jab><no_skep>SKEP/14/KOPKAM/VII/1987</no_skep><tgl_skep>1987-07-17</tgl_skep></jabatan><jabatan><jabatan>ANGGOTA URLAM TAUD SETBID VII BAKORTANAS</jabatan><tmt_jab>1990-04-01</tmt_jab><no_skep>SKEP/12/STANAS/VII/1990</no_skep><tgl_skep>1990-07-09</tgl_skep></jabatan><jabatan><jabatan>JURU EKSPEDISI BANUT III/JIANLIT SETBID VII</jabatan><tmt_jab>1996-05-01</tmt_jab><no_skep>SKEP/04/STANAS/IV/1996</no_skep><tgl_skep>1996-04-30</tgl_skep></jabatan><jabatan><jabatan>TABAN URTU DISDALGIAT PUSURTA TNI</jabatan><tmt_jab>2000-04-01</tmt_jab><no_skep>SPRIN/196/V/2000</no_skep><tgl_skep>2000-05-29</tgl_skep></jabatan><jabatan><jabatan>TURMIN SUBBAGRENMINRO BAGADABANGPEG ROPEG SETJEN DEPHAN</jabatan><tmt_jab>2003-01-01</tmt_jab><no_skep>SKEP/16/I/2003</no_skep><tgl_skep>2003-01-09</tgl_skep></jabatan><jabatan><jabatan>JURU PELAYAN SUBBAG RENMINRO BAG ADABANGPEG ROPEG SETJEN DEPHAN</jabatan><tmt_jab>2003-01-27</tmt_jab><no_skep>SKEP/04/I/2003</no_skep><tgl_skep>2003-01-27</tgl_skep></jabatan><jabatan><jabatan>ANGGOTA SUBBAGMINRO BAGADABANGPEG ROPEG SETJEN DEPHAN</jabatan><tmt_jab>2006-03-01</tmt_jab><no_skep>SKEP/201/III/2006</no_skep><tgl_skep>2006-03-27</tgl_skep></jabatan><jabatan><jabatan>PRAMU KANTOR SUBBAGMINRO BAGADABANGPEG ROPEG SETJEN KEMHAN</jabatan><tmt_jab>2010-05-17</tmt_jab><no_skep>Kep Menhan Nomor : KEP/321/V/2010</no_skep><tgl_skep>2010-05-20</tgl_skep></jabatan><jabatan><jabatan>PENGGANDA NASKAH SUBBAG TU BIRO BAGADABANGPEG ROPEG SETJEN KEMHAN</jabatan><tmt_jab>2011-04-01</tmt_jab><no_skep>Kep/281/IV/2011</no_skep><tgl_skep>2011-04-19</tgl_skep></jabatan><jabatan><jabatan>PENGGANDA NASKAH SUBBAG TU BIRO BAGADABANGPEG ROPEG SETJEN KEMHAN</jabatan><tmt_jab>2014-12-31</tmt_jab><no_skep>KEP/1485/XII/2014</no_skep><tgl_skep>2014-12-18</tgl_skep></jabatan></riwayat_jabatan><riwayat_pendidikan><pendidikan_umum><pendidikan><nama_dik>SEKOLAH DASAR</nama_dik><tahun_lulus>1982</tahun_lulus></pendidikan></pendidikan_umum><pendidikan_pembentukan><pendidikan><nama_dik>LATPRAJAB</nama_dik><tahun_lulus>0</tahun_lulus></pendidikan></pendidikan_pembentukan></riwayat_pendidikan><riwayat_penugasan></riwayat_penugasan><riwayat_tanda_jasa><tanda_jasa><nama_tanda_jasa>SATYALANCANA KARYA SATYA XX TAHUN</nama_tanda_jasa><no_skep>KEPPRES NO. 62/TK/TAHUN 2012</no_skep><tgl_skep>2012-08-06</tgl_skep></tanda_jasa></riwayat_tanda_jasa><riwayat_bahasa><bahasa><nama_bahasa>SUNDA</nama_bahasa><keterangan>AKTIF</keterangan></bahasa><bahasa><nama_bahasa>INDONESIA</nama_bahasa><keterangan>AKTIF</keterangan></bahasa></riwayat_bahasa><riwayat_keluarga><keluarga><nama_keluarga>NUR HASANAH</nama_keluarga><jenis_kelamin>PEREMPUAN</jenis_kelamin><tgl_lahir>1973-07-23</tgl_lahir><hubungan>ISTRI</hubungan></keluarga></riwayat_keluarga></personil_kemhan>
