<personil_kemhan><nopeg>198003241999031001</nopeg><nip>030244386</nip><nrp_nip>198003241999031001</nrp_nip><nama>EDY SANTOSO</nama><gelar>S.A.P.</gelar><tempat_lahir>Jakarta</tempat_lahir><tgl_lahir>1980-03-24</tgl_lahir><jenis_kelamin>LAKI-LAKI</jenis_kelamin><unit_organisasi>U.O. KEMHAN</unit_organisasi><jenis_personil>PNS</jenis_personil><pangkat>PENATA MUDA TK.I III/B</pangkat><pangkat_corps>PENATA MUDA TK.I III/B </pangkat_corps><tmt_pangkat>2013-10-01</tmt_pangkat><angkatan_korps>PNS</angkatan_korps><sumber_pa_gol_3>PENYESUAIAN IJASAH</sumber_pa_gol_3><tmt_pa_gol_3>2009-09-01</tmt_pa_gol_3><kategori_pangkat>III/B</kategori_pangkat><jabatan>PENGOLAH BAHAN GIATMEN SUBBAG DUKMEN BAG DUKMINMEN ROTU SETJEN KEMHAN</jabatan><satker>ROTU SETJEN KEMHAN</satker><kode_jabatan>ANGGOTA</kode_jabatan><tmt_jabatan>2014-12-31</tmt_jabatan><eselon_jabatan>99</eselon_jabatan><kategori>ORGANIK</kategori><tmt_tni>2000-09-01</tmt_tni><tmt_kemhan>1999-03-01</tmt_kemhan><agama>ISLAM</agama><file_foto_1>foto/198003241999031001.jpg</file_foto_1><file_foto_2>foto/030244386.jpg</file_foto_2><riwayat_pangkat><pangkat><pangkat>CAPEG II/A</pangkat><tmt_pkt>1999-09-01</tmt_pkt><no_skep>SKEP/368/V/1999</no_skep><tgl_skep>1999-05-01</tgl_skep></pangkat><pangkat><pangkat>PENGATUR MUDA II/A</pangkat><tmt_pkt>2000-09-01</tmt_pkt><no_skep>SKEP/506/VI/2000</no_skep><tgl_skep>2000-06-30</tgl_skep></pangkat><pangkat><pangkat>PENGATUR MUDA TK.I  II/B</pangkat><tmt_pkt>2003-04-01</tmt_pkt><no_skep>SKEP/571/IV/2003</no_skep><tgl_skep>2003-04-29</tgl_skep></pangkat><pangkat><pangkat>PENGATUR II/C</pangkat><tmt_pkt>2007-04-01</tmt_pkt><no_skep>SKEP/174/III/2007</no_skep><tgl_skep>2007-03-09</tgl_skep></pangkat><pangkat><pangkat>PENATA MUDA III/A</pangkat><tmt_pkt>2009-10-01</tmt_pkt><no_skep>KEP MENHAN NO : KEP/155/IX/2009</no_skep><tgl_skep>2009-09-01</tgl_skep></pangkat><pangkat><pangkat>PENATA MUDA TK.I III/B</pangkat><tmt_pkt>2013-10-01</tmt_pkt><no_skep>KEP/969/IX/2013</no_skep><tgl_skep>2013-09-27</tgl_skep></pangkat></riwayat_pangkat><riwayat_jabatan><jabatan><jabatan>TURMIN/AGENDARIS SUBBAG MINU BAG TU ROUM</jabatan><tmt_jab>2000-09-01</tmt_jab><no_skep>SKEP/991/IX/2000</no_skep><tgl_skep>2000-09-27</tgl_skep></jabatan><jabatan><jabatan>TURMINU SUBBAG MINU BAG TU UMUM ROTU</jabatan><tmt_jab>2001-03-01</tmt_jab><no_skep>SKEP/250/III/2001</no_skep><tgl_skep>2001-03-21</tgl_skep></jabatan><jabatan><jabatan>Anggota Subbag Banum Men Bagbanumpim Rotu Setjen Dephan</jabatan><tmt_jab>2006-03-01</tmt_jab><no_skep>SPRIN/52/IV/2006</no_skep><tgl_skep>2006-04-24</tgl_skep></jabatan><jabatan><jabatan>Arsiparis Pelaksana Rotu Setjen Dephan</jabatan><tmt_jab>2009-04-01</tmt_jab><no_skep>SPRIN/418/III/2009</no_skep><tgl_skep>2009-11-03</tgl_skep></jabatan><jabatan><jabatan>PENGOLAH BAHAN KEGIATAN MENTERI SUBBAG DUKMEN BAG TU DAN DUKMEN ROTU SETJEN KEMHAN</jabatan><tmt_jab>2011-04-01</tmt_jab><no_skep>Kep/282/IV/2011</no_skep><tgl_skep>2011-04-19</tgl_skep></jabatan><jabatan><jabatan>PENGOLAH BAHAN GIATMEN SUBBAG DUKMEN BAG DUKMINMEN ROTU SETJEN KEMHAN ROTU SETJEN KEMHAN</jabatan><tmt_jab>2014-12-31</tmt_jab><no_skep>KEP/1485/XII/2014</no_skep><tgl_skep>2014-12-18</tgl_skep></jabatan></riwayat_jabatan><riwayat_pendidikan><pendidikan_umum><pendidikan><nama_dik>SEKOLAH DASAR</nama_dik><tahun_lulus>1992</tahun_lulus></pendidikan><pendidikan><nama_dik>SEKOLAH LANJUTAN TINGKAT PERTAMA (SLTP)</nama_dik><tahun_lulus>1995</tahun_lulus></pendidikan><pendidikan><nama_dik>SEKOLAH LANJUTAN TINGKAT ATAS (SLTA)</nama_dik><tahun_lulus>1998</tahun_lulus></pendidikan><pendidikan><nama_dik>SARJANA (S1)</nama_dik><tahun_lulus>2005</tahun_lulus></pendidikan></pendidikan_umum><pendidikan_pembentukan><pendidikan><nama_dik>LATPRAJAB TK II</nama_dik><tahun_lulus>1999</tahun_lulus></pendidikan><pendidikan><nama_dik>DIK BELA NEGARA DEPHAN TA. 1999/2000</nama_dik><tahun_lulus>1999</tahun_lulus></pendidikan><pendidikan><nama_dik>SUS OPERATOR INTERNET</nama_dik><tahun_lulus>2000</tahun_lulus></pendidikan><pendidikan><nama_dik>SUSBA MINU DEPHAN TA. 1999/2000</nama_dik><tahun_lulus>2000</tahun_lulus></pendidikan><pendidikan><nama_dik>SUSKAT E-MAIL TV ON-LINE SETJEN</nama_dik><tahun_lulus>2000</tahun_lulus></pendidikan><pendidikan><nama_dik>SUS MINU TK. III</nama_dik><tahun_lulus>2000</tahun_lulus></pendidikan><pendidikan><nama_dik>PENYULUHAN BAHASA INDONESIA</nama_dik><tahun_lulus>2002</tahun_lulus></pendidikan><pendidikan><nama_dik>SOSIALISASI JABATAN FUNGSIONAL ARSIPARIS</nama_dik><tahun_lulus>2004</tahun_lulus></pendidikan><pendidikan><nama_dik>ESQ LEADERSHIP TRAINING</nama_dik><tahun_lulus>2009</tahun_lulus></pendidikan><pendidikan><nama_dik>WORKSHOP INDONESIA GO OPEN SOURCE</nama_dik><tahun_lulus>2009</tahun_lulus></pendidikan><pendidikan><nama_dik>KIBI PNS</nama_dik><tahun_lulus>2011</tahun_lulus></pendidikan></pendidikan_pembentukan></riwayat_pendidikan><riwayat_penugasan></riwayat_penugasan><riwayat_tanda_jasa></riwayat_tanda_jasa><riwayat_bahasa><bahasa><nama_bahasa>INGGRIS</nama_bahasa><keterangan>PASIF</keterangan></bahasa><bahasa><nama_bahasa>INDONESIA</nama_bahasa><keterangan>AKTIF</keterangan></bahasa></riwayat_bahasa><riwayat_keluarga><keluarga><nama_keluarga>YUSFIANTY</nama_keluarga><jenis_kelamin>PEREMPUAN</jenis_kelamin><tgl_lahir>1984-01-23</tgl_lahir><hubungan>ISTRI</hubungan></keluarga><keluarga><nama_keluarga>MUHAMMAD RAFI AKBAR</nama_keluarga><jenis_kelamin>LAKI-LAKI</jenis_kelamin><tgl_lahir>2007-10-11</tgl_lahir><hubungan>ANAK</hubungan></keluarga><keluarga><nama_keluarga>MUHAMMAD ADYAN WILDAN</nama_keluarga><jenis_kelamin>LAKI-LAKI</jenis_kelamin><tgl_lahir>2013-01-31</tgl_lahir><hubungan>ANAK</hubungan></keluarga></riwayat_keluarga></personil_kemhan>
