<personil_kemhan><nopeg>197002121997031001</nopeg><nip>030235666</nip><nrp_nip>197002121997031001</nrp_nip><nama>ZAINAL ABIDIN</nama><gelar>S.E., M.M.</gelar><tempat_lahir>Jakarta</tempat_lahir><tgl_lahir>1970-02-12</tgl_lahir><jenis_kelamin>LAKI-LAKI</jenis_kelamin><unit_organisasi>U.O. KEMHAN</unit_organisasi><jenis_personil>PNS</jenis_personil><pangkat>PENATA III/C</pangkat><pangkat_corps>PENATA III/C </pangkat_corps><tmt_pangkat>2015-04-01</tmt_pangkat><angkatan_korps>PNS</angkatan_korps><sumber_pa_gol_3>UJIAN DINAS</sumber_pa_gol_3><tmt_pa_gol_3>2007-04-01</tmt_pa_gol_3><kategori_pangkat>III/C</kategori_pangkat><jabatan>PENYUSUN  BAHAN JAB STRUKTURAL ESELON III KE ATAS DAN JAB BAGKARPEG</jabatan><satker>ROPEG SETJEN KEMHAN</satker><kode_jabatan>ANGGOTA</kode_jabatan><tmt_jabatan>2014-12-31</tmt_jabatan><eselon_jabatan>99</eselon_jabatan><kategori>ORGANIK</kategori><tmt_tni>1998-07-01</tmt_tni><tmt_kemhan>1997-03-01</tmt_kemhan><agama>ISLAM</agama><file_foto_1>foto/197002121997031001.jpg</file_foto_1><file_foto_2>foto/030235666.jpg</file_foto_2><riwayat_pangkat><pangkat><pangkat>CAPEG II/B</pangkat><tmt_pkt>1997-03-01</tmt_pkt><no_skep>SKEP/1373/IX/1997</no_skep><tgl_skep>1997-09-25</tgl_skep></pangkat><pangkat><pangkat>PENGATUR MUDA TK.I  II/B</pangkat><tmt_pkt>1998-07-01</tmt_pkt><no_skep>SKEP/497/VI/1998</no_skep><tgl_skep>1998-06-12</tgl_skep></pangkat><pangkat><pangkat>PENGATUR II/C</pangkat><tmt_pkt>1999-04-01</tmt_pkt><no_skep>03-09-00/029/KEP/IV/1999</no_skep><tgl_skep>1999-05-20</tgl_skep></pangkat><pangkat><pangkat>PENGATUR TK.I II/D</pangkat><tmt_pkt>2003-04-01</tmt_pkt><no_skep>SKEP/496/IV/2003</no_skep><tgl_skep>2003-04-22</tgl_skep></pangkat><pangkat><pangkat>PENATA MUDA III/A</pangkat><tmt_pkt>2007-04-01</tmt_pkt><no_skep>SKEP/153/III/2007</no_skep><tgl_skep>2007-03-06</tgl_skep></pangkat><pangkat><pangkat>PENATA MUDA TK.I III/B</pangkat><tmt_pkt>2011-04-01</tmt_pkt><no_skep>KEP/188/III/2011</no_skep><tgl_skep>2011-03-22</tgl_skep></pangkat><pangkat><pangkat>PENATA III/C</pangkat><tmt_pkt>2015-04-01</tmt_pkt><no_skep>SPRIN/256/III/2015</no_skep><tgl_skep>2015-03-30</tgl_skep></pangkat></riwayat_pangkat><riwayat_jabatan><jabatan><jabatan>ANGGOTA PRIMKOP SETJEN/ITJEN DHK</jabatan><tmt_jab>1997-03-01</tmt_jab><no_skep>SKEP/1373/IX/1997</no_skep><tgl_skep>1997-09-25</tgl_skep></jabatan><jabatan><jabatan>OPR KOMP BAGPERS ROUM SETJEN DHK</jabatan><tmt_jab>1998-09-01</tmt_jab><no_skep>SKEP/1121/IX/1998</no_skep><tgl_skep>1998-09-14</tgl_skep></jabatan><jabatan><jabatan>TURTIK/OPR KOMP SUBBAGPATJAB BAGBINKARPEG ROPEG</jabatan><tmt_jab>2001-03-01</tmt_jab><no_skep>SKEP/278/III/2001</no_skep><tgl_skep>2001-03-28</tgl_skep></jabatan><jabatan><jabatan>AJUN PRANATA KOMPUTER MUDA ROPEG SETJEN DEPHAN</jabatan><tmt_jab>2003-04-01</tmt_jab><no_skep>SKEP/677/V/2003</no_skep><tgl_skep>2003-05-07</tgl_skep></jabatan><jabatan><jabatan>Anggota Subbag Jab Bag Karpeg Ropeg Setjen Dephan</jabatan><tmt_jab>2006-09-01</tmt_jab><no_skep>SKEP/693/IX/2006</no_skep><tgl_skep>2006-09-12</tgl_skep></jabatan><jabatan><jabatan>PENGOLAH JABATAN ESELON III SUBBAGJAB BAGKARPEG ROPEG SETJEN KEMHAN</jabatan><tmt_jab>2010-05-17</tmt_jab><no_skep>Kep Menhan Nomor : KEP/321/V/2010</no_skep><tgl_skep>2010-05-17</tgl_skep></jabatan><jabatan><jabatan>PENGOLAH BAHAN JAB ESELON I,II DAN III SUBBAGJAB A BAGKARPEG ROPEG SETJEN KEMHAN</jabatan><tmt_jab>2011-04-01</tmt_jab><no_skep>Kep/281/IV/2011</no_skep><tgl_skep>2011-04-19</tgl_skep></jabatan><jabatan><jabatan>PENYUSUN BAHAN JABATAN ESELON I,II DAN III SUBBAGJAB A BAGKARPEG ROPEG SETJEN KEMHAN</jabatan><tmt_jab>2012-05-07</tmt_jab><no_skep>KEP/366/V/2012</no_skep><tgl_skep>2012-05-08</tgl_skep></jabatan><jabatan><jabatan>PENYUSUN  BAHAN JAB STRUKTURAL ESELON III KE ATAS DAN JAB BAGKARPEG ROPEG SETJEN KEMHAN</jabatan><tmt_jab>2014-12-31</tmt_jab><no_skep>KEP/1485/XII/2014</no_skep><tgl_skep>2014-12-18</tgl_skep></jabatan></riwayat_jabatan><riwayat_pendidikan><pendidikan_umum><pendidikan><nama_dik>SEKOLAH DASAR</nama_dik><tahun_lulus>1983</tahun_lulus></pendidikan><pendidikan><nama_dik>SEKOLAH LANJUTAN TINGKAT PERTAMA (SLTP)</nama_dik><tahun_lulus>1986</tahun_lulus></pendidikan><pendidikan><nama_dik>SEKOLAH LANJUTAN TINGKAT ATAS (SLTA)</nama_dik><tahun_lulus>1989</tahun_lulus></pendidikan><pendidikan><nama_dik>SARJANA MUDA (D.III)</nama_dik><tahun_lulus>1993</tahun_lulus></pendidikan><pendidikan><nama_dik>SARJANA (S1)</nama_dik><tahun_lulus>2006</tahun_lulus></pendidikan><pendidikan><nama_dik>PASCA SARJANA (S2)</nama_dik><tahun_lulus>2009</tahun_lulus></pendidikan></pendidikan_umum><pendidikan_pembentukan><pendidikan><nama_dik>SUS MENGETIK</nama_dik><tahun_lulus>1990</tahun_lulus></pendidikan><pendidikan><nama_dik>SUS KOMPUTER BASIC</nama_dik><tahun_lulus>1990</tahun_lulus></pendidikan><pendidikan><nama_dik>LATPRAJAB TK II</nama_dik><tahun_lulus>1997</tahun_lulus></pendidikan><pendidikan><nama_dik>LATSARMIL RINDAM JAYA</nama_dik><tahun_lulus>1997</tahun_lulus></pendidikan><pendidikan><nama_dik>TAR P-4 25 JAM</nama_dik><tahun_lulus>1997</tahun_lulus></pendidikan><pendidikan><nama_dik>SUS MIKRO KOMPUTER</nama_dik><tahun_lulus>1999</tahun_lulus></pendidikan><pendidikan><nama_dik>SUS OPERATOR INTERNET</nama_dik><tahun_lulus>2000</tahun_lulus></pendidikan><pendidikan><nama_dik>SUS KOMPUTER INTERNET</nama_dik><tahun_lulus>2003</tahun_lulus></pendidikan><pendidikan><nama_dik>SUS MICROSOFT OFFICE</nama_dik><tahun_lulus>2007</tahun_lulus></pendidikan><pendidikan><nama_dik>DIK LAT PIM TK IV</nama_dik><tahun_lulus>2009</tahun_lulus></pendidikan><pendidikan><nama_dik>ELLC MTCP CANADA</nama_dik><tahun_lulus>2014</tahun_lulus></pendidikan></pendidikan_pembentukan></riwayat_pendidikan><riwayat_penugasan><penugasan><negara>CANADA</negara><tahun>2014</tahun><uraian>ELLC MTCP</uraian></penugasan></riwayat_penugasan><riwayat_tanda_jasa><tanda_jasa><nama_tanda_jasa>SATYALANCANA KARYA SATYA X TAHUN</nama_tanda_jasa><no_skep>KEPPRES/27/TK/2010</no_skep><tgl_skep>2010-07-20</tgl_skep></tanda_jasa></riwayat_tanda_jasa><riwayat_bahasa><bahasa><nama_bahasa>JAWA</nama_bahasa><keterangan>AKTIF</keterangan></bahasa><bahasa><nama_bahasa>INGGRIS</nama_bahasa><keterangan>AKTIF</keterangan></bahasa></riwayat_bahasa><riwayat_keluarga><keluarga><nama_keluarga>ZALEHA NUR&apos;AINI</nama_keluarga><jenis_kelamin>PEREMPUAN</jenis_kelamin><tgl_lahir>1976-09-27</tgl_lahir><hubungan>ISTRI</hubungan></keluarga><keluarga><nama_keluarga>ANANDA RAMADHAN</nama_keluarga><jenis_kelamin>LAKI-LAKI</jenis_kelamin><tgl_lahir>2000-12-25</tgl_lahir><hubungan>ANAK</hubungan></keluarga><keluarga><nama_keluarga>ADINDA PHARAMESWARI DEWANTARA</nama_keluarga><jenis_kelamin>PEREMPUAN</jenis_kelamin><tgl_lahir>2006-12-18</tgl_lahir><hubungan>ANAK</hubungan></keluarga></riwayat_keluarga></personil_kemhan>
