<personil_kemhan><nopeg>575017</nopeg><nip>575017</nip><nrp_nip>575017</nrp_nip><nama>SITI FATIMAH</nama><gelar>S.I.P.</gelar><tempat_lahir>Kudus</tempat_lahir><tgl_lahir>1963-12-09</tgl_lahir><jenis_kelamin>PEREMPUAN</jenis_kelamin><unit_organisasi>U.O. KEMHAN</unit_organisasi><jenis_personil>TNI</jenis_personil><pangkat>MAYOR</pangkat><pangkat_corps>MAYOR (K) CAJ</pangkat_corps><tmt_pangkat>2012-04-01</tmt_pangkat><angkatan_korps>TNI AD</angkatan_korps><sumber_pa_gol_3>SECAPA REG</sumber_pa_gol_3><tmt_pa_gol_3>1999-02-01</tmt_pa_gol_3><kategori_pangkat>MAYOR</kategori_pangkat><jabatan>PENYUSUN BAHAN EVLAP PROGAR SUBBAG EVLAP BAG PROGLAP SET</jabatan><satker>ITJEN KEMHAN</satker><kode_jabatan>FUNGSIONAL</kode_jabatan><tmt_jabatan>2014-12-31</tmt_jabatan><eselon_jabatan>99</eselon_jabatan><kategori>ORGANIK</kategori><tmt_tni>1985-04-01</tmt_tni><tmt_kemhan>1999-10-01</tmt_kemhan><agama>ISLAM</agama><file_foto_1>foto/575017.jpg</file_foto_1><file_foto_2>foto/575017.jpg</file_foto_2><riwayat_pangkat><pangkat><pangkat>SERDA</pangkat><tmt_pkt>1985-04-01</tmt_pkt><no_skep>SKEP/15/III/1985</no_skep><tgl_skep>1985-03-27</tgl_skep></pangkat><pangkat><pangkat>SERTU</pangkat><tmt_pkt>1989-04-01</tmt_pkt><no_skep>SKEP/184-37/KASAD/456-KP/IV/1984</no_skep><tgl_skep>1989-04-27</tgl_skep></pangkat><pangkat><pangkat>SERKA</pangkat><tmt_pkt>1993-04-01</tmt_pkt><no_skep>SKEP/87-37/KASAD/456-KP/IX/1991</no_skep><tgl_skep>1993-03-31</tgl_skep></pangkat><pangkat><pangkat>SERMA</pangkat><tmt_pkt>1997-04-01</tmt_pkt><no_skep>SKEP/347-37/KASAD/456-KP/IX/1997</no_skep><tgl_skep>1997-09-25</tgl_skep></pangkat><pangkat><pangkat>LETDA</pangkat><tmt_pkt>1999-02-01</tmt_pkt><no_skep>SKEP PRES RI MO/ 07/ABRI/1999</no_skep><tgl_skep>1999-02-10</tgl_skep></pangkat><pangkat><pangkat>LETTU</pangkat><tmt_pkt>2003-04-01</tmt_pkt><no_skep>SKEP/71/III/2003</no_skep><tgl_skep>2003-03-17</tgl_skep></pangkat><pangkat><pangkat>KAPTEN</pangkat><tmt_pkt>2006-04-01</tmt_pkt><no_skep>SKEP/84/III/2006</no_skep><tgl_skep>2006-03-20</tgl_skep></pangkat><pangkat><pangkat>MAYOR</pangkat><tmt_pkt>2012-04-01</tmt_pkt><no_skep>KEP/179/III/2012</no_skep><tgl_skep>2012-03-26</tgl_skep></pangkat></riwayat_pangkat><riwayat_jabatan><jabatan><jabatan>BA SPERSAD BP PERSIT PUSAT</jabatan><tmt_jab>1985-05-01</tmt_jab><no_skep>SKEP/034/V/1986</no_skep><tgl_skep>1985-05-04</tgl_skep></jabatan><jabatan><jabatan>BA. PENGATUR MINU TUUD SPERSAD</jabatan><tmt_jab>1988-06-01</tmt_jab><no_skep>SPRIN/232/VII/1992</no_skep><tgl_skep>1988-09-30</tgl_skep></jabatan><jabatan><jabatan>BA BP TWP TNI AD</jabatan><tmt_jab>1992-08-01</tmt_jab><no_skep>SPRIN/232/VII/1992</no_skep><tgl_skep>1992-07-22</tgl_skep></jabatan><jabatan><jabatan>BA DENMA MEBSAD UTK BP TWP TNIAD</jabatan><tmt_jab>1992-08-01</tmt_jab><no_skep>SPRIN/232/VII/1992</no_skep><tgl_skep>1992-07-22</tgl_skep></jabatan><jabatan><jabatan>BA OPR BP TWP TNI AD</jabatan><tmt_jab>1992-08-01</tmt_jab><no_skep>SKEP/385-37/IX/1992</no_skep><tgl_skep>1992-09-10</tgl_skep></jabatan><jabatan><jabatan>BATI TUUD BP TWP TNI AD</jabatan><tmt_jab>1992-12-30</tmt_jab><no_skep>SKEP/115-37/IV/1992</no_skep><tgl_skep>1992-04-22</tgl_skep></jabatan><jabatan><jabatan>PSB TK III/ARSIP BAG ARDOK TU ROUM SETJEN</jabatan><tmt_jab>1999-10-01</tmt_jab><no_skep>SPRIN/1061/X/1999</no_skep><tgl_skep>1999-10-07</tgl_skep></jabatan><jabatan><jabatan>PSB TK II/ADOKTAKA SUBBAGMIN SEKJEN BAG TU</jabatan><tmt_jab>2001-03-01</tmt_jab><no_skep>SPRIN/1061/X/1999</no_skep><tgl_skep>2001-03-19</tgl_skep></jabatan><jabatan><jabatan>PSB TK II/MIN SUBBAGMINU BAG TU UM ROTU</jabatan><tmt_jab>2001-03-01</tmt_jab><no_skep>SKEP/237/III/2001</no_skep><tgl_skep>2001-03-19</tgl_skep></jabatan><jabatan><jabatan>AJUN ARSIPARIS MADYA (GOL. VIII)</jabatan><tmt_jab>2001-12-01</tmt_jab><no_skep>SKEP/1059/XII/2001</no_skep><tgl_skep>2001-12-31</tgl_skep></jabatan><jabatan><jabatan>TENAGA FUNGSIONAL GOL.VI ROTU SETJEN DEPHAN</jabatan><tmt_jab>2005-02-01</tmt_jab><tgl_skep>2005-02-01</tgl_skep></jabatan><jabatan><jabatan>TAFUNG Gol. VII PADA SUBBAGMINMEN BAGBANMINPIM ROTU SETJEN DEPHAN</jabatan><tmt_jab>2005-02-01</tmt_jab><no_skep>SPRIN/113/IV/2005</no_skep><tgl_skep>2005-04-12</tgl_skep></jabatan><jabatan><jabatan>TENAGA FUNGSIONAL GOL.VI ROTU SETJEN DEPHAN</jabatan><tmt_jab>2010-03-15</tmt_jab><no_skep>KEP/164/III/2010</no_skep><tgl_skep>2010-03-17</tgl_skep></jabatan><jabatan><jabatan>PENYUSUN BAHAN ORTALA SUBBAG ORTA LA BAGPROGLAP SET ITJEN KEMHAN</jabatan><tmt_jab>2011-04-01</tmt_jab><no_skep>KEP/286/IV/2011</no_skep><tgl_skep>2011-01-01</tgl_skep></jabatan><jabatan><jabatan>PENYUSUN BAHAN EVLAP PROGAR SUBBAG EVLAP BAG PROGLAP SET ITJEN KEMHAN</jabatan><tmt_jab>2014-12-31</tmt_jab><no_skep>KEP/1490/XII/2014</no_skep><tgl_skep>2014-12-18</tgl_skep></jabatan></riwayat_jabatan><riwayat_pendidikan><pendidikan_umum><pendidikan><nama_dik>SEKOLAH DASAR</nama_dik><tahun_lulus>1977</tahun_lulus></pendidikan><pendidikan><nama_dik>SEKOLAH MENENGAH PERTAMA (SMP)</nama_dik><tahun_lulus>1980</tahun_lulus></pendidikan><pendidikan><nama_dik>SEKOLAH MENENGAH ATAS (SMA)</nama_dik><tahun_lulus>1983</tahun_lulus></pendidikan><pendidikan><nama_dik>SGO</nama_dik><tahun_lulus>1984</tahun_lulus></pendidikan><pendidikan><nama_dik>SARJANA (S1)</nama_dik><tahun_lulus>2007</tahun_lulus></pendidikan></pendidikan_umum><pendidikan_pembentukan><pendidikan><nama_dik>SEBA MILSUK</nama_dik><tahun_lulus>1985</tahun_lulus></pendidikan><pendidikan><nama_dik>SUSJURPA MINPERS</nama_dik><tahun_lulus>1985</tahun_lulus></pendidikan><pendidikan><nama_dik>SUS BHS INGGRIS</nama_dik><tahun_lulus>1991</tahun_lulus></pendidikan><pendidikan><nama_dik>SUS SARCAB</nama_dik><tahun_lulus>1999</tahun_lulus></pendidikan><pendidikan><nama_dik>SECAPA REG</nama_dik><tahun_lulus>1999</tahun_lulus></pendidikan><pendidikan><nama_dik>SUS PA MINU HKM</nama_dik><tahun_lulus>2000</tahun_lulus></pendidikan><pendidikan><nama_dik>SUS ADA BARANG  DAN JASA</nama_dik><tahun_lulus>2003</tahun_lulus></pendidikan><pendidikan><nama_dik>TAR SOSIALISASI KEPPRES NO 80</nama_dik><tahun_lulus>2005</tahun_lulus></pendidikan><pendidikan><nama_dik>SEMINAR SEHARI PENERAPAN HUKUM HUMANITER INTERNASIONAL</nama_dik><tahun_lulus>2012</tahun_lulus></pendidikan><pendidikan><nama_dik>WORKSHOP MANAJEMEN PERENCANAAN PROGRAM DAN ANGGARAN BAGI PEJABAT ESELON III DAN IV KEMHAN</nama_dik><tahun_lulus>2012</tahun_lulus></pendidikan><pendidikan><nama_dik>DIKLAT TEKNIS ADMINISTRASI JABATAN PENYUSUN DAN JABATAN SETINGKAT KEMHAN TA. 2013</nama_dik><tahun_lulus>2013</tahun_lulus></pendidikan><pendidikan><nama_dik>JFA AUDITOR PERTAMA</nama_dik><tahun_lulus>2014</tahun_lulus></pendidikan></pendidikan_pembentukan></riwayat_pendidikan><riwayat_penugasan><penugasan><negara>SAUDI ARABIA</negara><tahun>1992</tahun><uraian>PRAMUGARI HAJI</uraian></penugasan><penugasan><negara>SAUDI ARABIA</negara><tahun>1993</tahun><uraian>PRAMUGARI HAJI</uraian></penugasan><penugasan><negara>THAILAND</negara><tahun>2013</tahun><uraian>KUNKER</uraian></penugasan></riwayat_penugasan><riwayat_tanda_jasa><tanda_jasa><nama_tanda_jasa>SATYALANCANA KESETIAAN XVI TAHUN</nama_tanda_jasa><no_skep>SKEP/485/XII/2004</no_skep><tgl_skep>2004-12-22</tgl_skep></tanda_jasa><tanda_jasa><nama_tanda_jasa>SATYALANCANA KESETIAAN VIII TAHUN</nama_tanda_jasa><no_skep>SKEP/486/XII/2004</no_skep><tgl_skep>2004-12-22</tgl_skep></tanda_jasa><tanda_jasa><nama_tanda_jasa>SATYALANCANA KESETIAAN XXIV TAHUN</nama_tanda_jasa><no_skep>KEP/372/XI/2009</no_skep><tgl_skep>2009-11-09</tgl_skep></tanda_jasa><tanda_jasa><nama_tanda_jasa>BINTANG KARTIKA EKA PAKSI NARARYA</nama_tanda_jasa><no_skep>KEPPRES RI NO. 108/TK/TAHUN 2011</no_skep><tgl_skep>2011-01-01</tgl_skep></tanda_jasa></riwayat_tanda_jasa><riwayat_bahasa><bahasa><nama_bahasa>JAWA</nama_bahasa><keterangan>AKTIF</keterangan></bahasa><bahasa><nama_bahasa>SUNDA</nama_bahasa><keterangan>PASIF</keterangan></bahasa><bahasa><nama_bahasa>INGGRIS</nama_bahasa><keterangan>AKTIF</keterangan></bahasa></riwayat_bahasa><riwayat_keluarga><keluarga><nama_keluarga>KARTIKA EKA PUTRI SRI SENA</nama_keluarga><jenis_kelamin>PEREMPUAN</jenis_kelamin><tgl_lahir>1996-05-12</tgl_lahir><hubungan>ANAK</hubungan></keluarga></riwayat_keluarga></personil_kemhan>
