<personil_kemhan><nopeg>92388</nopeg><nip>92388</nip><nrp_nip>92388</nrp_nip><nama>ANTONIUS DARYANTA</nama><tempat_lahir>GUNUNG KIDUL</tempat_lahir><tgl_lahir>1979-10-19</tgl_lahir><jenis_kelamin>LAKI-LAKI</jenis_kelamin><unit_organisasi>U.O. KEMHAN</unit_organisasi><jenis_personil>TNI</jenis_personil><pangkat>KOPTU</pangkat><pangkat_corps>KOPTU ()</pangkat_corps><tmt_pangkat>2013-10-01</tmt_pangkat><angkatan_korps>TNI AL</angkatan_korps><kategori_pangkat>KOPTU</kategori_pangkat><jabatan>PENGEMUDI KARO SUBBAG TU BIRO BAGTALA</jabatan><satker>ROREN SETJEN KEMHAN</satker><kode_jabatan>ANGGOTA</kode_jabatan><tmt_jabatan>2014-12-31</tmt_jabatan><eselon_jabatan>99</eselon_jabatan><kategori>ORGANIK</kategori><tmt_tni>1998-09-15</tmt_tni><tmt_kemhan>2005-11-01</tmt_kemhan><agama>KATHOLIK</agama><file_foto_1>foto/92388.jpg</file_foto_1><file_foto_2>foto/92388.jpg</file_foto_2><riwayat_pangkat><pangkat><pangkat>PRADA</pangkat><tmt_pkt>1998-09-15</tmt_pkt><no_skep>SKEP/1983/IX/1998</no_skep><tgl_skep>1998-09-01</tgl_skep></pangkat><pangkat><pangkat>PRATU</pangkat><tmt_pkt>2001-09-24</tmt_pkt><no_skep>SKEP/1467/IX/2001</no_skep><tgl_skep>2001-09-24</tgl_skep></pangkat><pangkat><pangkat>PRAKA</pangkat><tmt_pkt>2004-09-28</tmt_pkt><no_skep>SKEP/2443/IX/2004</no_skep><tgl_skep>2004-09-01</tgl_skep></pangkat><pangkat><pangkat>KOPDA</pangkat><tmt_pkt>2008-10-01</tmt_pkt><no_skep>KEP/1224/IX/2008</no_skep><tgl_skep>2008-09-22</tgl_skep></pangkat><pangkat><pangkat>KOPTU</pangkat><tmt_pkt>2013-10-01</tmt_pkt><no_skep>KEP/1248/IX/2013</no_skep><tgl_skep>2013-09-23</tgl_skep></pangkat></riwayat_pangkat><riwayat_jabatan><jabatan><jabatan>Pengemudi Dan Denma Seskoal</jabatan><tmt_jab>2004-01-21</tmt_jab><no_skep>SPRIN/17/I/2004</no_skep><tgl_skep>2004-01-21</tgl_skep></jabatan><jabatan><jabatan>TA DEPHAN</jabatan><tmt_jab>2005-10-24</tmt_jab><no_skep>SKEP/406/X/2005</no_skep><tgl_skep>2005-10-25</tgl_skep></jabatan><jabatan><jabatan>TA SUBBAG MINRO BAGLEM ROREN SETJEN DEPHAN</jabatan><tmt_jab>2005-11-01</tmt_jab><no_skep>SKEP/954/XI/2005</no_skep><tgl_skep>2005-11-17</tgl_skep></jabatan><jabatan><jabatan>Anggota Subbag Minro Bag Lem Roren Setjen Dephan</jabatan><tmt_jab>2006-02-01</tmt_jab><no_skep>SPRIN/08/II/2006</no_skep><tgl_skep>2006-02-01</tgl_skep></jabatan><jabatan><jabatan>PENGEMUDI KAROREN SETJEN KEMHAN</jabatan><tmt_jab>2010-06-17</tmt_jab><no_skep>KEP/417/VI/2010</no_skep><tgl_skep>2010-06-24</tgl_skep></jabatan><jabatan><jabatan>PENGEMUDI KARO SUBBAG TU BIRO BAGTALA ROREN SETJEN KEMHAN</jabatan><tmt_jab>2011-04-01</tmt_jab><no_skep>KEP/283/IV/2011</no_skep><tgl_skep>2011-04-19</tgl_skep></jabatan><jabatan><jabatan>PENGEMUDI KARO SUBBAG TU BIRO BAGTALA ROREN SETJEN KEMHAN</jabatan><tmt_jab>2014-12-31</tmt_jab><no_skep>KEP/1485/XII/2014</no_skep><tgl_skep>2014-12-18</tgl_skep></jabatan></riwayat_jabatan><riwayat_pendidikan><pendidikan_umum><pendidikan><nama_dik>SEKOLAH DASAR</nama_dik><tahun_lulus>1992</tahun_lulus></pendidikan><pendidikan><nama_dik>SEKOLAH MENENGAH PERTAMA (SMP)</nama_dik><tahun_lulus>1995</tahun_lulus></pendidikan><pendidikan><nama_dik>SEKOLAH LANJUTAN TINGKAT ATAS (SLTA)</nama_dik><tahun_lulus>2000</tahun_lulus></pendidikan></pendidikan_umum><pendidikan_pembentukan><pendidikan><nama_dik>P-4</nama_dik><tahun_lulus>1998</tahun_lulus></pendidikan><pendidikan><nama_dik>Pembentukan</nama_dik><tahun_lulus>1998</tahun_lulus></pendidikan></pendidikan_pembentukan></riwayat_pendidikan><riwayat_penugasan></riwayat_penugasan><riwayat_tanda_jasa><tanda_jasa><nama_tanda_jasa>SATYALANCANA KESETIAAN VIII TAHUN</nama_tanda_jasa><no_skep>KEP/831/VII/2007</no_skep><tgl_skep>2007-07-06</tgl_skep></tanda_jasa></riwayat_tanda_jasa><riwayat_bahasa><bahasa><nama_bahasa>JAWA</nama_bahasa><keterangan>AKTIF</keterangan></bahasa><bahasa><nama_bahasa>INGGRIS</nama_bahasa><keterangan>PASIF</keterangan></bahasa></riwayat_bahasa><riwayat_keluarga><keluarga><nama_keluarga>FRANSISKA ROMANA SUMARNI</nama_keluarga><jenis_kelamin>PEREMPUAN</jenis_kelamin><tgl_lahir>1976-09-24</tgl_lahir><hubungan>ISTRI</hubungan></keluarga><keluarga><nama_keluarga>EXCELSIUS NAVAL ARBIANTO</nama_keluarga><jenis_kelamin>LAKI-LAKI</jenis_kelamin><tgl_lahir>2003-03-08</tgl_lahir><hubungan>ANAK</hubungan></keluarga></riwayat_keluarga></personil_kemhan>
