<personil_kemhan><nopeg>197001271990032002</nopeg><nip>030206001</nip><nrp_nip>197001271990032002</nrp_nip><nama>SETYANINGRUM RATNAWATI</nama><gelar>S.Sos, M.M.</gelar><tempat_lahir>Jakarta</tempat_lahir><tgl_lahir>1970-01-27</tgl_lahir><jenis_kelamin>PEREMPUAN</jenis_kelamin><unit_organisasi>U.O. KEMHAN</unit_organisasi><jenis_personil>PNS</jenis_personil><pangkat>PENATA TK.I III/D</pangkat><pangkat_corps>PENATA TK.I III/D </pangkat_corps><tmt_pangkat>2011-04-01</tmt_pangkat><angkatan_korps>PNS</angkatan_korps><sumber_pa_gol_3>PENYESUAIAN IJASAH</sumber_pa_gol_3><tmt_pa_gol_3>1999-04-01</tmt_pa_gol_3><kategori_pangkat>III/D</kategori_pangkat><jabatan>KASUBBID PROD BID BRA</jabatan><satker>PUSKOMPUBLIK KEMHAN</satker><kode_jabatan>STRUKTURAL</kode_jabatan><tmt_jabatan>2014-12-31</tmt_jabatan><eselon_jabatan>IV</eselon_jabatan><kategori>ORGANIK</kategori><tmt_tni>1991-09-01</tmt_tni><tmt_kemhan>1990-09-01</tmt_kemhan><agama>ISLAM</agama><file_foto_1>foto/197001271990032002.jpg</file_foto_1><file_foto_2>foto/030206001.jpg</file_foto_2><riwayat_pangkat><pangkat><pangkat>CAPEG II/A</pangkat><tmt_pkt>1990-03-01</tmt_pkt><no_skep>SKEP/791//V/1990</no_skep><tgl_skep>1990-05-05</tgl_skep></pangkat><pangkat><pangkat>PENGATUR MUDA II/A</pangkat><tmt_pkt>1991-09-01</tmt_pkt><no_skep>SKEP/1581/VIII/1991</no_skep><tgl_skep>1991-08-27</tgl_skep></pangkat><pangkat><pangkat>PENGATUR MUDA TK.I  II/B</pangkat><tmt_pkt>1994-04-01</tmt_pkt><no_skep>03-09/00813/KEP/1994</no_skep><tgl_skep>1994-02-15</tgl_skep></pangkat><pangkat><pangkat>PENGATUR II/C</pangkat><tmt_pkt>1998-04-01</tmt_pkt><no_skep>03-09/00004/KEP/IV/1998</no_skep><tgl_skep>1998-03-26</tgl_skep></pangkat><pangkat><pangkat>PENATA MUDA III/A</pangkat><tmt_pkt>1999-04-01</tmt_pkt><no_skep>SKEP/430/V/1999</no_skep><tgl_skep>1999-05-26</tgl_skep></pangkat><pangkat><pangkat>PENATA MUDA TK.I III/B</pangkat><tmt_pkt>2003-04-01</tmt_pkt><no_skep>SKEP/618/V/2003</no_skep><tgl_skep>2003-05-05</tgl_skep></pangkat><pangkat><pangkat>PENATA III/C</pangkat><tmt_pkt>2007-04-01</tmt_pkt><no_skep>SKEP/153/III/2007</no_skep><tgl_skep>2007-03-06</tgl_skep></pangkat><pangkat><pangkat>PENATA TK.I III/D</pangkat><tmt_pkt>2011-04-01</tmt_pkt><no_skep>KEP/225/III/2011</no_skep><tgl_skep>2011-03-31</tgl_skep></pangkat></riwayat_pangkat><riwayat_jabatan><jabatan><jabatan>ANGGOTA RENMINRO ROHUMAS KERMALUGRI SETJEN DEPHANHAN</jabatan><tmt_jab>1990-03-01</tmt_jab><no_skep>SPRIN/42/v/1990/pers</no_skep><tgl_skep>1990-05-30</tgl_skep></jabatan><jabatan><jabatan>PEMB SUBBAG TK III/PUTBRA SUBBAGBRA BAGBRA &amp; PATUM</jabatan><tmt_jab>2000-06-20</tmt_jab><no_skep>SKEP/442/VI/2000</no_skep><tgl_skep>2000-06-20</tgl_skep></jabatan><jabatan><jabatan>PSB TKII/HUBWAN SUBBAGMEDMAS BAGBRA ROHUMAS</jabatan><tmt_jab>2001-03-01</tmt_jab><no_skep>SKEP/260/III/2001</no_skep><tgl_skep>2001-03-22</tgl_skep></jabatan><jabatan><jabatan>AJUN JURU PENERANG MADYA</jabatan><tmt_jab>2001-12-01</tmt_jab><no_skep>SKEP/1041/XII/2001</no_skep><tgl_skep>2001-12-31</tgl_skep></jabatan><jabatan><jabatan>Kasubbag Hubmedmas Bag Bra Rohumas Setjen Dephan</jabatan><tmt_jab>2007-06-01</tmt_jab><no_skep>SKEP/425/V/2007</no_skep><tgl_skep>2007-05-30</tgl_skep></jabatan><jabatan><jabatan>KASUBBID LIPUTPUB BID BRA PUSKOMPUBLIK KEMHAN</jabatan><tmt_jab>2010-09-28</tmt_jab><no_skep>KEP/685/IX/2010</no_skep><tgl_skep>2010-09-28</tgl_skep></jabatan><jabatan><jabatan>KASUBBID PROD BID BRA PUSKOMPUBLIK KEMHAN</jabatan><tmt_jab>2013-06-03</tmt_jab><no_skep>KEP/531/VI/2013</no_skep><tgl_skep>2013-06-05</tgl_skep></jabatan><jabatan><jabatan>KASUBBID PROD BID BRA PUSKOMPUBLIK KEMHAN</jabatan><tmt_jab>2014-12-31</tmt_jab><no_skep>KEP/1508/XII/2014</no_skep><tgl_skep>2014-12-18</tgl_skep></jabatan></riwayat_jabatan><riwayat_pendidikan><pendidikan_umum><pendidikan><nama_dik>SEKOLAH DASAR</nama_dik><tahun_lulus>1983</tahun_lulus></pendidikan><pendidikan><nama_dik>SEKOLAH MENENGAH PERTAMA (SMP)</nama_dik><tahun_lulus>1986</tahun_lulus></pendidikan><pendidikan><nama_dik>SEKOLAH MENENGAH ATAS (SMA)</nama_dik><tahun_lulus>1989</tahun_lulus></pendidikan><pendidikan><nama_dik>SARJANA (S1)</nama_dik><tahun_lulus>1996</tahun_lulus></pendidikan><pendidikan><nama_dik>PASCA SARJANA (S2)</nama_dik><tahun_lulus>2013</tahun_lulus></pendidikan><pendidikan><nama_dik>PASCA SARJANA (S2)</nama_dik><tahun_lulus>2013</tahun_lulus></pendidikan></pendidikan_umum><pendidikan_pembentukan><pendidikan><nama_dik>LATPRAJAB TK II</nama_dik><tahun_lulus>1990</tahun_lulus></pendidikan><pendidikan><nama_dik>ADUM</nama_dik><tahun_lulus>2000</tahun_lulus></pendidikan><pendidikan><nama_dik>SUS MC</nama_dik><tahun_lulus>2001</tahun_lulus></pendidikan><pendidikan><nama_dik>SUS JURNALISTIK</nama_dik><tahun_lulus>2002</tahun_lulus></pendidikan><pendidikan><nama_dik>SUSDASJEMEN</nama_dik><tahun_lulus>2003</tahun_lulus></pendidikan><pendidikan><nama_dik>WORKSHOP ESL. IV GEL. III TGL. 26 s.d. 27 SEP 2007</nama_dik><tahun_lulus>2007</tahun_lulus></pendidikan></pendidikan_pembentukan></riwayat_pendidikan><riwayat_penugasan></riwayat_penugasan><riwayat_tanda_jasa><tanda_jasa><nama_tanda_jasa>SATYALANCANA KARYA SATYA X TAHUN</nama_tanda_jasa><no_skep>KEPPRES/084/TK/THN 2003</no_skep><tgl_skep>2003-10-31</tgl_skep></tanda_jasa><tanda_jasa><nama_tanda_jasa>SATYALANCANA KARYA SATYA XX TAHUN</nama_tanda_jasa><no_skep>KEPPRES/73/TK/THN 2011</no_skep><tgl_skep>2011-08-01</tgl_skep></tanda_jasa></riwayat_tanda_jasa><riwayat_bahasa><bahasa><nama_bahasa>INGGRIS</nama_bahasa><keterangan>PASIF</keterangan></bahasa></riwayat_bahasa><riwayat_keluarga><keluarga><nama_keluarga>ALI AGUSTONO, S.E.</nama_keluarga><jenis_kelamin>LAKI-LAKI</jenis_kelamin><tgl_lahir>1971-01-03</tgl_lahir><hubungan>SUAMI</hubungan></keluarga><keluarga><nama_keluarga>AMARA RHALY NADIRA</nama_keluarga><jenis_kelamin>PEREMPUAN</jenis_kelamin><tgl_lahir>2004-03-03</tgl_lahir><hubungan>ANAK</hubungan></keluarga></riwayat_keluarga></personil_kemhan>
