<personil_kemhan><nopeg>196710051991031001</nopeg><nip>030211968</nip><nrp_nip>196710051991031001</nrp_nip><nama>PUJI SANDIKA</nama><tempat_lahir>Pasuruan</tempat_lahir><tgl_lahir>1967-10-05</tgl_lahir><jenis_kelamin>LAKI-LAKI</jenis_kelamin><unit_organisasi>U.O. KEMHAN</unit_organisasi><jenis_personil>PNS</jenis_personil><pangkat>PENATA MUDA TK.I III/B</pangkat><pangkat_corps>PENATA MUDA TK.I III/B </pangkat_corps><tmt_pangkat>2013-04-01</tmt_pangkat><angkatan_korps>PNS</angkatan_korps><sumber_pa_gol_3>UJIAN DINAS</sumber_pa_gol_3><kategori_pangkat>III/B</kategori_pangkat><jabatan>PENGOLAH BAHAN KERUMAH TANGGAAN SUBBAG RUMGA BAGUM</jabatan><satker>SET BALITBANG KEMHAN</satker><kode_jabatan>ANGGOTA</kode_jabatan><tmt_jabatan>2014-12-31</tmt_jabatan><eselon_jabatan>99</eselon_jabatan><kategori>ORGANIK</kategori><tmt_tni>1992-08-01</tmt_tni><agama>ISLAM</agama><file_foto_1>foto/196710051991031001.jpg</file_foto_1><file_foto_2>foto/030211968.jpg</file_foto_2><riwayat_pangkat><pangkat><pangkat>CAPEG II/A</pangkat><tmt_pkt>1991-03-01</tmt_pkt><no_skep>Skep/683/V/1991</no_skep><tgl_skep>00000-00-00</tgl_skep></pangkat><pangkat><pangkat>PENGATUR MUDA II/A</pangkat><tmt_pkt>1992-08-01</tmt_pkt><no_skep>Skep/972/VIII/1992</no_skep><tgl_skep>1992-08-01</tgl_skep></pangkat><pangkat><pangkat>PENGATUR MUDA TK.I  II/B</pangkat><tmt_pkt>1995-10-01</tmt_pkt><no_skep>03-09/00009/Kep//X/1995</no_skep><tgl_skep>00000-00-00</tgl_skep></pangkat><pangkat><pangkat>PENGATUR II/C</pangkat><tmt_pkt>2000-10-01</tmt_pkt><no_skep>03-09.00/012/Kep/X/2000</no_skep><tgl_skep>2000-10-01</tgl_skep></pangkat><pangkat><pangkat>PENGATUR TK.I II/D</pangkat><tmt_pkt>2004-10-01</tmt_pkt><no_skep>Skep/550/VIII/2004</no_skep><tgl_skep>00000-00-00</tgl_skep></pangkat><pangkat><pangkat>PENATA MUDA III/A</pangkat><tmt_pkt>2009-04-01</tmt_pkt><no_skep>KEP MENHAN NOMOR : KEP/34/III/2009</no_skep><tgl_skep>2009-04-01</tgl_skep></pangkat><pangkat><pangkat>PENATA MUDA TK.I III/B</pangkat><tmt_pkt>2013-04-01</tmt_pkt><no_skep>KEP/272/III/2013</no_skep><tgl_skep>2013-04-26</tgl_skep></pangkat></riwayat_pangkat><riwayat_jabatan><jabatan><jabatan>ANGGOTA SATKAM SUBBAGURDAL BAGRUMGA ROUM SETJEN DH</jabatan><tmt_jab>1899-12-30</tmt_jab><tgl_skep>1899-12-30</tgl_skep></jabatan><jabatan><jabatan>Anggota Subbag Pampersmat Bagpam Roum Setjen Dephan</jabatan><tmt_jab>2000-10-01</tmt_jab><tgl_skep>2000-10-01</tgl_skep></jabatan><jabatan><jabatan>TURKAMKAN SUBBAGPAMKAN BAGPAM</jabatan><tmt_jab>2001-03-01</tmt_jab><no_skep>SKEP/305/IV/2001</no_skep><tgl_skep>2001-04-03</tgl_skep></jabatan><jabatan><jabatan>Anggota Satkam Bagpam Roum Setjen Dephan</jabatan><tmt_jab>2007-02-01</tmt_jab><no_skep>Skep/152/III/2007</no_skep><tgl_skep>2007-03-06</tgl_skep></jabatan><jabatan><jabatan>Pengaman Subbagpampersmat Bagpam</jabatan><tmt_jab>2010-07-27</tmt_jab><no_skep>KEP/553/VII/2010</no_skep><tgl_skep>2010-07-28</tgl_skep></jabatan><jabatan><jabatan>PENGADMINISTRASI SUBBAGRUMGA BAGUM SET BALITBANG KEMHAN</jabatan><tmt_jab>2012-02-01</tmt_jab><no_skep>KEP/66/II/2012</no_skep><tgl_skep>2012-02-02</tgl_skep></jabatan><jabatan><jabatan>PENGOLAH BMN SUBBAG RUMGA BAGUM SET BALITBANG KEMHAN</jabatan><tmt_jab>2013-10-31</tmt_jab><no_skep>KEP/1109/X/2013</no_skep><tgl_skep>2013-10-31</tgl_skep></jabatan><jabatan><jabatan>PENGOLAH BAHAN KERUMAH TANGGAAN SUBBAG RUMGA BAGUM SET BALITBANG KEMHAN</jabatan><tmt_jab>2014-12-31</tmt_jab><no_skep>KEP/1508/XII/2014</no_skep><tgl_skep>2014-12-18</tgl_skep></jabatan></riwayat_jabatan><riwayat_pendidikan><pendidikan_umum><pendidikan><nama_dik>SEKOLAH DASAR</nama_dik><tahun_lulus>0</tahun_lulus></pendidikan><pendidikan><nama_dik>SEKOLAH LANJUTAN TINGKAT PERTAMA (SLTP)</nama_dik><tahun_lulus>0</tahun_lulus></pendidikan><pendidikan><nama_dik>SEKOLAH LANJUTAN TINGKAT ATAS (SLTA)</nama_dik><tahun_lulus>0</tahun_lulus></pendidikan></pendidikan_umum><pendidikan_pembentukan><pendidikan><nama_dik>Su Operator Komputer Mikros</nama_dik><tahun_lulus>1993</tahun_lulus></pendidikan><pendidikan><nama_dik>Operator Komputer</nama_dik><tahun_lulus>1995</tahun_lulus></pendidikan><pendidikan><nama_dik>Diklat Satkam</nama_dik><tahun_lulus>2000</tahun_lulus></pendidikan><pendidikan><nama_dik>UJIAN DINAS TK. I</nama_dik><tahun_lulus>2008</tahun_lulus></pendidikan></pendidikan_pembentukan></riwayat_pendidikan><riwayat_penugasan></riwayat_penugasan><riwayat_tanda_jasa><tanda_jasa><nama_tanda_jasa>SATYALANCANA KARYA SATYA X TAHUN</nama_tanda_jasa><no_skep>KEPRES RI NOMOR 022/TK/TAHUN 2008</no_skep><tgl_skep>2008-06-24</tgl_skep></tanda_jasa></riwayat_tanda_jasa><riwayat_bahasa><bahasa><nama_bahasa>JAWA</nama_bahasa><keterangan>AKTIF</keterangan></bahasa><bahasa><nama_bahasa>INDONESIA</nama_bahasa><keterangan>AKTIF</keterangan></bahasa></riwayat_bahasa><riwayat_keluarga><keluarga><nama_keluarga>ARTANTI KUSUMAWIDYASTUTI</nama_keluarga><jenis_kelamin>PEREMPUAN</jenis_kelamin><tgl_lahir>1976-09-15</tgl_lahir><hubungan>ISTRI</hubungan></keluarga><keluarga><nama_keluarga>KAZANGGA ALGIANSAKA</nama_keluarga><jenis_kelamin>LAKI-LAKI</jenis_kelamin><tgl_lahir>1996-05-20</tgl_lahir><hubungan>ANAK</hubungan></keluarga><keluarga><nama_keluarga>Bagus Sandika Yusaka</nama_keluarga><jenis_kelamin>LAKI-LAKI</jenis_kelamin><tgl_lahir>2006-06-06</tgl_lahir><hubungan>ANAK</hubungan></keluarga></riwayat_keluarga></personil_kemhan>
