<personil_kemhan><nopeg>197712072001121001</nopeg><nip>030245365</nip><nrp_nip>197712072001121001</nrp_nip><nama>ALI SUGIYANTO</nama><tempat_lahir>Jember</tempat_lahir><tgl_lahir>1977-12-07</tgl_lahir><jenis_kelamin>LAKI-LAKI</jenis_kelamin><unit_organisasi>U.O. KEMHAN</unit_organisasi><jenis_personil>PNS</jenis_personil><pangkat>PENGATUR TK.I II/D</pangkat><pangkat_corps>PENGATUR TK.I II/D </pangkat_corps><tmt_pangkat>2014-04-01</tmt_pangkat><angkatan_korps>PNS</angkatan_korps><kategori_pangkat>II/C</kategori_pangkat><jabatan>KURIR</jabatan><satker>UNHAN KEMHAN</satker><kode_jabatan>ANGGOTA</kode_jabatan><tmt_jabatan>2014-01-01</tmt_jabatan><eselon_jabatan>99</eselon_jabatan><kategori>ORGANIK</kategori><tmt_tni>2001-08-01</tmt_tni><tmt_kemhan>2001-12-01</tmt_kemhan><agama>ISLAM</agama><file_foto_1>foto/197712072001121001.jpg</file_foto_1><file_foto_2>foto/030245365.jpg</file_foto_2><riwayat_pangkat><pangkat><pangkat>CAPEG II/A</pangkat><tmt_pkt>2001-12-01</tmt_pkt><no_skep>Skep/676/V/2002</no_skep><tgl_skep>2002-05-31</tgl_skep></pangkat><pangkat><pangkat>PENGATUR MUDA II/A</pangkat><tmt_pkt>2003-07-01</tmt_pkt><no_skep>Skep/1237/VII/2003</no_skep><tgl_skep>2003-07-18</tgl_skep></pangkat><pangkat><pangkat>PENGATUR MUDA TK.I  II/B</pangkat><tmt_pkt>2006-04-01</tmt_pkt><no_skep>Skep/156/III/2006</no_skep><tgl_skep>2006-03-09</tgl_skep></pangkat><pangkat><pangkat>PENGATUR II/C</pangkat><tmt_pkt>2010-04-01</tmt_pkt><no_skep>KEP/153/III/2010</no_skep><tgl_skep>2010-03-12</tgl_skep></pangkat><pangkat><pangkat>PENGATUR TK.I II/D</pangkat><tmt_pkt>2014-04-01</tmt_pkt><no_skep>SPRIN/273/III/2014</no_skep><tgl_skep>2014-03-27</tgl_skep></pangkat></riwayat_pangkat><riwayat_jabatan><jabatan><jabatan>Anggota Bagren Ro. Ortala Setjen Dephan</jabatan><tmt_jab>2002-08-01</tmt_jab><no_skep>Sprin/82/VIII/2002</no_skep><tgl_skep>2002-08-01</tgl_skep></jabatan><jabatan><jabatan>Anggota Subbag Dalprogjagar Bagren Ro. Ortala Setjen Dephan</jabatan><tmt_jab>2002-08-05</tmt_jab><no_skep>Sprin/67/VIII/2002</no_skep><tgl_skep>2002-08-05</tgl_skep></jabatan><jabatan><jabatan>Pengemudi Bagren Ro. Ortala Setjen Dephan</jabatan><tmt_jab>2005-06-01</tmt_jab><no_skep>Skep/454/VI/2005</no_skep><tgl_skep>2005-06-06</tgl_skep></jabatan><jabatan><jabatan>Anggota Subbag Minro Bag Lem Roren Setjen Dephan</jabatan><tmt_jab>2006-02-01</tmt_jab><no_skep>Skep/91/II/2006</no_skep><tgl_skep>2006-02-23</tgl_skep></jabatan><jabatan><jabatan>PETUGAS PERGUDANGAN SUBBAG MINRO BAGLEM ROREN SETJEN KEMHAN</jabatan><tmt_jab>2010-06-17</tmt_jab><no_skep>KEP/417/VI/2010</no_skep><tgl_skep>2010-06-24</tgl_skep></jabatan><jabatan><jabatan>AGENDARIS SUBBAG TU BIRO BAGTALA ROREN SETJEN KEMHAN</jabatan><tmt_jab>2011-04-01</tmt_jab><no_skep>KEP/283/IV/2011</no_skep><tgl_skep>2011-04-19</tgl_skep></jabatan><jabatan><jabatan>ANGGOTA</jabatan><tmt_jab>2013-11-30</tmt_jab><tgl_skep>2013-11-30</tgl_skep></jabatan><jabatan><jabatan>KURIR UNHAN KEMHAN</jabatan><tmt_jab>2014-01-01</tmt_jab><no_skep>KEP/</no_skep><tgl_skep>2014-01-01</tgl_skep></jabatan></riwayat_jabatan><riwayat_pendidikan><pendidikan_umum><pendidikan><nama_dik>SEKOLAH DASAR</nama_dik><tahun_lulus>1992</tahun_lulus></pendidikan><pendidikan><nama_dik>SEKOLAH LANJUTAN TINGKAT PERTAMA (SLTP)</nama_dik><tahun_lulus>1995</tahun_lulus></pendidikan><pendidikan><nama_dik>SEKOLAH LANJUTAN TINGKAT ATAS (SLTA)</nama_dik><tahun_lulus>1997</tahun_lulus></pendidikan><pendidikan><nama_dik>SEKOLAH LANJUTAN TINGKAT ATAS (SLTA)</nama_dik><tahun_lulus>1998</tahun_lulus></pendidikan></pendidikan_umum><pendidikan_pembentukan><pendidikan><nama_dik>Latprajab</nama_dik><tahun_lulus>2003</tahun_lulus></pendidikan><pendidikan><nama_dik>OPERATOR KOMPUTER GEL. II KEMHAN</nama_dik><tahun_lulus>2012</tahun_lulus></pendidikan><pendidikan><nama_dik>PENDIDIKAN DAN PELATIHAN BELA NEGARA</nama_dik><tahun_lulus>2013</tahun_lulus></pendidikan></pendidikan_pembentukan></riwayat_pendidikan><riwayat_penugasan></riwayat_penugasan><riwayat_tanda_jasa></riwayat_tanda_jasa><riwayat_bahasa><bahasa><nama_bahasa>JAWA</nama_bahasa><keterangan>AKTIF</keterangan></bahasa><bahasa><nama_bahasa>INGGRIS</nama_bahasa><keterangan>PASIF</keterangan></bahasa></riwayat_bahasa><riwayat_keluarga><keluarga><nama_keluarga>Wiwik Arjuni Wati</nama_keluarga><jenis_kelamin>PEREMPUAN</jenis_kelamin><tgl_lahir>1982-11-10</tgl_lahir><hubungan>ISTRI</hubungan></keluarga><keluarga><nama_keluarga>Febriana Putri Giyanto</nama_keluarga><jenis_kelamin>PEREMPUAN</jenis_kelamin><tgl_lahir>2002-02-15</tgl_lahir><hubungan>ANAK</hubungan></keluarga><keluarga><nama_keluarga>Tiara Dwi Pratiwi</nama_keluarga><jenis_kelamin>PEREMPUAN</jenis_kelamin><tgl_lahir>2006-12-25</tgl_lahir><hubungan>ANAK</hubungan></keluarga><keluarga><nama_keluarga>Atika Nur Aizah Putri</nama_keluarga><jenis_kelamin>PEREMPUAN</jenis_kelamin><tgl_lahir>2011-04-29</tgl_lahir><hubungan>ANAK</hubungan></keluarga></riwayat_keluarga></personil_kemhan>
