<personil_kemhan><nopeg>196309091998031001</nopeg><nip>030241373</nip><nrp_nip>196309091998031001</nrp_nip><nama>SUKARDI</nama><gelar>S.H.</gelar><tempat_lahir>Sukoharjo</tempat_lahir><tgl_lahir>1963-09-09</tgl_lahir><jenis_kelamin>LAKI-LAKI</jenis_kelamin><unit_organisasi>U.O. KEMHAN</unit_organisasi><jenis_personil>PNS</jenis_personil><pangkat>PENATA TK.I III/D</pangkat><pangkat_corps>PENATA TK.I III/D </pangkat_corps><tmt_pangkat>2010-04-01</tmt_pangkat><angkatan_korps>PNS</angkatan_korps><sumber_pa_gol_3>CAPEG SARJANA</sumber_pa_gol_3><kategori_pangkat>III/D</kategori_pangkat><jabatan>KASUBBAG EVLAP LUHKUM BAGLUHKUM</jabatan><satker>ROKUM SETJEN KEMHAN</satker><kode_jabatan>STRUKTURAL</kode_jabatan><tmt_jabatan>2014-12-31</tmt_jabatan><eselon_jabatan>IV</eselon_jabatan><kategori>ORGANIK</kategori><tmt_tni>1999-10-01</tmt_tni><tmt_kemhan>1998-03-01</tmt_kemhan><agama>ISLAM</agama><file_foto_1>foto/196309091998031001.jpg</file_foto_1><file_foto_2>foto/030241373.jpg</file_foto_2><riwayat_pangkat><pangkat><pangkat>CAPEG III/A</pangkat><tmt_pkt>1998-03-01</tmt_pkt><no_skep>SKEP/1068/IX/1998</no_skep><tgl_skep>1998-09-09</tgl_skep></pangkat><pangkat><pangkat>PENATA MUDA III/A</pangkat><tmt_pkt>1999-10-01</tmt_pkt><no_skep>SKEP/997/VIII/1999</no_skep><tgl_skep>1999-08-23</tgl_skep></pangkat><pangkat><pangkat>PENATA MUDA TK.I III/B</pangkat><tmt_pkt>2002-04-01</tmt_pkt><no_skep>SKEP/1874/XII/2002</no_skep><tgl_skep>2002-12-31</tgl_skep></pangkat><pangkat><pangkat>PENATA III/C</pangkat><tmt_pkt>2006-04-01</tmt_pkt><no_skep>SKEP/118/II/2006</no_skep><tgl_skep>2006-02-28</tgl_skep></pangkat><pangkat><pangkat>PENATA TK.I III/D</pangkat><tmt_pkt>2010-04-01</tmt_pkt><no_skep>KEP/168/III/2010</no_skep><tgl_skep>2010-03-17</tgl_skep></pangkat></riwayat_pangkat><riwayat_jabatan><jabatan><jabatan>ANGGOTA BIRO HUKUM SETJEN DEPHANKAM</jabatan><tmt_jab>1998-07-22</tmt_jab><no_skep>SPRIN/707/VII/1998</no_skep><tgl_skep>1998-07-22</tgl_skep></jabatan><jabatan><jabatan>ANGGOTA SUBBAG BANKUM BAG YANKUM ROKUM</jabatan><tmt_jab>2001-03-01</tmt_jab><no_skep>SKEP/303/IV/2001</no_skep><tgl_skep>2001-04-03</tgl_skep></jabatan><jabatan><jabatan>ANGGOTA BAG UNDANG ROKUM</jabatan><tmt_jab>2003-01-29</tmt_jab><no_skep>SPRIN/04/I/2003</no_skep><tgl_skep>2003-01-29</tgl_skep></jabatan><jabatan><jabatan>ANGGOTA SUBBAG KUMHUMANITER BAG KUMINT</jabatan><tmt_jab>2006-04-11</tmt_jab><no_skep>SPRIN/27/IV/2006</no_skep><tgl_skep>2006-04-11</tgl_skep></jabatan><jabatan><jabatan>Anggota Subbag Kumorgint Bag Kumint Biro Hukum Setjen Dephan</jabatan><tmt_jab>2007-09-01</tmt_jab><no_skep>SKEP/735/IX/2007</no_skep><tgl_skep>2007-09-20</tgl_skep></jabatan><jabatan><jabatan>Anggota Subbag Minro Bag Yankum Rohukum Setjen Dephan</jabatan><tmt_jab>2008-10-13</tmt_jab><no_skep>SKEP/533/X/2008</no_skep><tgl_skep>2008-10-27</tgl_skep></jabatan><jabatan><jabatan>Kasubbag Kumaniter Bag Kumint Rohukum Setjen Dephan</jabatan><tmt_jab>2009-09-29</tmt_jab><no_skep>KEP/176/IX/2009</no_skep><tgl_skep>2009-09-29</tgl_skep></jabatan><jabatan><jabatan>Anggota Subbag Minro Bag Yankum Rohukum Setjen Dephan</jabatan><tmt_jab>2010-03-05</tmt_jab><no_skep>KEP/128/III/2010</no_skep><tgl_skep>2010-03-04</tgl_skep></jabatan><jabatan><jabatan>PENYUSUN ADM. KEPEGAWAIAN SUBBAG MINRO BAG YANKUM ROKUM SETJEN KEMHAN</jabatan><tmt_jab>2010-05-24</tmt_jab><no_skep>KEP/348/V/2010</no_skep><tgl_skep>2010-05-26</tgl_skep></jabatan><jabatan><jabatan>KASUBBAG PERJANJIAN BAG YANKUM ROKUM SETJEN KEMHAN</jabatan><tmt_jab>2010-09-28</tmt_jab><no_skep>KEP/681/IX/2010</no_skep><tgl_skep>2010-09-28</tgl_skep></jabatan><jabatan><jabatan>KASUBBAG BAKUM BAG YANKUM ROKUM SETJEN KEMHAN</jabatan><tmt_jab>2013-06-03</tmt_jab><no_skep>KEP/531/VI/2013</no_skep><tgl_skep>2013-06-05</tgl_skep></jabatan><jabatan><jabatan>KASUBBAG LUHKUM PRIVAT BAG LUHKUM ROKUM SETJEN KEMHAN</jabatan><tmt_jab>2014-02-10</tmt_jab><no_skep>KEP/201/II/2014</no_skep><tgl_skep>2014-02-26</tgl_skep></jabatan><jabatan><jabatan>KASUBBAG EVLAP LUHKUM BAGLUHKUM ROKUM SETJEN KEMHAN</jabatan><tmt_jab>2014-12-31</tmt_jab><no_skep>KEP/1483/XII/2014</no_skep><tgl_skep>2014-12-18</tgl_skep></jabatan></riwayat_jabatan><riwayat_pendidikan><pendidikan_umum><pendidikan><nama_dik>SEKOLAH DASAR</nama_dik><tahun_lulus>1976</tahun_lulus></pendidikan><pendidikan><nama_dik>SEKOLAH LANJUTAN TINGKAT PERTAMA (SLTP)</nama_dik><tahun_lulus>1980</tahun_lulus></pendidikan><pendidikan><nama_dik>SEKOLAH LANJUTAN TINGKAT ATAS (SLTA)</nama_dik><tahun_lulus>1983</tahun_lulus></pendidikan><pendidikan><nama_dik>SARJANA (S1)</nama_dik><tahun_lulus>1992</tahun_lulus></pendidikan></pendidikan_umum><pendidikan_pembentukan><pendidikan><nama_dik>LATPRAJAB TK.III</nama_dik><tahun_lulus>1998</tahun_lulus></pendidikan><pendidikan><nama_dik>SUS KAT PAM SISINFO</nama_dik><tahun_lulus>1999</tahun_lulus></pendidikan><pendidikan><nama_dik>SUS PA MINU DEPHAN</nama_dik><tahun_lulus>2001</tahun_lulus></pendidikan><pendidikan><nama_dik>DIKLAT BENDAHARAWAN PENGELUARAN DEPKU</nama_dik><tahun_lulus>2001</tahun_lulus></pendidikan><pendidikan><nama_dik>SUS BA MINU DEPHAN</nama_dik><tahun_lulus>2001</tahun_lulus></pendidikan><pendidikan><nama_dik>DIK LAT PIM TK IV</nama_dik><tahun_lulus>2002</tahun_lulus></pendidikan><pendidikan><nama_dik>SUS SITUS WEB</nama_dik><tahun_lulus>2003</tahun_lulus></pendidikan><pendidikan><nama_dik>TAR PENGADAAN BARANG DAN JASA</nama_dik><tahun_lulus>2008</tahun_lulus></pendidikan><pendidikan><nama_dik>DIKLAT PERANCANG PERATURAN PERUNDANG UNDANGAN KUMH</nama_dik><tahun_lulus>2010</tahun_lulus></pendidikan><pendidikan><nama_dik>WORKSHOP ESELON IV  &quot;SISTEM PERTAHANAN NEGARA&quot;</nama_dik><tahun_lulus>2010</tahun_lulus></pendidikan><pendidikan><nama_dik>PELATIHAN ESELON IV &apos;GOOD GOVERNANCE &amp; PUBLIC POLI</nama_dik><tahun_lulus>2011</tahun_lulus></pendidikan><pendidikan><nama_dik>PELATIHAN PENGEMBANGAN KAPASITAS SDM BID BARJAS PE</nama_dik><tahun_lulus>2011</tahun_lulus></pendidikan><pendidikan><nama_dik>AHLI PENGADAAN NASIONAL</nama_dik><tahun_lulus>2013</tahun_lulus></pendidikan><pendidikan><nama_dik>DIKLAT FUNGSIONAL ANALIS KEBIJAKAN HANNEG</nama_dik><tahun_lulus>2014</tahun_lulus></pendidikan><pendidikan><nama_dik>workshop pengembangan kompetensi kepemimpinan Jab Es. IV</nama_dik><tahun_lulus>2015</tahun_lulus></pendidikan><pendidikan><nama_dik>Pelatihan LPSE U.O Kemhan</nama_dik><tahun_lulus>2015</tahun_lulus></pendidikan></pendidikan_pembentukan></riwayat_pendidikan><riwayat_penugasan></riwayat_penugasan><riwayat_tanda_jasa><tanda_jasa><nama_tanda_jasa>SATYALANCANA KARYA SATYA X TAHUN</nama_tanda_jasa><no_skep>KEPPRES RI NOMOR 022/TK/TAHUN 2008</no_skep><tgl_skep>2008-06-24</tgl_skep></tanda_jasa></riwayat_tanda_jasa><riwayat_bahasa><bahasa><nama_bahasa>JAWA</nama_bahasa><keterangan>AKTIF</keterangan></bahasa><bahasa><nama_bahasa>SUNDA</nama_bahasa><keterangan>AKTIF</keterangan></bahasa><bahasa><nama_bahasa>INDONESIA</nama_bahasa><keterangan>AKTIF</keterangan></bahasa></riwayat_bahasa><riwayat_keluarga><keluarga><nama_keluarga>WAHYUNINGSIH</nama_keluarga><jenis_kelamin>PEREMPUAN</jenis_kelamin><tgl_lahir>1977-02-04</tgl_lahir><hubungan>ISTRI</hubungan></keluarga><keluarga><nama_keluarga>YASHINTA ARIYANTI</nama_keluarga><jenis_kelamin>PEREMPUAN</jenis_kelamin><tgl_lahir>2001-01-11</tgl_lahir><hubungan>ANAK</hubungan></keluarga><keluarga><nama_keluarga>ALIF WISHANG RAMADHAN</nama_keluarga><jenis_kelamin>LAKI-LAKI</jenis_kelamin><tgl_lahir>2007-09-15</tgl_lahir><hubungan>ANAK</hubungan></keluarga></riwayat_keluarga></personil_kemhan>
