<personil_kemhan><nopeg>196101111988032001</nopeg><nip>030194850</nip><nrp_nip>196101111988032001</nrp_nip><nama>Alexandra Deccaria Radarwati</nama><gelar>S.H., M.M.</gelar><tempat_lahir>BANDUNG</tempat_lahir><tgl_lahir>1961-01-11</tgl_lahir><jenis_kelamin>PEREMPUAN</jenis_kelamin><unit_organisasi>U.O. KEMHAN</unit_organisasi><jenis_personil>PNS</jenis_personil><pangkat>PEMBINA IV/A</pangkat><pangkat_corps>PEMBINA IV/A </pangkat_corps><tmt_pangkat>2008-04-01</tmt_pangkat><angkatan_korps>PNS</angkatan_korps><sumber_pa_gol_3>CAPEG SARJANA</sumber_pa_gol_3><tmt_pa_gol_3>1989-11-01</tmt_pa_gol_3><kategori_pangkat>IV/A</kategori_pangkat><jabatan>KASI WARGA NEGARA SUBDIT SDM </jabatan><satker>DIT KOMDUK DITJEN POTHAN KEMHAN</satker><kode_jabatan>FUNGSIONAL</kode_jabatan><tmt_jabatan>2015-11-20</tmt_jabatan><eselon_jabatan>IV</eselon_jabatan><kategori>ORGANIK</kategori><tmt_tni>1989-11-01</tmt_tni><tmt_kemhan>1988-03-01</tmt_kemhan><agama>PROTESTAN</agama><file_foto_1>foto/196101111988032001.jpg</file_foto_1><file_foto_2>foto/030194850.jpg</file_foto_2><riwayat_pangkat><pangkat><pangkat>CAPEG III/A</pangkat><tmt_pkt>1988-03-01</tmt_pkt><no_skep>SKEP/799/V/1988</no_skep><tgl_skep>00000-00-00</tgl_skep></pangkat><pangkat><pangkat>PENATA MUDA III/A</pangkat><tmt_pkt>1989-11-01</tmt_pkt><no_skep>SKEP/1846/X/1989</no_skep><tgl_skep>1989-10-31</tgl_skep></pangkat><pangkat><pangkat>PENATA MUDA TK.I III/B</pangkat><tmt_pkt>1992-04-01</tmt_pkt><no_skep>SKEP/699/VI/1992</no_skep><tgl_skep>1992-06-13</tgl_skep></pangkat><pangkat><pangkat>PENATA III/C</pangkat><tmt_pkt>1996-04-01</tmt_pkt><no_skep>SKEP/572/VI/1996</no_skep><tgl_skep>1996-06-19</tgl_skep></pangkat><pangkat><pangkat>PENATA TK.I III/D</pangkat><tmt_pkt>2000-04-01</tmt_pkt><no_skep>SKEP/476/VI/2000</no_skep><tgl_skep>2000-06-27</tgl_skep></pangkat><pangkat><pangkat>PEMBINA IV/A</pangkat><tmt_pkt>2008-04-01</tmt_pkt><no_skep>SKEP/127/III/2008</no_skep><tgl_skep>2008-03-04</tgl_skep></pangkat></riwayat_pangkat><riwayat_jabatan><jabatan><jabatan>PEMB KAUR TK.I/ HUMAS  PUSKOP SETJEN KEMHAN</jabatan><tmt_jab>1994-10-01</tmt_jab><no_skep>SKEP/ 1514/X/1994</no_skep><tgl_skep>1994-10-04</tgl_skep></jabatan><jabatan><jabatan>KAUR HUKUM/HUMAS SIUM PUSKOP PUSKOP SETJEN KEMHAN</jabatan><tmt_jab>1997-10-01</tmt_jab><no_skep>SKEP/489/1997</no_skep><tgl_skep>1997-04-25</tgl_skep></jabatan><jabatan><jabatan>PEMB SUBBAG TKI/LAPBUK SUBBIDBUKKU BIDMINKU BIDMINKU PUSKU</jabatan><tmt_jab>2001-03-01</tmt_jab><no_skep>SKEP/299/IV/2001</no_skep><tgl_skep>2001-04-03</tgl_skep></jabatan><jabatan><jabatan>KASUBBAG DOK AGBITAKA ROHUMAS SETJEN DEPHAN</jabatan><tmt_jab>2001-05-01</tmt_jab><no_skep>SKEP/363/VI/2001</no_skep><tgl_skep>2001-05-10</tgl_skep></jabatan><jabatan><jabatan>KASUBBAG PUSTAKA BAGDDOBIDTAKA ROHUMAS SETJEN DEPHAN</jabatan><tmt_jab>2006-06-22</tmt_jab><no_skep>SKEP/441/VI/2006</no_skep><tgl_skep>2006-06-01</tgl_skep></jabatan><jabatan><jabatan>Kasi Min SDA Subdit Inventarisasi Dit Pot SDAB Ditjen Pothan Dephan</jabatan><tmt_jab>2007-04-01</tmt_jab><no_skep>SKEP/297/IV/2007</no_skep><tgl_skep>2007-04-13</tgl_skep></jabatan><jabatan><jabatan>KASI SARPRAS MATUD SUBDIT SARPRAS DIT KOMDUK DITJEN POTHAN KEMHAN</jabatan><tmt_jab>2010-09-28</tmt_jab><no_skep>Kep Menhan Nomor : KEP/683/IX/2010</no_skep><tgl_skep>2010-09-28</tgl_skep></jabatan><jabatan><jabatan>KASI  LOGWIL SUBDIT SDAB DIT KOMDUK DITJEN POTHAN KEMHAN</jabatan><tmt_jab>2012-08-01</tmt_jab><no_skep>KEP/606/VII/2012</no_skep><tgl_skep>2012-07-27</tgl_skep></jabatan><jabatan><jabatan>KASI  LOGWIL SUBDIT SDAB DIT KOMDUK DITJEN POTHAN KEMHAN</jabatan><tmt_jab>2014-12-31</tmt_jab><no_skep>KEP/1497/XII/2014</no_skep><tgl_skep>2014-12-18</tgl_skep></jabatan><jabatan><jabatan>KASI WARGA NEGARA SUBDIT SDM  DIT KOMDUK DITJEN POTHAN KEMHAN</jabatan><tmt_jab>2015-11-20</tmt_jab><no_skep>SPRIN/1774/XII/2015</no_skep><tgl_skep>2015-12-16</tgl_skep></jabatan></riwayat_jabatan><riwayat_pendidikan><pendidikan_umum><pendidikan><nama_dik>SEKOLAH DASAR</nama_dik><tahun_lulus>1973</tahun_lulus></pendidikan><pendidikan><nama_dik>SEKOLAH LANJUTAN TINGKAT PERTAMA (SLTP)</nama_dik><tahun_lulus>1976</tahun_lulus></pendidikan><pendidikan><nama_dik>SEKOLAH LANJUTAN TINGKAT ATAS (SLTA)</nama_dik><tahun_lulus>1980</tahun_lulus></pendidikan><pendidikan><nama_dik>SARJANA (S1)</nama_dik><tahun_lulus>1986</tahun_lulus></pendidikan><pendidikan><nama_dik>PASCA SARJANA (S2)</nama_dik><tahun_lulus>2003</tahun_lulus></pendidikan></pendidikan_umum><pendidikan_pembentukan><pendidikan><nama_dik>LATPRAJAB TK. III</nama_dik><tahun_lulus>1988</tahun_lulus></pendidikan><pendidikan><nama_dik>ADUM</nama_dik><tahun_lulus>1999</tahun_lulus></pendidikan><pendidikan><nama_dik>SPAMA</nama_dik><tahun_lulus>2000</tahun_lulus></pendidikan><pendidikan><nama_dik>JURNALIS INSENTIF </nama_dik><tahun_lulus>2002</tahun_lulus></pendidikan><pendidikan><nama_dik>SUSKAT MANAJEMEN SYSTEM APPROACH FOR DECISION MAKINT</nama_dik><tahun_lulus>2002</tahun_lulus></pendidikan><pendidikan><nama_dik>JURNALIS INSENTIF </nama_dik><tahun_lulus>2002</tahun_lulus></pendidikan><pendidikan><nama_dik>SUSKAT MANAJEMEN SOCIAL MARKETING AND PUBLIC RELATION</nama_dik><tahun_lulus>2002</tahun_lulus></pendidikan><pendidikan><nama_dik>INTELEJEN SEBAGAI ILMU PENGETAHUAN ABAD 21</nama_dik><tahun_lulus>2003</tahun_lulus></pendidikan><pendidikan><nama_dik>WORKSHOPSIST HANNEG ESELON IV GELOMBANG III</nama_dik><tahun_lulus>2007</tahun_lulus></pendidikan><pendidikan><nama_dik>WORKSHOP ESL. IV GEL. V TGL. 3 s.d. 4 OKT</nama_dik><tahun_lulus>2007</tahun_lulus></pendidikan><pendidikan><nama_dik>SUS PERANCANG PERUNDANG-UNDANGAN</nama_dik><tahun_lulus>2008</tahun_lulus></pendidikan><pendidikan><nama_dik>SUSKATJEMENHANNEG EKSEKUTIF 2012PEMBANGUNAN KARAKTER BANGSA </nama_dik><tahun_lulus>2012</tahun_lulus></pendidikan><pendidikan><nama_dik>SUS FUNGSIONAL ANALIS KEBIJAKAN PERTAHANAN NEGARA</nama_dik><tahun_lulus>2014</tahun_lulus></pendidikan><pendidikan><nama_dik>SUSFUNG ANALIS KEBIJAKAN PERTAHANAN NEGARA </nama_dik><tahun_lulus>2014</tahun_lulus></pendidikan></pendidikan_pembentukan></riwayat_pendidikan><riwayat_penugasan></riwayat_penugasan><riwayat_tanda_jasa><tanda_jasa><nama_tanda_jasa>SATYALANCANA KARYA SATYA X TAHUN</nama_tanda_jasa><no_skep>KEPPRES NO. 040/TK/ TAHUN</no_skep><tgl_skep>2003-07-31</tgl_skep></tanda_jasa></riwayat_tanda_jasa><riwayat_bahasa><bahasa><nama_bahasa>JAWA</nama_bahasa><keterangan>PASIF</keterangan></bahasa><bahasa><nama_bahasa>SUNDA</nama_bahasa><keterangan>AKTIF</keterangan></bahasa><bahasa><nama_bahasa>INGGRIS</nama_bahasa><keterangan>PASIF</keterangan></bahasa><bahasa><nama_bahasa>INDONESIA</nama_bahasa><keterangan>AKTIF</keterangan></bahasa></riwayat_bahasa><riwayat_keluarga></riwayat_keluarga></personil_kemhan>
