<personil_kemhan><nopeg>196903291989102001</nopeg><nip>030203327</nip><nrp_nip>196903291989102001</nrp_nip><nama>NUR HIKMAWIYAH</nama><tempat_lahir>Jakarta</tempat_lahir><tgl_lahir>1969-03-29</tgl_lahir><jenis_kelamin>PEREMPUAN</jenis_kelamin><unit_organisasi>U.O. KEMHAN</unit_organisasi><jenis_personil>PNS</jenis_personil><pangkat>PENATA MUDA TK.I III/B</pangkat><pangkat_corps>PENATA MUDA TK.I III/B </pangkat_corps><tmt_pangkat>2009-10-01</tmt_pangkat><angkatan_korps>PNS</angkatan_korps><sumber_pa_gol_3>UJIAN DINAS</sumber_pa_gol_3><tmt_pa_gol_3>2005-10-01</tmt_pa_gol_3><kategori_pangkat>III/B</kategori_pangkat><jabatan>PENGADMINISTRASI KEPEG SUBBAGUM BAG TU</jabatan><satker>PUSKU KEMHAN</satker><kode_jabatan>ANGGOTA</kode_jabatan><tmt_jabatan>2014-02-12</tmt_jabatan><eselon_jabatan>99</eselon_jabatan><kategori>ORGANIK</kategori><tmt_tni>1991-03-01</tmt_tni><tmt_kemhan>2005-10-01</tmt_kemhan><agama>ISLAM</agama><file_foto_1>foto/196903291989102001.jpg</file_foto_1><file_foto_2>foto/030203327.jpg</file_foto_2><riwayat_pangkat><pangkat><pangkat>CAPEG II/A</pangkat><tmt_pkt>1989-10-01</tmt_pkt><no_skep>182/17/XI/1989</no_skep><tgl_skep>1989-11-08</tgl_skep></pangkat><pangkat><pangkat>PENGATUR MUDA II/A</pangkat><tmt_pkt>1991-06-01</tmt_pkt><no_skep>004/18/II/1991</no_skep><tgl_skep>1991-02-14</tgl_skep></pangkat><pangkat><pangkat>PENGATUR MUDA TK.I  II/B</pangkat><tmt_pkt>1993-10-01</tmt_pkt><no_skep>03-09/00989/KEP/X/1993</no_skep><tgl_skep>1993-09-02</tgl_skep></pangkat><pangkat><pangkat>PENGATUR II/C</pangkat><tmt_pkt>1997-10-01</tmt_pkt><no_skep>03-09/00005/KEP/X/1997</no_skep><tgl_skep>1997-07-18</tgl_skep></pangkat><pangkat><pangkat>PENGATUR TK.I II/D</pangkat><tmt_pkt>2001-09-01</tmt_pkt><no_skep>SKEP/039/22/XII/2001</no_skep><tgl_skep>2001-11-03</tgl_skep></pangkat><pangkat><pangkat>PENATA MUDA III/A</pangkat><tmt_pkt>2005-10-01</tmt_pkt><no_skep>SPRIN/353/IX/2005</no_skep><tgl_skep>2005-09-14</tgl_skep></pangkat><pangkat><pangkat>PENATA MUDA TK.I III/B</pangkat><tmt_pkt>2009-10-01</tmt_pkt><no_skep>Kep Menhan Nomor : Kep/156/IX/2009</no_skep><tgl_skep>2009-09-01</tgl_skep></pangkat></riwayat_pangkat><riwayat_jabatan><jabatan><jabatan>ANGG. SIKON SMIN DENMA MABES ABRI</jabatan><tmt_jab>1989-10-01</tmt_jab><no_skep>SKEP/182/17/XI/1989</no_skep><tgl_skep>1989-10-08</tgl_skep></jabatan><jabatan><jabatan>ANGG. SUBDEN MABES ABRI</jabatan><tmt_jab>1998-10-01</tmt_jab><no_skep>SPRIN/391/X/1991</no_skep><tgl_skep>1998-10-01</tgl_skep></jabatan><jabatan><jabatan>ANGG. BINDATA ADA BAG INBIN PNS ROPEG</jabatan><tmt_jab>2001-07-01</tmt_jab><no_skep>SPRIN/485/VII/2001</no_skep><tgl_skep>2001-06-24</tgl_skep></jabatan><jabatan><jabatan>TURMIN SUBBAGWATSAH BAGINBIN PNS</jabatan><tmt_jab>2003-03-01</tmt_jab><no_skep>SKEP/403/III/2003</no_skep><tgl_skep>2003-03-12</tgl_skep></jabatan><jabatan><jabatan>ANGGOTA SUBBAGWATSAH BAGINDUK PNS ROPEG SETJEN DEPHAN</jabatan><tmt_jab>2006-03-01</tmt_jab><no_skep>SKEP/201/III/2006</no_skep><tgl_skep>2006-03-27</tgl_skep></jabatan><jabatan><jabatan>ANGGOTA SUBBAGMUTASI BAGINDUK PNS ROPEG SETJEN DEPHAN</jabatan><tmt_jab>2008-02-01</tmt_jab><no_skep>SKEP/50/II/2008</no_skep><tgl_skep>2008-02-01</tgl_skep></jabatan><jabatan><jabatan>Anggota Subbag Mutasi Bag Induk PNS Ropeg Setjen Dephan</jabatan><tmt_jab>2008-02-01</tmt_jab><no_skep>SKEP/50/II/2008</no_skep><tgl_skep>2008-02-01</tgl_skep></jabatan><jabatan><jabatan>Arsiparis Pelaksana Lanjutan Ropeg Setjen Dephan</jabatan><tmt_jab>2009-04-01</tmt_jab><no_skep>KEP MENHAN : KEP/253/XII/2009</no_skep><tgl_skep>2009-12-11</tgl_skep></jabatan><jabatan><jabatan>PENGADMINISTRASI MUTJABFUNG SUBBAGMUTJABFUNG BAGINDUK PNS ROPEG SETJEN KEMHAN</jabatan><tmt_jab>2011-04-01</tmt_jab><no_skep>Kep/281/IV/2011</no_skep><tgl_skep>2011-04-19</tgl_skep></jabatan><jabatan><jabatan>PENGADMINISTRASI KEPEG SUBBAGUM BAG TU PUSKU KEMHAN</jabatan><tmt_jab>2014-02-12</tmt_jab><no_skep>KEP/</no_skep><tgl_skep>2014-02-11</tgl_skep></jabatan></riwayat_jabatan><riwayat_pendidikan><pendidikan_umum><pendidikan><nama_dik>SEKOLAH DASAR</nama_dik><tahun_lulus>1982</tahun_lulus></pendidikan><pendidikan><nama_dik>SEKOLAH LANJUTAN TINGKAT PERTAMA (SLTP)</nama_dik><tahun_lulus>1985</tahun_lulus></pendidikan><pendidikan><nama_dik>SEKOLAH LANJUTAN TINGKAT ATAS (SLTA)</nama_dik><tahun_lulus>1988</tahun_lulus></pendidikan></pendidikan_umum><pendidikan_pembentukan><pendidikan><nama_dik>Latprajab Tk.II</nama_dik><tahun_lulus>1990</tahun_lulus></pendidikan><pendidikan><nama_dik>Dik Arsiparis</nama_dik><tahun_lulus>2011</tahun_lulus></pendidikan></pendidikan_pembentukan></riwayat_pendidikan><riwayat_penugasan></riwayat_penugasan><riwayat_tanda_jasa><tanda_jasa><nama_tanda_jasa>SATYALANCANA KARYA SATYA X TAHUN</nama_tanda_jasa><no_skep>KEPPRES 063/TK/TAHUN 2002</no_skep><tgl_skep>2002-09-23</tgl_skep></tanda_jasa><tanda_jasa><nama_tanda_jasa>SATYALANCANA KARYA SATYA XX TAHUN</nama_tanda_jasa><no_skep>KEPRES 62/TK/TAHUN 2010</no_skep><tgl_skep>2010-12-01</tgl_skep></tanda_jasa></riwayat_tanda_jasa><riwayat_bahasa><bahasa><nama_bahasa>SUNDA</nama_bahasa><keterangan>AKTIF</keterangan></bahasa></riwayat_bahasa><riwayat_keluarga><keluarga><nama_keluarga>ACHMAD CHADIR</nama_keluarga><jenis_kelamin>LAKI-LAKI</jenis_kelamin><tgl_lahir>1972-09-27</tgl_lahir><hubungan>SUAMI</hubungan></keluarga><keluarga><nama_keluarga>FARHAN TEGAR PERKASA</nama_keluarga><jenis_kelamin>LAKI-LAKI</jenis_kelamin><tgl_lahir>1994-04-07</tgl_lahir><hubungan>ANAK</hubungan></keluarga></riwayat_keluarga></personil_kemhan>
