<personil_kemhan><nopeg>196405091988031002</nopeg><nip>030196522</nip><nrp_nip>196405091988031002</nrp_nip><nama>K. JAMALUDIN</nama><tempat_lahir>Jakarta</tempat_lahir><tgl_lahir>1964-05-09</tgl_lahir><jenis_kelamin>LAKI-LAKI</jenis_kelamin><unit_organisasi>U.O. KEMHAN</unit_organisasi><jenis_personil>PNS</jenis_personil><pangkat>PENATA III/C</pangkat><pangkat_corps>PENATA III/C </pangkat_corps><tmt_pangkat>2010-10-01</tmt_pangkat><angkatan_korps>PNS</angkatan_korps><sumber_pa_gol_3>UJIAN DINAS</sumber_pa_gol_3><tmt_pa_gol_3>2003-04-01</tmt_pa_gol_3><kategori_pangkat>III/C</kategori_pangkat><jabatan>PENYUSUN BAHAN PRODGANDA SUBBAG PRODGANDA BAG MINU</jabatan><satker>ROTU SETJEN KEMHAN</satker><kode_jabatan>ANGGOTA</kode_jabatan><tmt_jabatan>2014-12-31</tmt_jabatan><eselon_jabatan>99</eselon_jabatan><kategori>ORGANIK</kategori><tmt_tni>1989-05-01</tmt_tni><tmt_kemhan>1985-11-01</tmt_kemhan><agama>ISLAM</agama><file_foto_1>foto/196405091988031002.jpg</file_foto_1><file_foto_2>foto/030196522.jpg</file_foto_2><riwayat_pangkat><pangkat><pangkat>HONORER</pangkat><tmt_pkt>1985-11-01</tmt_pkt><no_skep>SPRIN/120/IX/1988</no_skep><tgl_skep>1985-11-01</tgl_skep></pangkat><pangkat><pangkat>CAPEG II/A</pangkat><tmt_pkt>1988-03-01</tmt_pkt><no_skep>SKEP/103/VII/1988</no_skep><tgl_skep>1988-07-07</tgl_skep></pangkat><pangkat><pangkat>PENGATUR MUDA II/A</pangkat><tmt_pkt>1989-05-01</tmt_pkt><no_skep>SKEP/728/IV/1989</no_skep><tgl_skep>1989-04-26</tgl_skep></pangkat><pangkat><pangkat>PENGATUR MUDA TK.I  II/B</pangkat><tmt_pkt>1991-04-01</tmt_pkt><no_skep>03-09/02593/KEP/IV/1991</no_skep><tgl_skep>1991-09-02</tgl_skep></pangkat><pangkat><pangkat>PENGATUR II/C</pangkat><tmt_pkt>1995-04-01</tmt_pkt><no_skep>03-09/0024/KEP/IV/1995</no_skep><tgl_skep>1995-03-23</tgl_skep></pangkat><pangkat><pangkat>PENGATUR TK.I II/D</pangkat><tmt_pkt>1999-04-01</tmt_pkt><no_skep>03-09/0024/KEP/IV/1999</no_skep><tgl_skep>1999-04-01</tgl_skep></pangkat><pangkat><pangkat>PENATA MUDA III/A</pangkat><tmt_pkt>2003-04-01</tmt_pkt><no_skep>SKEP/586/IV/2003</no_skep><tgl_skep>2003-04-29</tgl_skep></pangkat><pangkat><pangkat>PENATA MUDA TK.I III/B</pangkat><tmt_pkt>2007-04-01</tmt_pkt><no_skep>SKEP/153/III/2007</no_skep><tgl_skep>2007-03-06</tgl_skep></pangkat><pangkat><pangkat>PENATA III/C</pangkat><tmt_pkt>2010-10-01</tmt_pkt><no_skep>KEP/643/IX/2010</no_skep><tgl_skep>2010-09-14</tgl_skep></pangkat></riwayat_pangkat><riwayat_jabatan><jabatan><jabatan>ANGG.SUBBAGPRODUKSI BAG TU ROUM</jabatan><tmt_jab>1899-12-30</tmt_jab><tgl_skep>1899-12-30</tgl_skep></jabatan><jabatan><jabatan>PENGATUR CETAK SUBBAG PRODUKSI BAG TU ROUM</jabatan><tmt_jab>2001-03-01</tmt_jab><no_skep>SKEP/205/III/2001</no_skep><tgl_skep>2001-04-24</tgl_skep></jabatan><jabatan><jabatan>Arsiparis Pelaksana Lanjutan Rotu Setjen Dephan</jabatan><tmt_jab>2009-04-01</tmt_jab><no_skep>KEP/418/IX/2009</no_skep><tgl_skep>2009-11-03</tgl_skep></jabatan><jabatan><jabatan>Arsiparis Penyelia Rotu Setjen Dephan</jabatan><tmt_jab>2010-06-10</tmt_jab><no_skep>KEP/397/VI/2010</no_skep><tgl_skep>2010-06-15</tgl_skep></jabatan><jabatan><jabatan>PENYUSUN BAHAN PRODGANDA SUBBAG PRODGANDA BAG TAKAHDISSIP ROTU SETJEN KEMHAN</jabatan><tmt_jab>2011-04-01</tmt_jab><no_skep>Kep/282/IV/2011</no_skep><tgl_skep>2011-04-19</tgl_skep></jabatan><jabatan><jabatan>PENYUSUN BAHAN PRODGANDA SUBBAG PRODGANDA BAG MINU ROTU SETJEN KEMHAN</jabatan><tmt_jab>2014-12-31</tmt_jab><no_skep>KEP/1485/XII/2014</no_skep><tgl_skep>2014-12-18</tgl_skep></jabatan><jabatan><jabatan>Anggota Subbag Prod Bag Minu Rotu Setjen Dephan</jabatan><no_skep>SKEP/447/VI/2006</no_skep><tgl_skep>2006-06-27</tgl_skep></jabatan></riwayat_jabatan><riwayat_pendidikan><pendidikan_umum><pendidikan><nama_dik>SEKOLAH DASAR</nama_dik><tahun_lulus>1976</tahun_lulus></pendidikan><pendidikan><nama_dik>SEKOLAH MENENGAH PERTAMA (SMP)</nama_dik><tahun_lulus>1980</tahun_lulus></pendidikan><pendidikan><nama_dik>SEKOLAH LANJUTAN TINGKAT ATAS (SLTA)</nama_dik><tahun_lulus>1983</tahun_lulus></pendidikan></pendidikan_umum><pendidikan_pembentukan><pendidikan><nama_dik>TAR P-4</nama_dik><tahun_lulus>1989</tahun_lulus></pendidikan><pendidikan><nama_dik>LATPRAJAB</nama_dik><tahun_lulus>1989</tahun_lulus></pendidikan></pendidikan_pembentukan></riwayat_pendidikan><riwayat_penugasan></riwayat_penugasan><riwayat_tanda_jasa><tanda_jasa><nama_tanda_jasa>SATYALANCANA KARYA SATYA X TAHUN</nama_tanda_jasa><no_skep>KEP/001/TK/2003</no_skep><tgl_skep>2003-01-20</tgl_skep></tanda_jasa><tanda_jasa><nama_tanda_jasa>SATYALANCANA KARYA SATYA XX TAHUN</nama_tanda_jasa><no_skep>kepres/62/tk/tahun 2010</no_skep><tgl_skep>2010-12-01</tgl_skep></tanda_jasa></riwayat_tanda_jasa><riwayat_bahasa><bahasa><nama_bahasa>INDONESIA</nama_bahasa><keterangan>AKTIF</keterangan></bahasa></riwayat_bahasa><riwayat_keluarga><keluarga><nama_keluarga>DIAN WICAKSARI</nama_keluarga><jenis_kelamin>PEREMPUAN</jenis_kelamin><tgl_lahir>1976-04-04</tgl_lahir><hubungan>ISTRI</hubungan></keluarga><keluarga><nama_keluarga>TOMI SEPTIANARJO</nama_keluarga><jenis_kelamin>LAKI-LAKI</jenis_kelamin><tgl_lahir>1984-09-22</tgl_lahir><hubungan>ANAK</hubungan></keluarga><keluarga><nama_keluarga>FEBRI AFRIZAL</nama_keluarga><jenis_kelamin>LAKI-LAKI</jenis_kelamin><tgl_lahir>1992-02-12</tgl_lahir><hubungan>ANAK</hubungan></keluarga><keluarga><nama_keluarga>MOZA ALSAZHARI</nama_keluarga><jenis_kelamin>PEREMPUAN</jenis_kelamin><tgl_lahir>2001-07-05</tgl_lahir><hubungan>ANAK</hubungan></keluarga><keluarga><nama_keluarga>M. RAFLI HIDAYATULLOH</nama_keluarga><jenis_kelamin>LAKI-LAKI</jenis_kelamin><tgl_lahir>2002-08-29</tgl_lahir><hubungan>ANAK</hubungan></keluarga><keluarga><nama_keluarga>ANNISA WALIYANSARI KAMAL</nama_keluarga><jenis_kelamin>PEREMPUAN</jenis_kelamin><tgl_lahir>2013-02-27</tgl_lahir><hubungan>ANAK</hubungan></keluarga></riwayat_keluarga></personil_kemhan>
