<personil_kemhan><nopeg>21970185550976</nopeg><nip>21970185550976</nip><nrp_nip>21970185550976</nrp_nip><nama>LINDU BALIYANTO</nama><tempat_lahir>Jakarta</tempat_lahir><tgl_lahir>1976-09-04</tgl_lahir><jenis_kelamin>LAKI-LAKI</jenis_kelamin><unit_organisasi>U.O. KEMHAN</unit_organisasi><jenis_personil>TNI</jenis_personil><pangkat>LETTU</pangkat><pangkat_corps>LETTU CKU</pangkat_corps><tmt_pangkat>2013-10-01</tmt_pangkat><angkatan_korps>TNI AD</angkatan_korps><sumber_pa_gol_3>SECAPA</sumber_pa_gol_3><tmt_pa_gol_3>2010-09-03</tmt_pa_gol_3><kategori_pangkat>LETTU</kategori_pangkat><jabatan>PENGOLAH AKUNTANSI UANG SUBBAGUM BAG TU</jabatan><satker>PUSKOMPUBLIK KEMHAN</satker><kode_jabatan>ANGGOTA</kode_jabatan><tmt_jabatan>2014-12-31</tmt_jabatan><eselon_jabatan>99</eselon_jabatan><kategori>ORGANIK</kategori><tmt_tni>1997-03-24</tmt_tni><tmt_kemhan>2001-04-01</tmt_kemhan><agama>ISLAM</agama><file_foto_1>foto/21970185550976.jpg</file_foto_1><file_foto_2>foto/21970185550976.jpg</file_foto_2><riwayat_pangkat><pangkat><pangkat>SERDA</pangkat><tmt_pkt>1997-03-24</tmt_pkt><no_skep>SKEP/621-21/III/1997</no_skep><tgl_skep>1997-03-03</tgl_skep></pangkat><pangkat><pangkat>SERTU</pangkat><tmt_pkt>2001-04-01</tmt_pkt><no_skep>SKEP/950-21/III/2001</no_skep><tgl_skep>2001-01-12</tgl_skep></pangkat><pangkat><pangkat>SERKA</pangkat><tmt_pkt>2005-04-01</tmt_pkt><no_skep>SKEP/432-21/III/2005</no_skep><tgl_skep>2005-03-21</tgl_skep></pangkat><pangkat><pangkat>SERMA</pangkat><tmt_pkt>2010-04-01</tmt_pkt><no_skep>KEP/270-33/III/2010</no_skep><tgl_skep>2010-03-19</tgl_skep></pangkat><pangkat><pangkat>LETDA</pangkat><tmt_pkt>2010-09-03</tmt_pkt><no_skep>KEPPRES/48/TNI/TAHUN/2010</no_skep><tgl_skep>2010-08-27</tgl_skep></pangkat><pangkat><pangkat>LETTU</pangkat><tmt_pkt>2013-10-01</tmt_pkt><no_skep>KEP/371/IX/2013</no_skep><tgl_skep>2013-09-24</tgl_skep></pangkat></riwayat_pangkat><riwayat_jabatan><jabatan><jabatan>BA KUPUS I DITKUAD</jabatan><tmt_jab>1997-09-03</tmt_jab><no_skep>SKEP/2701-21/VIII/1997</no_skep><tgl_skep>1997-03-03</tgl_skep></jabatan><jabatan><jabatan>BA STAF KEUANGAN SUBBAG REMINRO HMKL</jabatan><tmt_jab>2000-05-01</tmt_jab><no_skep>SKEP/350/V/2000</no_skep><tgl_skep>2000-05-01</tgl_skep></jabatan><jabatan><jabatan>TURMINKU SUBBAG REMINRO BAG MINPROT ROHUMAS SETJEN DEPHAN PUSKOMPUBLIK KEMHAN</jabatan><tmt_jab>2001-04-01</tmt_jab><no_skep>SKEP/254/IV/2001</no_skep><tgl_skep>2001-04-21</tgl_skep></jabatan><jabatan><jabatan>ANGGOTA SUBBAG MINRO BAG HUBLEM ROHUMAS PUSKOMPUBLIK KEMHAN</jabatan><tmt_jab>2006-04-01</tmt_jab><no_skep>SKEP/286/IV/2006</no_skep><tgl_skep>2006-04-27</tgl_skep></jabatan><jabatan><jabatan>PEMROSES WABKU SUBBAGUM BAG TU PUSKOMPUBLIK KEMHAN</jabatan><tmt_jab>2011-04-01</tmt_jab><no_skep>SPRIN/68/VI/2011</no_skep><tgl_skep>2011-06-13</tgl_skep></jabatan><jabatan><jabatan>PENGOLAH AKUNTANSI UANG SUBBAGUM BAG TU PUSKOMPUBLIK KEMHAN</jabatan><tmt_jab>2014-12-31</tmt_jab><no_skep>KEP/1510/XII/2014</no_skep><tgl_skep>2014-12-18</tgl_skep></jabatan></riwayat_jabatan><riwayat_pendidikan><pendidikan_umum><pendidikan><nama_dik>SEKOLAH DASAR</nama_dik><tahun_lulus>1990</tahun_lulus></pendidikan><pendidikan><nama_dik>SEKOLAH LANJUTAN TINGKAT PERTAMA (SLTP)</nama_dik><tahun_lulus>1993</tahun_lulus></pendidikan><pendidikan><nama_dik>SEKOLAH LANJUTAN TINGKAT ATAS (SLTA)</nama_dik><tahun_lulus>1996</tahun_lulus></pendidikan></pendidikan_umum><pendidikan_pembentukan><pendidikan><nama_dik>SECABA</nama_dik><tahun_lulus>1997</tahun_lulus></pendidikan><pendidikan><nama_dik>SECABA HAP-I</nama_dik><tahun_lulus>1997</tahun_lulus></pendidikan><pendidikan><nama_dik>SECABKU</nama_dik><tahun_lulus>1997</tahun_lulus></pendidikan><pendidikan><nama_dik>SUS JURBAJUYAR TNI KE I</nama_dik><tahun_lulus>2000</tahun_lulus></pendidikan><pendidikan><nama_dik>SUS KOMPUTER</nama_dik><tahun_lulus>2000</tahun_lulus></pendidikan><pendidikan><nama_dik>SECAPA REG</nama_dik><tahun_lulus>2010</tahun_lulus></pendidikan><pendidikan><nama_dik>SESARCABKU</nama_dik><tahun_lulus>2010</tahun_lulus></pendidikan><pendidikan><nama_dik>SUSBENKU</nama_dik><tahun_lulus>2015</tahun_lulus></pendidikan></pendidikan_pembentukan></riwayat_pendidikan><riwayat_penugasan></riwayat_penugasan><riwayat_tanda_jasa><tanda_jasa><nama_tanda_jasa>SATYALANCANA KESETIAAN VIII TAHUN</nama_tanda_jasa><no_skep>KEP/40/III/2009</no_skep><tgl_skep>2009-03-02</tgl_skep></tanda_jasa></riwayat_tanda_jasa><riwayat_bahasa><bahasa><nama_bahasa>JAWA</nama_bahasa><keterangan>AKTIF</keterangan></bahasa></riwayat_bahasa><riwayat_keluarga><keluarga><nama_keluarga>NURHIKMAH</nama_keluarga><jenis_kelamin>PEREMPUAN</jenis_kelamin><tgl_lahir>1978-10-05</tgl_lahir><hubungan>ISTRI</hubungan></keluarga><keluarga><nama_keluarga>NAFISAH ALIANUR NASYWA</nama_keluarga><jenis_kelamin>PEREMPUAN</jenis_kelamin><tgl_lahir>2003-01-24</tgl_lahir><hubungan>ANAK</hubungan></keluarga><keluarga><nama_keluarga>ANANDA VARDHAN AL KAHFI</nama_keluarga><jenis_kelamin>LAKI-LAKI</jenis_kelamin><tgl_lahir>2008-04-12</tgl_lahir><hubungan>ANAK</hubungan></keluarga><keluarga><nama_keluarga>SAKHA ARKAN WIRATAMA</nama_keluarga><jenis_kelamin>LAKI-LAKI</jenis_kelamin><tgl_lahir>2013-10-01</tgl_lahir><hubungan>ANAK</hubungan></keluarga></riwayat_keluarga></personil_kemhan>
