<personil_kemhan><nopeg>196909181992032001</nopeg><nip>030217277</nip><nrp_nip>196909181992032001</nrp_nip><nama>SITI NURHAYATI MUCHAYAT</nama><tempat_lahir>Palembang</tempat_lahir><tgl_lahir>1969-09-18</tgl_lahir><jenis_kelamin>PEREMPUAN</jenis_kelamin><unit_organisasi>U.O. KEMHAN</unit_organisasi><jenis_personil>PNS</jenis_personil><pangkat>PENATA MUDA TK.I III/B</pangkat><pangkat_corps>PENATA MUDA TK.I III/B </pangkat_corps><tmt_pangkat>2012-04-01</tmt_pangkat><angkatan_korps>PNS</angkatan_korps><sumber_pa_gol_3>UJIAN DINAS</sumber_pa_gol_3><tmt_pa_gol_3>2008-04-01</tmt_pa_gol_3><kategori_pangkat>III/B</kategori_pangkat><jabatan>PENGOLAH LITBANG SDB SUBBID SDB BID SDAB</jabatan><satker>PUSLITBANG SUMDAHAN BALITBANG KEMHAN</satker><kode_jabatan>ANGGOTA</kode_jabatan><tmt_jabatan>2014-12-31</tmt_jabatan><eselon_jabatan>99</eselon_jabatan><kategori>ORGANIK</kategori><tmt_tni>1993-06-01</tmt_tni><tmt_kemhan>1992-03-01</tmt_kemhan><agama>PROTESTAN</agama><file_foto_1>foto/196909181992032001.jpg</file_foto_1><file_foto_2>foto/030217277.jpg</file_foto_2><riwayat_pangkat><pangkat><pangkat>CAPEG II/A</pangkat><tmt_pkt>1992-04-01</tmt_pkt><no_skep>SKEP/787/VI/1992</no_skep><tgl_skep>1992-06-24</tgl_skep></pangkat><pangkat><pangkat>PENGATUR MUDA II/A</pangkat><tmt_pkt>1993-04-01</tmt_pkt><no_skep>SKEP/1393/V/1993</no_skep><tgl_skep>1993-05-14</tgl_skep></pangkat><pangkat><pangkat>PENGATUR MUDA TK.I  II/B</pangkat><tmt_pkt>1996-04-01</tmt_pkt><no_skep>03-09/00007/KEP/IV/1996</no_skep><tgl_skep>1996-04-18</tgl_skep></pangkat><pangkat><pangkat>PENGATUR II/C</pangkat><tmt_pkt>2000-04-01</tmt_pkt><no_skep>03-09-00/017/KEP/IV/2000</no_skep><tgl_skep>2000-06-12</tgl_skep></pangkat><pangkat><pangkat>PENGATUR TK.I II/D</pangkat><tmt_pkt>2004-04-01</tmt_pkt><no_skep>SKEP/98/II/2004</no_skep><tgl_skep>2004-02-26</tgl_skep></pangkat><pangkat><pangkat>PENATA MUDA III/A</pangkat><tmt_pkt>2008-04-01</tmt_pkt><no_skep>SKEP/148/III/2008</no_skep><tgl_skep>2008-03-10</tgl_skep></pangkat><pangkat><pangkat>PENATA MUDA TK.I III/B</pangkat><tmt_pkt>2012-04-01</tmt_pkt><no_skep>SPRIN/232/III/2012</no_skep><tgl_skep>2012-03-27</tgl_skep></pangkat></riwayat_pangkat><riwayat_jabatan><jabatan><jabatan>KOPRASI SETJEN DEPHANKAM</jabatan><tmt_jab>1992-03-01</tmt_jab><no_skep>787/VI/1992</no_skep><tgl_skep>1992-06-24</tgl_skep></jabatan><jabatan><jabatan>TURMIN KGB PNS SUBBAG MUTASI BAGPERS SETJEN DEPHANKAM</jabatan><tmt_jab>1998-09-01</tmt_jab><no_skep>1121/IX/1998</no_skep><tgl_skep>1998-09-14</tgl_skep></jabatan><jabatan><jabatan>TURMIN SUBBAGRENMINRO BAGADABANGPEG ROPEG</jabatan><tmt_jab>2001-03-01</tmt_jab><no_skep>SKEP/278/III/2001</no_skep><tgl_skep>2001-03-28</tgl_skep></jabatan><jabatan><jabatan>ANGGOTA SUBBAGMINRO BAGADABANGPEG ROPEG SETJEN DEPHAN</jabatan><tmt_jab>2006-03-01</tmt_jab><no_skep>SKEP/201/III/2006</no_skep><tgl_skep>2006-03-27</tgl_skep></jabatan><jabatan><jabatan>Anggota Subbag Tal Bag Watpeg Ropeg Setjen Dephan</jabatan><tmt_jab>2008-02-01</tmt_jab><no_skep>SKEP/50/II/2008</no_skep><tgl_skep>2008-02-01</tgl_skep></jabatan><jabatan><jabatan>Arsiparis Pelaksana Lanjutan Ropeg Setjen Dephan</jabatan><tmt_jab>2009-04-01</tmt_jab><no_skep>KEP MENHAN : KEP/253/XII/2009</no_skep><tgl_skep>2009-12-11</tgl_skep></jabatan><jabatan><jabatan>PENGADMINISTRASI KETATAUSAHAAN SUBBAG TU PUSLITBANG SUMDAHAN BALITBANG KEMHAN</jabatan><tmt_jab>2011-06-16</tmt_jab><no_skep>SPRIN/78/VI/2011</no_skep><tgl_skep>2011-06-16</tgl_skep></jabatan><jabatan><jabatan>PENGOOLAH BAHAN LITBANG SDB SUBBID SDB BID SDAB PUSLITBANG SUMDAHAN BALITBANG KEMHAN</jabatan><tmt_jab>2013-10-31</tmt_jab><no_skep>KEP/1109/X/2013</no_skep><tgl_skep>2013-10-31</tgl_skep></jabatan><jabatan><jabatan>PENGOLAH LITBANG SDB SUBBID SDB BID SDAB PUSLITBANG SUMDAHAN BALITBANG KEMHAN</jabatan><tmt_jab>2014-12-31</tmt_jab><no_skep>KEP/1508/XII/2014</no_skep><tgl_skep>2014-12-18</tgl_skep></jabatan></riwayat_jabatan><riwayat_pendidikan><pendidikan_umum><pendidikan><nama_dik>SEKOLAH DASAR</nama_dik><tahun_lulus>1983</tahun_lulus></pendidikan><pendidikan><nama_dik>SEKOLAH MENENGAH PERTAMA (SMP)</nama_dik><tahun_lulus>1987</tahun_lulus></pendidikan><pendidikan><nama_dik>SEKOLAH MENENGAH ATAS (SMA)</nama_dik><tahun_lulus>1990</tahun_lulus></pendidikan><pendidikan><nama_dik>SARJANA (S1)</nama_dik><tahun_lulus>2015</tahun_lulus></pendidikan></pendidikan_umum><pendidikan_pembentukan><pendidikan><nama_dik>LATPRAJAB TK II</nama_dik><tahun_lulus>1992</tahun_lulus></pendidikan><pendidikan><nama_dik>SUS MIKRO KOMPUTER</nama_dik><tahun_lulus>1993</tahun_lulus></pendidikan><pendidikan><nama_dik>Dik Arsiparis Jarak Jauh</nama_dik><tahun_lulus>2011</tahun_lulus></pendidikan></pendidikan_pembentukan></riwayat_pendidikan><riwayat_penugasan></riwayat_penugasan><riwayat_tanda_jasa><tanda_jasa><nama_tanda_jasa>SATYALANCANA KARYA SATYA X TAHUN</nama_tanda_jasa><no_skep>KEP/047/TK/TAHUN 2005</no_skep><tgl_skep>2005-07-11</tgl_skep></tanda_jasa><tanda_jasa><nama_tanda_jasa>SATYALANCANA KARYA SATYA XX TAHUN</nama_tanda_jasa><no_skep>NOMOR 62/TK/TAHUN 2012</no_skep><tgl_skep>2012-08-06</tgl_skep></tanda_jasa></riwayat_tanda_jasa><riwayat_bahasa><bahasa><nama_bahasa>PALEMBANG</nama_bahasa><keterangan>AKTIF</keterangan></bahasa><bahasa><nama_bahasa>INGGRIS</nama_bahasa><keterangan>PASIF</keterangan></bahasa></riwayat_bahasa><riwayat_keluarga><keluarga><nama_keluarga>K. ARTAWA</nama_keluarga><jenis_kelamin>LAKI-LAKI</jenis_kelamin><tgl_lahir>1968-09-08</tgl_lahir><hubungan>SUAMI</hubungan></keluarga><keluarga><nama_keluarga>SATRIA WIBAWA</nama_keluarga><jenis_kelamin>LAKI-LAKI</jenis_kelamin><tgl_lahir>1997-08-02</tgl_lahir><hubungan>ANAK</hubungan></keluarga><keluarga><nama_keluarga>ARDIANTA PUTRA WIJAYA</nama_keluarga><jenis_kelamin>LAKI-LAKI</jenis_kelamin><tgl_lahir>2000-09-27</tgl_lahir><hubungan>ANAK</hubungan></keluarga></riwayat_keluarga></personil_kemhan>
