<personil_kemhan><nopeg>198307262002122001</nopeg><nip>030247635</nip><nrp_nip>198307262002122001</nrp_nip><nama>SITI NURJANAH</nama><gelar>S.E</gelar><tempat_lahir>Jakarta</tempat_lahir><tgl_lahir>1983-07-26</tgl_lahir><jenis_kelamin>PEREMPUAN</jenis_kelamin><unit_organisasi>U.O. KEMHAN</unit_organisasi><jenis_personil>PNS</jenis_personil><pangkat>PENGATUR TK.I II/D</pangkat><pangkat_corps>PENGATUR TK.I II/D </pangkat_corps><tmt_pangkat>2015-04-01</tmt_pangkat><angkatan_korps>PNS</angkatan_korps><kategori_pangkat>II/C</kategori_pangkat><jabatan>PETUGAS RUMGA WAMEN SUBBAGDUKWAMEN BAGDUKWAMEN ROTU SETJEN KEMHAN</jabatan><satker>ROTU SETJEN KEMHAN</satker><kode_jabatan>ANGGOTA</kode_jabatan><tmt_jabatan>2015-05-08</tmt_jabatan><eselon_jabatan>99</eselon_jabatan><kategori>ORGANIK</kategori><tmt_tni>2004-09-01</tmt_tni><agama>ISLAM</agama><file_foto_1>foto/198307262002122001.jpg</file_foto_1><file_foto_2>foto/030247635.jpg</file_foto_2><riwayat_pangkat><pangkat><pangkat>CAPEG II/A</pangkat><tmt_pkt>2002-12-01</tmt_pkt><no_skep>SKEP/1021/VI/2003</no_skep><tgl_skep>2003-06-16</tgl_skep></pangkat><pangkat><pangkat>PENGATUR MUDA II/A</pangkat><tmt_pkt>2004-08-27</tmt_pkt><no_skep>SKEP/600/VIII/2004</no_skep><tgl_skep>2004-09-01</tgl_skep></pangkat><pangkat><pangkat>PENGATUR MUDA TK.I  II/B</pangkat><tmt_pkt>2007-04-01</tmt_pkt><no_skep>SKEP/174/III/2007</no_skep><tgl_skep>2007-03-09</tgl_skep></pangkat><pangkat><pangkat>PENGATUR II/C</pangkat><tmt_pkt>2011-03-25</tmt_pkt><no_skep>KEP/201/III/2011</no_skep><tgl_skep>2011-03-25</tgl_skep></pangkat><pangkat><pangkat>PENGATUR TK.I II/D</pangkat><tmt_pkt>2015-04-01</tmt_pkt><tgl_skep>00000-00-00</tgl_skep></pangkat><pangkat><tmt_pkt>2015-04-01</tmt_pkt></pangkat></riwayat_pangkat><riwayat_jabatan><jabatan><jabatan>ANGGOTA BAGBANUMPIM  ROTU SETJEN KEMHAN</jabatan><tmt_jab>2003-07-01</tmt_jab><no_skep>Sprin/459/X/2003</no_skep><tgl_skep>2003-10-10</tgl_skep></jabatan><jabatan><jabatan>ANGGOTA SUBBAGMINRO BAGBANUMPIM ROTU SETJEN KEMHAN</jabatan><tmt_jab>2006-03-01</tmt_jab><no_skep>Sprin/52/IV/2006</no_skep><tgl_skep>2006-04-24</tgl_skep></jabatan><jabatan><jabatan>ANGGOTA SUBBAGMINSAHLI BAG BANMINPIM  ROTU SETJEN KEMHAN</jabatan><tmt_jab>2007-10-24</tmt_jab><no_skep>Sprin/274/X/2007</no_skep><tgl_skep>2007-10-23</tgl_skep></jabatan><jabatan><jabatan>SEKRETARIS SAHLI MENHAN BIDANG IDPOL  ROTU SETJEN KEMHAN</jabatan><tmt_jab>2010-07-19</tmt_jab><no_skep>Sprin/269/IX/2010</no_skep><tgl_skep>2010-09-14</tgl_skep></jabatan><jabatan><jabatan>PRAMU KANTOR SUBBAG DUK SEKJEN ROTU SETJEN KEMHAN</jabatan><tmt_jab>2011-04-01</tmt_jab><no_skep>KEP/282/IV/2011</no_skep><tgl_skep>2011-04-19</tgl_skep></jabatan><jabatan><jabatan>OPERATOR KOMPUTER SUBBAG TU BIRO BAG DUKMIN SEKJEN ROTU SETJEN KEMHAN</jabatan><tmt_jab>2014-12-31</tmt_jab><no_skep>KEP/1485/XII/2014</no_skep><tgl_skep>2014-12-18</tgl_skep></jabatan><jabatan><jabatan>PETUGAS RUMGA WAMEN SUBBAGDUKWAMEN BAGDUKWAMEN ROTU SETJEN KEMHAN ROTU SETJEN KEMHAN</jabatan><tmt_jab>2015-05-08</tmt_jab><no_skep>KEP/449/V/2015</no_skep><tgl_skep>2015-05-08</tgl_skep></jabatan></riwayat_jabatan><riwayat_pendidikan><pendidikan_umum><pendidikan><nama_dik>SEKOLAH DASAR</nama_dik><tahun_lulus>1995</tahun_lulus></pendidikan><pendidikan><nama_dik>SEKOLAH LANJUTAN TINGKAT PERTAMA (SLTP)</nama_dik><tahun_lulus>1998</tahun_lulus></pendidikan><pendidikan><nama_dik>SEKOLAH LANJUTAN TINGKAT ATAS (SLTA)</nama_dik><tahun_lulus>2001</tahun_lulus></pendidikan><pendidikan><nama_dik>SARJANA (S1)</nama_dik><tahun_lulus>2007</tahun_lulus></pendidikan></pendidikan_umum><pendidikan_pembentukan><pendidikan><nama_dik>PELATIHAN PEMROGRAMAN INTERNET DALAM RANGKA PENGEMBANGAN &amp; PEMELIHARAAN SITUS WEB DEPHAN</nama_dik><tahun_lulus>2003</tahun_lulus></pendidikan><pendidikan><nama_dik>LATPRAJAB</nama_dik><tahun_lulus>2004</tahun_lulus></pendidikan><pendidikan><nama_dik>SUS MINU TK II TA. 2006</nama_dik><tahun_lulus>2005</tahun_lulus></pendidikan><pendidikan><nama_dik>PENATARAAN KESAKTIAN DEPHAN TA. 2006</nama_dik><tahun_lulus>2006</tahun_lulus></pendidikan></pendidikan_pembentukan></riwayat_pendidikan><riwayat_penugasan></riwayat_penugasan><riwayat_tanda_jasa><tanda_jasa><nama_tanda_jasa>SATYALANCANA KARYA SATYA X TAHUN</nama_tanda_jasa><no_skep>KEPRES/14/TK/TAHUN 2013</no_skep><tgl_skep>2013-04-09</tgl_skep></tanda_jasa></riwayat_tanda_jasa><riwayat_bahasa><bahasa><nama_bahasa>INDONESIA</nama_bahasa><keterangan>AKTIF</keterangan></bahasa></riwayat_bahasa><riwayat_keluarga><keluarga><nama_keluarga>SUDARNO, S.SOS</nama_keluarga><jenis_kelamin>LAKI-LAKI</jenis_kelamin><tgl_lahir>1978-02-14</tgl_lahir><hubungan>SUAMI</hubungan></keluarga><keluarga><nama_keluarga>ANANDA NABILA ZAHRA</nama_keluarga><jenis_kelamin>PEREMPUAN</jenis_kelamin><tgl_lahir>2009-12-27</tgl_lahir><hubungan>ANAK</hubungan></keluarga><keluarga><nama_keluarga>BRAMASTYA RAKHA ARDANA</nama_keluarga><jenis_kelamin>LAKI-LAKI</jenis_kelamin><tgl_lahir>2013-11-07</tgl_lahir><hubungan>ANAK</hubungan></keluarga></riwayat_keluarga></personil_kemhan>
