<personil_kemhan><nopeg>30626</nopeg><nip>30626</nip><nrp_nip>30626</nrp_nip><nama>NASIB SIMARMATA,</nama><gelar>S.H, M.Si.</gelar><tempat_lahir>P. SIANTAR</tempat_lahir><tgl_lahir>1961-11-29</tgl_lahir><jenis_kelamin>LAKI-LAKI</jenis_kelamin><unit_organisasi>U.O. KEMHAN</unit_organisasi><jenis_personil>TNI</jenis_personil><pangkat>KOLONEL</pangkat><pangkat_corps>KOLONEL CBA</pangkat_corps><tmt_pangkat>2009-10-01</tmt_pangkat><angkatan_korps>TNI AD</angkatan_korps><sumber_pa_gol_3>AKABRI</sumber_pa_gol_3><tmt_pa_gol_3>1985-11-01</tmt_pa_gol_3><kategori_pangkat>KOLONEL</kategori_pangkat><jabatan>AUDITOR MADYA</jabatan><satker>ITJEN KEMHAN</satker><kode_jabatan>FUNGSIONAL</kode_jabatan><tmt_jabatan>2014-12-31</tmt_jabatan><eselon_jabatan>III</eselon_jabatan><kategori>ORGANIK</kategori><tmt_tni>1985-11-01</tmt_tni><tmt_kemhan>1995-06-01</tmt_kemhan><agama>KATHOLIK</agama><file_foto_1>foto/30626.jpg</file_foto_1><file_foto_2>foto/30626.jpg</file_foto_2><riwayat_pangkat><pangkat><pangkat>LETDA</pangkat><tmt_pkt>1985-09-28</tmt_pkt><no_skep>SKEP/49/ABRI/1985</no_skep><tgl_skep>1985-09-26</tgl_skep></pangkat><pangkat><pangkat>LETTU</pangkat><tmt_pkt>1989-04-01</tmt_pkt><no_skep>SKEP/471/VIII/1990</no_skep><tgl_skep>1990-08-07</tgl_skep></pangkat><pangkat><pangkat>KAPTEN</pangkat><tmt_pkt>1992-10-01</tmt_pkt><no_skep>SKEP/373/IX/1992</no_skep><tgl_skep>1992-09-19</tgl_skep></pangkat><pangkat><pangkat>MAYOR</pangkat><tmt_pkt>1996-10-01</tmt_pkt><no_skep>SKEP/321/IX/1996</no_skep><tgl_skep>1996-09-17</tgl_skep></pangkat><pangkat><pangkat>LETKOL</pangkat><tmt_pkt>2002-04-01</tmt_pkt><no_skep>SKEP/89/III/2002</no_skep><tgl_skep>2002-03-25</tgl_skep></pangkat><pangkat><pangkat>KOLONEL</pangkat><tmt_pkt>2009-10-01</tmt_pkt><no_skep>KEPPRES RI NOMOR : 35/TNI/TAHUN 2009</no_skep><tgl_skep>2009-09-17</tgl_skep></pangkat></riwayat_pangkat><riwayat_jabatan><jabatan><jabatan>DANTIM 3 BALAKANGMOR</jabatan><tmt_jab>1985-11-28</tmt_jab><no_skep>SPRIN/309/XI/1985</no_skep><tgl_skep>1985-11-30</tgl_skep></jabatan><jabatan><jabatan>DANTON HAR YONANGRAT</jabatan><tmt_jab>1986-05-01</tmt_jab><no_skep>SPRIN/157/VI/1986</no_skep><tgl_skep>1986-06-30</tgl_skep></jabatan><jabatan><jabatan>WADANKI III YONANGRAT</jabatan><tmt_jab>1989-07-01</tmt_jab><no_skep>SPRIN/85/XI/1989</no_skep><tgl_skep>1989-11-30</tgl_skep></jabatan><jabatan><jabatan>DANKI BAN YONANGRAT</jabatan><tmt_jab>1992-04-01</tmt_jab><no_skep>SPRIN/870/V/1992</no_skep><tgl_skep>1992-12-30</tgl_skep></jabatan><jabatan><jabatan>DANKI ANGKUMURIK YONANGRAT</jabatan><tmt_jab>1992-10-01</tmt_jab><no_skep>SKEP/100 - 26/XII/1992</no_skep><tgl_skep>1992-12-12</tgl_skep></jabatan><jabatan><jabatan>PSB TKI/RANMOR SUBBAGMAT BAGBEKHAR ROUM SETJEN DHK</jabatan><tmt_jab>1995-06-01</tmt_jab><no_skep>SPRIN/675/VI/1995</no_skep><tgl_skep>1995-06-12</tgl_skep></jabatan><jabatan><jabatan>PSB TK.I/MAT SUBBAGADA BAGBEKHAR ROUM SETJEN DHK</jabatan><tmt_jab>1998-05-01</tmt_jab><no_skep>SKEP/393/V/1998</no_skep><tgl_skep>1998-05-27</tgl_skep></jabatan><jabatan><jabatan>PS KASUBBAG ADA BAG BEKHAR ROUM SETJEN DEPHAN</jabatan><tmt_jab>1999-02-01</tmt_jab><no_skep>SKEP/73/II/1999</no_skep><tgl_skep>1999-02-01</tgl_skep></jabatan><jabatan><jabatan>KASUBBAG ADA BAG BEKHAR ROUM SETJEN DEPHAN</jabatan><tmt_jab>1999-06-01</tmt_jab><no_skep>SKEP/491/VI/1999</no_skep><tgl_skep>1999-06-04</tgl_skep></jabatan><jabatan><jabatan>KASUBBAGINVENTORI BAGBEKHAR ROUM SETJEN DEPHAN</jabatan><tmt_jab>2000-06-01</tmt_jab><no_skep>SKEP/338/V/2000</no_skep><tgl_skep>2000-05-22</tgl_skep></jabatan><jabatan><jabatan>KASUBBAG BANG BAG ADABANGPEG ROPEG</jabatan><tmt_jab>2001-03-01</tmt_jab><no_skep>SKEP/191/III/2001</no_skep><tgl_skep>2001-03-01</tgl_skep></jabatan><jabatan><jabatan>KASUBAG ADAINVEN BAG BEKHAR ROUM SETJEN DEPHAN</jabatan><tmt_jab>2007-04-01</tmt_jab><no_skep>SKEP/297/IV/2007</no_skep><tgl_skep>2007-04-13</tgl_skep></jabatan><jabatan><jabatan>TENAGA FUNGSIONAL GOL. IV/ KOLONEL ROUM SETJEN DEPHAN</jabatan><tmt_jab>2009-03-30</tmt_jab><no_skep>KEP MENHAN NO : KEP/47/III/2009</no_skep><tgl_skep>2009-03-30</tgl_skep></jabatan><jabatan><jabatan>ANALIS MADYA KEBIJAKAN KESEJAHTERAAN PEGAWAI ROUM SETJEN KEMHAN</jabatan><tmt_jab>2010-07-21</tmt_jab><no_skep>KEP/555/VII/2010</no_skep><tgl_skep>2010-07-29</tgl_skep></jabatan><jabatan><jabatan>ANALIS MADYA BIDANG BEKHAR ROUM SETJEN KEMHAN</jabatan><tmt_jab>2010-09-27</tmt_jab><no_skep>KEP/677/IX/2010</no_skep><tgl_skep>2010-09-27</tgl_skep></jabatan><jabatan><jabatan>KABAG BEKHAR ROUM SETJEN KEMHAN</jabatan><tmt_jab>2011-02-01</tmt_jab><no_skep>KEP/77/II/2011</no_skep><tgl_skep>2011-02-04</tgl_skep></jabatan><jabatan><jabatan>AUDITOR MADYA BIDANG LOGISTIK ITJEN KEMHAN</jabatan><tmt_jab>2014-10-30</tmt_jab><no_skep>KEP/1306/XI/2014</no_skep><tgl_skep>2014-11-12</tgl_skep></jabatan><jabatan><jabatan>AUDITOR MADYA ITJEN KEMHAN</jabatan><tmt_jab>2014-12-31</tmt_jab><no_skep>KEP/1489/XII/2014</no_skep><tgl_skep>2014-12-18</tgl_skep></jabatan></riwayat_jabatan><riwayat_pendidikan><pendidikan_umum><pendidikan><nama_dik>SEKOLAH DASAR</nama_dik><tahun_lulus>1974</tahun_lulus></pendidikan><pendidikan><nama_dik>SEKOLAH MENENGAH PERTAMA (SMP)</nama_dik><tahun_lulus>1977</tahun_lulus></pendidikan><pendidikan><nama_dik>SEKOLAH MENENGAH ATAS (SMA)</nama_dik><tahun_lulus>1980</tahun_lulus></pendidikan><pendidikan><nama_dik>SARJANA (S1)</nama_dik><tahun_lulus>2000</tahun_lulus></pendidikan><pendidikan><nama_dik>PASCA SARJANA (S2)</nama_dik><tahun_lulus>2002</tahun_lulus></pendidikan></pendidikan_umum><pendidikan_pembentukan><pendidikan><nama_dik>SUS SARCAB</nama_dik><tahun_lulus>1985</tahun_lulus></pendidikan><pendidikan><nama_dik>AKABRI</nama_dik><tahun_lulus>1985</tahun_lulus></pendidikan><pendidikan><nama_dik>SUS PA BENWAN</nama_dik><tahun_lulus>1987</tahun_lulus></pendidikan><pendidikan><nama_dik>SUS LAPA 1</nama_dik><tahun_lulus>1990</tahun_lulus></pendidikan><pendidikan><nama_dik>SUS LAPA 2</nama_dik><tahun_lulus>1994</tahun_lulus></pendidikan><pendidikan><nama_dik>SUS SELAM DASAR</nama_dik><tahun_lulus>1999</tahun_lulus></pendidikan><pendidikan><nama_dik>ONE STAR SCUBA DIVER</nama_dik><tahun_lulus>1999</tahun_lulus></pendidikan><pendidikan><nama_dik>SUS JEMEN RENGAR</nama_dik><tahun_lulus>2001</tahun_lulus></pendidikan><pendidikan><nama_dik>KNIBI</nama_dik><tahun_lulus>2002</tahun_lulus></pendidikan><pendidikan><nama_dik>COMPLETED STAF WORK</nama_dik><tahun_lulus>2002</tahun_lulus></pendidikan><pendidikan><nama_dik>TARGATI PKBN</nama_dik><tahun_lulus>2003</tahun_lulus></pendidikan><pendidikan><nama_dik>KNIBI</nama_dik><tahun_lulus>2003</tahun_lulus></pendidikan><pendidikan><nama_dik>SERTIFIKASI NASIONAL PENGADAAN (KUALIFIKASI L-4)</nama_dik><tahun_lulus>2006</tahun_lulus></pendidikan><pendidikan><nama_dik>WING TERBANG LAYANG</nama_dik><tahun_lulus>2006</tahun_lulus></pendidikan><pendidikan><nama_dik>WORKSHOP HANNEG ESL. IV</nama_dik><tahun_lulus>2007</tahun_lulus></pendidikan><pendidikan><nama_dik>WORKSHOP HANNEG ESL. III</nama_dik><tahun_lulus>2009</tahun_lulus></pendidikan><pendidikan><nama_dik>SUSKATJEMEN PAKET &quot;SOSIAL MARKETING&quot;</nama_dik><tahun_lulus>2009</tahun_lulus></pendidikan></pendidikan_pembentukan></riwayat_pendidikan><riwayat_penugasan><penugasan><negara>INDONESIA</negara><tahun>1989</tahun><uraian>OPERASI SEROJA TIMOR TIMUR</uraian></penugasan><penugasan><negara>INDONESIA</negara><tahun>1992</tahun><uraian>OPERASI SEROJA TIMOR TIMUR</uraian></penugasan><penugasan><negara>MALAYSIA</negara><tahun>1992</tahun><uraian>OJT</uraian></penugasan></riwayat_penugasan><riwayat_tanda_jasa><tanda_jasa><nama_tanda_jasa>SATYALANCANA SEROJA I</nama_tanda_jasa><no_skep>SKEP/100/VII/1989</no_skep><tgl_skep>1989-07-26</tgl_skep></tanda_jasa><tanda_jasa><nama_tanda_jasa>SATYALANCANA SEROJA II</nama_tanda_jasa><no_skep>SKEP/283/VI/1992</no_skep><tgl_skep>1992-06-29</tgl_skep></tanda_jasa><tanda_jasa><nama_tanda_jasa>SATYALANCANA KESETIAAN VIII TAHUN</nama_tanda_jasa><no_skep>SKEP/491/XII/1994</no_skep><tgl_skep>1994-12-06</tgl_skep></tanda_jasa><tanda_jasa><nama_tanda_jasa>SATYALANCANA KESETIAAN XVI TAHUN</nama_tanda_jasa><no_skep>SKEP/364/X/2005</no_skep><tgl_skep>2005-10-19</tgl_skep></tanda_jasa><tanda_jasa><nama_tanda_jasa>SATYALANCANA KESETIAAN XXIV TAHUN</nama_tanda_jasa><no_skep>KEP/82/IV/2010</no_skep><tgl_skep>2010-04-19</tgl_skep></tanda_jasa><tanda_jasa><nama_tanda_jasa>BINTANG KARTIKA EKA PAKSI NARARYA</nama_tanda_jasa><no_skep>KEPRES NOMOR 108/TK/TAHUN 2011</no_skep><tgl_skep>2011-10-25</tgl_skep></tanda_jasa></riwayat_tanda_jasa><riwayat_bahasa><bahasa><nama_bahasa>BATAK/TAPANULI</nama_bahasa><keterangan>AKTIF</keterangan></bahasa><bahasa><nama_bahasa>JAWA</nama_bahasa><keterangan>AKTIF</keterangan></bahasa><bahasa><nama_bahasa>SUNDA</nama_bahasa><keterangan>AKTIF</keterangan></bahasa><bahasa><nama_bahasa>INGGRIS</nama_bahasa><keterangan>PASIF</keterangan></bahasa><bahasa><nama_bahasa>INDONESIA</nama_bahasa><keterangan>AKTIF</keterangan></bahasa><bahasa><nama_bahasa>TIMOR</nama_bahasa><keterangan>PASIF</keterangan></bahasa></riwayat_bahasa><riwayat_keluarga><keluarga><nama_keluarga>JE PERTIWI</nama_keluarga><jenis_kelamin>PEREMPUAN</jenis_kelamin><tgl_lahir>1967-05-19</tgl_lahir><hubungan>ISTRI</hubungan></keluarga><keluarga><nama_keluarga>TIARNI</nama_keluarga><jenis_kelamin>PEREMPUAN</jenis_kelamin><tgl_lahir>2004-05-10</tgl_lahir><hubungan>ANAK</hubungan></keluarga></riwayat_keluarga></personil_kemhan>
