<personil_kemhan><nopeg>196211151987031001</nopeg><nip> 030189389</nip><nrp_nip>196211151987031001</nrp_nip><nama>INDRA</nama><tempat_lahir>Bandung</tempat_lahir><tgl_lahir>1962-11-15</tgl_lahir><jenis_kelamin>LAKI-LAKI</jenis_kelamin><unit_organisasi>U.O. KEMHAN</unit_organisasi><jenis_personil>PNS</jenis_personil><pangkat>PENATA MUDA TK.I III/B</pangkat><pangkat_corps>PENATA MUDA TK.I III/B </pangkat_corps><tmt_pangkat>2007-04-01</tmt_pangkat><angkatan_korps>PNS</angkatan_korps><sumber_pa_gol_3>UJIAN DINAS</sumber_pa_gol_3><tmt_pa_gol_3>2002-05-05</tmt_pa_gol_3><kategori_pangkat>III/B</kategori_pangkat><jabatan>PENGOLAH BAHAN CYBER MEDIA SUBBID CYBER MEDIA BID OPINI</jabatan><satker>PUSKOMPUBLIK KEMHAN</satker><kode_jabatan>ANGGOTA</kode_jabatan><tmt_jabatan>2011-04-01</tmt_jabatan><eselon_jabatan>99</eselon_jabatan><kategori>ORGANIK</kategori><tmt_tni>1988-11-30</tmt_tni><tmt_kemhan>1987-02-25</tmt_kemhan><agama>ISLAM</agama><file_foto_1>foto/196211151987031001.jpg</file_foto_1><file_foto_2>foto/ 030189389.jpg</file_foto_2><riwayat_pangkat><pangkat><pangkat>CAPEG II/A</pangkat><tmt_pkt>1987-03-01</tmt_pkt><no_skep>Skep/772/V/1987</no_skep><tgl_skep>1987-05-26</tgl_skep></pangkat><pangkat><pangkat>PENGATUR MUDA II/A</pangkat><tmt_pkt>1988-12-01</tmt_pkt><no_skep>Skep/1736/XI/1988</no_skep><tgl_skep>1988-11-30</tgl_skep></pangkat><pangkat><pangkat>PENGATUR MUDA TK.I  II/B</pangkat><tmt_pkt>1991-04-01</tmt_pkt><no_skep>03-09/02661/KEP/IV/1991</no_skep><tgl_skep>1991-09-02</tgl_skep></pangkat><pangkat><pangkat>PENGATUR II/C</pangkat><tmt_pkt>1995-04-01</tmt_pkt><no_skep>03-05/07750/KEP/IV/1995</no_skep><tgl_skep>1995-03-17</tgl_skep></pangkat><pangkat><pangkat>PENGATUR TK.I II/D</pangkat><tmt_pkt>1999-04-01</tmt_pkt><no_skep>03-09-00/036/KEP/IV/1999</no_skep><tgl_skep>1999-07-08</tgl_skep></pangkat><pangkat><pangkat>PENATA MUDA III/A</pangkat><tmt_pkt>2003-04-01</tmt_pkt><no_skep>Skep/619/V/2003</no_skep><tgl_skep>2003-05-05</tgl_skep></pangkat><pangkat><pangkat>PENATA MUDA TK.I III/B</pangkat><tmt_pkt>2007-04-01</tmt_pkt><no_skep>Skep/153/III/2007</no_skep><tgl_skep>2007-03-06</tgl_skep></pangkat></riwayat_pangkat><riwayat_jabatan><jabatan><jabatan>PENGETIKAN KOMPUTER POK FUNGSIONAL PUSINFOLAHTA DEPHANKAM</jabatan><tmt_jab>1998-10-01</tmt_jab><no_skep>Skep/1259/XI/1998</no_skep><tgl_skep>1998-11-05</tgl_skep></jabatan><jabatan><jabatan>TURMIN SUBBAGTUK OPINI BAG PATUM SIAR ROHUMAS</jabatan><tmt_jab>2001-03-01</tmt_jab><no_skep>Skep / 295 / IV /2001</no_skep><tgl_skep>2001-04-03</tgl_skep></jabatan><jabatan><jabatan>Anggota Subbag Tuk Bag Opini Rohumas Setjen Dephan</jabatan><tmt_jab>2006-05-01</tmt_jab><no_skep>Skep/309/V/2006</no_skep><tgl_skep>2006-05-05</tgl_skep></jabatan><jabatan><jabatan>PENGOLAH BAHAN PEMBENTUKAN OPINI SUBBAGTUK BAGOPINI ROHUMAS</jabatan><tmt_jab>2010-06-21</tmt_jab><no_skep>KEP/423/VI/2010</no_skep><tgl_skep>2010-06-25</tgl_skep></jabatan><jabatan><jabatan>PENGOLAH BAHAN CYBER MEDIA SUBBID CYBER MEDIA BID OPINI PUSKOMPUBLIK KEMHAN</jabatan><tmt_jab>2011-04-01</tmt_jab><no_skep>SPRIN/68/VI/2011</no_skep><tgl_skep>2011-06-13</tgl_skep></jabatan><jabatan><jabatan>PENGOLAH BAHAN CYBER MEDIA SUBBID CYBER MEDIA BID OPINI PUSKOM PUBLIK KEMHAN</jabatan><tmt_jab>2014-12-31</tmt_jab><no_skep>KEP/1510/XII/2014</no_skep><tgl_skep>2014-12-18</tgl_skep></jabatan></riwayat_jabatan><riwayat_pendidikan><pendidikan_umum><pendidikan><nama_dik>SEKOLAH DASAR</nama_dik><tahun_lulus>0</tahun_lulus></pendidikan><pendidikan><nama_dik>SEKOLAH LANJUTAN TINGKAT PERTAMA (SLTP)</nama_dik><tahun_lulus>0</tahun_lulus></pendidikan><pendidikan><nama_dik>SEKOLAH LANJUTAN TINGKAT ATAS (SLTA)</nama_dik><tahun_lulus>0</tahun_lulus></pendidikan></pendidikan_umum><pendidikan_pembentukan><pendidikan><nama_dik>LATPRAJAB</nama_dik><tahun_lulus>1987</tahun_lulus></pendidikan><pendidikan><nama_dik> Penataran P-4 25 Jam</nama_dik><tahun_lulus>1988</tahun_lulus></pendidikan><pendidikan><nama_dik>Sus Program Komputer Dephankam ABRI ke XXVIII</nama_dik><tahun_lulus>1993</tahun_lulus></pendidikan><pendidikan><nama_dik>Susminpers Dephankam Anggkatan I</nama_dik><tahun_lulus>1993</tahun_lulus></pendidikan><pendidikan><nama_dik>Pelatihan Teknologi Internet untuk Operator</nama_dik><tahun_lulus>1997</tahun_lulus></pendidikan><pendidikan><nama_dik>sus Program Internet</nama_dik><tahun_lulus>1997</tahun_lulus></pendidikan><pendidikan><nama_dik>pemograman internet dalam rangka Pengembangan &amp; Pe</nama_dik><tahun_lulus>2003</tahun_lulus></pendidikan></pendidikan_pembentukan></riwayat_pendidikan><riwayat_penugasan></riwayat_penugasan><riwayat_tanda_jasa><tanda_jasa><nama_tanda_jasa>SATYALANCANA KARYA SATYA X TAHUN</nama_tanda_jasa><no_skep>Kepres /065 / TK /TAHUN / 2001</no_skep><tgl_skep>2001-07-19</tgl_skep></tanda_jasa><tanda_jasa><nama_tanda_jasa>SATYALANCANA KARYA SATYA XX TAHUN</nama_tanda_jasa><no_skep>Kepres / 73 / TK / TAHUN 2011</no_skep><tgl_skep>2011-08-01</tgl_skep></tanda_jasa></riwayat_tanda_jasa><riwayat_bahasa><bahasa><nama_bahasa>SUNDA</nama_bahasa><keterangan>AKTIF</keterangan></bahasa></riwayat_bahasa><riwayat_keluarga><keluarga><nama_keluarga>ANA MARIANI</nama_keluarga><jenis_kelamin>PEREMPUAN</jenis_kelamin><tgl_lahir>1968-06-12</tgl_lahir><hubungan>ISTRI</hubungan></keluarga><keluarga><nama_keluarga>PUSPITASARI ANDRA SUKMA</nama_keluarga><jenis_kelamin>PEREMPUAN</jenis_kelamin><tgl_lahir>1997-08-17</tgl_lahir><hubungan>ANAK</hubungan></keluarga><keluarga><nama_keluarga>MUHAMMAD IRFAN ANDRA SUKMA</nama_keluarga><jenis_kelamin>LAKI-LAKI</jenis_kelamin><tgl_lahir>2003-11-20</tgl_lahir><hubungan>ANAK</hubungan></keluarga></riwayat_keluarga></personil_kemhan>
