<personil_kemhan><nopeg>197811142006041001</nopeg><nip>030250238</nip><nrp_nip>197811142006041001</nrp_nip><nama>JOHAN RISDANI</nama><tempat_lahir>JAKARTA</tempat_lahir><tgl_lahir>1978-11-14</tgl_lahir><jenis_kelamin>LAKI-LAKI</jenis_kelamin><unit_organisasi>U.O. KEMHAN</unit_organisasi><jenis_personil>PNS</jenis_personil><pangkat>PENGATUR MUDA II/A</pangkat><pangkat_corps>PENGATUR MUDA II/A </pangkat_corps><tmt_pangkat>2014-10-01</tmt_pangkat><angkatan_korps>PNS</angkatan_korps><kategori_pangkat>II/A</kategori_pangkat><jabatan>KURIR SUBBAG TU BIRO BAG DUKMIN SEKJEN</jabatan><satker>ROTU SETJEN KEMHAN</satker><kode_jabatan>ANGGOTA</kode_jabatan><tmt_jabatan>2014-12-31</tmt_jabatan><eselon_jabatan>99</eselon_jabatan><kategori>ORGANIK</kategori><tmt_tni>2007-09-01</tmt_tni><tmt_kemhan>2006-04-01</tmt_kemhan><agama>KATHOLIK</agama><file_foto_1>foto/197811142006041001.jpg</file_foto_1><file_foto_2>foto/030250238.jpg</file_foto_2><riwayat_pangkat><pangkat><pangkat>CAPEG I/C</pangkat><tmt_pkt>2006-04-01</tmt_pkt><no_skep>SKEP/372/M/V/2006</no_skep><tgl_skep>00000-00-00</tgl_skep></pangkat><pangkat><pangkat>JURU I/C</pangkat><tmt_pkt>2007-09-01</tmt_pkt><no_skep>SKEP/686/IX/2007</no_skep><tgl_skep>00000-00-00</tgl_skep></pangkat><pangkat><pangkat>JURU TK.I  I/D</pangkat><tmt_pkt>2010-04-01</tmt_pkt><no_skep>KEP/153/III/2010</no_skep><tgl_skep>2010-03-12</tgl_skep></pangkat><pangkat><pangkat>PENGATUR MUDA II/A</pangkat><tmt_pkt>2014-10-01</tmt_pkt></pangkat></riwayat_pangkat><riwayat_jabatan><jabatan><jabatan>Anggota Subbag Minmen Bag Banminpim Rotu Setjen Dephan</jabatan><tmt_jab>2006-04-01</tmt_jab><no_skep>SKEP/472/VII/2006</no_skep><tgl_skep>2006-04-01</tgl_skep></jabatan><jabatan><jabatan>PETUGAS POS KEMHAN SUBBAG TAKAHDIS ROTU SETJEN KEMHAN</jabatan><tmt_jab>2011-04-01</tmt_jab><no_skep>KEP/282/VI/2011</no_skep><tgl_skep>2011-04-19</tgl_skep></jabatan><jabatan><jabatan>ANGGOTA ROTU SETJEN KEMHAN</jabatan><tmt_jab>2013-11-01</tmt_jab><tgl_skep>2013-11-01</tgl_skep></jabatan><jabatan><jabatan>PRAMU KANTOR SUBBAG TU BIRO BAG TU DAN DUK SEKJEN  ROTU SETJEN KEMHAN</jabatan><tmt_jab>2014-02-20</tmt_jab><no_skep>KEP/187/II/2014</no_skep><tgl_skep>2014-02-20</tgl_skep></jabatan><jabatan><jabatan>KURIR SUBBAG TU BIRO BAG DUKMIN SEKJEN ROTU SETJEN KEMHAN</jabatan><tmt_jab>2014-12-31</tmt_jab><no_skep>KEP/1485/XII/2014</no_skep><tgl_skep>2014-12-18</tgl_skep></jabatan></riwayat_jabatan><riwayat_pendidikan><pendidikan_umum><pendidikan><nama_dik>SEKOLAH DASAR</nama_dik><tahun_lulus>1992</tahun_lulus></pendidikan><pendidikan><nama_dik>SEKOLAH LANJUTAN TINGKAT PERTAMA (SLTP)</nama_dik><tahun_lulus>1995</tahun_lulus></pendidikan><pendidikan><nama_dik>SEKOLAH LANJUTAN TINGKAT ATAS (SLTA)</nama_dik><tahun_lulus>2007</tahun_lulus></pendidikan></pendidikan_umum><pendidikan_pembentukan><pendidikan><nama_dik>SUS KESEKRETARIATAN</nama_dik><tahun_lulus>2006</tahun_lulus></pendidikan><pendidikan><nama_dik>TAR KESEKRETARIATAN</nama_dik><tahun_lulus>2006</tahun_lulus></pendidikan><pendidikan><nama_dik>LATPRAJAB</nama_dik><tahun_lulus>2006</tahun_lulus></pendidikan></pendidikan_pembentukan></riwayat_pendidikan><riwayat_penugasan></riwayat_penugasan><riwayat_tanda_jasa></riwayat_tanda_jasa><riwayat_bahasa><bahasa><nama_bahasa>INGGRIS</nama_bahasa><keterangan>PASIF</keterangan></bahasa></riwayat_bahasa><riwayat_keluarga><keluarga><nama_keluarga>FRANSISCA DWI APRILIYANTI</nama_keluarga><jenis_kelamin>PEREMPUAN</jenis_kelamin><tgl_lahir>1978-04-21</tgl_lahir><hubungan>ISTRI</hubungan></keluarga><keluarga><nama_keluarga>CLARA MIKHAELA FRAN RISDANI</nama_keluarga><jenis_kelamin>PEREMPUAN</jenis_kelamin><tgl_lahir>2014-03-07</tgl_lahir><hubungan>ANAK</hubungan></keluarga></riwayat_keluarga></personil_kemhan>
