<personil_kemhan><nopeg>196703101990082001</nopeg><nip>030208352</nip><nrp_nip>196703101990082001</nrp_nip><nama>TATU CHORSIAH</nama><tempat_lahir>PANDEGLANG</tempat_lahir><tgl_lahir>1967-03-10</tgl_lahir><jenis_kelamin>PEREMPUAN</jenis_kelamin><unit_organisasi>U.O. KEMHAN</unit_organisasi><jenis_personil>PNS</jenis_personil><pangkat>PENATA MUDA TK.I III/B</pangkat><pangkat_corps>PENATA MUDA TK.I III/B </pangkat_corps><tmt_pangkat>2010-10-01</tmt_pangkat><angkatan_korps>PNS</angkatan_korps><sumber_pa_gol_3>UJIAN DINAS</sumber_pa_gol_3><tmt_pa_gol_3>2006-10-01</tmt_pa_gol_3><kategori_pangkat>III/B</kategori_pangkat><jabatan>PENGADMINISTRASI KEPEGAWAIAN SUBBAG TU DIT KOMCAD </jabatan><satker>DIT KOMCAD DITJEN POTHAN KEMHAN</satker><kode_jabatan>FUNGSIONAL</kode_jabatan><tmt_jabatan>2014-12-31</tmt_jabatan><eselon_jabatan>99</eselon_jabatan><kategori>ORGANIK</kategori><tmt_tni>1991-08-01</tmt_tni><tmt_kemhan>1990-08-01</tmt_kemhan><agama>ISLAM</agama><file_foto_1>foto/196703101990082001.jpg</file_foto_1><file_foto_2>foto/030208352.jpg</file_foto_2><riwayat_pangkat><pangkat><pangkat>CAPEG II/A</pangkat><tmt_pkt>1990-08-01</tmt_pkt><no_skep>SKEP/1612/VII/1990</no_skep><tgl_skep>1990-07-19</tgl_skep></pangkat><pangkat><pangkat>PENGATUR MUDA II/A</pangkat><tmt_pkt>1991-08-01</tmt_pkt><no_skep>SKEP/1047/VII/1991</no_skep><tgl_skep>1991-07-04</tgl_skep></pangkat><pangkat><pangkat>PENGATUR MUDA TK.I  II/B</pangkat><tmt_pkt>1994-10-01</tmt_pkt><no_skep>03-09/00675/KEP/X/1994</no_skep><tgl_skep>1994-08-23</tgl_skep></pangkat><pangkat><pangkat>PENGATUR II/C</pangkat><tmt_pkt>1998-10-01</tmt_pkt><no_skep>03-09/00015/KEP/X/1998</no_skep><tgl_skep>1998-09-30</tgl_skep></pangkat><pangkat><pangkat>PENGATUR TK.I II/D</pangkat><tmt_pkt>2002-10-01</tmt_pkt><no_skep>SKEP/23/I/2003</no_skep><tgl_skep>2002-01-09</tgl_skep></pangkat><pangkat><pangkat>PENATA MUDA III/A</pangkat><tmt_pkt>2006-10-01</tmt_pkt><no_skep>SKEP/619/VIII/2006</no_skep><tgl_skep>2006-08-24</tgl_skep></pangkat><pangkat><pangkat>PENATA MUDA TK.I III/B</pangkat><tmt_pkt>2010-10-01</tmt_pkt><no_skep>KEP MENHAN NOMOR : KEP/642/IX/2010</no_skep><tgl_skep>2010-09-14</tgl_skep></pangkat></riwayat_pangkat><riwayat_jabatan><jabatan><jabatan>Kasir  Primkop Setjen Dephan</jabatan><tmt_jab>1990-08-01</tmt_jab><tgl_skep>1990-08-01</tgl_skep></jabatan><jabatan><jabatan>Tur  Unit  Toko Primkop Setjen Dephan</jabatan><tmt_jab>1998-09-01</tmt_jab><no_skep>SKEP/1159/IX/1998</no_skep><tgl_skep>1998-09-23</tgl_skep></jabatan><jabatan><jabatan>Tur Unit Usipa Primkop Setjen Dephan</jabatan><tmt_jab>2005-10-01</tmt_jab><tgl_skep>2005-10-01</tgl_skep></jabatan><jabatan><jabatan>Anggota Subbag Minpeg Bagum Set Ditjen Pothan Dephan</jabatan><tmt_jab>2008-04-30</tmt_jab><no_skep>SKEP/264/IV/2008</no_skep><tgl_skep>2008-04-28</tgl_skep></jabatan><jabatan><jabatan>PENGADMINISTRASI PERAWATAN PEGAWAI BIDANG IDENTITAS SUBBAGMINPEG BAGUM SET DITJEN POTHAN KEMHAN</jabatan><tmt_jab>2010-05-10</tmt_jab><no_skep>KEP/313/V/2010</no_skep><tgl_skep>2010-05-18</tgl_skep></jabatan><jabatan><jabatan>PENGADMINISTRASI KEPEGAWAIAN SUBBAG TU DIT KOMCAD DITJEN POTHAN KEMHAN</jabatan><tmt_jab>2011-04-01</tmt_jab><no_skep>KEP MENHAN NO.KEP/289/IV/2011</no_skep><tgl_skep>2011-04-19</tgl_skep></jabatan><jabatan><jabatan>PENGADMINISTRASI KEPEGAWAIAN SUBBAG TU DIT KOMCAD  DIT KOMCAD DITJEN POTHAN KEMHAN</jabatan><tmt_jab>2014-12-31</tmt_jab><no_skep>Skep/1498/XII/2014</no_skep><tgl_skep>2014-12-18</tgl_skep></jabatan></riwayat_jabatan><riwayat_pendidikan><pendidikan_umum><pendidikan><nama_dik>SEKOLAH DASAR</nama_dik><tahun_lulus>1981</tahun_lulus></pendidikan><pendidikan><nama_dik>SEKOLAH LANJUTAN TINGKAT PERTAMA (SLTP)</nama_dik><tahun_lulus>1984</tahun_lulus></pendidikan><pendidikan><nama_dik>SEKOLAH LANJUTAN TINGKAT ATAS (SLTA)</nama_dik><tahun_lulus>1988</tahun_lulus></pendidikan></pendidikan_umum><pendidikan_pembentukan><pendidikan><nama_dik>Sus Kepegawaian</nama_dik><tahun_lulus>2001</tahun_lulus></pendidikan><pendidikan><nama_dik>SUS OPERATOR KOMPUTER</nama_dik><tahun_lulus>2003</tahun_lulus></pendidikan><pendidikan><nama_dik>Ujian Dinas (UDIN)</nama_dik><tahun_lulus>2005</tahun_lulus></pendidikan><pendidikan><nama_dik>Workshop Komputer</nama_dik><tahun_lulus>2010</tahun_lulus></pendidikan></pendidikan_pembentukan></riwayat_pendidikan><riwayat_penugasan></riwayat_penugasan><riwayat_tanda_jasa><tanda_jasa><nama_tanda_jasa>SATYALANCANA KARYA SATYA X TAHUN</nama_tanda_jasa><no_skep>PRESIDEN RI, NO. 494/4-8/2003</no_skep><tgl_skep>2003-07-31</tgl_skep></tanda_jasa></riwayat_tanda_jasa><riwayat_bahasa><bahasa><nama_bahasa>SUNDA</nama_bahasa><keterangan>AKTIF</keterangan></bahasa><bahasa><nama_bahasa>INDONESIA</nama_bahasa><keterangan>AKTIF</keterangan></bahasa></riwayat_bahasa><riwayat_keluarga><keluarga><nama_keluarga>ITANG SOPIAN</nama_keluarga><jenis_kelamin>LAKI-LAKI</jenis_kelamin><tgl_lahir>1966-12-02</tgl_lahir><hubungan>SUAMI</hubungan></keluarga><keluarga><nama_keluarga>ROBBIYATUL ADAWIYAH</nama_keluarga><jenis_kelamin>PEREMPUAN</jenis_kelamin><tgl_lahir>1992-11-10</tgl_lahir><hubungan>ANAK</hubungan></keluarga><keluarga><nama_keluarga>EUIS NURFADILLAH</nama_keluarga><jenis_kelamin>PEREMPUAN</jenis_kelamin><tgl_lahir>2000-10-04</tgl_lahir><hubungan>ANAK</hubungan></keluarga><keluarga><nama_keluarga>IDHAM KHOLIK</nama_keluarga><jenis_kelamin>LAKI-LAKI</jenis_kelamin><tgl_lahir>2005-07-06</tgl_lahir><hubungan>ANAK</hubungan></keluarga></riwayat_keluarga></personil_kemhan>
