<personil_kemhan><nopeg>31950370010675</nopeg><nip>31950370010675</nip><nrp_nip>31950370010675</nrp_nip><nama>MULYANTO</nama><tempat_lahir>Sungai Deras</tempat_lahir><tgl_lahir>1975-06-16</tgl_lahir><jenis_kelamin>LAKI-LAKI</jenis_kelamin><unit_organisasi>U.O. KEMHAN</unit_organisasi><jenis_personil>TNI</jenis_personil><pangkat>SERTU</pangkat><pangkat_corps>SERTU </pangkat_corps><tmt_pangkat>2013-10-01</tmt_pangkat><angkatan_korps>TNI AD</angkatan_korps><kategori_pangkat>SERTU</kategori_pangkat><jabatan>PENGEMUDI AJP SUBBAG YANURDAL BAGRUMGA</jabatan><satker>ROUM SETJEN KEMHAN</satker><kode_jabatan>ANGGOTA</kode_jabatan><tmt_jabatan>2014-12-31</tmt_jabatan><eselon_jabatan>99</eselon_jabatan><kategori>ORGANIK</kategori><tmt_tni>2001-10-01</tmt_tni><agama>ISLAM</agama><file_foto_1>foto/31950370010675.jpg</file_foto_1><file_foto_2>foto/31950370010675.jpg</file_foto_2><riwayat_pangkat><pangkat><pangkat>PRAKA</pangkat><tmt_pkt>2001-10-01</tmt_pkt><no_skep>SKEP/29.22/IX/2001</no_skep><tgl_skep>2001-09-18</tgl_skep></pangkat><pangkat><pangkat>KOPDA</pangkat><tmt_pkt>2005-10-01</tmt_pkt><no_skep>SPRIN/045/I/2005</no_skep><tgl_skep>2005-09-30</tgl_skep></pangkat><pangkat><pangkat>SERTU</pangkat><tmt_pkt>2013-10-01</tmt_pkt><no_skep>SPRIN/1018/IX/2013</no_skep><tgl_skep>2013-09-30</tgl_skep></pangkat></riwayat_pangkat><riwayat_jabatan><jabatan><jabatan>TA. MUDI KAROKUM</jabatan><tmt_jab>2003-04-11</tmt_jab><no_skep>SPRIN/145/IV/2003</no_skep><tgl_skep>2003-04-01</tgl_skep></jabatan><jabatan><jabatan>Anggota Subbag Yanum Urdal Bagrumga Roum Setjen Dephan</jabatan><tmt_jab>2003-04-11</tmt_jab><tgl_skep>2003-04-11</tgl_skep></jabatan><jabatan><jabatan>Anggota Subbag Minro Bag Yankum Rohukum Setjen Dephan</jabatan><tmt_jab>2003-04-11</tmt_jab><tgl_skep>2003-04-11</tgl_skep></jabatan><jabatan><jabatan>PENGEMUDI SUBBAG YANUM URDAL BAG RUMGA  ROUM SETJEN KEMHAN</jabatan><tmt_jab>2010-08-09</tmt_jab><no_skep>KEP/585/VIII/2010</no_skep><tgl_skep>2010-08-09</tgl_skep></jabatan><jabatan><jabatan>ANGGOTA ROUM SETJEN KEMHAN</jabatan><tmt_jab>2011-10-12</tmt_jab><no_skep>KEP/779/X/2011</no_skep><tgl_skep>2011-10-19</tgl_skep></jabatan><jabatan><jabatan>PENGEMUDI AJP SUBBAGYANURDAL BAG RUMGA ROUM SETJEN KEMHAN</jabatan><tmt_jab>2011-12-08</tmt_jab><no_skep>KEP/942/XII/2011</no_skep><tgl_skep>2020-12-08</tgl_skep></jabatan><jabatan><jabatan>PENGEMUDI AJP SUBBAG YANURDAL BAGRUMGA ROUM SETJEN KEMHAN</jabatan><tmt_jab>2014-12-31</tmt_jab><no_skep>KEP/1484/XIV/2014</no_skep><tgl_skep>2014-12-18</tgl_skep></jabatan></riwayat_jabatan><riwayat_pendidikan><pendidikan_umum><pendidikan><nama_dik>SEKOLAH DASAR</nama_dik><tahun_lulus>1985</tahun_lulus></pendidikan><pendidikan><nama_dik>SEKOLAH MENENGAH PERTAMA (SMP)</nama_dik><tahun_lulus>1989</tahun_lulus></pendidikan><pendidikan><nama_dik>SMA (IPS)</nama_dik><tahun_lulus>1993</tahun_lulus></pendidikan></pendidikan_umum><pendidikan_pembentukan></pendidikan_pembentukan></riwayat_pendidikan><riwayat_penugasan></riwayat_penugasan><riwayat_tanda_jasa></riwayat_tanda_jasa><riwayat_bahasa><bahasa><nama_bahasa>MELAYU</nama_bahasa><keterangan>AKTIF</keterangan></bahasa></riwayat_bahasa><riwayat_keluarga><keluarga><nama_keluarga>RENY YULIATI</nama_keluarga><jenis_kelamin>PEREMPUAN</jenis_kelamin><tgl_lahir>1981-08-28</tgl_lahir><hubungan>ISTRI</hubungan></keluarga><keluarga><nama_keluarga>AMELIA VEGA</nama_keluarga><jenis_kelamin>PEREMPUAN</jenis_kelamin><tgl_lahir>2003-10-06</tgl_lahir><hubungan>ANAK</hubungan></keluarga></riwayat_keluarga></personil_kemhan>
