<personil_kemhan><nopeg>196511181990031001</nopeg><nip>030205320</nip><nrp_nip>196511181990031001</nrp_nip><nama>WIRAWAN</nama><gelar>S.H.</gelar><tempat_lahir>Surabaya</tempat_lahir><tgl_lahir>1965-11-18</tgl_lahir><jenis_kelamin>LAKI-LAKI</jenis_kelamin><unit_organisasi>U.O. KEMHAN</unit_organisasi><jenis_personil>PNS</jenis_personil><pangkat>PENATA TK.I III/D</pangkat><pangkat_corps>PENATA TK.I III/D </pangkat_corps><tmt_pangkat>2012-04-01</tmt_pangkat><angkatan_korps>PNS</angkatan_korps><sumber_pa_gol_3>PENYESUAIAN IJASAH</sumber_pa_gol_3><tmt_pa_gol_3>2000-04-01</tmt_pa_gol_3><kategori_pangkat>III/D</kategori_pangkat><jabatan>KASUBBAG HUKUM DAN TATA LAKSANA BAG HUKUM DAN KEPEGAWAIAN BIRO UMUM</jabatan><satker>UNHAN KEMHAN</satker><kode_jabatan>STRUKTURAL</kode_jabatan><tmt_jabatan>2013-02-25</tmt_jabatan><eselon_jabatan>IV</eselon_jabatan><kategori>ORGANIK</kategori><tmt_tni>1991-08-01</tmt_tni><tmt_kemhan>1990-03-01</tmt_kemhan><agama>ISLAM</agama><file_foto_1>foto/196511181990031001.jpg</file_foto_1><file_foto_2>foto/030205320.jpg</file_foto_2><riwayat_pangkat><pangkat><pangkat>CAPEG II/A</pangkat><tmt_pkt>1990-03-01</tmt_pkt><no_skep>SKEP/537/IV/1990</no_skep><tgl_skep>1990-04-16</tgl_skep></pangkat><pangkat><pangkat>PENGATUR MUDA II/A</pangkat><tmt_pkt>1991-08-01</tmt_pkt><no_skep>SKEP/1267/VII/1991</no_skep><tgl_skep>1991-07-23</tgl_skep></pangkat><pangkat><pangkat>PENGATUR MUDA TK.I  II/B</pangkat><tmt_pkt>1994-08-01</tmt_pkt><no_skep>BAKN/03-09/01968/KEP/IV/1994</no_skep><tgl_skep>1994-03-30</tgl_skep></pangkat><pangkat><pangkat>PENGATUR II/C</pangkat><tmt_pkt>1998-04-01</tmt_pkt><no_skep>BAKN/03-09/00009/KEP/IV/1998</no_skep><tgl_skep>1998-03-26</tgl_skep></pangkat><pangkat><pangkat>PENATA MUDA III/A</pangkat><tmt_pkt>2000-04-01</tmt_pkt><no_skep>SKEP/425/VI/2000</no_skep><tgl_skep>2000-06-19</tgl_skep></pangkat><pangkat><pangkat>PENATA MUDA TK.I III/B</pangkat><tmt_pkt>2004-04-01</tmt_pkt><no_skep>SKEP/84/II/2004</no_skep><tgl_skep>2004-02-20</tgl_skep></pangkat><pangkat><pangkat>PENATA III/C</pangkat><tmt_pkt>2008-04-01</tmt_pkt><no_skep>SKEP/148/III/2008</no_skep><tgl_skep>2008-03-10</tgl_skep></pangkat><pangkat><pangkat>PENATA TK.I III/D</pangkat><tmt_pkt>2012-04-01</tmt_pkt><no_skep>SPRIN/232/III/2012</no_skep><tgl_skep>2012-03-27</tgl_skep></pangkat></riwayat_pangkat><riwayat_jabatan><jabatan><jabatan>TURMINU Psb Tk. III/MIN</jabatan><tmt_jab>1998-09-01</tmt_jab><no_skep>SKEP/1159/IX/1998</no_skep><tgl_skep>1998-09-01</tgl_skep></jabatan><jabatan><jabatan>ANGGOTA SUBBAG RENMINRO BAG PAM ROUM</jabatan><tmt_jab>2001-03-01</tmt_jab><no_skep>SPRIN/20/IV/2001</no_skep><tgl_skep>2001-04-19</tgl_skep></jabatan><jabatan><jabatan>ANGG SUBBAGRENMINRO BAGPAM ROUM</jabatan><tmt_jab>2001-03-01</tmt_jab><no_skep>SKEP/316/IV/2001</no_skep><tgl_skep>2001-04-11</tgl_skep></jabatan><jabatan><jabatan>PERENCANA PERTAMA</jabatan><tmt_jab>2001-12-01</tmt_jab><no_skep>SKEP/1053/XII/2001</no_skep><tgl_skep>2001-12-31</tgl_skep></jabatan><jabatan><jabatan>JURU BAYAR ROUM</jabatan><tmt_jab>2003-01-01</tmt_jab><no_skep>SPRIN/04/I/2003</no_skep><tgl_skep>2003-01-08</tgl_skep></jabatan><jabatan><jabatan>PERENCANA PERTAMA PADA ROUM</jabatan><tmt_jab>2003-02-01</tmt_jab><tgl_skep>1899-12-30</tgl_skep></jabatan><jabatan><jabatan>AHLI PEMERIKSA PAJAK PRATAMA</jabatan><tmt_jab>2003-08-01</tmt_jab><no_skep>SKEP/1325/VIII/2003</no_skep><tgl_skep>2003-08-01</tgl_skep></jabatan><jabatan><jabatan>JURU BAYAR SUBBAG RENMINRO</jabatan><tmt_jab>2005-04-01</tmt_jab><no_skep>SKEP/255/IV/2005</no_skep><tgl_skep>2005-04-01</tgl_skep></jabatan><jabatan><jabatan>ANGGOTA SUBBAGMINRO BAGPAM ROUM SETJEN DEPHAN</jabatan><tmt_jab>2006-08-01</tmt_jab><no_skep>SKEP/550/VIII/2006</no_skep><tgl_skep>2006-08-03</tgl_skep></jabatan><jabatan><jabatan>PENGOLAH WABKU SUBBAG TU BIRO BAG PAM ROUM SETJEN ROUM SETJEN KEMHAN</jabatan><tmt_jab>2011-04-01</tmt_jab><no_skep>KEP/285/IV/2011</no_skep><tgl_skep>2011-04-19</tgl_skep></jabatan><jabatan><jabatan>KASUBBAG TU BAGUM SETLEM RISET DAN PENGABDIAN MASYARAKAT</jabatan><tmt_jab>2011-07-11</tmt_jab><no_skep>KEP/459/VII/2011</no_skep><tgl_skep>2011-07-22</tgl_skep></jabatan><jabatan><jabatan>KASUBBAG TU BAGUM SETLEM RISET DAN PENGABDIAN KEPADA MASYARAKAT UNHAN UNHAN KEMHAN</jabatan><tmt_jab>2011-10-11</tmt_jab><no_skep>KEP/459/VII/2011</no_skep><tgl_skep>2011-07-22</tgl_skep></jabatan><jabatan><jabatan>KASUBBAG HUKUM DAN TATA LAKSANA BAG HUKUM DAN KEPEGAWAIAN BIRO UMUM UNHAN KEMHAN</jabatan><tmt_jab>2013-02-25</tmt_jab><no_skep>KEP/170/II/2013</no_skep><tgl_skep>2013-02-25</tgl_skep></jabatan></riwayat_jabatan><riwayat_pendidikan><pendidikan_umum><pendidikan><nama_dik>SEKOLAH DASAR</nama_dik><tahun_lulus>1980</tahun_lulus></pendidikan><pendidikan><nama_dik>SEKOLAH MENENGAH PERTAMA (SMP)</nama_dik><tahun_lulus>1983</tahun_lulus></pendidikan><pendidikan><nama_dik>SEKOLAH MENENGAH ATAS (SMA)</nama_dik><tahun_lulus>1986</tahun_lulus></pendidikan><pendidikan><nama_dik>SARJANA HUKUM</nama_dik><tahun_lulus>1997</tahun_lulus></pendidikan></pendidikan_umum><pendidikan_pembentukan><pendidikan><nama_dik>PRAJAB</nama_dik><tahun_lulus>1990</tahun_lulus></pendidikan><pendidikan><nama_dik>ADUM</nama_dik><tahun_lulus>2000</tahun_lulus></pendidikan><pendidikan><nama_dik>SUS MIKRO KOMPUTER</nama_dik><tahun_lulus>2000</tahun_lulus></pendidikan><pendidikan><nama_dik>DIKLAT FUNGSIONAL ANALISA KEBIJAKAN PERTAHANAN NEGARA </nama_dik><tahun_lulus>2013</tahun_lulus></pendidikan></pendidikan_pembentukan></riwayat_pendidikan><riwayat_penugasan><penugasan><negara>INDONESIA</negara><tahun>2014</tahun><uraian>TIM MONITORING PENELITIAN (DUMAI)</uraian></penugasan></riwayat_penugasan><riwayat_tanda_jasa><tanda_jasa><nama_tanda_jasa>SATYALANCANA KARYA SATYA X TAHUN</nama_tanda_jasa><no_skep>079/TK/TAHUN 2005</no_skep><tgl_skep>2005-10-10</tgl_skep></tanda_jasa></riwayat_tanda_jasa><riwayat_bahasa><bahasa><nama_bahasa>JAWA</nama_bahasa><keterangan>AKTIF</keterangan></bahasa><bahasa><nama_bahasa>INGGRIS</nama_bahasa><keterangan>PASIF</keterangan></bahasa></riwayat_bahasa><riwayat_keluarga><keluarga><nama_keluarga>DIANA PURBASARI HAKIM</nama_keluarga><jenis_kelamin>PEREMPUAN</jenis_kelamin><tgl_lahir>1976-02-25</tgl_lahir><hubungan>ISTRI</hubungan></keluarga><keluarga><nama_keluarga>HANDRIAN WIBISONO</nama_keluarga><jenis_kelamin>LAKI-LAKI</jenis_kelamin><tgl_lahir>2002-08-03</tgl_lahir><hubungan>ANAK</hubungan></keluarga><keluarga><nama_keluarga>HANDRIAN BIMASENA</nama_keluarga><jenis_kelamin>LAKI-LAKI</jenis_kelamin><tgl_lahir>2004-06-15</tgl_lahir><hubungan>ANAK</hubungan></keluarga><keluarga><nama_keluarga>WIDYA ANABELLE MAHADEWI</nama_keluarga><jenis_kelamin>PEREMPUAN</jenis_kelamin><tgl_lahir>2006-11-27</tgl_lahir><hubungan>ANAK</hubungan></keluarga><keluarga><nama_keluarga>HANDRIAN HAVIS AR&apos;RAFI</nama_keluarga><jenis_kelamin>LAKI-LAKI</jenis_kelamin><tgl_lahir>2009-02-03</tgl_lahir><hubungan>ANAK</hubungan></keluarga></riwayat_keluarga></personil_kemhan>
