<personil_kemhan><nopeg>196610051990032001</nopeg><nip>030205301</nip><nrp_nip>196610051990032001</nrp_nip><nama>SRI HARNI</nama><tempat_lahir>Klaten</tempat_lahir><tgl_lahir>1966-10-05</tgl_lahir><jenis_kelamin>PEREMPUAN</jenis_kelamin><unit_organisasi>U.O. KEMHAN</unit_organisasi><jenis_personil>PNS</jenis_personil><pangkat>PENATA MUDA TK.I III/B</pangkat><pangkat_corps>PENATA MUDA TK.I III/B </pangkat_corps><tmt_pangkat>2010-10-01</tmt_pangkat><angkatan_korps>PNS</angkatan_korps><sumber_pa_gol_3>UJIAN DINAS</sumber_pa_gol_3><tmt_pa_gol_3>2006-10-01</tmt_pa_gol_3><kategori_pangkat>III/B</kategori_pangkat><jabatan>PENGADMINISTRASI WABKU SUBBAG TU BIRO BAGPAM</jabatan><satker>ROUM SETJEN KEMHAN</satker><kode_jabatan>ANGGOTA</kode_jabatan><tmt_jabatan>2014-12-31</tmt_jabatan><eselon_jabatan>99</eselon_jabatan><kategori>ORGANIK</kategori><tmt_tni>1992-01-01</tmt_tni><agama>ISLAM</agama><file_foto_1>foto/196610051990032001.jpg</file_foto_1><file_foto_2>foto/030205301.jpg</file_foto_2><riwayat_pangkat><pangkat><pangkat>CAPEG II/B</pangkat><tmt_pkt>1990-03-01</tmt_pkt><no_skep>SKEP/595/IV/1990</no_skep><tgl_skep>1990-03-01</tgl_skep></pangkat><pangkat><pangkat>PENGATUR MUDA II/A</pangkat><tmt_pkt>1992-01-01</tmt_pkt><no_skep>SKEP/2469/XII/1991</no_skep><tgl_skep>1991-12-01</tgl_skep></pangkat><pangkat><pangkat>PENGATUR MUDA TK.I  II/B</pangkat><tmt_pkt>1994-10-01</tmt_pkt><no_skep>03-09/0108/KEP/X/1994</no_skep><tgl_skep>1994-10-01</tgl_skep></pangkat><pangkat><pangkat>PENGATUR II/C</pangkat><tmt_pkt>1998-10-01</tmt_pkt><no_skep>03-09/00029/KEP/X/1998</no_skep><tgl_skep>1998-10-01</tgl_skep></pangkat><pangkat><pangkat>PENGATUR TK.I II/D</pangkat><tmt_pkt>2002-10-01</tmt_pkt><no_skep>SKEP/53/I/2002</no_skep><tgl_skep>2002-01-01</tgl_skep></pangkat><pangkat><pangkat>PENATA MUDA III/A</pangkat><tmt_pkt>2006-10-01</tmt_pkt><no_skep>SKEP/619/VIII/2006</no_skep><tgl_skep>2006-08-01</tgl_skep></pangkat><pangkat><pangkat>PENATA MUDA TK.I III/B</pangkat><tmt_pkt>2010-10-01</tmt_pkt><no_skep>KEP/642/IX/2010</no_skep><tgl_skep>2010-09-14</tgl_skep></pangkat></riwayat_pangkat><riwayat_jabatan><jabatan><jabatan>ANGGOTA SUBBAG HAR BAG BEKHAR ROUM</jabatan><tmt_jab>1990-03-01</tmt_jab><tgl_skep>1990-03-01</tgl_skep></jabatan><jabatan><jabatan>ANGG. SUBBAGRENPROGAR BAG TU ROUM</jabatan><tmt_jab>1993-06-17</tmt_jab><no_skep>SPRIN/1286/VI/1993</no_skep><tgl_skep>1993-06-24</tgl_skep></jabatan><jabatan><jabatan>OP.KOMPUTER PSB TK.II LAGPROGJAGAR SUBBAGRENMIN</jabatan><tmt_jab>1998-09-01</tmt_jab><no_skep>SKEP/1122/IX/1998</no_skep><tgl_skep>1998-09-14</tgl_skep></jabatan><jabatan><jabatan>TURTIK/OPR KOMP SUBBAG RENMINRO BAGPAM</jabatan><tmt_jab>2001-04-01</tmt_jab><no_skep>SKEP/357/V/2001</no_skep><tgl_skep>2001-05-03</tgl_skep></jabatan><jabatan><jabatan>Anggota Subbag Minro Bagpam Roum Setjen Dephan</jabatan><tmt_jab>2006-08-01</tmt_jab><no_skep>SKEP/550/VIII/2006</no_skep><tgl_skep>2006-08-03</tgl_skep></jabatan><jabatan><jabatan>ANGGOTA SUBBAG MINRO BAGPAM ROUM</jabatan><tmt_jab>2006-08-01</tmt_jab><no_skep>SKEP/550/VIII/2006</no_skep><tgl_skep>2006-08-03</tgl_skep></jabatan><jabatan><jabatan>Penyiap Bahan Evaluasi dan Laporan Subbagminro Bagpam</jabatan><tmt_jab>2010-07-27</tmt_jab><no_skep>KEP/553/VII/2010</no_skep><tgl_skep>2010-07-28</tgl_skep></jabatan><jabatan><jabatan>PENGADMINSTRASI WABKU SUBBAG TU BIRO BAGPAM ROUM SETJEN KEMHAN ROUM SETJEN KEMHAN</jabatan><tmt_jab>2011-04-01</tmt_jab><no_skep>KEP/285/IV/2011</no_skep><tgl_skep>2011-04-19</tgl_skep></jabatan><jabatan><jabatan>PENGADMINISTRASI WABKU SUBBAG TU BIRO BAGPAM ROUM SETJEN KEMHAN</jabatan><tmt_jab>2014-12-31</tmt_jab><no_skep>KEP/1484/XIV/2014</no_skep><tgl_skep>2014-12-18</tgl_skep></jabatan></riwayat_jabatan><riwayat_pendidikan><pendidikan_umum><pendidikan><nama_dik>SEKOLAH DASAR</nama_dik><tahun_lulus>1980</tahun_lulus></pendidikan><pendidikan><nama_dik>SEKOLAH MENENGAH PERTAMA (SMP)</nama_dik><tahun_lulus>1983</tahun_lulus></pendidikan><pendidikan><nama_dik>SEKOLAH MENENGAH ATAS (SMA)</nama_dik><tahun_lulus>1986</tahun_lulus></pendidikan></pendidikan_umum><pendidikan_pembentukan><pendidikan><nama_dik>LATPRAJAB</nama_dik><tahun_lulus>1990</tahun_lulus></pendidikan><pendidikan><nama_dik>SUS KOMPUTER</nama_dik><tahun_lulus>1994</tahun_lulus></pendidikan></pendidikan_pembentukan></riwayat_pendidikan><riwayat_penugasan></riwayat_penugasan><riwayat_tanda_jasa><tanda_jasa><nama_tanda_jasa>SATYALANCANA KARYA SATYA X TAHUN</nama_tanda_jasa><no_skep>079/TK/TAHUN 2005</no_skep><tgl_skep>2005-10-10</tgl_skep></tanda_jasa><tanda_jasa><nama_tanda_jasa>SATYALANCANA KARYA SATYA XX TAHUN</nama_tanda_jasa><no_skep>62/TK/TAHUN 2010</no_skep><tgl_skep>2010-12-01</tgl_skep></tanda_jasa></riwayat_tanda_jasa><riwayat_bahasa><bahasa><nama_bahasa>JAWA</nama_bahasa><keterangan>AKTIF</keterangan></bahasa><bahasa><nama_bahasa>INGGRIS</nama_bahasa><keterangan>PASIF</keterangan></bahasa><bahasa><nama_bahasa>INDONESIA</nama_bahasa><keterangan>AKTIF</keterangan></bahasa></riwayat_bahasa><riwayat_keluarga><keluarga><nama_keluarga>KASRIPIN</nama_keluarga><jenis_kelamin>LAKI-LAKI</jenis_kelamin><tgl_lahir>1961-06-29</tgl_lahir><hubungan>SUAMI</hubungan></keluarga><keluarga><nama_keluarga>ALIT PRADANA</nama_keluarga><jenis_kelamin>LAKI-LAKI</jenis_kelamin><tgl_lahir>1991-02-10</tgl_lahir><hubungan>ANAK</hubungan></keluarga><keluarga><nama_keluarga>HESTI YUNIASTUTI</nama_keluarga><jenis_kelamin>PEREMPUAN</jenis_kelamin><tgl_lahir>1996-06-19</tgl_lahir><hubungan>ANAK</hubungan></keluarga></riwayat_keluarga></personil_kemhan>
