<personil_kemhan><nopeg>196705212002121001</nopeg><nip>030247673</nip><nrp_nip>196705212002121001</nrp_nip><nama>ABD WAHAB</nama><tempat_lahir>Bogor</tempat_lahir><tgl_lahir>1967-05-21</tgl_lahir><jenis_kelamin>LAKI-LAKI</jenis_kelamin><unit_organisasi>U.O. KEMHAN</unit_organisasi><jenis_personil>PNS</jenis_personil><pangkat>PENGATUR II/C</pangkat><pangkat_corps>PENGATUR II/C </pangkat_corps><tmt_pangkat>2011-04-01</tmt_pangkat><angkatan_korps>PNS</angkatan_korps><kategori_pangkat>II/C</kategori_pangkat><jabatan>PETUGAS SATKAM REGU 1 PELETON D SUBBAG PAMPERSMAT BAGPAM</jabatan><satker>ROUM SETJEN KEMHAN</satker><kode_jabatan>ANGGOTA</kode_jabatan><tmt_jabatan>2014-12-31</tmt_jabatan><eselon_jabatan>99</eselon_jabatan><kategori>ORGANIK</kategori><tmt_tni>2004-09-01</tmt_tni><agama>ISLAM</agama><file_foto_1>foto/196705212002121001.jpg</file_foto_1><file_foto_2>foto/030247673.jpg</file_foto_2><riwayat_pangkat><pangkat><pangkat>PENGATUR MUDA TK.I  II/B</pangkat><tmt_pkt>2007-04-01</tmt_pkt><no_skep>SKEP/174/III/2007</no_skep><tgl_skep>2007-03-09</tgl_skep></pangkat><pangkat><pangkat>PENGATUR II/C</pangkat><tmt_pkt>2011-04-01</tmt_pkt><no_skep>KEP/187/III/2011</no_skep><tgl_skep>2011-03-22</tgl_skep></pangkat><pangkat><pangkat>PENGATUR MUDA II/A</pangkat></pangkat><pangkat></pangkat></riwayat_pangkat><riwayat_jabatan><jabatan><jabatan>ANGGOTA SATKAM BAG PAM</jabatan><tmt_jab>1899-12-30</tmt_jab><no_skep>SPRIN/317/VI/2003</no_skep><tgl_skep>2003-06-20</tgl_skep></jabatan><jabatan><jabatan>Pengaman Subbagpampersmat Bagpam</jabatan><tmt_jab>2010-07-27</tmt_jab><no_skep>KEP/553/VII/2010</no_skep><tgl_skep>2010-07-28</tgl_skep></jabatan><jabatan><jabatan>PETUGAS SATKAM REGU 1 TON D SUBBAGPAMPERSMAT BAGPAM ROUM SETJEN KEMHAN ROUM SETJEN KEMHAN</jabatan><tmt_jab>2011-04-01</tmt_jab><no_skep>KEP/285/VI/2011</no_skep><tgl_skep>2011-04-19</tgl_skep></jabatan><jabatan><jabatan>PETUGAS SATKAM REGU 1 PELETON D SUBBAG PAMPERSMAT BAGPAM ROUM SETJEN KEMHAN</jabatan><tmt_jab>2014-12-31</tmt_jab><no_skep>KEP/1484/XIV/2014</no_skep><tgl_skep>2014-12-18</tgl_skep></jabatan></riwayat_jabatan><riwayat_pendidikan><pendidikan_umum><pendidikan><nama_dik>SEKOLAH DASAR</nama_dik><tahun_lulus>1983</tahun_lulus></pendidikan><pendidikan><nama_dik>SEKOLAH MENENGAH PERTAMA (SMP)</nama_dik><tahun_lulus>1986</tahun_lulus></pendidikan><pendidikan><nama_dik>SMA (IPS)</nama_dik><tahun_lulus>1996</tahun_lulus></pendidikan></pendidikan_umum><pendidikan_pembentukan><pendidikan><nama_dik>SUS SATKAM</nama_dik><tahun_lulus>2000</tahun_lulus></pendidikan><pendidikan><nama_dik>Latprajab</nama_dik><tahun_lulus>2004</tahun_lulus></pendidikan></pendidikan_pembentukan></riwayat_pendidikan><riwayat_penugasan></riwayat_penugasan><riwayat_tanda_jasa></riwayat_tanda_jasa><riwayat_bahasa></riwayat_bahasa><riwayat_keluarga><keluarga><nama_keluarga>Dasimah</nama_keluarga><jenis_kelamin>PEREMPUAN</jenis_kelamin><tgl_lahir>1974-04-03</tgl_lahir><hubungan>ISTRI</hubungan></keluarga><keluarga><nama_keluarga>Dini Fazriyah</nama_keluarga><jenis_kelamin>PEREMPUAN</jenis_kelamin><tgl_lahir>1998-03-12</tgl_lahir><hubungan>ANAK</hubungan></keluarga><keluarga><nama_keluarga>Rendy Gias Setiawan</nama_keluarga><jenis_kelamin>LAKI-LAKI</jenis_kelamin><tgl_lahir>2003-08-11</tgl_lahir><hubungan>ANAK</hubungan></keluarga></riwayat_keluarga></personil_kemhan>
