<personil_kemhan><nopeg>196202041989031001</nopeg><nip>030202964</nip><nrp_nip>196202041989031001</nrp_nip><nama>KISMANTO</nama><tempat_lahir>Jakarta</tempat_lahir><tgl_lahir>1962-02-04</tgl_lahir><jenis_kelamin>LAKI-LAKI</jenis_kelamin><unit_organisasi>U.O. KEMHAN</unit_organisasi><jenis_personil>PNS</jenis_personil><pangkat>PENATA MUDA TK.I III/B</pangkat><pangkat_corps>PENATA MUDA TK.I III/B </pangkat_corps><tmt_pangkat>2009-04-01</tmt_pangkat><angkatan_korps>PNS</angkatan_korps><sumber_pa_gol_3>UJIAN DINAS</sumber_pa_gol_3><tmt_pa_gol_3>2005-04-01</tmt_pa_gol_3><kategori_pangkat>III/B</kategori_pangkat><jabatan>PENGOLH DAT BASE SYSTEM SUBBAG PERPUSTAKAAN DAN DATA BAG TU</jabatan><satker>PUSKOMPUBLIK KEMHAN</satker><kode_jabatan>ANGGOTA</kode_jabatan><tmt_jabatan>2014-12-31</tmt_jabatan><eselon_jabatan>99</eselon_jabatan><kategori>ORGANIK</kategori><tmt_tni>1990-11-01</tmt_tni><tmt_kemhan>2001-04-01</tmt_kemhan><agama>ISLAM</agama><file_foto_1>foto/196202041989031001.jpg</file_foto_1><file_foto_2>foto/030202964.jpg</file_foto_2><riwayat_pangkat><pangkat><pangkat>CAPEG II/A</pangkat><tmt_pkt>1989-03-01</tmt_pkt><no_skep>DANDENMA MABES ABRI : SKEP/128/17/VII/1989</no_skep><tgl_skep>1989-07-11</tgl_skep></pangkat><pangkat><pangkat>PENGATUR MUDA II/A</pangkat><tmt_pkt>1990-11-01</tmt_pkt><no_skep>DANDENMA MABES ABRI : SKEP/128/18/X/1990</no_skep><tgl_skep>1990-10-15</tgl_skep></pangkat><pangkat><pangkat>PENGATUR MUDA TK.I  II/B</pangkat><tmt_pkt>1993-04-01</tmt_pkt><no_skep>KA BAKN : 03/09/03239/KEP/IV/1993</no_skep><tgl_skep>1993-06-05</tgl_skep></pangkat><pangkat><pangkat>PENGATUR II/C</pangkat><tmt_pkt>1997-04-01</tmt_pkt><no_skep>KA BAKN : 03/09/00003/KEP/IV/1997</no_skep><tgl_skep>1997-04-04</tgl_skep></pangkat><pangkat><pangkat>PENGATUR TK.I II/D</pangkat><tmt_pkt>2001-04-01</tmt_pkt><no_skep>KA BAKN  : 03/09/73/001/KEP/IV/2001</no_skep><tgl_skep>2001-04-03</tgl_skep></pangkat><pangkat><pangkat>PENATA MUDA III/A</pangkat><tmt_pkt>2005-04-01</tmt_pkt><no_skep>SKEP MENHAN : SKEP/160/III/2005</no_skep><tgl_skep>2005-04-14</tgl_skep></pangkat><pangkat><pangkat>PENATA MUDA TK.I III/B</pangkat><tmt_pkt>2009-04-01</tmt_pkt><no_skep>KEP MENHAN NOMOR : KEP/34/III/2009  11-04-2009</no_skep><tgl_skep>2009-04-01</tgl_skep></pangkat></riwayat_pangkat><riwayat_jabatan><jabatan><jabatan>STAF DISDATA PUSSURTA TNI</jabatan><tmt_jab>2001-04-01</tmt_jab><no_skep>SPRIN/188/IV/2001</no_skep><tgl_skep>2001-04-27</tgl_skep></jabatan><jabatan><jabatan>TURTIK/OPR KOMP SUBBAGHUBUNG  BAGMINPROT</jabatan><tmt_jab>2002-05-01</tmt_jab><no_skep>SKEP/505/V/2002</no_skep><tgl_skep>2002-05-16</tgl_skep></jabatan><jabatan><jabatan>TURTIK/OPR KOMP SUBBAGHUBUNG  BAGMINPROT</jabatan><tmt_jab>2002-06-28</tmt_jab><no_skep>SKEP/19/VI/2002</no_skep><tgl_skep>2002-06-28</tgl_skep></jabatan><jabatan><jabatan>Anggota Subbag Minro Bag Hublem Rohumas Setjen Dephan</jabatan><tmt_jab>2006-05-01</tmt_jab><no_skep>SKEP/309/V/2006</no_skep><tgl_skep>2006-05-05</tgl_skep></jabatan><jabatan><jabatan>PEMROSES KERUMAHTANGGAAN SUBBAGUM BAG TU PUSKOMPUBLIK KEMHAN</jabatan><tmt_jab>2011-04-01</tmt_jab><no_skep>SPRIN/68/VI/2011</no_skep><tgl_skep>2011-06-13</tgl_skep></jabatan><jabatan><jabatan>PENGOLAH DATA BASE SYSTEM SUBBAG PERPUSTAKAAN DAN DATA BAG TU PUSKOM PUBLIK KEMHAN</jabatan><tmt_jab>2014-12-31</tmt_jab><no_skep>KEP/1510/XII/2014</no_skep><tgl_skep>2014-11-18</tgl_skep></jabatan></riwayat_jabatan><riwayat_pendidikan><pendidikan_umum><pendidikan><nama_dik>SEKOLAH DASAR</nama_dik><tahun_lulus>1974</tahun_lulus></pendidikan><pendidikan><nama_dik>SEKOLAH LANJUTAN TINGKAT PERTAMA (SLTP)</nama_dik><tahun_lulus>1977</tahun_lulus></pendidikan><pendidikan><nama_dik>SEKOLAH LANJUTAN TINGKAT ATAS (SLTA)</nama_dik><tahun_lulus>1981</tahun_lulus></pendidikan></pendidikan_umum><pendidikan_pembentukan><pendidikan><nama_dik>LATPRAJAB TK II</nama_dik><tahun_lulus>1989</tahun_lulus></pendidikan></pendidikan_pembentukan></riwayat_pendidikan><riwayat_penugasan></riwayat_penugasan><riwayat_tanda_jasa><tanda_jasa><nama_tanda_jasa>SATYALANCANA KARYA SATYA X TAHUN</nama_tanda_jasa><no_skep>040/TK/TAHUN 2003</no_skep><tgl_skep>2003-07-31</tgl_skep></tanda_jasa><tanda_jasa><nama_tanda_jasa>SATYALANCANA KARYA SATYA XX TAHUN</nama_tanda_jasa><no_skep>073/TK/TAHUN2011</no_skep><tgl_skep>2011-08-01</tgl_skep></tanda_jasa></riwayat_tanda_jasa><riwayat_bahasa></riwayat_bahasa><riwayat_keluarga><keluarga><nama_keluarga>RAHMI</nama_keluarga><jenis_kelamin>PEREMPUAN</jenis_kelamin><tgl_lahir>1963-09-22</tgl_lahir><hubungan>ISTRI</hubungan></keluarga><keluarga><nama_keluarga>M ANGGI RAHMANTO</nama_keluarga><jenis_kelamin>LAKI-LAKI</jenis_kelamin><tgl_lahir>1989-10-16</tgl_lahir><hubungan>ANAK</hubungan></keluarga><keluarga><nama_keluarga>MUTMAINAH TUNISA</nama_keluarga><jenis_kelamin>PEREMPUAN</jenis_kelamin><tgl_lahir>1997-09-12</tgl_lahir><hubungan>ANAK</hubungan></keluarga></riwayat_keluarga></personil_kemhan>
