<personil_kemhan><nopeg>195805051986031001</nopeg><nip>030184704</nip><nrp_nip>195805051986031001</nrp_nip><nama>Idrus</nama><gelar>S.H</gelar><tempat_lahir>JAKARTA</tempat_lahir><tgl_lahir>1958-05-05</tgl_lahir><jenis_kelamin>LAKI-LAKI</jenis_kelamin><unit_organisasi>U.O. KEMHAN</unit_organisasi><jenis_personil>PNS</jenis_personil><pangkat>PENATA TK.I III/D</pangkat><pangkat_corps>PENATA TK.I III/D </pangkat_corps><tmt_pangkat>2000-10-01</tmt_pangkat><angkatan_korps>PNS</angkatan_korps><sumber_pa_gol_3>PENYESUAIAN IJASAH</sumber_pa_gol_3><tmt_pa_gol_3>1988-10-01</tmt_pa_gol_3><kategori_pangkat>III/D</kategori_pangkat><jabatan>PENYUSUN DATA DAN PENYAJIAN INFORMASI SUBBAG DOKPUSIP BAGDATIN SETDITJEN POTHAN KEMHAN </jabatan><satker>SET DITJEN POTHAN KEMHAN</satker><kode_jabatan>FUNGSIONAL</kode_jabatan><tmt_jabatan>2014-12-31</tmt_jabatan><eselon_jabatan>99</eselon_jabatan><kategori>ORGANIK</kategori><tmt_tni>1987-07-01</tmt_tni><tmt_kemhan>1986-03-01</tmt_kemhan><agama>ISLAM</agama><file_foto_1>foto/195805051986031001.jpg</file_foto_1><file_foto_2>foto/030184704.jpg</file_foto_2><riwayat_pangkat><pangkat><pangkat>CAPEG II/B</pangkat><tmt_pkt>1986-03-01</tmt_pkt><no_skep>SKEP/983/VI/1986</no_skep><tgl_skep>1986-06-20</tgl_skep></pangkat><pangkat><pangkat>PENGATUR MUDA TK.I  II/B</pangkat><tmt_pkt>1987-07-01</tmt_pkt><no_skep>SKEP/810/VI/1987</no_skep><tgl_skep>1987-06-11</tgl_skep></pangkat><pangkat><pangkat>PENATA MUDA III/A</pangkat><tmt_pkt>1988-10-01</tmt_pkt><no_skep>SKEP/820/V/1989</no_skep><tgl_skep>1989-05-17</tgl_skep></pangkat><pangkat><pangkat>PENATA MUDA TK.I III/B</pangkat><tmt_pkt>1992-10-01</tmt_pkt><no_skep>SKEP/062/I/1993</no_skep><tgl_skep>1993-01-18</tgl_skep></pangkat><pangkat><pangkat>PENATA III/C</pangkat><tmt_pkt>1996-10-01</tmt_pkt><no_skep>SKEP/1355/XII/1996</no_skep><tgl_skep>1996-12-05</tgl_skep></pangkat><pangkat><pangkat>PENATA TK.I III/D</pangkat><tmt_pkt>2000-10-01</tmt_pkt><no_skep>SKEP/58/I/2001</no_skep><tgl_skep>2001-01-12</tgl_skep></pangkat></riwayat_pangkat><riwayat_jabatan><jabatan><jabatan>PEMB SUBBAG TK-II/KUM LAUT BAG KUMINT BIRO HUKUM</jabatan><tmt_jab>1999-01-01</tmt_jab><no_skep>SKEP/26/I/1999</no_skep><tgl_skep>1999-01-15</tgl_skep></jabatan><jabatan><jabatan>PSB TK I/KUM HAM SUBBAG KUM HUMAN BAG KUMINT ROKUM</jabatan><tmt_jab>2001-03-01</tmt_jab><no_skep>SPRIN/016/IV/2001</no_skep><tgl_skep>2001-04-12</tgl_skep></jabatan><jabatan><jabatan>PEMB SUBBAG TKI/KUM HAM SUBBAGKUMHUMAN BAGKUMINT</jabatan><tmt_jab>2001-03-01</tmt_jab><no_skep>SKEP/260/III/2001</no_skep><tgl_skep>2001-03-22</tgl_skep></jabatan><jabatan><jabatan>ARSIPARIS MUDA</jabatan><tmt_jab>2001-12-01</tmt_jab><no_skep>SKEP/1016/XII/2001</no_skep><tgl_skep>2001-12-24</tgl_skep></jabatan><jabatan><jabatan>Kasubbag Watsah Bag Induk PNS Ropeg Setjen Dephan</jabatan><tmt_jab>2007-06-01</tmt_jab><no_skep>SKEP/425/V/2007</no_skep><tgl_skep>2007-05-30</tgl_skep></jabatan><jabatan><jabatan>Kasubbag Mutasi Bag Induk PNS Ropeg Setjen Dephan</jabatan><tmt_jab>2008-02-01</tmt_jab><no_skep>SKEP/72/II/2008</no_skep><tgl_skep>2008-02-14</tgl_skep></jabatan><jabatan><jabatan>Anggota Subbag Minro Bag Adabangpeg Ropeg Setjen Dephan</jabatan><tmt_jab>2008-09-15</tmt_jab><no_skep>SKEP/460/IX/2008</no_skep><tgl_skep>2008-09-15</tgl_skep></jabatan><jabatan><jabatan>KASUBBAG TU  SUBDIT TATA KELOLA DIT TEKINDHAN DITJEN POTHAN KEMHAN</jabatan><tmt_jab>2010-09-28</tmt_jab><no_skep>Kep Menhan Nomor : KEP/683/IX/2010</no_skep><tgl_skep>2010-09-28</tgl_skep></jabatan><jabatan><jabatan>ANGGOTA  DIT TEKINDHAN DITJEN POTHAN KEMHAN</jabatan><tmt_jab>2011-07-04</tmt_jab><no_skep>KEP MENHAN NO : KEP/525/VII/2011</no_skep><tgl_skep>2011-07-12</tgl_skep></jabatan><jabatan><jabatan>PENYUSUN DATA DAN PENYAJIAN INFORMASI SUBBAG DOKPUSIP BAGDATIN SETDITJEN POTHAN KEMHAN  SET DITJEN POTHAN KEMHAN</jabatan><tmt_jab>2014-12-31</tmt_jab><no_skep>Skep/1498/XII/2014</no_skep><tgl_skep>2014-12-18</tgl_skep></jabatan></riwayat_jabatan><riwayat_pendidikan><pendidikan_umum><pendidikan><nama_dik>SEKOLAH DASAR</nama_dik><tahun_lulus>1972</tahun_lulus></pendidikan><pendidikan><nama_dik>SEKOLAH LANJUTAN TINGKAT PERTAMA (SLTP)</nama_dik><tahun_lulus>1975</tahun_lulus></pendidikan><pendidikan><nama_dik>SEKOLAH LANJUTAN TINGKAT ATAS (SLTA)</nama_dik><tahun_lulus>1979</tahun_lulus></pendidikan><pendidikan><nama_dik>SARJANA MUDA (D.III)</nama_dik><tahun_lulus>1984</tahun_lulus></pendidikan><pendidikan><nama_dik>SARJANA (S1)</nama_dik><tahun_lulus>1987</tahun_lulus></pendidikan></pendidikan_umum><pendidikan_pembentukan><pendidikan><nama_dik>TAR P-4 25 JAM</nama_dik><tahun_lulus>1985</tahun_lulus></pendidikan><pendidikan><nama_dik>LATPRAJAB TK II</nama_dik><tahun_lulus>1986</tahun_lulus></pendidikan><pendidikan><nama_dik>SUS MINU TK. III</nama_dik><tahun_lulus>1991</tahun_lulus></pendidikan><pendidikan><nama_dik>SUS PAM</nama_dik><tahun_lulus>1991</tahun_lulus></pendidikan><pendidikan><nama_dik>DIK HUKUM PER UU-AN</nama_dik><tahun_lulus>1995</tahun_lulus></pendidikan><pendidikan><nama_dik>TAR P4 TERPADU</nama_dik><tahun_lulus>1996</tahun_lulus></pendidikan><pendidikan><nama_dik>ADUM</nama_dik><tahun_lulus>1999</tahun_lulus></pendidikan><pendidikan><nama_dik>WORKSHOP SISHANNEG ESL. IV</nama_dik><tahun_lulus>2007</tahun_lulus></pendidikan><pendidikan><nama_dik>DIKLATKER OTOMOTIF</nama_dik><tahun_lulus>2009</tahun_lulus></pendidikan></pendidikan_pembentukan></riwayat_pendidikan><riwayat_penugasan></riwayat_penugasan><riwayat_tanda_jasa><tanda_jasa><nama_tanda_jasa>SATYALANCANA KARYA SATYA X TAHUN</nama_tanda_jasa><no_skep>040/TK/2003</no_skep><tgl_skep>2003-07-31</tgl_skep></tanda_jasa><tanda_jasa><nama_tanda_jasa>SATYALANCANA KARYA SATYA XX TAHUN</nama_tanda_jasa><no_skep>065/TK/TAHUN 2007</no_skep><tgl_skep>2007-10-31</tgl_skep></tanda_jasa></riwayat_tanda_jasa><riwayat_bahasa><bahasa><nama_bahasa>INDONESIA</nama_bahasa><keterangan>AKTIF</keterangan></bahasa></riwayat_bahasa><riwayat_keluarga><keluarga><nama_keluarga>YUMALA </nama_keluarga><jenis_kelamin>PEREMPUAN</jenis_kelamin><tgl_lahir>1963-07-06</tgl_lahir><hubungan>ISTRI</hubungan></keluarga><keluarga><nama_keluarga>MARIA ULFAH</nama_keluarga><jenis_kelamin>PEREMPUAN</jenis_kelamin><tgl_lahir>1986-08-29</tgl_lahir><hubungan>ANAK</hubungan></keluarga><keluarga><nama_keluarga>MUHAMMAD RUSYDI</nama_keluarga><jenis_kelamin>LAKI-LAKI</jenis_kelamin><tgl_lahir>1990-12-14</tgl_lahir><hubungan>ANAK</hubungan></keluarga><keluarga><nama_keluarga>MUHAMMAD RIDWAN</nama_keluarga><jenis_kelamin>LAKI-LAKI</jenis_kelamin><tgl_lahir>1997-08-10</tgl_lahir><hubungan>ANAK</hubungan></keluarga></riwayat_keluarga></personil_kemhan>
