<personil_kemhan><nopeg>34052</nopeg><nip>34052</nip><nrp_nip>34052</nrp_nip><nama>JUWIKO DARMAWAN</nama><gelar>Drs.</gelar><tempat_lahir>Madiun</tempat_lahir><tgl_lahir>1965-04-06</tgl_lahir><jenis_kelamin>LAKI-LAKI</jenis_kelamin><unit_organisasi>U.O. KEMHAN</unit_organisasi><jenis_personil>TNI</jenis_personil><pangkat>KOLONEL</pangkat><pangkat_corps>KOLONEL CKU</pangkat_corps><tmt_pangkat>2013-04-01</tmt_pangkat><angkatan_korps>TNI AD</angkatan_korps><sumber_pa_gol_3>SEPAWAMIL</sumber_pa_gol_3><tmt_pa_gol_3>1989-06-14</tmt_pa_gol_3><kategori_pangkat>KOLONEL</kategori_pangkat><jabatan>KABAG RENGAR</jabatan><satker>ROREN SETJEN KEMHAN</satker><kode_jabatan>STRUKTURAL</kode_jabatan><tmt_jabatan>2014-12-31</tmt_jabatan><eselon_jabatan>III</eselon_jabatan><kategori>ORGANIK</kategori><tmt_tni>1989-06-15</tmt_tni><tmt_kemhan>2000-05-01</tmt_kemhan><agama>ISLAM</agama><file_foto_1>foto/34052.jpg</file_foto_1><file_foto_2>foto/34052.jpg</file_foto_2><riwayat_pangkat><pangkat><pangkat>LETTU</pangkat><tmt_pkt>1989-06-16</tmt_pkt><no_skep>KEPPRES/33/ABRI/1989</no_skep><tgl_skep>1989-06-15</tgl_skep></pangkat><pangkat><pangkat>KAPTEN</pangkat><tmt_pkt>1995-10-01</tmt_pkt><no_skep>SKEP/374/IX/1995</no_skep><tgl_skep>1995-09-25</tgl_skep></pangkat><pangkat><pangkat>MAYOR</pangkat><tmt_pkt>2001-04-01</tmt_pkt><no_skep>SKEP/62/III/2001</no_skep><tgl_skep>2001-03-27</tgl_skep></pangkat><pangkat><pangkat>LETKOL</pangkat><tmt_pkt>2007-10-01</tmt_pkt><no_skep>KEP/190/IX/2007</no_skep><tgl_skep>2007-09-20</tgl_skep></pangkat><pangkat><pangkat>KOLONEL</pangkat><tmt_pkt>2013-04-01</tmt_pkt><no_skep>KEPPRES RI NOMOR 11/TNI/TAHUN 2013</no_skep><tgl_skep>2013-03-21</tgl_skep></pangkat></riwayat_pangkat><riwayat_jabatan><jabatan><jabatan>PAMA KUDAM IV/DIP</jabatan><tmt_jab>1989-07-01</tmt_jab><no_skep>SKEP/286/VI/1989</no_skep><tgl_skep>1989-06-17</tgl_skep></jabatan><jabatan><jabatan>PAUR DALMIN SI DALKU KUDAM IV/DIP</jabatan><tmt_jab>1989-08-01</tmt_jab><no_skep>SKEP/1046/VIII/1989</no_skep><tgl_skep>1899-12-30</tgl_skep></jabatan><jabatan><jabatan>KAURBUK PEKAS GABRAH 33 NA 3.06.02</jabatan><tmt_jab>1990-10-01</tmt_jab><no_skep>SKEP J/261-04/X/1990</no_skep><tgl_skep>1990-10-23</tgl_skep></jabatan><jabatan><jabatan>PA..PEKAS GABRAH 40 NA.3.06.02</jabatan><tmt_jab>1993-03-01</tmt_jab><no_skep>SKEP J/85-04/IV/1993</no_skep><tgl_skep>1993-04-21</tgl_skep></jabatan><jabatan><jabatan>KAURBUK PEKAS GABRAH 33 NA.3.06.02</jabatan><tmt_jab>1996-04-01</tmt_jab><no_skep>SKEP J/64-04/III/1996</no_skep><tgl_skep>1996-03-06</tgl_skep></jabatan><jabatan><jabatan>PSB TK I LAKPROG JAGARTIN SUBBAGLAKPROGJAGAR BAGREN</jabatan><tmt_jab>2000-05-01</tmt_jab><no_skep>SKEP/381/VI/2000</no_skep><tgl_skep>2000-06-07</tgl_skep></jabatan><jabatan><jabatan>PSB TK.I/LAKPROGJAGARTIN SUBBAGLAKGAR BAGREN RO ORTALA</jabatan><tmt_jab>2001-04-01</tmt_jab><no_skep>SKEP/301/IV/2001</no_skep><tgl_skep>2001-04-03</tgl_skep></jabatan><jabatan><jabatan>PERENCANA MADYA (GOL. V)</jabatan><tmt_jab>2001-12-01</tmt_jab><no_skep>SKEP/1059/XII/2001</no_skep><tgl_skep>2001-12-31</tgl_skep></jabatan><jabatan><jabatan>KASUBBAGRENMINRO BAGLEM</jabatan><tmt_jab>2003-06-01</tmt_jab><no_skep>SKEP/1006/VI/2003</no_skep><tgl_skep>2003-06-11</tgl_skep></jabatan><jabatan><jabatan>KASUBBAG RENJA BAG RENGAR ROREN</jabatan><tmt_jab>2006-01-01</tmt_jab><no_skep>SKEP/1097/XII/2005</no_skep><tgl_skep>2005-12-25</tgl_skep></jabatan><jabatan><jabatan>Kasubbag Proggar Roren Setjen Dephan</jabatan><tmt_jab>2006-11-01</tmt_jab><no_skep>SKEP/845/XI/2006</no_skep><tgl_skep>2006-11-07</tgl_skep></jabatan><jabatan><jabatan>Kasubbag Sismet Bag Rengar Roren Setjen Dephan</jabatan><tmt_jab>2010-03-05</tmt_jab><no_skep>KEP MENHAN NO : KEP/128/III/2010</no_skep><tgl_skep>2010-03-04</tgl_skep></jabatan><jabatan><jabatan>KASUBBAG SISMET BAG RENGAR ROREN SETJEN KEMHAN</jabatan><tmt_jab>2010-09-28</tmt_jab><no_skep>KEP MENHAN NOMOR : KEP/681/IX/2010</no_skep><tgl_skep>2010-09-28</tgl_skep></jabatan><jabatan><jabatan>ANALIS MADYA BID PENGANGGARAN PUSKU KEMHAN</jabatan><tmt_jab>2012-07-02</tmt_jab><no_skep>KEP/525/VI/2012</no_skep><tgl_skep>2012-06-28</tgl_skep></jabatan><jabatan><jabatan>ANALIS MADYA BIDANG KETATALAKSANAAN  ROREN SETJEN KEMHAN</jabatan><tmt_jab>2012-12-01</tmt_jab><no_skep>KEP/957/XI/2012</no_skep><tgl_skep>2012-11-19</tgl_skep></jabatan><jabatan><jabatan>KABAG RENGAR ROREN SETJEN KEMHAN</jabatan><tmt_jab>2013-05-06</tmt_jab><no_skep>KEP/439/V/2013</no_skep><tgl_skep>2013-05-10</tgl_skep></jabatan><jabatan><jabatan>KABAG RENGAR ROREN SETJEN KEMHAN</jabatan><tmt_jab>2014-12-31</tmt_jab><no_skep>KEP/1483/XII/2014</no_skep><tgl_skep>2014-12-18</tgl_skep></jabatan></riwayat_jabatan><riwayat_pendidikan><pendidikan_umum><pendidikan><nama_dik>SEKOLAH DASAR</nama_dik><tahun_lulus>1977</tahun_lulus></pendidikan><pendidikan><nama_dik>SEKOLAH LANJUTAN TINGKAT PERTAMA (SLTP)</nama_dik><tahun_lulus>1981</tahun_lulus></pendidikan><pendidikan><nama_dik>SEKOLAH LANJUTAN TINGKAT ATAS (SLTA)</nama_dik><tahun_lulus>1984</tahun_lulus></pendidikan><pendidikan><nama_dik>SARJANA (S1)</nama_dik><tahun_lulus>1988</tahun_lulus></pendidikan></pendidikan_umum><pendidikan_pembentukan><pendidikan><nama_dik>SEPAMILWA</nama_dik><tahun_lulus>1989</tahun_lulus></pendidikan><pendidikan><nama_dik>DIKORCABKU PAMILWA - VI</nama_dik><tahun_lulus>1989</tahun_lulus></pendidikan><pendidikan><nama_dik>SUS PA BENWAN</nama_dik><tahun_lulus>1990</tahun_lulus></pendidikan><pendidikan><nama_dik>SEKALIHPA</nama_dik><tahun_lulus>1996</tahun_lulus></pendidikan><pendidikan><nama_dik>SUS SCUBA DIVER</nama_dik><tahun_lulus>1997</tahun_lulus></pendidikan><pendidikan><nama_dik>SUSLAPA I KU</nama_dik><tahun_lulus>1998</tahun_lulus></pendidikan><pendidikan><nama_dik>SELAPA</nama_dik><tahun_lulus>2000</tahun_lulus></pendidikan><pendidikan><nama_dik>SUSJEMEN RENGAR</nama_dik><tahun_lulus>2002</tahun_lulus></pendidikan><pendidikan><nama_dik>WORKSHOP ESL. IV GEL. II TGL. 24 s.d. 25 SEPT 2007</nama_dik><tahun_lulus>2007</tahun_lulus></pendidikan><pendidikan><nama_dik>WORKSHOP ESELON III</nama_dik><tahun_lulus>2013</tahun_lulus></pendidikan></pendidikan_pembentukan></riwayat_pendidikan><riwayat_penugasan></riwayat_penugasan><riwayat_tanda_jasa><tanda_jasa><nama_tanda_jasa>SATYALANCANA KESETIAAN VIII TAHUN</nama_tanda_jasa><no_skep>SKEP/45/II/2000</no_skep><tgl_skep>2000-02-03</tgl_skep></tanda_jasa><tanda_jasa><nama_tanda_jasa>SATYALANCANA KESETIAAN XVI TAHUN</nama_tanda_jasa><tgl_skep>2004-07-05</tgl_skep></tanda_jasa><tanda_jasa><nama_tanda_jasa>SATYALANCANA KESETIAAN XXIV TAHUN</nama_tanda_jasa><no_skep>KEPPRES RI NO. 18/TK/TAHUN 2014</no_skep><tgl_skep>2014-04-03</tgl_skep></tanda_jasa><tanda_jasa><nama_tanda_jasa>BINTANG KARTIKA EKA PAKSI NARARYA</nama_tanda_jasa><no_skep>KEPPRES RI NO. 2/TK/TAHUN 2015</no_skep><tgl_skep>2015-02-02</tgl_skep></tanda_jasa></riwayat_tanda_jasa><riwayat_bahasa><bahasa><nama_bahasa>JAWA</nama_bahasa><keterangan>AKTIF</keterangan></bahasa><bahasa><nama_bahasa>INGGRIS</nama_bahasa><keterangan>PASIF</keterangan></bahasa></riwayat_bahasa><riwayat_keluarga><keluarga><nama_keluarga>LIA NURSILA MULIA</nama_keluarga><jenis_kelamin>PEREMPUAN</jenis_kelamin><tgl_lahir>1972-08-04</tgl_lahir><hubungan>ISTRI</hubungan></keluarga><keluarga><nama_keluarga>PUTRI JUWITA DHARMALIA</nama_keluarga><jenis_kelamin>PEREMPUAN</jenis_kelamin><tgl_lahir>1993-10-30</tgl_lahir><hubungan>ANAK</hubungan></keluarga><keluarga><nama_keluarga>ILHAM MULIA DHARMA PUTRA (ALM.)</nama_keluarga><jenis_kelamin>LAKI-LAKI</jenis_kelamin><tgl_lahir>1997-07-13</tgl_lahir><hubungan>ANAK</hubungan></keluarga><keluarga><nama_keluarga>DEPHANNY RIZQITA MULIA</nama_keluarga><jenis_kelamin>PEREMPUAN</jenis_kelamin><tgl_lahir>2000-08-01</tgl_lahir><hubungan>ANAK</hubungan></keluarga></riwayat_keluarga></personil_kemhan>
