<personil_kemhan><nopeg>196501011993031001</nopeg><nip>030222194</nip><nrp_nip>196501011993031001</nrp_nip><nama>SATRA JAYA</nama><tempat_lahir>Agam</tempat_lahir><tgl_lahir>1965-01-01</tgl_lahir><jenis_kelamin>LAKI-LAKI</jenis_kelamin><unit_organisasi>U.O. KEMHAN</unit_organisasi><jenis_personil>PNS</jenis_personil><pangkat>PENATA MUDA TK.I III/B</pangkat><pangkat_corps>PENATA MUDA TK.I III/B </pangkat_corps><tmt_pangkat>2013-04-01</tmt_pangkat><angkatan_korps>PNS</angkatan_korps><sumber_pa_gol_3>UJIAN DINAS</sumber_pa_gol_3><kategori_pangkat>III/B</kategori_pangkat><jabatan>KOORDINATOR SATUAN KEAMANAN SUBBID PAMPERSMAT BIDPAM PUSPAMHAR KAWASAN BAINSTRANAS </jabatan><satker>KEMHAN</satker><kode_jabatan>ANGGOTA</kode_jabatan><tmt_jabatan>2014-12-31</tmt_jabatan><eselon_jabatan>99</eselon_jabatan><kategori>ORGANIK</kategori><tmt_tni>1994-08-01</tmt_tni><agama>ISLAM</agama><file_foto_1>foto/196501011993031001.jpg</file_foto_1><file_foto_2>foto/030222194.jpg</file_foto_2><riwayat_pangkat><pangkat><pangkat>CAPEG II/A</pangkat><tmt_pkt>1993-03-01</tmt_pkt><no_skep>SKEP/1942/VII/1993</no_skep><tgl_skep>1994-07-13</tgl_skep></pangkat><pangkat><pangkat>PENGATUR MUDA II/A</pangkat><tmt_pkt>1994-08-01</tmt_pkt><no_skep>SKEP/767/VII/1994</no_skep><tgl_skep>1994-07-07</tgl_skep></pangkat><pangkat><pangkat>PENGATUR MUDA TK.I  II/B</pangkat><tmt_pkt>1997-04-01</tmt_pkt><no_skep>NOMOR:03-09/00040/KEP/IV/1997</no_skep><tgl_skep>1997-05-21</tgl_skep></pangkat><pangkat><pangkat>PENGATUR II/C</pangkat><tmt_pkt>2001-04-01</tmt_pkt><no_skep>NOMOR:03-09.73/019/KEP/2001</no_skep><tgl_skep>2001-05-31</tgl_skep></pangkat><pangkat><pangkat>PENGATUR TK.I II/D</pangkat><tmt_pkt>2005-04-01</tmt_pkt><no_skep>SKEP/170/III/2005</no_skep><tgl_skep>2005-03-14</tgl_skep></pangkat><pangkat><pangkat>PENATA MUDA III/A</pangkat><tmt_pkt>2009-04-01</tmt_pkt><no_skep>KEP MENHAN NOMOR : KEP/34/III/2009</no_skep><tgl_skep>2009-04-01</tgl_skep></pangkat><pangkat><pangkat>PENATA MUDA TK.I III/B</pangkat><tmt_pkt>2013-04-01</tmt_pkt><no_skep>SPRIN/208/III/2013</no_skep><tgl_skep>2013-03-01</tgl_skep></pangkat></riwayat_pangkat><riwayat_jabatan><jabatan><jabatan>TURMIN ADA (S-I) SUBBAG BANG BAGPERS ROUM</jabatan><tmt_jab>1998-10-13</tmt_jab><no_skep>SPRIN/1058/X/1998</no_skep><tgl_skep>1998-10-13</tgl_skep></jabatan><jabatan><jabatan>TURMINTIK SUBBAGUM BAGPERS ROUM</jabatan><tmt_jab>1998-12-30</tmt_jab><no_skep>SKEP/1446/XII/1998</no_skep><tgl_skep>1998-10-01</tgl_skep></jabatan><jabatan><jabatan>TURYANPERS SUBBAGRENMINRO BAGADA BANGPEG ROPEG</jabatan><tmt_jab>2001-03-01</tmt_jab><no_skep>SKEP/278/III/2001</no_skep><tgl_skep>2001-03-28</tgl_skep></jabatan><jabatan><jabatan>Anggota Subbag Pampersmat Bagpam Roum Setjen Dephan</jabatan><tmt_jab>2003-06-01</tmt_jab><tgl_skep>2003-06-01</tgl_skep></jabatan><jabatan><jabatan>Anggota Satkam Bagpam Roum Setjen Dephan</jabatan><tmt_jab>2003-06-01</tmt_jab><tgl_skep>2003-06-01</tgl_skep></jabatan><jabatan><jabatan>ANGGOTA SATKAM BAG PAM ROUM SETJEN</jabatan><tmt_jab>2003-07-17</tmt_jab><no_skep>SPRIN/364/VII/2003</no_skep><tgl_skep>2003-07-17</tgl_skep></jabatan><jabatan><jabatan>Anggota Satkam Bagpam Roum Setjen Dephan</jabatan><tmt_jab>2007-02-01</tmt_jab><no_skep>SKEP/152/III/2007</no_skep><tgl_skep>2007-03-06</tgl_skep></jabatan><jabatan><jabatan>Komandan Regu Satuan Keamanan Subbagpampersmat Bagpam</jabatan><tmt_jab>2010-07-27</tmt_jab><no_skep>KEP/553/VII/2010</no_skep><tgl_skep>2010-07-28</tgl_skep></jabatan><jabatan><jabatan>ANGGOTA ROUM KEMHAN ROUM SETJEN KEMHAN</jabatan><tmt_jab>2011-07-04</tmt_jab><no_skep>KEP/525/VII/2011</no_skep><tgl_skep>2011-07-12</tgl_skep></jabatan><jabatan><jabatan>KOORDINATOR SATUAN KEAMANAN SUBBID PAMPERSMAT BIDPAM PUSPAMHAR KAWASAN BAINSTRANAS  KEMHAN</jabatan><tmt_jab>2014-12-31</tmt_jab><no_skep>KEP/1484/XIV/2014</no_skep><tgl_skep>2014-12-18</tgl_skep></jabatan></riwayat_jabatan><riwayat_pendidikan><pendidikan_umum><pendidikan><nama_dik>SEKOLAH DASAR</nama_dik><tahun_lulus>1979</tahun_lulus></pendidikan><pendidikan><nama_dik>SEKOLAH LANJUTAN TINGKAT PERTAMA (SLTP)</nama_dik><tahun_lulus>1983</tahun_lulus></pendidikan><pendidikan><nama_dik>SEKOLAH LANJUTAN TINGKAT ATAS (SLTA)</nama_dik><tahun_lulus>1986</tahun_lulus></pendidikan><pendidikan><nama_dik>SARJANA MUDA (D.III)</nama_dik><tahun_lulus>1999</tahun_lulus></pendidikan></pendidikan_umum><pendidikan_pembentukan><pendidikan><nama_dik>SUS MENGETIK</nama_dik><tahun_lulus>1992</tahun_lulus></pendidikan><pendidikan><nama_dik>SUS MENGEMUDI</nama_dik><tahun_lulus>1997</tahun_lulus></pendidikan></pendidikan_pembentukan></riwayat_pendidikan><riwayat_penugasan></riwayat_penugasan><riwayat_tanda_jasa><tanda_jasa><nama_tanda_jasa>SATYALANCANA KARYA SATYA X TAHUN</nama_tanda_jasa><no_skep>KEPRES RI NOMOR 022/TK/TAHUN 2008</no_skep><tgl_skep>2008-06-24</tgl_skep></tanda_jasa></riwayat_tanda_jasa><riwayat_bahasa><bahasa><nama_bahasa>INGGRIS</nama_bahasa><keterangan>PASIF</keterangan></bahasa><bahasa><nama_bahasa>INDONESIA</nama_bahasa><keterangan>AKTIF</keterangan></bahasa></riwayat_bahasa><riwayat_keluarga><keluarga><nama_keluarga>NANI SURYANI</nama_keluarga><jenis_kelamin>PEREMPUAN</jenis_kelamin><tgl_lahir>1966-02-01</tgl_lahir><hubungan>ISTRI</hubungan></keluarga><keluarga><nama_keluarga>BAGASKARA PRATAMA</nama_keluarga><jenis_kelamin>LAKI-LAKI</jenis_kelamin><tgl_lahir>1995-08-29</tgl_lahir><hubungan>ANAK</hubungan></keluarga><keluarga><nama_keluarga>DENNY SAPUTRA</nama_keluarga><jenis_kelamin>LAKI-LAKI</jenis_kelamin><tgl_lahir>1997-07-19</tgl_lahir><hubungan>ANAK</hubungan></keluarga><keluarga><nama_keluarga>MUHAMMAD RIZALDI</nama_keluarga><jenis_kelamin>LAKI-LAKI</jenis_kelamin><tgl_lahir>1999-11-20</tgl_lahir><hubungan>ANAK</hubungan></keluarga></riwayat_keluarga></personil_kemhan>
