<personil_kemhan><nopeg>196407281992031001</nopeg><nip>030218052</nip><nrp_nip>196407281992031001</nrp_nip><nama>MAESURI</nama><tempat_lahir>Kediri</tempat_lahir><tgl_lahir>1964-07-28</tgl_lahir><jenis_kelamin>LAKI-LAKI</jenis_kelamin><unit_organisasi>U.O. KEMHAN</unit_organisasi><jenis_personil>PNS</jenis_personil><pangkat>PENATA MUDA TK.I III/B</pangkat><pangkat_corps>PENATA MUDA TK.I III/B </pangkat_corps><tmt_pangkat>2012-10-01</tmt_pangkat><angkatan_korps>PNS</angkatan_korps><sumber_pa_gol_3>UJIAN DINAS</sumber_pa_gol_3><tmt_pa_gol_3>2008-10-01</tmt_pa_gol_3><kategori_pangkat>III/B</kategori_pangkat><jabatan>PEMROSES RENJA SUBBAG RENJA BAGRENGAR</jabatan><satker>ROREN SETJEN KEMHAN</satker><kode_jabatan>ANGGOTA</kode_jabatan><tmt_jabatan>2014-12-31</tmt_jabatan><eselon_jabatan>99</eselon_jabatan><kategori>ORGANIK</kategori><tmt_tni>1993-07-01</tmt_tni><tmt_kemhan>1992-03-28</tmt_kemhan><agama>ISLAM</agama><file_foto_1>foto/196407281992031001.jpg</file_foto_1><file_foto_2>foto/030218052.jpg</file_foto_2><riwayat_pangkat><pangkat><pangkat>CAPEG II/A</pangkat><tmt_pkt>1992-03-01</tmt_pkt><no_skep>SKEP/853/VI/1992</no_skep><tgl_skep>1992-06-30</tgl_skep></pangkat><pangkat><pangkat>PENGATUR MUDA II/A</pangkat><tmt_pkt>1993-07-01</tmt_pkt><no_skep>SKEP/1507/V/1993</no_skep><tgl_skep>1993-05-31</tgl_skep></pangkat><pangkat><pangkat>PENGATUR MUDA TK.I  II/B</pangkat><tmt_pkt>1996-10-01</tmt_pkt><no_skep>KA BAKN NO. : 03-09/00011/KEP/X/1996</no_skep><tgl_skep>1996-10-09</tgl_skep></pangkat><pangkat><pangkat>PENGATUR II/C</pangkat><tmt_pkt>2000-10-01</tmt_pkt><no_skep>KA BKN NO. : 03-09.00/012/KEP/X/2000</no_skep><tgl_skep>2001-01-16</tgl_skep></pangkat><pangkat><pangkat>PENGATUR TK.I II/D</pangkat><tmt_pkt>2004-10-01</tmt_pkt><no_skep>SKEP/550/VIII/2004</no_skep><tgl_skep>2004-08-16</tgl_skep></pangkat><pangkat><pangkat>PENATA MUDA III/A</pangkat><tmt_pkt>2008-10-01</tmt_pkt><no_skep>SKEP/429/VIII/2008</no_skep><tgl_skep>2008-08-21</tgl_skep></pangkat><pangkat><pangkat>PENATA MUDA TK.I III/B</pangkat><tmt_pkt>2012-10-01</tmt_pkt><no_skep>KEP/704/IX/2012</no_skep><tgl_skep>2012-09-04</tgl_skep></pangkat></riwayat_pangkat><riwayat_jabatan><jabatan><jabatan>TUR URKAP/ANGG SUBBAG RENMINRO BAGLEM ROORTALA</jabatan><tmt_jab>2001-04-01</tmt_jab><no_skep>SKEP/357/V/2001</no_skep><tgl_skep>2001-05-03</tgl_skep></jabatan><jabatan><jabatan>Anggota Subbag Minro Bag Lem Roren Setjen Dephan</jabatan><tmt_jab>2006-02-01</tmt_jab><no_skep>SKEP/91/II/2006</no_skep><tgl_skep>2006-02-23</tgl_skep></jabatan><jabatan><jabatan>PENYIAP SISMET RENPROGAR BAGRENGAR ROREN SETJEN KEMHAN</jabatan><tmt_jab>2010-06-17</tmt_jab><no_skep>KEP/417/VI/2010</no_skep><tgl_skep>2010-06-24</tgl_skep></jabatan><jabatan><jabatan>PEMROSES RENJA SUBBAG RENJA BAGRENGAR ROREN SETJEN KEMHAN</jabatan><tmt_jab>2011-04-01</tmt_jab><no_skep>KEP/283/IV/011</no_skep><tgl_skep>2011-04-19</tgl_skep></jabatan><jabatan><jabatan>PEMROSES RENJA SUBBAG RENJA BAGRENGAR ROREN SETJEN KEMHAN</jabatan><tmt_jab>2014-12-31</tmt_jab><no_skep>KEP/1485/XII/2014</no_skep><tgl_skep>2014-12-18</tgl_skep></jabatan></riwayat_jabatan><riwayat_pendidikan><pendidikan_umum><pendidikan><nama_dik>SEKOLAH DASAR</nama_dik><tahun_lulus>1977</tahun_lulus></pendidikan><pendidikan><nama_dik>SEKOLAH LANJUTAN TINGKAT PERTAMA (SLTP)</nama_dik><tahun_lulus>1981</tahun_lulus></pendidikan><pendidikan><nama_dik>SEKOLAH LANJUTAN TINGKAT ATAS (SLTA)</nama_dik><tahun_lulus>1984</tahun_lulus></pendidikan></pendidikan_umum><pendidikan_pembentukan><pendidikan><nama_dik>LATPRAJAB TK II</nama_dik><tahun_lulus>1992</tahun_lulus></pendidikan><pendidikan><nama_dik>TAR P-4 25 JAM</nama_dik><tahun_lulus>1992</tahun_lulus></pendidikan></pendidikan_pembentukan></riwayat_pendidikan><riwayat_penugasan></riwayat_penugasan><riwayat_tanda_jasa><tanda_jasa><nama_tanda_jasa>SATYALANCANA KARYA SATYA X TAHUN</nama_tanda_jasa><no_skep>KEPPRES R.I. NO. : 047/TK/TAHUN 2005</no_skep><tgl_skep>2005-07-11</tgl_skep></tanda_jasa><tanda_jasa><nama_tanda_jasa>SATYALANCANA KARYA SATYA XX TAHUN</nama_tanda_jasa><no_skep>KEPPRES RI NO. 62/TK/TAHUN 2012</no_skep><tgl_skep>2012-08-06</tgl_skep></tanda_jasa></riwayat_tanda_jasa><riwayat_bahasa><bahasa><nama_bahasa>JAWA</nama_bahasa><keterangan>AKTIF</keterangan></bahasa><bahasa><nama_bahasa>INGGRIS</nama_bahasa><keterangan>PASIF</keterangan></bahasa></riwayat_bahasa><riwayat_keluarga><keluarga><nama_keluarga>EPON ELIYA</nama_keluarga><jenis_kelamin>PEREMPUAN</jenis_kelamin><tgl_lahir>1976-05-03</tgl_lahir><hubungan>ISTRI</hubungan></keluarga><keluarga><nama_keluarga>FATKHUROHMAN</nama_keluarga><jenis_kelamin>LAKI-LAKI</jenis_kelamin><tgl_lahir>1999-08-08</tgl_lahir><hubungan>ANAK</hubungan></keluarga><keluarga><nama_keluarga>YUNITA RAHAYU AP</nama_keluarga><jenis_kelamin>PEREMPUAN</jenis_kelamin><tgl_lahir>2001-04-22</tgl_lahir><hubungan>ANAK</hubungan></keluarga></riwayat_keluarga></personil_kemhan>
