<personil_kemhan><nopeg>32872</nopeg><nip>32872</nip><nrp_nip>32872</nrp_nip><nama>M. TRI DJOKO</nama><gelar>S.M . B.A.</gelar><tempat_lahir>Semarang</tempat_lahir><tgl_lahir>1960-02-02</tgl_lahir><jenis_kelamin>LAKI-LAKI</jenis_kelamin><unit_organisasi>U.O. KEMHAN</unit_organisasi><jenis_personil>TNI</jenis_personil><pangkat>KOLONEL</pangkat><pangkat_corps>KOLONEL CAJ</pangkat_corps><tmt_pangkat>2009-10-01</tmt_pangkat><angkatan_korps>TNI AD</angkatan_korps><sumber_pa_gol_3>SEPAWAMIL</sumber_pa_gol_3><tmt_pa_gol_3>1986-02-14</tmt_pa_gol_3><kategori_pangkat>KOLONEL</kategori_pangkat><jabatan>KABID EVLAP DIKLAT</jabatan><satker>PUSDIKLAT TEKFUNGHAN BADIKLAT KEMHAN</satker><kode_jabatan>STRUKTURAL</kode_jabatan><tmt_jabatan>2012-05-01</tmt_jabatan><eselon_jabatan>III</eselon_jabatan><kategori>ORGANIK</kategori><tmt_tni>1986-02-14</tmt_tni><tmt_kemhan>2003-10-15</tmt_kemhan><agama>ISLAM</agama><file_foto_1>foto/32872.jpg</file_foto_1><file_foto_2>foto/32872.jpg</file_foto_2><riwayat_pangkat><pangkat><pangkat>LETDA</pangkat><tmt_pkt>1986-02-14</tmt_pkt><no_skep>KEPPRES RI N. 14/ABRI/1986</no_skep><tgl_skep>1986-02-12</tgl_skep></pangkat><pangkat><pangkat>LETTU</pangkat><tmt_pkt>1990-10-01</tmt_pkt><no_skep>SKEP/390/IX/1990</no_skep><tgl_skep>00000-00-00</tgl_skep></pangkat><pangkat><pangkat>KAPTEN</pangkat><tmt_pkt>1993-10-01</tmt_pkt><no_skep>SKEP/313/IX/1993</no_skep><tgl_skep>1993-10-01</tgl_skep></pangkat><pangkat><pangkat>MAYOR</pangkat><tmt_pkt>1998-04-01</tmt_pkt><no_skep>SKEP/126/III/1998</no_skep><tgl_skep>1998-04-01</tgl_skep></pangkat><pangkat><pangkat>LETKOL</pangkat><tmt_pkt>2003-10-01</tmt_pkt><no_skep>SKEP/292/IX/2003</no_skep><tgl_skep>2003-10-01</tgl_skep></pangkat><pangkat><pangkat>KOLONEL</pangkat><tmt_pkt>2009-10-01</tmt_pkt><no_skep>KEPRES/35/TNI/TAHUN 2009</no_skep><tgl_skep>2009-09-17</tgl_skep></pangkat></riwayat_pangkat><riwayat_jabatan><jabatan><jabatan>PAMA DITAJENAD</jabatan><tmt_jab>1986-03-01</tmt_jab><no_skep>SKEP/126/II/1986</no_skep><tgl_skep>1986-02-08</tgl_skep></jabatan><jabatan><jabatan>PAURMIN SET DITAJENAD</jabatan><tmt_jab>1986-05-01</tmt_jab><no_skep>SKEP/16-02/III/1986</no_skep><tgl_skep>1986-03-31</tgl_skep></jabatan><jabatan><jabatan>KAPOK PERCUSION DRUM DITAJENAD</jabatan><tmt_jab>1987-09-01</tmt_jab><no_skep>SKEP/99-02/VIII/1987</no_skep><tgl_skep>1987-08-31</tgl_skep></jabatan><jabatan><jabatan>KASI DATA BAG TANDA JASA PERSMIL DITAJENAD</jabatan><tmt_jab>1988-09-01</tmt_jab><no_skep> SKEP/126-21/IX/1988</no_skep><tgl_skep>1988-09-26</tgl_skep></jabatan><jabatan><jabatan>KASI TUUD SUBDIT BINCAB DITAJENAD</jabatan><tmt_jab>1990-11-01</tmt_jab><no_skep>SKEP/9746-21/XI/1990</no_skep><tgl_skep>1990-11-17</tgl_skep></jabatan><jabatan><jabatan>KASI MINPERSMIL  AJEN AKMIL</jabatan><tmt_jab>1996-01-27</tmt_jab><no_skep>SKEP/28/I/1996</no_skep><tgl_skep>1996-01-23</tgl_skep></jabatan><jabatan><jabatan>KASIOPSMINJAR DEPSOSBAH AKMIL</jabatan><tmt_jab>1997-04-01</tmt_jab><no_skep>SKEP/154/IV/1997</no_skep><tgl_skep>1997-04-07</tgl_skep></jabatan><jabatan><jabatan>PADYA-1/AGPER PB-5  SKOMSOS MABES TNI</jabatan><tmt_jab>2000-05-01</tmt_jab><no_skep>SKEP/547/V/2000</no_skep><tgl_skep>2000-05-05</tgl_skep></jabatan><jabatan><jabatan>PADYA-2/BINMIN PB-V SKOMSOS MABES TNI</jabatan><tmt_jab>2001-05-01</tmt_jab><no_skep>SKEP/286/IV/2001</no_skep><tgl_skep>2001-04-01</tgl_skep></jabatan><jabatan><jabatan>KASUBBAGKAT BAGBINKARPEG ROPEG</jabatan><tmt_jab>2003-10-15</tmt_jab><no_skep>SKEP/1512/X/03</no_skep><tgl_skep>2003-10-23</tgl_skep></jabatan><jabatan><jabatan>Kasubbag Kat Bag Karpeg Ropeg Setjen Dephan</jabatan><tmt_jab>2006-01-01</tmt_jab><no_skep>SKEP/1097/XII/2005</no_skep><tgl_skep>00000-00-00</tgl_skep></jabatan><jabatan><jabatan>Kasubbag Sahlurja Bag Karpeg Ropeg Setjen Dephan</jabatan><tmt_jab>2008-03-23</tmt_jab><no_skep>SKEP/204/III/2008</no_skep><tgl_skep>2008-03-27</tgl_skep></jabatan><jabatan><jabatan>Tenaga Fungsional Gol. IV Ropeg Setjen Dephan</jabatan><tmt_jab>2009-03-30</tmt_jab><no_skep>SKEP/240/III/2008</no_skep><tgl_skep>2009-03-30</tgl_skep></jabatan><jabatan><jabatan>KABAG WATPEG Ropeg Setjen Dephan</jabatan><tmt_jab>2009-11-02</tmt_jab><no_skep>KEP MENHAN NO : KEP/199/XI/2009</no_skep><tgl_skep>2009-11-03</tgl_skep></jabatan><jabatan><jabatan>KABAG WATPEG ROPEG SETJEN KEMHAN</jabatan><tmt_jab>2010-09-27</tmt_jab><tgl_skep>2010-09-27</tgl_skep></jabatan><jabatan><jabatan>ANALIS MADYA BIDJAKRENMIN PUSDIKLAT JEMENHAN BADIKLAT KEMHAN</jabatan><tmt_jab>2011-04-01</tmt_jab><no_skep>KEP MENHAN NOMOR : KEP/183/III/2011</no_skep><tgl_skep>2011-03-21</tgl_skep></jabatan><jabatan><jabatan>WIDYAISWARA MADYA PUSDIKLAT TEKFUNGHAN BADIKLAT KEMHAN</jabatan><tmt_jab>2012-04-01</tmt_jab><no_skep>KEP</no_skep><tgl_skep>2012-03-27</tgl_skep></jabatan></riwayat_jabatan><riwayat_pendidikan><pendidikan_umum><pendidikan><nama_dik>SEKOLAH DASAR</nama_dik><tahun_lulus>1973</tahun_lulus></pendidikan><pendidikan><nama_dik>SEKOLAH LANJUTAN TINGKAT PERTAMA (SLTP)</nama_dik><tahun_lulus>1976</tahun_lulus></pendidikan><pendidikan><nama_dik>SEKOLAH LANJUTAN TINGKAT ATAS (SLTA)</nama_dik><tahun_lulus>1981</tahun_lulus></pendidikan><pendidikan><nama_dik>SARJANA MUDA (D.III)</nama_dik><tahun_lulus>1984</tahun_lulus></pendidikan><pendidikan><nama_dik>SARJANA (S1)</nama_dik><tahun_lulus>2010</tahun_lulus></pendidikan><pendidikan><nama_dik>PASCA SARJANA (S2)</nama_dik><tahun_lulus>2013</tahun_lulus></pendidikan></pendidikan_umum><pendidikan_pembentukan><pendidikan><nama_dik>SUS BHS INGGRIS</nama_dik><tahun_lulus>1990</tahun_lulus></pendidikan><pendidikan><nama_dik>SEKALIHPA</nama_dik><tahun_lulus>1991</tahun_lulus></pendidikan><pendidikan><nama_dik>SUS LAPA I</nama_dik><tahun_lulus>1992</tahun_lulus></pendidikan><pendidikan><nama_dik>DIK LAPA 2</nama_dik><tahun_lulus>1996</tahun_lulus></pendidikan><pendidikan><nama_dik>APPLIED APPROACH</nama_dik><tahun_lulus>1998</tahun_lulus></pendidikan><pendidikan><nama_dik>SUS KIBI</nama_dik><tahun_lulus>1999</tahun_lulus></pendidikan><pendidikan><nama_dik>SUSJEMEN RENGAR</nama_dik><tahun_lulus>2003</tahun_lulus></pendidikan><pendidikan><nama_dik>WORKSHOP SISHANNEG ESL. IV</nama_dik><tahun_lulus>2007</tahun_lulus></pendidikan><pendidikan><nama_dik>WORKSHOP SISHANNEG ESL. III</nama_dik><tahun_lulus>2009</tahun_lulus></pendidikan><pendidikan><nama_dik>SOSIALISASI SIDA LAN</nama_dik><tahun_lulus>2013</tahun_lulus></pendidikan></pendidikan_pembentukan></riwayat_pendidikan><riwayat_penugasan><penugasan><negara>AUSTRALIA</negara><tahun>2014</tahun><uraian>SEMINAR INTERNASIONAL CYBER LAW</uraian></penugasan></riwayat_penugasan><riwayat_tanda_jasa><tanda_jasa><nama_tanda_jasa>SATYALANCANA KESETIAAN VIII TAHUN</nama_tanda_jasa><no_skep>SKEP/322/VIII/1994</no_skep><tgl_skep>1994-08-24</tgl_skep></tanda_jasa><tanda_jasa><nama_tanda_jasa>SATYALANCANA KESETIAAN XVI TAHUN</nama_tanda_jasa><no_skep>SKEP/III/IV/2003</no_skep><tgl_skep>2003-03-03</tgl_skep></tanda_jasa><tanda_jasa><nama_tanda_jasa>SATYALANCANA KESETIAAN XVI TAHUN</nama_tanda_jasa><no_skep>SKEP/III/IV/2003</no_skep><tgl_skep>2003-04-30</tgl_skep></tanda_jasa><tanda_jasa><nama_tanda_jasa>SATYALANCANA KESETIAAN XXIV TAHUN</nama_tanda_jasa><no_skep>KEPPRES/12/TK/2011</no_skep><tgl_skep>2011-03-09</tgl_skep></tanda_jasa><tanda_jasa><nama_tanda_jasa>BINTANG KARTIKA EKA PAKSI NARARYA</nama_tanda_jasa><no_skep>KEPPRES/19/TK/2012</no_skep><tgl_skep>2012-04-10</tgl_skep></tanda_jasa><tanda_jasa><nama_tanda_jasa>BINTANG YUDHA DHARMA NARARYA</nama_tanda_jasa><no_skep>KEPPRES/19/TK/2012</no_skep><tgl_skep>2014-04-10</tgl_skep></tanda_jasa></riwayat_tanda_jasa><riwayat_bahasa><bahasa><nama_bahasa>JAWA</nama_bahasa><keterangan>AKTIF</keterangan></bahasa><bahasa><nama_bahasa>SUNDA</nama_bahasa><keterangan>AKTIF</keterangan></bahasa><bahasa><nama_bahasa>INGGRIS</nama_bahasa><keterangan>AKTIF</keterangan></bahasa></riwayat_bahasa><riwayat_keluarga><keluarga><nama_keluarga>SUSRINI GANETI, BA (Alm)</nama_keluarga><jenis_kelamin>PEREMPUAN</jenis_kelamin><tgl_lahir>1963-11-11</tgl_lahir><hubungan>ISTRI</hubungan></keluarga><keluarga><nama_keluarga>FR. ASTRI KUMASTUTI</nama_keluarga><jenis_kelamin>PEREMPUAN</jenis_kelamin><tgl_lahir>1987-09-08</tgl_lahir><hubungan>ANAK</hubungan></keluarga><keluarga><nama_keluarga>BAYU ILHAM W.</nama_keluarga><jenis_kelamin>LAKI-LAKI</jenis_kelamin><tgl_lahir>1992-07-28</tgl_lahir><hubungan>ANAK</hubungan></keluarga><keluarga><nama_keluarga>KRISNA MUKTI W.</nama_keluarga><jenis_kelamin>LAKI-LAKI</jenis_kelamin><tgl_lahir>2002-06-06</tgl_lahir><hubungan>ANAK</hubungan></keluarga></riwayat_keluarga></personil_kemhan>
