<personil_kemhan><nopeg>196809011991032001</nopeg><nip>030211958</nip><nrp_nip>196809011991032001</nrp_nip><nama>SRI WAHYUNI</nama><gelar>S.E.</gelar><tempat_lahir>Jakarta</tempat_lahir><tgl_lahir>1968-09-01</tgl_lahir><jenis_kelamin>PEREMPUAN</jenis_kelamin><unit_organisasi>U.O. KEMHAN</unit_organisasi><jenis_personil>PNS</jenis_personil><pangkat>PENATA III/C</pangkat><pangkat_corps>PENATA III/C </pangkat_corps><tmt_pangkat>2012-10-01</tmt_pangkat><angkatan_korps>PNS</angkatan_korps><sumber_pa_gol_3>PENYESUAIAN IJASAH</sumber_pa_gol_3><tmt_pa_gol_3>2004-10-01</tmt_pa_gol_3><kategori_pangkat>III/C</kategori_pangkat><jabatan>PENYUSUN MINPEGLOG SUBBAG TU BIRO BAG HATKUM</jabatan><satker>ROKUM SETJEN KEMHAN</satker><kode_jabatan>ANGGOTA</kode_jabatan><tmt_jabatan>2015-05-08</tmt_jabatan><eselon_jabatan>99</eselon_jabatan><kategori>ORGANIK</kategori><tmt_tni>1992-08-01</tmt_tni><tmt_kemhan>1991-03-01</tmt_kemhan><agama>ISLAM</agama><file_foto_1>foto/196809011991032001.jpg</file_foto_1><file_foto_2>foto/030211958.jpg</file_foto_2><riwayat_pangkat><pangkat><pangkat>CAPEG II/A</pangkat><tmt_pkt>1991-03-01</tmt_pkt><no_skep>SKEP/676/V/1991</no_skep><tgl_skep>1991-05-23</tgl_skep></pangkat><pangkat><pangkat>PENGATUR MUDA II/A</pangkat><tmt_pkt>1992-08-01</tmt_pkt><no_skep>SKEP/958/VII/1992</no_skep><tgl_skep>1992-07-18</tgl_skep></pangkat><pangkat><pangkat>PENGATUR MUDA TK.I  II/B</pangkat><tmt_pkt>1994-04-01</tmt_pkt><no_skep>03-09/03294/KEP/IV/1994</no_skep><tgl_skep>1994-06-15</tgl_skep></pangkat><pangkat><pangkat>PENGATUR II/C</pangkat><tmt_pkt>1998-04-01</tmt_pkt><no_skep>03-09/00010/KEP/IV/1998</no_skep><tgl_skep>1998-03-26</tgl_skep></pangkat><pangkat><pangkat>PENGATUR TK.I II/D</pangkat><tmt_pkt>2002-04-01</tmt_pkt><no_skep>SKEP/1866/XII/2002</no_skep><tgl_skep>2002-12-31</tgl_skep></pangkat><pangkat><pangkat>PENATA MUDA III/A</pangkat><tmt_pkt>2004-10-01</tmt_pkt><no_skep>SKEP/577/VIII/2004</no_skep><tgl_skep>2004-08-18</tgl_skep></pangkat><pangkat><pangkat>PENATA MUDA TK.I III/B</pangkat><tmt_pkt>2008-10-01</tmt_pkt><no_skep>SKEP/429/VIII/2008</no_skep><tgl_skep>2008-08-21</tgl_skep></pangkat><pangkat><pangkat>PENATA III/C</pangkat><tmt_pkt>2012-10-01</tmt_pkt><no_skep>KEP/704/IX/2012</no_skep><tgl_skep>2012-09-04</tgl_skep></pangkat></riwayat_pangkat><riwayat_jabatan><jabatan><jabatan>ANGGOTA BIRO HUKUM SETJEN DEPHANKAM</jabatan><tmt_jab>1991-06-01</tmt_jab><no_skep>SPRIN/1200/VI/1991</no_skep><tgl_skep>1991-06-18</tgl_skep></jabatan><jabatan><jabatan>PENGATUR YANPERS SUBBAG RENMINRO ROKUM SETJEN DEPHANKAM</jabatan><tmt_jab>1998-09-01</tmt_jab><no_skep>SKEP/1137/IX/1998</no_skep><tgl_skep>1998-09-17</tgl_skep></jabatan><jabatan><jabatan>TUR YANPERS SUBBAG RENMINRO BAG YANKUM ROKUM SETJEN DEPHAN</jabatan><tmt_jab>2001-03-01</tmt_jab><no_skep>SKEP/247/III/2001</no_skep><tgl_skep>2001-03-21</tgl_skep></jabatan><jabatan><jabatan>Anggota Subbag Minro Bag Yankum Rohukum Setjen Dephan</jabatan><tmt_jab>2007-09-01</tmt_jab><no_skep>SKEP/735/IX/2007</no_skep><tgl_skep>2007-09-20</tgl_skep></jabatan><jabatan><jabatan>PENGOLAH KEPEGAWAIAN SUBBAGMINRO BAGYANKUM</jabatan><tmt_jab>2010-05-24</tmt_jab><no_skep>KEP/348/V/2010</no_skep><tgl_skep>2010-05-26</tgl_skep></jabatan><jabatan><jabatan>PENYUSUN BAHAN MEDIASI SUBBAG MEDIASI BAG HATKUM ROKUM SETJEN KEMHAN</jabatan><tmt_jab>2011-04-01</tmt_jab><no_skep>KEP/284/IV/2011</no_skep><tgl_skep>2011-04-19</tgl_skep></jabatan><jabatan><jabatan>PENGOLAH MINPEG SUBBAG TU BIRO BAGHATKUM ROKUM SETJEN KEMHAN</jabatan><tmt_jab>2012-08-01</tmt_jab><no_skep>KEP/624/VIII/2012</no_skep><tgl_skep>2012-08-03</tgl_skep></jabatan><jabatan><jabatan>PENYUSUN BHN MEDIASI SUBBAG MEDIASI BAG HATKUM ROKUM SETJEN KEMHAN</jabatan><tmt_jab>2013-05-30</tmt_jab><no_skep>KEP/545/VI/2013</no_skep><tgl_skep>2013-06-07</tgl_skep></jabatan><jabatan><jabatan>PENYUSUN BAHAN BAKUM SUBBAG BAKUM BAG YANKUM  ROKUM SETJEN KEMHAN</jabatan><tmt_jab>2013-10-30</tmt_jab><no_skep>Kep/1108/X/2013</no_skep><tgl_skep>2013-10-31</tgl_skep></jabatan><jabatan><jabatan>PENYUSUN BAHAN BAKUM SUBBAGBAKUM BAG YANKUM  ROKUM SETJEN KEMHAN</jabatan><tmt_jab>2014-12-31</tmt_jab><no_skep>KEP/1485/XII/2014</no_skep><tgl_skep>2014-12-18</tgl_skep></jabatan><jabatan><jabatan>PENYUSUN MINPEGLOG SUBBAG TU BIRO BAG HATKUM ROKUM SETJEN KEMHAN</jabatan><tmt_jab>2015-05-08</tmt_jab><no_skep>KEP/449V/2015</no_skep><tgl_skep>2015-04-07</tgl_skep></jabatan></riwayat_jabatan><riwayat_pendidikan><pendidikan_umum><pendidikan><nama_dik>SEKOLAH DASAR</nama_dik><tahun_lulus>1981</tahun_lulus></pendidikan><pendidikan><nama_dik>SEKOLAH LANJUTAN TINGKAT PERTAMA (SLTP)</nama_dik><tahun_lulus>1984</tahun_lulus></pendidikan><pendidikan><nama_dik>SEKOLAH LANJUTAN TINGKAT ATAS (SLTA)</nama_dik><tahun_lulus>1987</tahun_lulus></pendidikan><pendidikan><nama_dik>SARJANA (S1)</nama_dik><tahun_lulus>2003</tahun_lulus></pendidikan></pendidikan_umum><pendidikan_pembentukan><pendidikan><nama_dik>LATPRAJAB TK II</nama_dik><tahun_lulus>1991</tahun_lulus></pendidikan><pendidikan><nama_dik>TAR P-4 25 JAM</nama_dik><tahun_lulus>1991</tahun_lulus></pendidikan><pendidikan><nama_dik>SUS APLIKASI KOMPUTER</nama_dik><tahun_lulus>1992</tahun_lulus></pendidikan><pendidikan><nama_dik>SUS DASAR KOMPUTER</nama_dik><tahun_lulus>1992</tahun_lulus></pendidikan><pendidikan><nama_dik>TAR SJDI HUKUM</nama_dik><tahun_lulus>1995</tahun_lulus></pendidikan><pendidikan><nama_dik>SUS KEPEGAWAIAN TK. II</nama_dik><tahun_lulus>2001</tahun_lulus></pendidikan><pendidikan><nama_dik>SUS KEPEGAWAIAN TK. III</nama_dik><tahun_lulus>2001</tahun_lulus></pendidikan><pendidikan><nama_dik>UJIAN PENYESUAIAN IJASAH</nama_dik><tahun_lulus>2003</tahun_lulus></pendidikan><pendidikan><nama_dik>DIK LAT PIM TK IV</nama_dik><tahun_lulus>2005</tahun_lulus></pendidikan><pendidikan><nama_dik>SUS MASAK DEPHAN TK DASAR</nama_dik><tahun_lulus>2009</tahun_lulus></pendidikan><pendidikan><nama_dik>ANALIS KEPEGAWAIAN TKT KEAHLIAN</nama_dik><tahun_lulus>2012</tahun_lulus></pendidikan><pendidikan><nama_dik>WORKSHOP PENGEMBANGAN KOMPETENSI</nama_dik><tahun_lulus>2015</tahun_lulus></pendidikan><pendidikan><nama_dik>PENATARAN PERBENDAHARAAN NEGARA</nama_dik><tahun_lulus>2015</tahun_lulus></pendidikan></pendidikan_pembentukan></riwayat_pendidikan><riwayat_penugasan></riwayat_penugasan><riwayat_tanda_jasa><tanda_jasa><nama_tanda_jasa>SATYALANCANA KARYA SATYA X TAHUN</nama_tanda_jasa><no_skep>040/TK/TAHUN 2003</no_skep><tgl_skep>2003-07-31</tgl_skep></tanda_jasa><tanda_jasa><nama_tanda_jasa>SATYALANCANA KARYA SATYA XX TAHUN</nama_tanda_jasa><no_skep>KEPPRES RI NO/73/TK/TAHUN  2011</no_skep><tgl_skep>2011-08-01</tgl_skep></tanda_jasa></riwayat_tanda_jasa><riwayat_bahasa><bahasa><nama_bahasa>JAWA</nama_bahasa><keterangan>PASIF</keterangan></bahasa><bahasa><nama_bahasa>INGGRIS</nama_bahasa><keterangan>PASIF</keterangan></bahasa><bahasa><nama_bahasa>INDONESIA</nama_bahasa><keterangan>AKTIF</keterangan></bahasa></riwayat_bahasa><riwayat_keluarga><keluarga><nama_keluarga>RHEZA PANDU HERIYANTO</nama_keluarga><jenis_kelamin>LAKI-LAKI</jenis_kelamin><tgl_lahir>1993-10-14</tgl_lahir><hubungan>ANAK</hubungan></keluarga><keluarga><nama_keluarga>RHEZA ADAM PUTRA NUGROHO</nama_keluarga><jenis_kelamin>LAKI-LAKI</jenis_kelamin><tgl_lahir>1999-03-04</tgl_lahir><hubungan>ANAK</hubungan></keluarga></riwayat_keluarga></personil_kemhan>
