<personil_kemhan><nopeg>196811121989032001</nopeg><nip>030199452</nip><nrp_nip>196811121989032001</nrp_nip><nama>NURDI SIHOMBING</nama><tempat_lahir>Bonandolok</tempat_lahir><tgl_lahir>1968-11-12</tgl_lahir><jenis_kelamin>PEREMPUAN</jenis_kelamin><unit_organisasi>U.O. KEMHAN</unit_organisasi><jenis_personil>PNS</jenis_personil><pangkat>PENATA MUDA TK.I III/B</pangkat><pangkat_corps>PENATA MUDA TK.I III/B </pangkat_corps><tmt_pangkat>2008-04-01</tmt_pangkat><angkatan_korps>PNS</angkatan_korps><sumber_pa_gol_3>UJIAN DINAS</sumber_pa_gol_3><tmt_pa_gol_3>2004-04-01</tmt_pa_gol_3><kategori_pangkat>III/B</kategori_pangkat><jabatan>ARSIPARIS PELAKSANA LANJUTAN</jabatan><satker>ROTU SETJEN KEMHAN</satker><kode_jabatan>FUNGSIONAL</kode_jabatan><tmt_jabatan>2014-12-31</tmt_jabatan><eselon_jabatan>99</eselon_jabatan><kategori>ORGANIK</kategori><tmt_tni>1990-05-01</tmt_tni><tmt_kemhan>1989-03-01</tmt_kemhan><agama>ISLAM</agama><file_foto_1>foto/196811121989032001.jpg</file_foto_1><file_foto_2>foto/030199452.jpg</file_foto_2><riwayat_pangkat><pangkat><pangkat>CAPEG II/A</pangkat><tmt_pkt>1989-03-01</tmt_pkt><no_skep>SKEP/572/III/1989</no_skep><tgl_skep>1989-03-17</tgl_skep></pangkat><pangkat><pangkat>PENGATUR MUDA II/A</pangkat><tmt_pkt>1990-05-01</tmt_pkt><no_skep>SKEP/485/IV/1990</no_skep><tgl_skep>1990-04-11</tgl_skep></pangkat><pangkat><pangkat>PENGATUR MUDA TK.I  II/B</pangkat><tmt_pkt>1992-04-01</tmt_pkt><no_skep>03-09/00785/KEP/IV/1992</no_skep><tgl_skep>1992-05-25</tgl_skep></pangkat><pangkat><pangkat>PENGATUR II/C</pangkat><tmt_pkt>1996-04-01</tmt_pkt><no_skep>03-09/00017/KEP/IV/1996</no_skep><tgl_skep>1996-05-02</tgl_skep></pangkat><pangkat><pangkat>PENGATUR TK.I II/D</pangkat><tmt_pkt>2000-04-01</tmt_pkt><no_skep>03-09.00/016/KEP/IV/2000</no_skep><tgl_skep>2000-06-12</tgl_skep></pangkat><pangkat><pangkat>PENATA MUDA III/A</pangkat><tmt_pkt>2004-04-01</tmt_pkt><no_skep>SKEP/84/III/2004</no_skep><tgl_skep>2004-02-20</tgl_skep></pangkat><pangkat><pangkat>PENATA MUDA TK.I III/B</pangkat><tmt_pkt>2008-04-01</tmt_pkt><no_skep>SKEP MENHAN NO : SKEP/147/III/2008</no_skep><tgl_skep>2008-03-10</tgl_skep></pangkat></riwayat_pangkat><riwayat_jabatan><jabatan><jabatan>CAPEG GOL II/A ROTU SETJEN KEMHAN</jabatan><tmt_jab>1989-03-01</tmt_jab><no_skep>SKEP/1572/III/1989</no_skep><tgl_skep>1989-01-17</tgl_skep></jabatan><jabatan><jabatan>ANGGOTA SUBBAG MINU BAG TU  ROUM SETJEN KEMHAN</jabatan><tmt_jab>1990-05-01</tmt_jab><no_skep>SKEP/485/IV/1990</no_skep><tgl_skep>1990-04-11</tgl_skep></jabatan><jabatan><jabatan>ANGGOTA SUBBAG MINU BAG TU ROUM SETJEN KEMHAN</jabatan><tmt_jab>1992-04-01</tmt_jab><no_skep>03-09/00785KEP/IV/1992</no_skep><tgl_skep>1992-04-25</tgl_skep></jabatan><jabatan><jabatan>ANGGOTA SUBBAG MINU BAG TU ROUM SETJEN KEMHAN</jabatan><tmt_jab>1996-04-01</tmt_jab><no_skep>03-09/00017/KEP/IV/1996</no_skep><tgl_skep>1996-05-02</tgl_skep></jabatan><jabatan><jabatan>ANGGOTA SUBBAG MINU BAG TU ROUM SETJEN KEMHAN</jabatan><tmt_jab>2000-04-01</tmt_jab><no_skep>03-09.0016/KEP/IV/2000</no_skep><tgl_skep>2000-06-12</tgl_skep></jabatan><jabatan><jabatan>ANGGOTA SUBBAG MINU BAG TUUM ROTU SETJEN KEMHAN</jabatan><tmt_jab>2004-04-01</tmt_jab><no_skep>SKEP/84/II/2004</no_skep><tgl_skep>2004-02-20</tgl_skep></jabatan><jabatan><jabatan>ARSIPARIS PELAKSANA LANJUTAN ROTU SETJEN KEMHAN</jabatan><tmt_jab>2005-09-01</tmt_jab><no_skep>SKEP/790/IX/2005</no_skep><tgl_skep>2005-09-01</tgl_skep></jabatan><jabatan><jabatan>ARSIPARIS PENYELIA ROTU SETJEN KEMHAN</jabatan><tmt_jab>2010-06-10</tmt_jab><no_skep>KEP/397/VI/2010</no_skep><tgl_skep>2010-06-15</tgl_skep></jabatan><jabatan><jabatan>PENGADMINISTRASI SUBBAG TU SAHLI BAG TU DAN DUKMEN ROTU SETJEN KEMHAN</jabatan><tmt_jab>2013-03-26</tmt_jab><no_skep>KEP/288/III/2013</no_skep><tgl_skep>2013-03-28</tgl_skep></jabatan><jabatan><jabatan>ARSIPARIS PELAKSANA LANJUTAN ROTU SETJEN KEMHAN</jabatan><tmt_jab>2014-12-31</tmt_jab><no_skep>KEP/1488/XII/2014</no_skep><tgl_skep>2014-12-18</tgl_skep></jabatan></riwayat_jabatan><riwayat_pendidikan><pendidikan_umum><pendidikan><nama_dik>SEKOLAH DASAR</nama_dik><tahun_lulus>1981</tahun_lulus></pendidikan><pendidikan><nama_dik>SEKOLAH MENENGAH PERTAMA (SMP)</nama_dik><tahun_lulus>1984</tahun_lulus></pendidikan><pendidikan><nama_dik>SMEA</nama_dik><tahun_lulus>1987</tahun_lulus></pendidikan></pendidikan_umum><pendidikan_pembentukan><pendidikan><nama_dik>SUS MENGETIK</nama_dik><tahun_lulus>1988</tahun_lulus></pendidikan><pendidikan><nama_dik>LATPRAJAB TK I</nama_dik><tahun_lulus>1989</tahun_lulus></pendidikan><pendidikan><nama_dik>TAR P-4 45 JAM</nama_dik><tahun_lulus>1989</tahun_lulus></pendidikan><pendidikan><nama_dik>SUS MINU TK. III</nama_dik><tahun_lulus>1991</tahun_lulus></pendidikan><pendidikan><nama_dik>UJIAN DINAS TK II</nama_dik><tahun_lulus>2002</tahun_lulus></pendidikan><pendidikan><nama_dik>KURSUS ARSIPARIS</nama_dik><tahun_lulus>2009</tahun_lulus></pendidikan><pendidikan><nama_dik>TIM PENILAI</nama_dik><tahun_lulus>2012</tahun_lulus></pendidikan></pendidikan_pembentukan></riwayat_pendidikan><riwayat_penugasan></riwayat_penugasan><riwayat_tanda_jasa><tanda_jasa><nama_tanda_jasa>SATYALANCANA KARYA SATYA X TAHUN</nama_tanda_jasa><no_skep>KEPPRES/065/TK/TAHUN2001</no_skep><tgl_skep>2001-07-19</tgl_skep></tanda_jasa><tanda_jasa><nama_tanda_jasa>SATYALANCANA KARYA SATYA XX TAHUN</nama_tanda_jasa><no_skep>KEPPRES 62/TK/TAHUN 2010</no_skep><tgl_skep>2010-12-01</tgl_skep></tanda_jasa></riwayat_tanda_jasa><riwayat_bahasa><bahasa><nama_bahasa>BATAK/TAPANULI</nama_bahasa><keterangan>AKTIF</keterangan></bahasa><bahasa><nama_bahasa>JAWA</nama_bahasa><keterangan>PASIF</keterangan></bahasa><bahasa><nama_bahasa>INDONESIA</nama_bahasa><keterangan>AKTIF</keterangan></bahasa></riwayat_bahasa><riwayat_keluarga><keluarga><nama_keluarga>ARSID BUDIARSO</nama_keluarga><jenis_kelamin>LAKI-LAKI</jenis_kelamin><tgl_lahir>1967-04-29</tgl_lahir><hubungan>SUAMI</hubungan></keluarga><keluarga><nama_keluarga>NURBUDI NOVIANTI</nama_keluarga><jenis_kelamin>PEREMPUAN</jenis_kelamin><tgl_lahir>1995-11-08</tgl_lahir><hubungan>ANAK</hubungan></keluarga><keluarga><nama_keluarga>ZULFA HABIBAH</nama_keluarga><jenis_kelamin>PEREMPUAN</jenis_kelamin><tgl_lahir>1998-05-26</tgl_lahir><hubungan>ANAK</hubungan></keluarga><keluarga><nama_keluarga>ABDULLAH DISRA</nama_keluarga><jenis_kelamin>LAKI-LAKI</jenis_kelamin><tgl_lahir>2006-12-19</tgl_lahir><hubungan>ANAK</hubungan></keluarga></riwayat_keluarga></personil_kemhan>
