<personil_kemhan><nopeg>196503311992031001</nopeg><nip>030217285</nip><nrp_nip>196503311992031001</nrp_nip><nama>EDY WALUYO</nama><gelar>S.E., M.M.</gelar><tempat_lahir>Surabaya</tempat_lahir><tgl_lahir>1965-03-31</tgl_lahir><jenis_kelamin>LAKI-LAKI</jenis_kelamin><unit_organisasi>U.O. KEMHAN</unit_organisasi><jenis_personil>PNS</jenis_personil><pangkat>PENATA TK.I III/D</pangkat><pangkat_corps>PENATA TK.I III/D </pangkat_corps><tmt_pangkat>2010-04-01</tmt_pangkat><angkatan_korps>PNS</angkatan_korps><sumber_pa_gol_3>PENYESUAIAN IJASAH</sumber_pa_gol_3><tmt_pa_gol_3>1998-04-01</tmt_pa_gol_3><kategori_pangkat>III/D</kategori_pangkat><jabatan>KASI AFRIKA SUBDIT AMERROAF</jabatan><satker>DIT ANSTRA DITJEN STRAHAN KEMHAN</satker><kode_jabatan>STRUKTURAL</kode_jabatan><tmt_jabatan>2015-03-06</tmt_jabatan><eselon_jabatan>IV</eselon_jabatan><kategori>ORGANIK</kategori><tmt_tni>1993-06-01</tmt_tni><tmt_kemhan>1992-03-01</tmt_kemhan><agama>ISLAM</agama><file_foto_1>foto/196503311992031001.jpg</file_foto_1><file_foto_2>foto/030217285.jpg</file_foto_2><riwayat_pangkat><pangkat><pangkat>CAPEG II/B</pangkat><tmt_pkt>1992-03-01</tmt_pkt><no_skep>SKEP/731/VI/1992</no_skep><tgl_skep>1992-03-26</tgl_skep></pangkat><pangkat><pangkat>PENGATUR MUDA II/A</pangkat><tmt_pkt>1993-06-01</tmt_pkt><no_skep>Skep/1395/V/1993</no_skep><tgl_skep>1993-05-15</tgl_skep></pangkat><pangkat><pangkat>PENGATUR MUDA TK.I  II/B</pangkat><tmt_pkt>1996-04-01</tmt_pkt><no_skep>03-09/00007/KEP/IV/1996</no_skep><tgl_skep>1996-04-01</tgl_skep></pangkat><pangkat><pangkat>PENATA MUDA III/A</pangkat><tmt_pkt>1998-04-01</tmt_pkt><no_skep>Skep/177/IV/1998</no_skep><tgl_skep>1998-04-09</tgl_skep></pangkat><pangkat><pangkat>PENATA MUDA TK.I III/B</pangkat><tmt_pkt>2002-04-01</tmt_pkt><no_skep>Skep/629/VII/2002</no_skep><tgl_skep>2002-06-03</tgl_skep></pangkat><pangkat><pangkat>PENATA III/C</pangkat><tmt_pkt>2006-04-01</tmt_pkt><tgl_skep>2006-04-01</tgl_skep></pangkat><pangkat><pangkat>PENATA TK.I III/D</pangkat><tmt_pkt>2010-04-01</tmt_pkt><no_skep>KEP/168/III/2010</no_skep><tgl_skep>2010-03-17</tgl_skep></pangkat></riwayat_pangkat><riwayat_jabatan><jabatan><jabatan>STAF MINPERS PEG</jabatan><tmt_jab>1984-08-01</tmt_jab><no_skep>038/STG/VIII/1984</no_skep><tgl_skep>1984-08-01</tgl_skep></jabatan><jabatan><jabatan>HONOR BAG PERS ROUM</jabatan><tmt_jab>1992-02-01</tmt_jab><no_skep>SPRIN/508/III/1992</no_skep><tgl_skep>1992-12-30</tgl_skep></jabatan><jabatan><jabatan>ANGG BAGPERS ROUM</jabatan><tmt_jab>1992-03-01</tmt_jab><tgl_skep>1992-03-30</tgl_skep></jabatan><jabatan><jabatan>PSB TK II/WASTAHNAS SUBBAG WATJAH BAGPERS ROUM</jabatan><tmt_jab>1997-10-22</tmt_jab><no_skep>SPRIN/1209/X/1997</no_skep><tgl_skep>1997-10-22</tgl_skep></jabatan><jabatan><jabatan>PSB TK III LAKADA SUBBAG BANG BAGPERS ROUM</jabatan><tmt_jab>1998-11-01</tmt_jab><no_skep>SKEP/1262/XI/1998</no_skep><tgl_skep>1998-11-01</tgl_skep></jabatan><jabatan><jabatan>PSB TKII/DIK STRUK SUBBAGBANG BAGADABANGPEG ROPEG</jabatan><tmt_jab>2001-03-01</tmt_jab><no_skep>SKEP/282/III/2001</no_skep><tgl_skep>2001-03-28</tgl_skep></jabatan><jabatan><jabatan>ANALIS KEPEGAWAIAN PERTAMA</jabatan><tmt_jab>2001-12-01</tmt_jab><no_skep>SKEP/1017/XII/2001</no_skep><tgl_skep>2001-12-24</tgl_skep></jabatan><jabatan><jabatan>Anggota SUbbagbang Bagadabangpeg Ropeg Setjen Dephan</jabatan><tmt_jab>2005-03-01</tmt_jab><no_skep>SKEP/205/III/2005</no_skep><tgl_skep>2005-03-01</tgl_skep></jabatan><jabatan><jabatan>Anggota Subbag Mutasi Bag Induk PNS Ropeg Setjen Dephan</jabatan><tmt_jab>2008-03-03</tmt_jab><no_skep>SKEP/159/III/2008</no_skep><tgl_skep>2008-03-12</tgl_skep></jabatan><jabatan><jabatan>Anggota Subbag Sahlurja Bag Karpeg Ropeg Setjen Dephan</jabatan><tmt_jab>2008-09-01</tmt_jab><no_skep>SKEP/456/IX/2008</no_skep><tgl_skep>2008-09-08</tgl_skep></jabatan><jabatan><jabatan>KASI AMSEL SUBDIT AMERROAF DIT ANSTRA DITJEN STRAHAN KEMHAN</jabatan><tmt_jab>2010-09-28</tmt_jab><no_skep>KEP MENHAN NOMOR : KEP/681/IX/2010</no_skep><tgl_skep>2010-09-28</tgl_skep></jabatan><jabatan><jabatan>KASI AFRIKA SUBDIT AMERROAF DIT ANSTRA DITJEN STRAHAN KEMHAN</jabatan><tmt_jab>2015-03-06</tmt_jab><no_skep>KEP/240/III/2015</no_skep><tgl_skep>2015-03-12</tgl_skep></jabatan></riwayat_jabatan><riwayat_pendidikan><pendidikan_umum><pendidikan><nama_dik>SEKOLAH DASAR</nama_dik><tahun_lulus>1977</tahun_lulus></pendidikan><pendidikan><nama_dik>SEKOLAH LANJUTAN TINGKAT PERTAMA (SLTP)</nama_dik><tahun_lulus>1981</tahun_lulus></pendidikan><pendidikan><nama_dik>SEKOLAH LANJUTAN TINGKAT ATAS (SLTA)</nama_dik><tahun_lulus>1984</tahun_lulus></pendidikan><pendidikan><nama_dik>SARJANA (S1)</nama_dik><tahun_lulus>1996</tahun_lulus></pendidikan><pendidikan><nama_dik>PASCA SARJANA (S2)</nama_dik><tahun_lulus>2006</tahun_lulus></pendidikan></pendidikan_umum><pendidikan_pembentukan><pendidikan><nama_dik>SUS MIKRO KOMPUTER</nama_dik><tahun_lulus>1992</tahun_lulus></pendidikan><pendidikan><nama_dik>SUS OPERATOR INTERNET</nama_dik><tahun_lulus>1998</tahun_lulus></pendidikan><pendidikan><nama_dik>ADUM</nama_dik><tahun_lulus>1998</tahun_lulus></pendidikan><pendidikan><nama_dik>SUS KHIBI</nama_dik><tahun_lulus>2003</tahun_lulus></pendidikan></pendidikan_pembentukan></riwayat_pendidikan><riwayat_penugasan><penugasan><negara>INDONESIA</negara><tahun>2007</tahun><uraian>RAKORPEG DAN SEMINAR KEPEGAWAIAAN</uraian></penugasan><penugasan><negara>INDONESIA</negara><tahun>2008</tahun><uraian>RAKOR DIK FUNG DAN DIK TEKNIS</uraian></penugasan><penugasan><negara>JEPANG</negara><tahun>2011</tahun><uraian>PUL DATA DAN SUN PRODUK KAJIAN ANALISIS MIL AS</uraian></penugasan><penugasan><negara>AMERIKA SERIKAT</negara><tahun>2011</tahun><uraian>PUL DATA DAN SUN PRODUK KAJIAN ANALISIS  HUB.RI-AS</uraian></penugasan><penugasan><negara>BELANDA</negara><tahun>2013</tahun><uraian>PUL DATA DAN SUN PRODUK KAJIAN ANALISIS DUK.EROPA</uraian></penugasan></riwayat_penugasan><riwayat_tanda_jasa><tanda_jasa><nama_tanda_jasa>SATYALANCANA KARYA SATYA X TAHUN</nama_tanda_jasa><no_skep>SKEP/023/TK/2007</no_skep><tgl_skep>2007-06-07</tgl_skep></tanda_jasa></riwayat_tanda_jasa><riwayat_bahasa><bahasa><nama_bahasa>JAWA</nama_bahasa><keterangan>AKTIF</keterangan></bahasa><bahasa><nama_bahasa>INDONESIA</nama_bahasa><keterangan>AKTIF</keterangan></bahasa></riwayat_bahasa><riwayat_keluarga><keluarga><nama_keluarga>NINA JUANTI, S.E</nama_keluarga><jenis_kelamin>PEREMPUAN</jenis_kelamin><tgl_lahir>1968-10-05</tgl_lahir><hubungan>ISTRI</hubungan></keluarga><keluarga><nama_keluarga>AJENG R. RISKIA</nama_keluarga><jenis_kelamin>PEREMPUAN</jenis_kelamin><tgl_lahir>1996-07-09</tgl_lahir><hubungan>ANAK</hubungan></keluarga><keluarga><nama_keluarga>DIMAS S. ANGGORO</nama_keluarga><jenis_kelamin>LAKI-LAKI</jenis_kelamin><tgl_lahir>2001-04-26</tgl_lahir><hubungan>ANAK</hubungan></keluarga></riwayat_keluarga></personil_kemhan>
