<personil_kemhan><nopeg>197309021993032001</nopeg><nip>030222872</nip><nrp_nip>197309021993032001</nrp_nip><nama>WIK LESTARI</nama><tempat_lahir>Wonogiri</tempat_lahir><tgl_lahir>1973-09-02</tgl_lahir><jenis_kelamin>PEREMPUAN</jenis_kelamin><unit_organisasi>U.O. KEMHAN</unit_organisasi><jenis_personil>PNS</jenis_personil><pangkat>PENATA MUDA TK.I III/B</pangkat><pangkat_corps>PENATA MUDA TK.I III/B </pangkat_corps><tmt_pangkat>2013-04-01</tmt_pangkat><angkatan_korps>PNS</angkatan_korps><sumber_pa_gol_3>UJIAN DINAS</sumber_pa_gol_3><kategori_pangkat>III/B</kategori_pangkat><jabatan>SPRI STAF AHLI DAN STAF KHUSU SUBBAG MIN SAHLI DAN STAF KHUSUS MENTERI BAG DUKMINMEN</jabatan><satker>ROTU SETJEN KEMHAN</satker><kode_jabatan>ANGGOTA</kode_jabatan><tmt_jabatan>2014-12-31</tmt_jabatan><eselon_jabatan>99</eselon_jabatan><kategori>ORGANIK</kategori><tmt_tni>1994-08-01</tmt_tni><tmt_kemhan>1993-03-01</tmt_kemhan><agama>ISLAM</agama><file_foto_1>foto/197309021993032001.jpg</file_foto_1><file_foto_2>foto/030222872.jpg</file_foto_2><riwayat_pangkat><pangkat><pangkat>CAPEG II/A</pangkat><tmt_pkt>1993-03-01</tmt_pkt><no_skep>SKEP/1819/VII/1993</no_skep><tgl_skep>1993-07-05</tgl_skep></pangkat><pangkat><pangkat>PENGATUR MUDA II/A</pangkat><tmt_pkt>1994-08-01</tmt_pkt><no_skep>SKEP/778/VII/1994</no_skep><tgl_skep>1994-07-07</tgl_skep></pangkat><pangkat><pangkat>PENGATUR MUDA TK.I  II/B</pangkat><tmt_pkt>1997-04-01</tmt_pkt><no_skep>03-09/00040/KEP/IV/1997</no_skep><tgl_skep>1997-05-21</tgl_skep></pangkat><pangkat><pangkat>PENGATUR II/C</pangkat><tmt_pkt>2001-04-01</tmt_pkt><no_skep>03-09.73/019/KEP/IV/2001</no_skep><tgl_skep>2001-05-31</tgl_skep></pangkat><pangkat><pangkat>PENGATUR TK.I II/D</pangkat><tmt_pkt>2005-04-01</tmt_pkt><no_skep>SKEP/170/III/2005</no_skep><tgl_skep>2005-03-14</tgl_skep></pangkat><pangkat><pangkat>PENATA MUDA III/A</pangkat><tmt_pkt>2009-04-01</tmt_pkt><no_skep>KEP MENHAN NOMOR : KEP/34/III/2009</no_skep><tgl_skep>2009-03-11</tgl_skep></pangkat><pangkat><pangkat>PENATA MUDA TK.I III/B</pangkat><tmt_pkt>2013-04-01</tmt_pkt><no_skep>KEP/278/III/2013</no_skep><tgl_skep>2009-03-27</tgl_skep></pangkat></riwayat_pangkat><riwayat_jabatan><jabatan><jabatan>ANGGOTA PUSKOP DEPHAN</jabatan><tmt_jab>1993-03-01</tmt_jab><no_skep>SKEP/1819/VII/1993</no_skep><tgl_skep>1993-07-05</tgl_skep></jabatan><jabatan><jabatan>ANGG SUBBAGRENTURO BAG TU ROUM</jabatan><tmt_jab>1994-12-01</tmt_jab><no_skep>SKEP/1793/XII/1994</no_skep><tgl_skep>1994-12-07</tgl_skep></jabatan><jabatan><jabatan>PENG. PEMB RUANG RAPAT SUBBAGMINU BAG TU ROUM</jabatan><tmt_jab>1998-09-01</tmt_jab><no_skep>SKEP/1122/IX/1998</no_skep><tgl_skep>1998-09-14</tgl_skep></jabatan><jabatan><jabatan>TURMIN SUBBAGMINU BAG TU SEKJEN ROTU</jabatan><tmt_jab>2001-03-01</tmt_jab><no_skep>SKEP/250/III/2001</no_skep><tgl_skep>2001-03-21</tgl_skep></jabatan><jabatan><jabatan>Anggota Subbag MinSahli Bagbanminpim Rotu Setjen Dephan</jabatan><tmt_jab>2006-03-01</tmt_jab><no_skep>SPRIN/52/IV/2006</no_skep><tgl_skep>2006-04-24</tgl_skep></jabatan><jabatan><jabatan>PENGADMINISTRASI UMUM PADA SUBBAG TU SAHLI BAG TU DUKMEN ROTU SETJEN KEMHAN</jabatan><tmt_jab>2010-07-19</tmt_jab><no_skep>SPRIN/269/IX/2010</no_skep><tgl_skep>2010-09-14</tgl_skep></jabatan><jabatan><jabatan>PENGADMINISTRASI SUBBAG TU SAHLI BAG TU DAN DUKMEN ROTU SETJEN KEMHAN</jabatan><tmt_jab>2011-04-01</tmt_jab><no_skep>Kep/282/IV/2011</no_skep><tgl_skep>2011-04-19</tgl_skep></jabatan><jabatan><jabatan>SPRI STAF AHLI DAN STAF KHUSU SUBBAG MIN SAHLI DAN STAF KHUSUS MENTERI BAG DUKMINMEN ROTU SETJEN KEMHAN</jabatan><tmt_jab>2014-12-31</tmt_jab><no_skep>KEP/1485/XII/2014</no_skep><tgl_skep>2014-12-18</tgl_skep></jabatan></riwayat_jabatan><riwayat_pendidikan><pendidikan_umum><pendidikan><nama_dik>SEKOLAH DASAR</nama_dik><tahun_lulus>1986</tahun_lulus></pendidikan><pendidikan><nama_dik>SEKOLAH LANJUTAN TINGKAT PERTAMA (SLTP)</nama_dik><tahun_lulus>1989</tahun_lulus></pendidikan><pendidikan><nama_dik>SEKOLAH LANJUTAN TINGKAT ATAS (SLTA)</nama_dik><tahun_lulus>1992</tahun_lulus></pendidikan></pendidikan_umum><pendidikan_pembentukan><pendidikan><nama_dik>LATPRAJAB TK II</nama_dik><tahun_lulus>1993</tahun_lulus></pendidikan><pendidikan><nama_dik>TAR P-4 25 JAM</nama_dik><tahun_lulus>1993</tahun_lulus></pendidikan><pendidikan><nama_dik>SUS AKUNTANSI</nama_dik><tahun_lulus>1994</tahun_lulus></pendidikan><pendidikan><nama_dik>KOMCAD</nama_dik><tahun_lulus>2014</tahun_lulus></pendidikan></pendidikan_pembentukan></riwayat_pendidikan><riwayat_penugasan></riwayat_penugasan><riwayat_tanda_jasa><tanda_jasa><nama_tanda_jasa>SATYALANCANA KARYA SATYA XX TAHUN</nama_tanda_jasa><no_skep>KEPPRES RI NOMOR:104/TK/TAHUN 2013</no_skep><tgl_skep>2013-12-30</tgl_skep></tanda_jasa></riwayat_tanda_jasa><riwayat_bahasa><bahasa><nama_bahasa>JAWA</nama_bahasa><keterangan>AKTIF</keterangan></bahasa></riwayat_bahasa><riwayat_keluarga><keluarga><nama_keluarga>JOKO SUYITNO</nama_keluarga><jenis_kelamin>LAKI-LAKI</jenis_kelamin><tgl_lahir>1970-12-24</tgl_lahir><hubungan>SUAMI</hubungan></keluarga><keluarga><nama_keluarga>GUSTAMA MARINDRA WIJAYA</nama_keluarga><jenis_kelamin>LAKI-LAKI</jenis_kelamin><tgl_lahir>1997-08-02</tgl_lahir><hubungan>ANAK</hubungan></keluarga><keluarga><nama_keluarga>NABILA KHAIRUNNISA</nama_keluarga><jenis_kelamin>PEREMPUAN</jenis_kelamin><tgl_lahir>2003-06-10</tgl_lahir><hubungan>ANAK</hubungan></keluarga></riwayat_keluarga></personil_kemhan>
