<personil_kemhan><nopeg>196907301989031001</nopeg><nip>030201926</nip><nrp_nip>196907301989031001</nrp_nip><nama>TONI HENDRIJANTO</nama><tempat_lahir>Jakarta</tempat_lahir><tgl_lahir>1969-07-30</tgl_lahir><jenis_kelamin>LAKI-LAKI</jenis_kelamin><unit_organisasi>U.O. KEMHAN</unit_organisasi><jenis_personil>PNS</jenis_personil><pangkat>PENATA MUDA III/A</pangkat><pangkat_corps>PENATA MUDA III/A </pangkat_corps><tmt_pangkat>2013-04-01</tmt_pangkat><angkatan_korps>PNS</angkatan_korps><sumber_pa_gol_3>UJIAN DINAS</sumber_pa_gol_3><tmt_pa_gol_3>2013-04-01</tmt_pa_gol_3><kategori_pangkat>III/A</kategori_pangkat><jabatan>TEKNISI UMUM URUM SUBBAG TU RS DR. SUYOTO</jabatan><satker>PUSREHAB KEMHAN</satker><kode_jabatan>FUNGSIONAL</kode_jabatan><tmt_jabatan>2014-12-31</tmt_jabatan><eselon_jabatan>99</eselon_jabatan><kategori>ORGANIK</kategori><tmt_tni>1990-12-01</tmt_tni><tmt_kemhan>1989-03-01</tmt_kemhan><agama>ISLAM</agama><file_foto_1>foto/196907301989031001.jpg</file_foto_1><file_foto_2>foto/030201926.jpg</file_foto_2><riwayat_pangkat><pangkat><pangkat>JURU MUDA TK. I  I/B</pangkat><tmt_pkt>1989-03-01</tmt_pkt><no_skep>SKEP/872/V/1989</no_skep><tgl_skep>1989-05-24</tgl_skep></pangkat><pangkat><pangkat>PENGATUR MUDA II/A</pangkat><tmt_pkt>1992-10-01</tmt_pkt><no_skep>03-09/01088/KEP/X/1992</no_skep><tgl_skep>1992-10-15</tgl_skep></pangkat><pangkat><pangkat>PENGATUR MUDA TK.I  II/B</pangkat><tmt_pkt>1996-10-01</tmt_pkt><no_skep>03-09/00011/KEP/X/1996</no_skep><tgl_skep>1996-10-09</tgl_skep></pangkat><pangkat><pangkat>PENGATUR II/C</pangkat><tmt_pkt>2000-10-01</tmt_pkt><no_skep>03-09.00/012/KEP/X/2000</no_skep><tgl_skep>2001-01-16</tgl_skep></pangkat><pangkat><pangkat>PENGATUR TK.I II/D</pangkat><tmt_pkt>2004-10-01</tmt_pkt><no_skep>SKEP/550/VIII/2004</no_skep><tgl_skep>2004-08-16</tgl_skep></pangkat><pangkat><pangkat>PENATA MUDA III/A</pangkat><tmt_pkt>2013-04-01</tmt_pkt><no_skep>KEP/279/III/2013</no_skep><tgl_skep>2013-03-27</tgl_skep></pangkat></riwayat_pangkat><riwayat_jabatan><jabatan><jabatan>ANGG BAG TU ROUM SETJEN DEPHANKAM</jabatan><tmt_jab>1989-03-01</tmt_jab><no_skep>SKEP/872/V/1989</no_skep><tgl_skep>1989-05-24</tgl_skep></jabatan><jabatan><jabatan>PENGEMUDI SUBBAG YANUM BAGRUMGA ROUM SETJEN DEPHANKAM</jabatan><tmt_jab>1990-12-01</tmt_jab><no_skep>SKEP/2267/XI/1990</no_skep><tgl_skep>1990-11-13</tgl_skep></jabatan><jabatan><jabatan>ANGG BAG RUMGA ROUM SETJEN DEPHANKAM</jabatan><tmt_jab>1998-10-26</tmt_jab><no_skep>SPRIN/111/X/1998</no_skep><tgl_skep>1998-10-26</tgl_skep></jabatan><jabatan><jabatan>TURMIN PULLAHTA STAF SUBBAGUM BAGPERS ROUM SETJEN DEPHAN</jabatan><tmt_jab>2000-06-01</tmt_jab><no_skep>SKEP/334/V/2000</no_skep><tgl_skep>2000-05-19</tgl_skep></jabatan><jabatan><jabatan>TURMIN DOSIRPEG SUBBAGKAT BAGBINKARPEG ROPEG SETJEN DEPHAN</jabatan><tmt_jab>2001-03-01</tmt_jab><no_skep>SKEP/278/III/2001</no_skep><tgl_skep>2001-03-28</tgl_skep></jabatan><jabatan><jabatan>TURMIN SUBBAGWATSAH BAGINBIN PNS ROPEG SETJEN DEPHAN</jabatan><tmt_jab>2002-06-01</tmt_jab><no_skep>SKEP/545/VI/2002</no_skep><tgl_skep>2002-06-05</tgl_skep></jabatan><jabatan><jabatan>ANGGOTA SUBBAGWATSAH BAGINDUK PNS ROPEG SETJEN DEPHAN</jabatan><tmt_jab>2006-03-01</tmt_jab><no_skep>SKEP/201/III/2006</no_skep><tgl_skep>2006-03-27</tgl_skep></jabatan><jabatan><jabatan>Anggota Subbag UM Bag TU Pusrehabcat Dephan</jabatan><tmt_jab>2008-02-01</tmt_jab><no_skep>SKEP/50/II/2008</no_skep><tgl_skep>2008-02-01</tgl_skep></jabatan><jabatan><jabatan>Anggota Subbid Kesum Bid Rehabmedik Pusrehab Dephan</jabatan><tmt_jab>2008-09-24</tmt_jab><no_skep>SKEP/508/X/2008</no_skep><tgl_skep>2008-10-17</tgl_skep></jabatan><jabatan><jabatan>PENGEMUDI SUBBAG UM BAG TU PUSREHAB KEMHAN</jabatan><tmt_jab>2010-05-05</tmt_jab><tgl_skep>2010-05-05</tgl_skep></jabatan><jabatan><jabatan>PENGEMUDI POOLSUBBAG UM BAG TU PUSREHAB KEMHAN</jabatan><tmt_jab>2011-04-01</tmt_jab><no_skep>SPRIN/171/VI/2011</no_skep><tgl_skep>2011-06-15</tgl_skep></jabatan><jabatan><jabatan>ANGGOTA PUSREHAB KEMHAN</jabatan><tmt_jab>2013-08-10</tmt_jab><no_skep>KEP/</no_skep><tgl_skep>2013-08-13</tgl_skep></jabatan><jabatan><jabatan>TEKNISI UMUM URUM SUBBAG TU RS DR. SUYOTO PUSREHAB KEMHAN</jabatan><tmt_jab>2014-12-31</tmt_jab><no_skep>KEP/1512/XII/2014</no_skep><tgl_skep>2014-12-18</tgl_skep></jabatan></riwayat_jabatan><riwayat_pendidikan><pendidikan_umum><pendidikan><nama_dik>SEKOLAH DASAR</nama_dik><tahun_lulus>1984</tahun_lulus></pendidikan><pendidikan><nama_dik>SEKOLAH MENENGAH PERTAMA (SMP)</nama_dik><tahun_lulus>1987</tahun_lulus></pendidikan><pendidikan><nama_dik>SEKOLAH MENENGAH ATAS (SMA)</nama_dik><tahun_lulus>1990</tahun_lulus></pendidikan></pendidikan_umum><pendidikan_pembentukan><pendidikan><nama_dik>LATPRAJAB TK I</nama_dik><tahun_lulus>1989</tahun_lulus></pendidikan><pendidikan><nama_dik>SUS TASKAR</nama_dik><tahun_lulus>1999</tahun_lulus></pendidikan><pendidikan><nama_dik>SUS MINU TK. II</nama_dik><tahun_lulus>2000</tahun_lulus></pendidikan></pendidikan_pembentukan></riwayat_pendidikan><riwayat_penugasan></riwayat_penugasan><riwayat_tanda_jasa><tanda_jasa><nama_tanda_jasa>SATYALANCANA KARYA SATYA XX TAHUN</nama_tanda_jasa><no_skep>Keppres RI Nomor : 033/TK/TAHUN 2009</no_skep><tgl_skep>2009-07-24</tgl_skep></tanda_jasa></riwayat_tanda_jasa><riwayat_bahasa><bahasa><nama_bahasa>JAWA</nama_bahasa><keterangan>AKTIF</keterangan></bahasa><bahasa><nama_bahasa>SUNDA</nama_bahasa><keterangan>PASIF</keterangan></bahasa><bahasa><nama_bahasa>INGGRIS</nama_bahasa><keterangan>PASIF</keterangan></bahasa></riwayat_bahasa><riwayat_keluarga><keluarga><nama_keluarga>TRI HENI EKAWATI</nama_keluarga><jenis_kelamin>PEREMPUAN</jenis_kelamin><tgl_lahir>1967-05-28</tgl_lahir><hubungan>ISTRI</hubungan></keluarga><keluarga><nama_keluarga>SILFIA YURI ANANTIKA</nama_keluarga><jenis_kelamin>PEREMPUAN</jenis_kelamin><tgl_lahir>1994-06-28</tgl_lahir><hubungan>ANAK</hubungan></keluarga><keluarga><nama_keluarga>BAYU PRASETYO</nama_keluarga><jenis_kelamin>LAKI-LAKI</jenis_kelamin><tgl_lahir>1999-11-30</tgl_lahir><hubungan>ANAK</hubungan></keluarga><keluarga><nama_keluarga>NAUFAL HENDRIANSYAH</nama_keluarga><jenis_kelamin>LAKI-LAKI</jenis_kelamin><tgl_lahir>2002-10-28</tgl_lahir><hubungan>ANAK</hubungan></keluarga></riwayat_keluarga></personil_kemhan>
