<personil_kemhan><nopeg>196308041986031001</nopeg><nip>030184779</nip><nrp_nip>196308041986031001</nrp_nip><nama>M. AGUS</nama><tempat_lahir>Jakarta</tempat_lahir><tgl_lahir>1963-08-04</tgl_lahir><jenis_kelamin>LAKI-LAKI</jenis_kelamin><unit_organisasi>U.O. KEMHAN</unit_organisasi><jenis_personil>PNS</jenis_personil><pangkat>PENATA MUDA TK.I III/B</pangkat><pangkat_corps>PENATA MUDA TK.I III/B </pangkat_corps><tmt_pangkat>2009-04-01</tmt_pangkat><angkatan_korps>PNS</angkatan_korps><sumber_pa_gol_3>UJIAN DINAS</sumber_pa_gol_3><kategori_pangkat>III/B</kategori_pangkat><jabatan>ANGGOTA</jabatan><satker>ROUM SETJEN KEMHAN</satker><kode_jabatan>ANGGOTA</kode_jabatan><tmt_jabatan>2013-01-31</tmt_jabatan><eselon_jabatan>99</eselon_jabatan><kategori>ORGANIK</kategori><tmt_tni>1987-04-01</tmt_tni><tmt_kemhan>2000-08-01</tmt_kemhan><agama>ISLAM</agama><file_foto_1>foto/196308041986031001.jpg</file_foto_1><file_foto_2>foto/030184779.jpg</file_foto_2><riwayat_pangkat><pangkat><pangkat>PENGATUR MUDA II/A</pangkat><tmt_pkt>1987-03-16</tmt_pkt><no_skep>SKEP/036/17/III/1987</no_skep><tgl_skep>1987-04-01</tgl_skep></pangkat><pangkat><pangkat>PENGATUR MUDA TK.I  II/B</pangkat><tmt_pkt>1992-11-17</tmt_pkt><no_skep>0309/01595/KEP/X/1992</no_skep><tgl_skep>1992-10-01</tgl_skep></pangkat><pangkat><pangkat>PENGATUR II/C</pangkat><tmt_pkt>1996-10-16</tmt_pkt><no_skep>0309/00012/KEP/X/1996</no_skep><tgl_skep>1996-10-10</tgl_skep></pangkat><pangkat><pangkat>PENGATUR TK.I II/D</pangkat><tmt_pkt>2000-09-11</tmt_pkt><no_skep>0309/004/KEP/X/2000</no_skep><tgl_skep>2000-10-01</tgl_skep></pangkat><pangkat><pangkat>PENATA MUDA TK.I III/B</pangkat><tmt_pkt>2009-04-01</tmt_pkt><no_skep>KEP MENHAN NOMOR : KEP/34/III/2009</no_skep><tgl_skep>2009-04-01</tgl_skep></pangkat><pangkat><pangkat>PENATA MUDA III/A</pangkat></pangkat></riwayat_pangkat><riwayat_jabatan><jabatan><jabatan>PENGATUR TASKAR SUBBAGURDAL BAGRUMGA ROUM SETJEN</jabatan><tmt_jab>2000-08-01</tmt_jab><no_skep>SKEP/687/VIII/2000</no_skep><tgl_skep>2000-08-11</tgl_skep></jabatan><jabatan><jabatan>PEMADAM KEBAKARAN SUBBAGYANUM URDAL BAGRUMGA ROUM</jabatan><tmt_jab>2001-03-01</tmt_jab><no_skep>SKEP/296/IV/2001</no_skep><tgl_skep>2001-04-03</tgl_skep></jabatan><jabatan><jabatan>PEMADAM KEBAKARAN SUBBAGYANUM URDAL BAGRUMGA ROUM</jabatan><tmt_jab>2001-05-17</tmt_jab><no_skep>SPRIN/87/V/2001</no_skep><tgl_skep>2001-05-17</tgl_skep></jabatan><jabatan><jabatan>Anggota Subbag Minro Bagpam Roum Setjen Dephan</jabatan><tmt_jab>2006-03-01</tmt_jab><tgl_skep>2006-03-01</tgl_skep></jabatan><jabatan><jabatan>Pemadam Kebakaran Subbagpampersmat Bagpam</jabatan><tmt_jab>2010-07-27</tmt_jab><no_skep>KEP/553/VII/2010</no_skep><tgl_skep>2010-07-28</tgl_skep></jabatan><jabatan><jabatan>PENGAMINISTRASI SUBDIT KAWASAN GLOBAL DIT ANSTRA DITJEN STRAHAN KEMHAN</jabatan><tmt_jab>2012-02-01</tmt_jab><no_skep>KEP/66/II/2012</no_skep><tgl_skep>2012-02-02</tgl_skep></jabatan><jabatan><jabatan>ANGGOTA ROUM SETJEN KEMHAN</jabatan><tmt_jab>2013-01-31</tmt_jab><no_skep>KEP/98/I/2013</no_skep><tgl_skep>2013-01-31</tgl_skep></jabatan></riwayat_jabatan><riwayat_pendidikan><pendidikan_umum><pendidikan><nama_dik>SEKOLAH DASAR</nama_dik><tahun_lulus>1979</tahun_lulus></pendidikan><pendidikan><nama_dik>SEKOLAH MENENGAH PERTAMA (SMP)</nama_dik><tahun_lulus>1982</tahun_lulus></pendidikan><pendidikan><nama_dik>SEKOLAH MENENGAH ATAS (SMA)</nama_dik><tahun_lulus>1985</tahun_lulus></pendidikan></pendidikan_umum><pendidikan_pembentukan></pendidikan_pembentukan></riwayat_pendidikan><riwayat_penugasan></riwayat_penugasan><riwayat_tanda_jasa></riwayat_tanda_jasa><riwayat_bahasa></riwayat_bahasa><riwayat_keluarga><keluarga><nama_keluarga>FANTRI WIBOWO</nama_keluarga><jenis_kelamin>LAKI-LAKI</jenis_kelamin><tgl_lahir>1988-09-22</tgl_lahir><hubungan>ANAK</hubungan></keluarga><keluarga><nama_keluarga>WULAN ASTUTI ALAWIYAH</nama_keluarga><jenis_kelamin>PEREMPUAN</jenis_kelamin><tgl_lahir>1991-03-21</tgl_lahir><hubungan>ANAK</hubungan></keluarga><keluarga><nama_keluarga>MELATI HIDAYAH</nama_keluarga><jenis_kelamin>PEREMPUAN</jenis_kelamin><tgl_lahir>1995-05-03</tgl_lahir><hubungan>ANAK</hubungan></keluarga><keluarga><nama_keluarga>TUTI SULASMI, S.E</nama_keluarga><jenis_kelamin>PEREMPUAN</jenis_kelamin><tgl_lahir>1995-05-11</tgl_lahir><hubungan>ISTRI</hubungan></keluarga></riwayat_keluarga></personil_kemhan>
