<personil_kemhan><nopeg>11930076870870</nopeg><nip>11930076870870</nip><nrp_nip>11930076870870</nrp_nip><nama>ZAINUL ARIFIN</nama><gelar>S.AP, M.Sc.</gelar><tempat_lahir>JAKARTA</tempat_lahir><tgl_lahir>1970-08-15</tgl_lahir><jenis_kelamin>LAKI-LAKI</jenis_kelamin><unit_organisasi>U.O. KEMHAN</unit_organisasi><jenis_personil>TNI</jenis_personil><pangkat>KOLONEL</pangkat><pangkat_corps>KOLONEL INF</pangkat_corps><tmt_pangkat>2015-04-01</tmt_pangkat><angkatan_korps>TNI AD</angkatan_korps><sumber_pa_gol_3>AKABRI</sumber_pa_gol_3><tmt_pa_gol_3>1993-07-24</tmt_pa_gol_3><kategori_pangkat>KOLONEL</kategori_pangkat><jabatan>ANALIS MADYA BID KARPEG</jabatan><satker>ROPEG SETJEN KEMHAN</satker><kode_jabatan>FUNGSIONAL</kode_jabatan><tmt_jabatan>2014-12-31</tmt_jabatan><eselon_jabatan>III</eselon_jabatan><kategori>ORGANIK</kategori><tmt_tni>1993-07-24</tmt_tni><tmt_kemhan>2008-02-01</tmt_kemhan><agama>ISLAM</agama><file_foto_1>foto/11930076870870.jpg</file_foto_1><file_foto_2>foto/11930076870870.jpg</file_foto_2><riwayat_pangkat><pangkat><pangkat>LETDA</pangkat><tmt_pkt>1993-07-24</tmt_pkt><no_skep>KEPRES/46/ABRI/1993</no_skep><tgl_skep>1993-07-23</tgl_skep></pangkat><pangkat><pangkat>LETTU</pangkat><tmt_pkt>1996-10-01</tmt_pkt><no_skep>SKEP/323/IX/1996</no_skep><tgl_skep>1996-09-16</tgl_skep></pangkat><pangkat><pangkat>KAPTEN</pangkat><tmt_pkt>1999-10-01</tmt_pkt><no_skep>SKEP/544/IX/1999</no_skep><tgl_skep>1999-09-22</tgl_skep></pangkat><pangkat><pangkat>MAYOR</pangkat><tmt_pkt>2004-10-01</tmt_pkt><no_skep>SKEP/308/IX/2004</no_skep><tgl_skep>2004-09-16</tgl_skep></pangkat><pangkat><pangkat>LETKOL</pangkat><tmt_pkt>2009-10-01</tmt_pkt><no_skep>SKEP/614/IX/2009</no_skep><tgl_skep>2009-09-17</tgl_skep></pangkat><pangkat><pangkat>KOLONEL</pangkat><tmt_pkt>2015-04-01</tmt_pkt><no_skep>19/TNI/TAHUN 2015</no_skep><tgl_skep>2015-03-20</tgl_skep></pangkat></riwayat_pangkat><riwayat_jabatan><jabatan><jabatan>DANTON YONIF 7111/RKS</jabatan><tmt_jab>1994-04-30</tmt_jab><no_skep>SKEP/150/IV/1994</no_skep><tgl_skep>1994-04-25</tgl_skep></jabatan><jabatan><jabatan>DANTON III KI A YONIF 711/RKS</jabatan><tmt_jab>1994-11-01</tmt_jab><no_skep>SKEP/295-07/IX/1994</no_skep><tgl_skep>1994-11-30</tgl_skep></jabatan><jabatan><jabatan>DANTON II KI A YONIF 711</jabatan><tmt_jab>1997-11-01</tmt_jab><no_skep>SKEP/199-07/XII/1997</no_skep><tgl_skep>1997-12-15</tgl_skep></jabatan><jabatan><jabatan>DANTON I KI AYONIF 711/RKS</jabatan><tmt_jab>1998-04-01</tmt_jab><no_skep>SKEP/63-07/IV/1998</no_skep><tgl_skep>1998-04-24</tgl_skep></jabatan><jabatan><jabatan>DANKIMA YONIF 711/RKS</jabatan><tmt_jab>1998-08-01</tmt_jab><no_skep>SKEP/138-37/VIII/1998</no_skep><tgl_skep>1998-08-27</tgl_skep></jabatan><jabatan><jabatan>PASI-3/PERS YONIF 711/RKS</jabatan><tmt_jab>2000-02-01</tmt_jab><no_skep>SKEP/196-07/XII/2000</no_skep><tgl_skep>2000-11-19</tgl_skep></jabatan><jabatan><jabatan>DANKI A  YONIF 711/RKS</jabatan><tmt_jab>2001-05-18</tmt_jab><no_skep>SPRIN/130/VI/2001</no_skep></jabatan><jabatan><jabatan>PASI OPS DIM 1308/LB</jabatan><tmt_jab>2001-12-01</tmt_jab><no_skep>SKEP/182-07/XII/2001</no_skep><tgl_skep>2001-12-31</tgl_skep></jabatan><jabatan><jabatan>PABANDA WASEF BHAKTI TNI STERAD</jabatan><tmt_jab>2003-10-01</tmt_jab><no_skep>SKEP/316/IX/2003</no_skep><tgl_skep>2003-10-25</tgl_skep></jabatan><jabatan><jabatan>PAMEN DENMA MABESAD (DIK SESKOAD)</jabatan><tmt_jab>2007-06-01</tmt_jab><no_skep>SKEP/33/II/2007</no_skep><tgl_skep>2007-11-05</tgl_skep></jabatan><jabatan><jabatan>PAMEN DEPHAN</jabatan><tmt_jab>2007-11-05</tmt_jab><no_skep>KEP/248/XI/2007</no_skep><tgl_skep>2007-11-02</tgl_skep></jabatan><jabatan><jabatan>Kasubbag Banum Sahli Bagbanumpim Rotu Setjen Dephan</jabatan><tmt_jab>2008-02-01</tmt_jab><no_skep>SKEP/72/II/2008</no_skep><tgl_skep>2008-02-14</tgl_skep></jabatan><jabatan><jabatan>Kasubbag Protmen Bag Banimpim Rotu Setjen Dephan</jabatan><tmt_jab>2009-03-30</tmt_jab><no_skep>KEP MENHAN NO: KEP/48/III/2009</no_skep><tgl_skep>2009-03-30</tgl_skep></jabatan><jabatan><jabatan>KASUBBAG DUK MENTERI BAG TU DUKMEN ROTU SETJEN KEMHAN</jabatan><tmt_jab>2010-09-28</tmt_jab><no_skep>KEP MENHAN NOMOR : KEP/681/IX/2010</no_skep><tgl_skep>2010-09-28</tgl_skep></jabatan><jabatan><jabatan>KASUBBAG JAB A  BAG KARPEG ROPEG SETJEN KEMHAN</jabatan><tmt_jab>2011-03-17</tmt_jab><no_skep>KEP MENHAN NOMOR : KEP/180/III/2011</no_skep><tgl_skep>2011-03-17</tgl_skep></jabatan><jabatan><jabatan>KASUBBAG JAB B  BAG KARPEG ROPEG SETJEN KEMHAN</jabatan><tmt_jab>2012-12-05</tmt_jab><no_skep>KEP/1066/XII/2012</no_skep><tgl_skep>2012-12-17</tgl_skep></jabatan><jabatan><jabatan>ANALIS MADYA BIDKARPEG ROPEG SETJEN KEMHAN</jabatan><tmt_jab>2014-09-22</tmt_jab><no_skep>KEP/1095/IX/2014</no_skep><tgl_skep>2014-09-22</tgl_skep></jabatan><jabatan><jabatan>ANALIS MADYA BID KARPEG ROPEG SETJEN KEMHAN</jabatan><tmt_jab>2014-12-31</tmt_jab><no_skep>KEP/1483/XII/2014</no_skep><tgl_skep>2014-12-18</tgl_skep></jabatan></riwayat_jabatan><riwayat_pendidikan><pendidikan_umum><pendidikan><nama_dik>SEKOLAH DASAR</nama_dik><tahun_lulus>1984</tahun_lulus></pendidikan><pendidikan><nama_dik>SEKOLAH LANJUTAN TINGKAT PERTAMA (SLTP)</nama_dik><tahun_lulus>1987</tahun_lulus></pendidikan><pendidikan><nama_dik>SEKOLAH LANJUTAN TINGKAT ATAS (SLTA)</nama_dik><tahun_lulus>1990</tahun_lulus></pendidikan><pendidikan><nama_dik>SARJANA (S1)</nama_dik><tahun_lulus>2007</tahun_lulus></pendidikan><pendidikan><nama_dik>PASCA SARJANA (S2)</nama_dik><tahun_lulus>2015</tahun_lulus></pendidikan></pendidikan_umum><pendidikan_pembentukan><pendidikan><nama_dik>AKABRI</nama_dik><tahun_lulus>1993</tahun_lulus></pendidikan><pendidikan><nama_dik>SUSSAR PARA</nama_dik><tahun_lulus>1994</tahun_lulus></pendidikan><pendidikan><nama_dik>SUSARCAB</nama_dik><tahun_lulus>1994</tahun_lulus></pendidikan><pendidikan><nama_dik>PEMBURU</nama_dik><tahun_lulus>1997</tahun_lulus></pendidikan><pendidikan><nama_dik>SUS PASI-3/YON</nama_dik><tahun_lulus>2000</tahun_lulus></pendidikan><pendidikan><nama_dik>SUSLAPA IF</nama_dik><tahun_lulus>2003</tahun_lulus></pendidikan><pendidikan><nama_dik>SESKOAD</nama_dik><tahun_lulus>2007</tahun_lulus></pendidikan><pendidikan><nama_dik>MILITARY TRAINING &amp; COOPERATION PROGRAM (CANADA)</nama_dik><tahun_lulus>2013</tahun_lulus></pendidikan><pendidikan><nama_dik>WORKSHOP ESELON III</nama_dik><tahun_lulus>2015</tahun_lulus></pendidikan><pendidikan><nama_dik>SUS PIMJEMEN</nama_dik><tahun_lulus>2015</tahun_lulus></pendidikan></pendidikan_pembentukan></riwayat_pendidikan><riwayat_penugasan><penugasan><negara>INDONESIA</negara><tahun>1995</tahun><uraian>OPS TIM-TIM</uraian></penugasan><penugasan><negara>INDONESIA</negara><tahun>1997</tahun><uraian>OPS IRJA</uraian></penugasan><penugasan><negara>EGYPT</negara><tahun>2011</tahun><uraian>ANGGOTA DELEGASI KEMHAN RI</uraian></penugasan><penugasan><negara>AUSTRALIA</negara><tahun>2012</tahun><uraian>ANGGOTA DELEGASI KEMHAN RI</uraian></penugasan><penugasan><negara>CANADA</negara><tahun>2013</tahun><uraian>BELAJAR</uraian></penugasan></riwayat_penugasan><riwayat_tanda_jasa><tanda_jasa><nama_tanda_jasa>SATYALANCANA SEROJA I</nama_tanda_jasa><no_skep>SKEP/538/XI/1995</no_skep><tgl_skep>1995-11-23</tgl_skep></tanda_jasa><tanda_jasa><nama_tanda_jasa>SATYALANCANA RASACA DHARMA (IRIAN)</nama_tanda_jasa><no_skep>SKEP/545/V/2000</no_skep><tgl_skep>2000-05-09</tgl_skep></tanda_jasa><tanda_jasa><nama_tanda_jasa>SATYALANCANA KESETIAAN VIII TAHUN</nama_tanda_jasa><no_skep>SKEP/486/XII/2004</no_skep><tgl_skep>2004-12-22</tgl_skep></tanda_jasa></riwayat_tanda_jasa><riwayat_bahasa><bahasa><nama_bahasa>JAWA</nama_bahasa><keterangan>AKTIF</keterangan></bahasa><bahasa><nama_bahasa>SUNDA</nama_bahasa><keterangan>AKTIF</keterangan></bahasa><bahasa><nama_bahasa>INGGRIS</nama_bahasa><keterangan>AKTIF</keterangan></bahasa></riwayat_bahasa><riwayat_keluarga><keluarga><nama_keluarga>AMALYA MURAD</nama_keluarga><jenis_kelamin>PEREMPUAN</jenis_kelamin><tgl_lahir>1978-06-09</tgl_lahir><hubungan>ISTRI</hubungan></keluarga><keluarga><nama_keluarga>ALYZA OSAMI FEBRIANA</nama_keluarga><jenis_kelamin>PEREMPUAN</jenis_kelamin><tgl_lahir>2003-02-25</tgl_lahir><hubungan>ANAK</hubungan></keluarga><keluarga><nama_keluarga>M. AZARUL GADING OSAMI</nama_keluarga><jenis_kelamin>LAKI-LAKI</jenis_kelamin><tgl_lahir>2005-07-22</tgl_lahir><hubungan>ANAK</hubungan></keluarga><keluarga><nama_keluarga>AZALIA PURNAMA OSAMI</nama_keluarga><jenis_kelamin>PEREMPUAN</jenis_kelamin><tgl_lahir>2007-01-09</tgl_lahir><hubungan>ANAK</hubungan></keluarga></riwayat_keluarga></personil_kemhan>
