<personil_kemhan><nopeg>533374</nopeg><nip>533374</nip><nrp_nip>533374</nrp_nip><nama>HADI</nama><tempat_lahir>Subang</tempat_lahir><tgl_lahir>1963-11-09</tgl_lahir><jenis_kelamin>LAKI-LAKI</jenis_kelamin><unit_organisasi>U.O. KEMHAN</unit_organisasi><jenis_personil>TNI</jenis_personil><pangkat>PELTU</pangkat><pangkat_corps>PELTU </pangkat_corps><tmt_pangkat>2012-10-01</tmt_pangkat><angkatan_korps>TNI AD</angkatan_korps><kategori_pangkat>PELTU</kategori_pangkat><jabatan>PETUGAS RUMGA SEKJEN SUBBAG DUKMIN SEKJEN BAG DUKMIN SEKJEN</jabatan><satker>ROTU SETJEN KEMHAN</satker><kode_jabatan>ANGGOTA</kode_jabatan><tmt_jabatan>2014-12-31</tmt_jabatan><eselon_jabatan>99</eselon_jabatan><kategori>ORGANIK</kategori><tmt_tni>1991-06-15</tmt_tni><tmt_kemhan>1997-08-01</tmt_kemhan><agama>ISLAM</agama><file_foto_1>foto/533374.jpg</file_foto_1><file_foto_2>foto/533374.jpg</file_foto_2><riwayat_pangkat><pangkat><pangkat>SERDA</pangkat><tmt_pkt>1991-06-15</tmt_pkt><no_skep>SKEP/4846-21/IV/1991</no_skep><tgl_skep>1991-06-10</tgl_skep></pangkat><pangkat><pangkat>SERTU</pangkat><tmt_pkt>1995-10-01</tmt_pkt><no_skep>SKEP/934-10/IX/1995</no_skep><tgl_skep>1995-09-12</tgl_skep></pangkat><pangkat><pangkat>SERKA</pangkat><tmt_pkt>1999-10-01</tmt_pkt><no_skep>SKEP/3086-21/1999</no_skep><tgl_skep>1999-08-25</tgl_skep></pangkat><pangkat><pangkat>SERMA</pangkat><tmt_pkt>2003-10-01</tmt_pkt><no_skep>SKEP/2007-21-VIII/2003</no_skep><tgl_skep>2003-08-03</tgl_skep></pangkat><pangkat><pangkat>PELDA</pangkat><tmt_pkt>2008-10-01</tmt_pkt><no_skep>KEP/973-33/IX/2008</no_skep><tgl_skep>2008-09-12</tgl_skep></pangkat><pangkat><pangkat>PELTU</pangkat><tmt_pkt>2012-10-01</tmt_pkt><no_skep>KEP/630/IX/2012</no_skep><tgl_skep>2012-09-20</tgl_skep></pangkat></riwayat_pangkat><riwayat_jabatan><jabatan><jabatan>BA ROHUBANLEM SETJEN DEPHANKAM</jabatan><tmt_jab>1997-08-01</tmt_jab><no_skep>SKEP/1383/X/1997</no_skep><tgl_skep>1997-10-03</tgl_skep></jabatan><jabatan><jabatan>BA DEPHANKAM (MANTAN BA MENARHANUD DAM JAYA )</jabatan><tmt_jab>1997-09-01</tmt_jab><no_skep>SKEP/567/IX/1997</no_skep><tgl_skep>1997-09-10</tgl_skep></jabatan><jabatan><jabatan>MUDI SUBBAGRENMINRO BAG TU SEKJEN ROTU</jabatan><tmt_jab>2001-03-01</tmt_jab><no_skep>SKEP/254/III/2001</no_skep><tgl_skep>2001-03-21</tgl_skep></jabatan><jabatan><jabatan>Anggota Subbag Banum Sahli Bagbanumpim Rotu Setjen Dephan</jabatan><tmt_jab>2006-06-01</tmt_jab><tgl_skep>2006-06-27</tgl_skep></jabatan><jabatan><jabatan>PENGADMINISTRASI UMUM SUBBAG BANUMMEN BAG TU DAN DUK SEKJEN ROTU SETJEN KEMHAN</jabatan><tmt_jab>2010-07-19</tmt_jab><no_skep>KEP/516/VII/2010</no_skep><tgl_skep>2010-07-27</tgl_skep></jabatan><jabatan><jabatan>PETUGAS RUMGA SEKJEN SUBBAG DUK SEKJEN BAG TU DAN DUK SEKJEN ROTU SETJEN KEMHAN</jabatan><tmt_jab>2011-04-01</tmt_jab><no_skep>KEP/282/IV/2011</no_skep><tgl_skep>2011-04-19</tgl_skep></jabatan><jabatan><jabatan>PETUGAS RUMGA SEKJEN SUBBAG DUKMIN SEKJEN BAG DUKMIN SEKJEN ROTU SETJEN KEMHAN</jabatan><tmt_jab>2014-12-31</tmt_jab><no_skep>KEP/1485/XII/2014</no_skep><tgl_skep>2014-12-18</tgl_skep></jabatan></riwayat_jabatan><riwayat_pendidikan><pendidikan_umum><pendidikan><nama_dik>SEKOLAH DASAR</nama_dik><tahun_lulus>1976</tahun_lulus></pendidikan><pendidikan><nama_dik>SEKOLAH MENENGAH PERTAMA (SMP)</nama_dik><tahun_lulus>1980</tahun_lulus></pendidikan></pendidikan_umum><pendidikan_pembentukan><pendidikan><nama_dik>SECATA MILSUK GEL I ANGK 13</nama_dik><tahun_lulus>1983</tahun_lulus></pendidikan><pendidikan><nama_dik>SUS DASAR SEMBUR GENI-II ANGK 20</nama_dik><tahun_lulus>1987</tahun_lulus></pendidikan><pendidikan><nama_dik>SECABA REG ARHANUD GEL II MERRI ANGK 21</nama_dik><tahun_lulus>1990</tahun_lulus></pendidikan></pendidikan_pembentukan></riwayat_pendidikan><riwayat_penugasan></riwayat_penugasan><riwayat_tanda_jasa><tanda_jasa><nama_tanda_jasa>SATYALANCANA KESETIAAN VIII TAHUN</nama_tanda_jasa><no_skep>SKEP/312/VIII/1995</no_skep><tgl_skep>1995-08-03</tgl_skep></tanda_jasa><tanda_jasa><nama_tanda_jasa>SATYALANCANA KESETIAAN XXIV TAHUN</nama_tanda_jasa><no_skep>KEP/288/XI/2007</no_skep><tgl_skep>2007-11-16</tgl_skep></tanda_jasa><tanda_jasa><nama_tanda_jasa>SATYALANCANA KESETIAAN XVI TAHUN</nama_tanda_jasa><no_skep>KEP/287/XI/2007</no_skep><tgl_skep>2007-11-16</tgl_skep></tanda_jasa><tanda_jasa><nama_tanda_jasa>BINTANG KARTIKA EKA PAKSI NARARYA</nama_tanda_jasa><no_skep>KEPPRES/018/TK/TH/2009</no_skep><tgl_skep>2009-06-15</tgl_skep></tanda_jasa></riwayat_tanda_jasa><riwayat_bahasa><bahasa><nama_bahasa>SUNDA</nama_bahasa><keterangan>AKTIF</keterangan></bahasa></riwayat_bahasa><riwayat_keluarga><keluarga><nama_keluarga>ETI ROSYATI</nama_keluarga><jenis_kelamin>PEREMPUAN</jenis_kelamin><tgl_lahir>1965-07-26</tgl_lahir><hubungan>ISTRI</hubungan></keluarga><keluarga><nama_keluarga>GALIH GIRIYANA</nama_keluarga><jenis_kelamin>LAKI-LAKI</jenis_kelamin><tgl_lahir>1988-08-05</tgl_lahir><hubungan>ANAK</hubungan></keluarga><keluarga><nama_keluarga>AINI DWI LESTARI</nama_keluarga><jenis_kelamin>PEREMPUAN</jenis_kelamin><tgl_lahir>1992-05-28</tgl_lahir><hubungan>ANAK</hubungan></keluarga><keluarga><nama_keluarga>TRYAS WIDYANINGSIH</nama_keluarga><jenis_kelamin>PEREMPUAN</jenis_kelamin><tgl_lahir>1995-03-02</tgl_lahir><hubungan>ANAK</hubungan></keluarga></riwayat_keluarga></personil_kemhan>
