<personil_kemhan><nopeg>196409111990032001</nopeg><nip>030205294</nip><nrp_nip>196409111990032001</nrp_nip><nama>SRI HERLINAWATI</nama><tempat_lahir>Cimahi</tempat_lahir><tgl_lahir>1964-09-11</tgl_lahir><jenis_kelamin>PEREMPUAN</jenis_kelamin><unit_organisasi>U.O. KEMHAN</unit_organisasi><jenis_personil>PNS</jenis_personil><pangkat>PENATA MUDA TK.I III/B</pangkat><pangkat_corps>PENATA MUDA TK.I III/B </pangkat_corps><tmt_pangkat>2010-10-01</tmt_pangkat><angkatan_korps>PNS</angkatan_korps><sumber_pa_gol_3>UJIAN DINAS</sumber_pa_gol_3><tmt_pa_gol_3>1996-10-01</tmt_pa_gol_3><kategori_pangkat>III/B</kategori_pangkat><jabatan>PEMROSES KERUMAHTANGGAAN SUBBAGUM BAG TU</jabatan><satker>PUSKOMPUBLIK KEMHAN</satker><kode_jabatan>ANGGOTA</kode_jabatan><tmt_jabatan>2014-12-31</tmt_jabatan><eselon_jabatan>99</eselon_jabatan><kategori>ORGANIK</kategori><tmt_tni>1991-04-01</tmt_tni><tmt_kemhan>1990-03-01</tmt_kemhan><agama>ISLAM</agama><file_foto_1>foto/196409111990032001.jpg</file_foto_1><file_foto_2>foto/030205294.jpg</file_foto_2><riwayat_pangkat><pangkat><pangkat>CAPEG II/B</pangkat><tmt_pkt>1990-03-01</tmt_pkt><no_skep>SKEP/392/IV/1990</no_skep><tgl_skep>1990-04-06</tgl_skep></pangkat><pangkat><pangkat>PENGATUR MUDA II/A</pangkat><tmt_pkt>1991-06-01</tmt_pkt><no_skep>SKEP/943/VI/1991</no_skep><tgl_skep>1991-06-24</tgl_skep></pangkat><pangkat><pangkat>PENGATUR MUDA TK.I  II/B</pangkat><tmt_pkt>1994-04-01</tmt_pkt><no_skep>03-09/02658/KEP/IV/1994</no_skep><tgl_skep>1994-04-18</tgl_skep></pangkat><pangkat><pangkat>PENGATUR II/C</pangkat><tmt_pkt>1998-04-01</tmt_pkt><no_skep>03-09/00009/KEP/IV/1998</no_skep><tgl_skep>1998-03-26</tgl_skep></pangkat><pangkat><pangkat>PENGATUR TK.I II/D</pangkat><tmt_pkt>2002-04-01</tmt_pkt><no_skep>SKEP/711/VII/2002</no_skep><tgl_skep>2002-07-17</tgl_skep></pangkat><pangkat><pangkat>PENATA MUDA III/A</pangkat><tmt_pkt>2006-04-01</tmt_pkt><no_skep>skep/118/II/2006</no_skep><tgl_skep>2006-02-28</tgl_skep></pangkat><pangkat><pangkat>PENATA MUDA TK.I III/B</pangkat><tmt_pkt>2010-10-01</tmt_pkt><no_skep>KEP MENHAN NOMOR : KEP/642/IX/2010</no_skep><tgl_skep>2010-09-14</tgl_skep></pangkat></riwayat_pangkat><riwayat_jabatan><jabatan><jabatan>ANGG. BAGBEKHAR</jabatan><tmt_jab>1990-03-01</tmt_jab><no_skep>SKEP/392/IV/1990</no_skep><tgl_skep>1990-03-01</tgl_skep></jabatan><jabatan><jabatan>TURMIN GUDKAI SUBBAGHAR BAGBEKHAR</jabatan><tmt_jab>1998-08-01</tmt_jab><no_skep>SKEP/972/VIII/1998</no_skep><tgl_skep>1998-12-30</tgl_skep></jabatan><jabatan><jabatan>TURMIN IDEOLOGI SUBBAGWATJAH BAGPERS ROUM SETJEN D</jabatan><tmt_jab>1998-12-30</tmt_jab><no_skep>SKEP/1446/XII/1998</no_skep><tgl_skep>1998-12-30</tgl_skep></jabatan><jabatan><jabatan>TURMIN SUBBAGBINTAL BAGWATPEG ROPEG SETJEN DEPHAN</jabatan><tmt_jab>2001-03-01</tmt_jab><no_skep>SKEP/278/III/2001</no_skep><tgl_skep>2001-03-28</tgl_skep></jabatan><jabatan><jabatan>ANGGOTA SUBBAGTAL BAGWATPEG ROPEG SETJEN DEPHAN</jabatan><tmt_jab>2006-03-01</tmt_jab><no_skep>SKEP/201/III/2006</no_skep><tgl_skep>2006-03-27</tgl_skep></jabatan><jabatan><jabatan>ANGGOTA PUSKOP SETJEN KEMHAN</jabatan><tmt_jab>2010-02-01</tmt_jab><no_skep>KEP/48/I/2010</no_skep><tgl_skep>2010-01-28</tgl_skep></jabatan><jabatan><jabatan>PEMROSES ANGGARAN BELANJA MODAL SUBBAGMINRO BAGHUBLEM  PUSKOP SETJEN KEMHAN</jabatan><tmt_jab>2010-05-17</tmt_jab><no_skep>KEP/321/V/2010</no_skep><tgl_skep>2010-05-20</tgl_skep></jabatan><jabatan><jabatan>PENGADMINISTRASI BIDKERMAINFO PUSKOP SETJEN KEMHAN</jabatan><tmt_jab>2011-04-01</tmt_jab><no_skep>KEP/296/IV/2011</no_skep><tgl_skep>2011-04-19</tgl_skep></jabatan><jabatan><jabatan>ANGGOTA ROUM SETJEN KEMHAN</jabatan><tmt_jab>2011-10-12</tmt_jab><no_skep>KEP/779/X/2011</no_skep><tgl_skep>2011-10-19</tgl_skep></jabatan><jabatan><jabatan>PENGOLAH BAHAN HUBLEM SUBBID KERMALEM BID KERMAINFO PUSKOMPUBLIK KEMHAN</jabatan><tmt_jab>2013-03-26</tmt_jab><no_skep>KEP/288/III/2013</no_skep><tgl_skep>2013-03-28</tgl_skep></jabatan><jabatan><jabatan>PEMROSES KERUMAHTANGGAAN SUBBAG UMUM BAG TU PUSKOM PUBLIK KEMHAN</jabatan><tmt_jab>2014-12-31</tmt_jab><no_skep>KEP/1510/XII/2014</no_skep><tgl_skep>2014-12-18</tgl_skep></jabatan></riwayat_jabatan><riwayat_pendidikan><pendidikan_umum><pendidikan><nama_dik>SEKOLAH DASAR</nama_dik><tahun_lulus>1976</tahun_lulus></pendidikan><pendidikan><nama_dik>SEKOLAH LANJUTAN TINGKAT PERTAMA (SLTP)</nama_dik><tahun_lulus>1981</tahun_lulus></pendidikan><pendidikan><nama_dik>SEKOLAH LANJUTAN TINGKAT ATAS (SLTA)</nama_dik><tahun_lulus>1984</tahun_lulus></pendidikan></pendidikan_umum><pendidikan_pembentukan><pendidikan><nama_dik>LATPRAJAB</nama_dik><tahun_lulus>1992</tahun_lulus></pendidikan><pendidikan><nama_dik>SUS MIKRO KOMPUTER</nama_dik><tahun_lulus>1999</tahun_lulus></pendidikan><pendidikan><nama_dik>diklat teknis administrasi jab pengolah dan jab setingkat kemhan</nama_dik><tahun_lulus>2013</tahun_lulus></pendidikan></pendidikan_pembentukan></riwayat_pendidikan><riwayat_penugasan></riwayat_penugasan><riwayat_tanda_jasa><tanda_jasa><nama_tanda_jasa>SATYALANCANA KARYA SATYA X TAHUN</nama_tanda_jasa><no_skep>063/TK/TAHUN 2002</no_skep><tgl_skep>2002-09-23</tgl_skep></tanda_jasa><tanda_jasa><nama_tanda_jasa>SATYALANCANA KARYA SATYA XX TAHUN</nama_tanda_jasa><no_skep>62/TK/TAHUN 2010</no_skep><tgl_skep>2010-12-01</tgl_skep></tanda_jasa></riwayat_tanda_jasa><riwayat_bahasa><bahasa><nama_bahasa>SUNDA</nama_bahasa><keterangan>AKTIF</keterangan></bahasa></riwayat_bahasa><riwayat_keluarga><keluarga><nama_keluarga>AGUNG YULIANTO</nama_keluarga><jenis_kelamin>LAKI-LAKI</jenis_kelamin><tgl_lahir>1989-07-18</tgl_lahir><hubungan>ANAK</hubungan></keluarga><keluarga><nama_keluarga>DIMAS BAYU PUTRA</nama_keluarga><jenis_kelamin>LAKI-LAKI</jenis_kelamin><tgl_lahir>1998-03-01</tgl_lahir><hubungan>ANAK</hubungan></keluarga></riwayat_keluarga></personil_kemhan>
