<personil_kemhan><nopeg>636900</nopeg><nip>636900</nip><nrp_nip>636900</nrp_nip><nama>IDA MINDARWATI</nama><gelar>S.H.</gelar><tempat_lahir>Malang</tempat_lahir><tgl_lahir>1969-02-14</tgl_lahir><jenis_kelamin>PEREMPUAN</jenis_kelamin><unit_organisasi>U.O. KEMHAN</unit_organisasi><jenis_personil>TNI</jenis_personil><pangkat>MAYOR</pangkat><pangkat_corps>MAYOR (K) CAJ</pangkat_corps><tmt_pangkat>2013-04-01</tmt_pangkat><angkatan_korps>TNI AD</angkatan_korps><sumber_pa_gol_3>SECAPA REG</sumber_pa_gol_3><tmt_pa_gol_3>2000-09-30</tmt_pa_gol_3><kategori_pangkat>MAYOR</kategori_pangkat><jabatan>PENYUSUN BAHAN KEAMANAN NON TRADISIONAL SI KNT SUBDIT IG</jabatan><satker>DIT ANSTRA DITJEN STRAHAN KEMHAN</satker><kode_jabatan>ANGGOTA</kode_jabatan><tmt_jabatan>2014-12-31</tmt_jabatan><eselon_jabatan>99</eselon_jabatan><kategori>ORGANIK</kategori><tmt_tni>1989-11-25</tmt_tni><tmt_kemhan>2001-02-03</tmt_kemhan><agama>ISLAM</agama><file_foto_1>foto/636900.jpg</file_foto_1><file_foto_2>foto/636900.jpg</file_foto_2><riwayat_pangkat><pangkat><pangkat>SERDA</pangkat><tmt_pkt>1989-11-25</tmt_pkt><no_skep>SKEP/13423/21/XI/1989</no_skep><tgl_skep>1989-11-20</tgl_skep></pangkat><pangkat><pangkat>SERTU</pangkat><tmt_pkt>1994-03-29</tmt_pkt><no_skep>Skep /103-11/III/1994</no_skep><tgl_skep>1994-03-24</tgl_skep></pangkat><pangkat><pangkat>SERKA</pangkat><tmt_pkt>1998-03-17</tmt_pkt><no_skep>SKEP/112-11/VI/1998</no_skep><tgl_skep>1998-03-17</tgl_skep></pangkat><pangkat><pangkat>LETDA</pangkat><tmt_pkt>2000-09-30</tmt_pkt><no_skep>SKEP/72/THN/2000</no_skep><tgl_skep>2000-09-25</tgl_skep></pangkat><pangkat><pangkat>LETTU</pangkat><tmt_pkt>2004-10-01</tmt_pkt><no_skep>SKEP/294/IX/2004</no_skep><tgl_skep>2007-09-16</tgl_skep></pangkat><pangkat><pangkat>KAPTEN</pangkat><tmt_pkt>2008-10-01</tmt_pkt><no_skep>KEP/49/IX/2007</no_skep><tgl_skep>2007-09-20</tgl_skep></pangkat><pangkat><pangkat>MAYOR</pangkat><tmt_pkt>2013-04-01</tmt_pkt><no_skep>KEP/207/2013</no_skep><tgl_skep>2012-01-11</tgl_skep></pangkat></riwayat_pangkat><riwayat_jabatan><jabatan><jabatan>PAMA DEPHAN (MANTAN LULUSAN SUSSARCABAJEN TA.2000/</jabatan><tmt_jab>2001-03-01</tmt_jab><no_skep>SKEP/107II/2007</no_skep><tgl_skep>2001-02-23</tgl_skep></jabatan><jabatan><jabatan>PSB TK II/CEGAH MINPAM PEG SUBBAGPAM PERKANTORAN</jabatan><tmt_jab>2001-03-01</tmt_jab><no_skep>SKEP/199/III/2001</no_skep><tgl_skep>2001-03-07</tgl_skep></jabatan><jabatan><jabatan>AGEN PRATAMA (GOL. VIII) PADA ROUM</jabatan><tmt_jab>2001-12-01</tmt_jab><no_skep>SKEP/1059/XII/2001</no_skep><tgl_skep>2001-12-31</tgl_skep></jabatan><jabatan><jabatan>Tenaga Fungsional Gol. VII Roum Setjen Dephan</jabatan><tmt_jab>2005-03-01</tmt_jab><no_skep>SKEP/183/III/2005</no_skep><tgl_skep>2005-03-16</tgl_skep></jabatan><jabatan><jabatan>PENGOLAH ADMINISTRASI UMUM SUBBAG PAM PERS MAT BAG PAM ROUM SETJEN KEMHAN</jabatan><tmt_jab>2010-07-27</tmt_jab><no_skep>KEp/555/VII/2010</no_skep><tgl_skep>2010-07-29</tgl_skep></jabatan><jabatan><jabatan>PENYUSUN BAHAN PAMVIP DAN PROTOKOLER SUBBAG PAMVIP BAGPAM ROUM ROUM SETJEN KEMHAN</jabatan><tmt_jab>2011-04-01</tmt_jab><no_skep>Kep/285/IV/2011</no_skep><tgl_skep>2011-04-19</tgl_skep></jabatan><jabatan><jabatan>PENYUSUN BAHAN LINGKUNGAN HIDUP SI LINGKUNGAN  HIDUP SUBDIT KAWASAN GLOBAL DIT ANSTRA DITJEN STRAHAN KEMHAN</jabatan><tmt_jab>2012-01-11</tmt_jab><no_skep>KEP/18/I/2012</no_skep><tgl_skep>2012-01-12</tgl_skep></jabatan><jabatan><jabatan>PENYUSUN BAHAN KEAMANAN NON TRADISIONAL SI KNT SUBDIT IG DIT ANSTRA DITJEN STRAHAN KEMHAN</jabatan><tmt_jab>2014-12-31</tmt_jab><no_skep>KEP/1494/XII/2014</no_skep><tgl_skep>2014-12-18</tgl_skep></jabatan></riwayat_jabatan><riwayat_pendidikan><pendidikan_umum><pendidikan><nama_dik>SEKOLAH DASAR</nama_dik><tahun_lulus>1982</tahun_lulus></pendidikan><pendidikan><nama_dik>SEKOLAH LANJUTAN TINGKAT PERTAMA (SLTP)</nama_dik><tahun_lulus>1985</tahun_lulus></pendidikan><pendidikan><nama_dik>SEKOLAH LANJUTAN TINGKAT ATAS (SLTA)</nama_dik><tahun_lulus>1988</tahun_lulus></pendidikan><pendidikan><nama_dik>SARJANA (S1)</nama_dik><tahun_lulus>2008</tahun_lulus></pendidikan></pendidikan_umum><pendidikan_pembentukan><pendidikan><nama_dik>SECABA</nama_dik><tahun_lulus>1989</tahun_lulus></pendidikan><pendidikan><nama_dik>SUS FREE FALL</nama_dik><tahun_lulus>1990</tahun_lulus></pendidikan><pendidikan><nama_dik>SUS SAR PARA</nama_dik><tahun_lulus>1990</tahun_lulus></pendidikan><pendidikan><nama_dik>SUS BA INTEL</nama_dik><tahun_lulus>1994</tahun_lulus></pendidikan><pendidikan><nama_dik>SECAPA</nama_dik><tahun_lulus>2000</tahun_lulus></pendidikan><pendidikan><nama_dik>SUS SARCAB AJEN/PERS</nama_dik><tahun_lulus>2001</tahun_lulus></pendidikan><pendidikan><nama_dik>SUS MINU TK III DEPHAN</nama_dik><tahun_lulus>2006</tahun_lulus></pendidikan><pendidikan><nama_dik>SERTIFIKASI PENGADAAN BARANG/JASA PEMERINTAH</nama_dik><tahun_lulus>2008</tahun_lulus></pendidikan><pendidikan><nama_dik>DIK LAPA 2</nama_dik><tahun_lulus>2012</tahun_lulus></pendidikan><pendidikan><nama_dik>SUSJEMEN LITBANG HAN TK. MUDA ANGK. XIV TA. 2015 </nama_dik><tahun_lulus>2015</tahun_lulus></pendidikan></pendidikan_pembentukan></riwayat_pendidikan><riwayat_penugasan></riwayat_penugasan><riwayat_tanda_jasa><tanda_jasa><nama_tanda_jasa>SATYALANCANA KESETIAAN VIII TAHUN</nama_tanda_jasa><no_skep>SKEP/434/XI/2000</no_skep><tgl_skep>2000-11-29</tgl_skep></tanda_jasa><tanda_jasa><nama_tanda_jasa>SATYALANCANA KESETIAAN XVI TAHUN</nama_tanda_jasa><no_skep>SKEP/42/III/2007</no_skep><tgl_skep>2007-03-14</tgl_skep></tanda_jasa><tanda_jasa><nama_tanda_jasa>SATYALANCANA KESETIAAN XXIV TAHUN</nama_tanda_jasa><no_skep>KEPPRES RI No. 103/TK/Tahun 2014</no_skep><tgl_skep>2014-10-19</tgl_skep></tanda_jasa><tanda_jasa><nama_tanda_jasa>BINTANG KARTIKA EKA PAKSI NARARYA</nama_tanda_jasa><no_skep>KEPPRES RI NOMOR 22/TK/TAHUN 2015</no_skep><tgl_skep>2015-04-29</tgl_skep></tanda_jasa></riwayat_tanda_jasa><riwayat_bahasa><bahasa><nama_bahasa>JAWA</nama_bahasa><keterangan>AKTIF</keterangan></bahasa><bahasa><nama_bahasa>INGGRIS</nama_bahasa><keterangan>PASIF</keterangan></bahasa></riwayat_bahasa><riwayat_keluarga><keluarga><nama_keluarga>FADLAN</nama_keluarga><jenis_kelamin>LAKI-LAKI</jenis_kelamin><tgl_lahir>1960-11-12</tgl_lahir><hubungan>SUAMI</hubungan></keluarga><keluarga><nama_keluarga>FERDI AGUS DARMAWAN</nama_keluarga><jenis_kelamin>LAKI-LAKI</jenis_kelamin><tgl_lahir>1993-08-26</tgl_lahir><hubungan>ANAK</hubungan></keluarga><keluarga><nama_keluarga>FIRA FARIDA</nama_keluarga><jenis_kelamin>PEREMPUAN</jenis_kelamin><tgl_lahir>1998-02-18</tgl_lahir><hubungan>ANAK</hubungan></keluarga></riwayat_keluarga></personil_kemhan>
