<personil_kemhan><nopeg>196802131999031001</nopeg><nip>030244396</nip><nrp_nip>196802131999031001</nrp_nip><nama>ALWIN SUPRIYADI</nama><gelar>S.E., M.Si.</gelar><tempat_lahir>KEBUMEN</tempat_lahir><tgl_lahir>1968-02-13</tgl_lahir><jenis_kelamin>LAKI-LAKI</jenis_kelamin><unit_organisasi>U.O. KEMHAN</unit_organisasi><jenis_personil>PNS</jenis_personil><pangkat>PENATA TK.I III/D</pangkat><pangkat_corps>PENATA TK.I III/D </pangkat_corps><tmt_pangkat>2012-04-01</tmt_pangkat><angkatan_korps>PNS</angkatan_korps><sumber_pa_gol_3>CAPEG SARJANA</sumber_pa_gol_3><tmt_pa_gol_3>1999-03-01</tmt_pa_gol_3><kategori_pangkat>III/D</kategori_pangkat><jabatan>KASI TR HAN SUBDIT TR</jabatan><satker>DIT WILHAN DITJEN STRAHAN KEMHAN</satker><kode_jabatan>STRUKTURAL</kode_jabatan><tmt_jabatan>2014-12-31</tmt_jabatan><eselon_jabatan>IV</eselon_jabatan><kategori>ORGANIK</kategori><tmt_tni>2000-09-01</tmt_tni><tmt_kemhan>1999-03-01</tmt_kemhan><agama>ISLAM</agama><file_foto_1>foto/196802131999031001.jpg</file_foto_1><file_foto_2>foto/030244396.jpg</file_foto_2><riwayat_pangkat><pangkat><pangkat>CAPEG III/A</pangkat><tmt_pkt>1999-03-01</tmt_pkt><no_skep>SKEP/396/V/1999</no_skep><tgl_skep>1999-05-01</tgl_skep></pangkat><pangkat><pangkat>PENATA MUDA III/A</pangkat><tmt_pkt>2000-09-01</tmt_pkt><no_skep>SKEP/584/VII/2000</no_skep><tgl_skep>2000-07-11</tgl_skep></pangkat><pangkat><pangkat>PENATA MUDA TK.I III/B</pangkat><tmt_pkt>2003-04-01</tmt_pkt><no_skep>SKEP/479/IV/2003</no_skep><tgl_skep>2003-04-21</tgl_skep></pangkat><pangkat><pangkat>PENATA III/C</pangkat><tmt_pkt>2008-04-01</tmt_pkt><no_skep>SKEP/148/III/2008</no_skep><tgl_skep>2008-03-10</tgl_skep></pangkat><pangkat><pangkat>PENATA TK.I III/D</pangkat><tmt_pkt>2012-04-01</tmt_pkt><no_skep>SPRIN/232/III/2012</no_skep><tgl_skep>2012-03-27</tgl_skep></pangkat></riwayat_pangkat><riwayat_jabatan><jabatan><jabatan>ANGGOTA PRIMKOP SETJEN DEPHAN</jabatan><tmt_jab>1999-03-01</tmt_jab><no_skep>SKEP/396/V/1999</no_skep><tgl_skep>1999-05-01</tgl_skep></jabatan><jabatan><jabatan>TUR UNIT USAHA PRIMKOP SETJEN</jabatan><tmt_jab>2001-10-01</tmt_jab><no_skep>SKEP/851/X/2001</no_skep><tgl_skep>2001-10-02</tgl_skep></jabatan><jabatan><jabatan>KEPALA UNIT USAHA PRIMKOP SETJEN</jabatan><tmt_jab>2002-11-01</tmt_jab><no_skep>SKEP/1782/XI/2002</no_skep><tgl_skep>2002-11-22</tgl_skep></jabatan><jabatan><jabatan>ANGGOTA SUBBAG RENMINRO BAGADABANGPEG ROPEG SETJEN DEPHAN</jabatan><tmt_jab>2005-10-14</tmt_jab><no_skep>SPRIN/404/X/2005</no_skep><tgl_skep>2005-10-14</tgl_skep></jabatan><jabatan><jabatan>ANGGOTA SUBBAGMINRO BAGADABANGPEG ROPEG SETJEN DEPHAN</jabatan><tmt_jab>2006-03-01</tmt_jab><no_skep>SKEP/201/III/2006</no_skep><tgl_skep>2006-03-27</tgl_skep></jabatan><jabatan><jabatan>ANGGOTA BAG INDUK PNS ROPEG SETJEN DEPHAN</jabatan><tmt_jab>2007-01-01</tmt_jab><no_skep>SPRIN/          /I/2007</no_skep><tgl_skep>2007-01-01</tgl_skep></jabatan><jabatan><jabatan>Anggota Subbag Lahtada Bag Induk PNS Ropeg Setjen Dephan</jabatan><tmt_jab>2008-04-01</tmt_jab><no_skep>SKEP/148/III/2008</no_skep><tgl_skep>2008-03-10</tgl_skep></jabatan><jabatan><jabatan>PENYUSUN DATA PEGAWAI SUBBAGLAHTADA BAG INDUK PNS</jabatan><tmt_jab>2010-05-17</tmt_jab><no_skep>KEP/321/V/2010</no_skep><tgl_skep>2010-05-17</tgl_skep></jabatan><jabatan><jabatan>KASUBBAG SAJIINFO BAG DATIN SET DITJEN STRAHAN KEMHAN</jabatan><tmt_jab>2011-03-17</tmt_jab><no_skep>KEP/180/III/2011</no_skep><tgl_skep>2011-03-17</tgl_skep></jabatan><jabatan><jabatan>KASI TR HAN SUBDIT TR DIT WILHAN DITJEN STRAHAN KEMHAN</jabatan><tmt_jab>2014-02-10</tmt_jab><no_skep>KEP/201/II/2014</no_skep><tgl_skep>2014-02-26</tgl_skep></jabatan><jabatan><jabatan>KASI TR HAN SUBDIT TR DIT WILHAN DITJEN STRAHAN KEMHAN</jabatan><tmt_jab>2014-12-31</tmt_jab><no_skep>KEP/</no_skep><tgl_skep>2014-12-31</tgl_skep></jabatan></riwayat_jabatan><riwayat_pendidikan><pendidikan_umum><pendidikan><nama_dik>SEKOLAH DASAR</nama_dik><tahun_lulus>1981</tahun_lulus></pendidikan><pendidikan><nama_dik>SEKOLAH LANJUTAN TINGKAT PERTAMA (SLTP)</nama_dik><tahun_lulus>1984</tahun_lulus></pendidikan><pendidikan><nama_dik>SEKOLAH LANJUTAN TINGKAT ATAS (SLTA)</nama_dik><tahun_lulus>1987</tahun_lulus></pendidikan><pendidikan><nama_dik>SARJANA (S1)</nama_dik><tahun_lulus>1995</tahun_lulus></pendidikan><pendidikan><nama_dik>PASCA SARJANA (S2)</nama_dik><tahun_lulus>2012</tahun_lulus></pendidikan></pendidikan_umum><pendidikan_pembentukan><pendidikan><nama_dik>LATPRAJAB TK.III</nama_dik><tahun_lulus>2000</tahun_lulus></pendidikan><pendidikan><nama_dik>DIK LAT PIM TK IV</nama_dik><tahun_lulus>2002</tahun_lulus></pendidikan><pendidikan><nama_dik>SUS OPERATOR KOMPUTER</nama_dik><tahun_lulus>2006</tahun_lulus></pendidikan><pendidikan><nama_dik>SUS ARSIPARIS TK. II</nama_dik><tahun_lulus>2006</tahun_lulus></pendidikan><pendidikan><nama_dik>SUS MINU TK. III</nama_dik><tahun_lulus>2007</tahun_lulus></pendidikan><pendidikan><nama_dik>WORKSHOP SISHANNEG ES. IV</nama_dik><tahun_lulus>2011</tahun_lulus></pendidikan><pendidikan><nama_dik>DIKLAT ANALIS KEBIJAKAN HANNEG</nama_dik><tahun_lulus>2013</tahun_lulus></pendidikan><pendidikan><nama_dik>DIK LAT PIM TK III</nama_dik><tahun_lulus>2014</tahun_lulus></pendidikan><pendidikan><nama_dik>DIKLAT TRAINING of FACILITATOR </nama_dik><tahun_lulus>2015</tahun_lulus></pendidikan><pendidikan><nama_dik>CYBER OPERATION CENTER (C0C)</nama_dik><tahun_lulus>2015</tahun_lulus></pendidikan></pendidikan_pembentukan></riwayat_pendidikan><riwayat_penugasan></riwayat_penugasan><riwayat_tanda_jasa><tanda_jasa><nama_tanda_jasa>SATYALANCANA KARYA SATYA X TAHUN</nama_tanda_jasa><no_skep>KEPPRES NOMOR 033/TK/TAHUN 2009</no_skep><tgl_skep>2009-07-14</tgl_skep></tanda_jasa></riwayat_tanda_jasa><riwayat_bahasa><bahasa><nama_bahasa>JAWA</nama_bahasa><keterangan>AKTIF</keterangan></bahasa><bahasa><nama_bahasa>INGGRIS</nama_bahasa><keterangan>PASIF</keterangan></bahasa></riwayat_bahasa><riwayat_keluarga><keluarga><nama_keluarga>RISDIYANTI</nama_keluarga><jenis_kelamin>PEREMPUAN</jenis_kelamin><tgl_lahir>1972-08-03</tgl_lahir><hubungan>ISTRI</hubungan></keluarga><keluarga><nama_keluarga>AZIFA DHAFIN RIZQULLAH ALDI</nama_keluarga><jenis_kelamin>PEREMPUAN</jenis_kelamin><tgl_lahir>1999-05-25</tgl_lahir><hubungan>ANAK</hubungan></keluarga><keluarga><nama_keluarga>DHIYA THARRA SAFANAH ALDI</nama_keluarga><jenis_kelamin>PEREMPUAN</jenis_kelamin><tgl_lahir>2003-12-13</tgl_lahir><hubungan>ANAK</hubungan></keluarga></riwayat_keluarga></personil_kemhan>
