<personil_kemhan><nopeg>196709301989021001</nopeg><nip>030199155</nip><nrp_nip>196709301989021001</nrp_nip><nama>EKO SUPRIYANTO</nama><gelar>S.Sos</gelar><tempat_lahir>Klaten</tempat_lahir><tgl_lahir>1967-09-30</tgl_lahir><jenis_kelamin>LAKI-LAKI</jenis_kelamin><unit_organisasi>U.O. KEMHAN</unit_organisasi><jenis_personil>PNS</jenis_personil><pangkat>PENATA III/C</pangkat><pangkat_corps>PENATA III/C </pangkat_corps><tmt_pangkat>2013-04-01</tmt_pangkat><angkatan_korps>PNS</angkatan_korps><sumber_pa_gol_3>UJIAN DINAS</sumber_pa_gol_3><tmt_pa_gol_3>2005-03-14</tmt_pa_gol_3><kategori_pangkat>III/C</kategori_pangkat><jabatan>PENYUSUN BAHAN PRODUKSI SUBBIDPROD DAN DOKUMENTASI BID BRA PUSKOM PUBLIK KEMHAN</jabatan><satker>PUSKOMPUBLIK KEMHAN</satker><kode_jabatan>FUNGSIONAL</kode_jabatan><tmt_jabatan>2014-12-31</tmt_jabatan><eselon_jabatan>99</eselon_jabatan><kategori>ORGANIK</kategori><tmt_tni>1990-06-01</tmt_tni><tmt_kemhan>1989-02-01</tmt_kemhan><agama>ISLAM</agama><file_foto_1>foto/196709301989021001.jpg</file_foto_1><file_foto_2>foto/030199155.jpg</file_foto_2><riwayat_pangkat><pangkat><pangkat>CAPEG II/A</pangkat><tmt_pkt>1990-05-22</tmt_pkt><no_skep>SKEP/907/V/1990</no_skep><tgl_skep>1990-05-22</tgl_skep></pangkat><pangkat><pangkat>PENGATUR MUDA TK.I  II/B</pangkat><tmt_pkt>1993-04-03</tmt_pkt><no_skep>03-09/02274/KEP/IV/1993</no_skep><tgl_skep>1993-04-03</tgl_skep></pangkat><pangkat><pangkat>PENGATUR II/C</pangkat><tmt_pkt>1997-03-04</tmt_pkt><no_skep>03-09/00003/KEP/IV/1997</no_skep><tgl_skep>1997-03-04</tgl_skep></pangkat><pangkat><pangkat>PENGATUR TK.I II/D</pangkat><tmt_pkt>2001-05-31</tmt_pkt><no_skep>03-09/73/017/KEP/IV/2001</no_skep><tgl_skep>2001-05-31</tgl_skep></pangkat><pangkat><pangkat>PENATA MUDA III/A</pangkat><tmt_pkt>2005-04-01</tmt_pkt><no_skep>SKEP/160/III/2005</no_skep><tgl_skep>2005-03-14</tgl_skep></pangkat><pangkat><pangkat>PENATA MUDA TK.I III/B</pangkat><tmt_pkt>2009-04-01</tmt_pkt><no_skep>KEP MENHAN NOMOR : KEP/34/III/2009</no_skep><tgl_skep>2009-04-01</tgl_skep></pangkat><pangkat><pangkat>PENATA III/C</pangkat><tmt_pkt>2013-04-01</tmt_pkt><no_skep>KEP/279/III/2013</no_skep><tgl_skep>2013-03-27</tgl_skep></pangkat></riwayat_pangkat><riwayat_jabatan><jabatan><jabatan>TURMIN SUBBAGPROD BAGBRA ROHUMAS SETJEN DEPHAN</jabatan><tmt_jab>2001-03-01</tmt_jab><no_skep>SKEP/263/III/2001</no_skep><tgl_skep>2001-03-22</tgl_skep></jabatan><jabatan><jabatan>TURMIN SUBBAG PROD BAG BRA</jabatan><tmt_jab>2002-04-01</tmt_jab><tgl_skep>1899-12-30</tgl_skep></jabatan><jabatan><jabatan>Anggota Subbag Prod Bag Bra Rohumas Setjen Dephan</jabatan><tmt_jab>2006-07-01</tmt_jab><no_skep>SKEP/309/V/2006</no_skep><tgl_skep>2006-07-17</tgl_skep></jabatan><jabatan><jabatan>PENGOLAH BAHAN DATA FOTO DAN VIDEO SUBBIDBRA PUSKOMPUBLIK KEMHAN</jabatan><tmt_jab>2011-04-01</tmt_jab><no_skep>SPRIN/68/VI/2011</no_skep><tgl_skep>2011-06-13</tgl_skep></jabatan><jabatan><jabatan>PENYUSUN BAHAN PRODUKSI SUBBIDPROD BIDBRA PUSKOMPUBLIK KEMHAN</jabatan><tmt_jab>2013-05-30</tmt_jab><no_skep>KEP/545/VI/2013</no_skep><tgl_skep>2013-06-07</tgl_skep></jabatan><jabatan><jabatan>PENYUSUN BAHAN PRODUKSI SUBBIDPROD DAN DOKUMENTASI BID BRA PUSKOM PUBLIK KEMHAN PUSKOMPUBLIK KEMHAN</jabatan><tmt_jab>2014-12-31</tmt_jab><no_skep>KEP/1510/XII/2014</no_skep><tgl_skep>2014-12-18</tgl_skep></jabatan></riwayat_jabatan><riwayat_pendidikan><pendidikan_umum><pendidikan><nama_dik>SEKOLAH DASAR</nama_dik><tahun_lulus>1980</tahun_lulus></pendidikan><pendidikan><nama_dik>SEKOLAH LANJUTAN TINGKAT PERTAMA (SLTP)</nama_dik><tahun_lulus>1984</tahun_lulus></pendidikan><pendidikan><nama_dik>SEKOLAH LANJUTAN TINGKAT ATAS (SLTA)</nama_dik><tahun_lulus>1987</tahun_lulus></pendidikan><pendidikan><nama_dik>SARJANA (S1)</nama_dik><tahun_lulus>2007</tahun_lulus></pendidikan></pendidikan_umum><pendidikan_pembentukan><pendidikan><nama_dik>LATPRAJAB</nama_dik><tahun_lulus>1988</tahun_lulus></pendidikan><pendidikan><nama_dik>MC</nama_dik><tahun_lulus>2003</tahun_lulus></pendidikan><pendidikan><nama_dik>KAMERAMEN</nama_dik><tahun_lulus>2003</tahun_lulus></pendidikan><pendidikan><nama_dik>UJIAN DINAS</nama_dik><tahun_lulus>2003</tahun_lulus></pendidikan><pendidikan><nama_dik>EDITING TELEVISI</nama_dik><tahun_lulus>2003</tahun_lulus></pendidikan><pendidikan><nama_dik>JURNALISTIK</nama_dik><tahun_lulus>2004</tahun_lulus></pendidikan><pendidikan><nama_dik>DIK LAT PIM TK IV</nama_dik><tahun_lulus>2012</tahun_lulus></pendidikan><pendidikan><nama_dik>DIKLAT JABATAN PENYUSUN</nama_dik><tahun_lulus>2014</tahun_lulus></pendidikan></pendidikan_pembentukan></riwayat_pendidikan><riwayat_penugasan><penugasan><negara>KAMBOJA</negara><tahun>1991</tahun></penugasan><penugasan><negara>SAUDI ARABIA</negara><tahun>1992</tahun></penugasan><penugasan><negara>PHILIPINES</negara><tahun>1993</tahun></penugasan><penugasan><negara>MALAYSIA</negara><tahun>2005</tahun></penugasan></riwayat_penugasan><riwayat_tanda_jasa><tanda_jasa><nama_tanda_jasa>SATYALANCANA KARYA SATYA X TAHUN</nama_tanda_jasa><no_skep>040/TK/TAHUN 2003</no_skep><tgl_skep>2003-07-31</tgl_skep></tanda_jasa><tanda_jasa><nama_tanda_jasa>SATYALANCANA KARYA SATYA XX TAHUN</nama_tanda_jasa><no_skep>73 / TK / TAHUN 2011</no_skep><tgl_skep>2011-08-01</tgl_skep></tanda_jasa></riwayat_tanda_jasa><riwayat_bahasa><bahasa><nama_bahasa>JAWA</nama_bahasa><keterangan>AKTIF</keterangan></bahasa><bahasa><nama_bahasa>SUNDA</nama_bahasa><keterangan>AKTIF</keterangan></bahasa><bahasa><nama_bahasa>INDONESIA</nama_bahasa><keterangan>AKTIF</keterangan></bahasa></riwayat_bahasa><riwayat_keluarga><keluarga><nama_keluarga>DWI NURVIYAMTI</nama_keluarga><jenis_kelamin>PEREMPUAN</jenis_kelamin><tgl_lahir>1973-11-02</tgl_lahir><hubungan>ISTRI</hubungan></keluarga><keluarga><nama_keluarga>MUHMMAD RAFI RAMADHAN PUTRA</nama_keluarga><jenis_kelamin>LAKI-LAKI</jenis_kelamin><tgl_lahir>2000-11-27</tgl_lahir><hubungan>ANAK</hubungan></keluarga></riwayat_keluarga></personil_kemhan>
