<personil_kemhan><nopeg>197005311990032001</nopeg><nip>030205954</nip><nrp_nip>197005311990032001</nrp_nip><nama>SONDANG BATUBARA</nama><gelar>SE</gelar><tempat_lahir>Jakarta</tempat_lahir><tgl_lahir>1970-05-31</tgl_lahir><jenis_kelamin>PEREMPUAN</jenis_kelamin><unit_organisasi>U.O. KEMHAN</unit_organisasi><jenis_personil>PNS</jenis_personil><pangkat>PENATA III/C</pangkat><pangkat_corps>PENATA III/C </pangkat_corps><tmt_pangkat>2014-04-01</tmt_pangkat><angkatan_korps>PNS</angkatan_korps><sumber_pa_gol_3>UJIAN DINAS</sumber_pa_gol_3><tmt_pa_gol_3>2006-04-01</tmt_pa_gol_3><kategori_pangkat>III/C</kategori_pangkat><jabatan>PENYUSUN BAHAN PROGGARLAP SUBBID PROGGARLAP BIDRENMIN</jabatan><satker>PUSDIKLAT TEKFUNGHAN BADIKLAT KEMHAN</satker><kode_jabatan>ANGGOTA</kode_jabatan><tmt_jabatan>2012-09-28</tmt_jabatan><eselon_jabatan>99</eselon_jabatan><kategori>ORGANIK</kategori><tmt_tni>1991-09-01</tmt_tni><tmt_kemhan>1990-03-01</tmt_kemhan><agama>PROTESTAN</agama><file_foto_1>foto/197005311990032001.jpg</file_foto_1><file_foto_2>foto/030205954.jpg</file_foto_2><riwayat_pangkat><pangkat><pangkat>CAPEG II/A</pangkat><tmt_pkt>1990-03-01</tmt_pkt><no_skep>SKEP/732/V/1990</no_skep><tgl_skep>1990-04-02</tgl_skep></pangkat><pangkat><pangkat>PENGATUR MUDA II/A</pangkat><tmt_pkt>1991-09-01</tmt_pkt><no_skep>SKEP/1485/VIII/1991</no_skep><tgl_skep>1991-07-14</tgl_skep></pangkat><pangkat><pangkat>PENGATUR MUDA TK.I  II/B</pangkat><tmt_pkt>1994-04-01</tmt_pkt><no_skep>03-09/01688/KEP/IV/1994</no_skep><tgl_skep>1994-03-05</tgl_skep></pangkat><pangkat><pangkat>PENGATUR II/C</pangkat><tmt_pkt>1998-04-01</tmt_pkt><no_skep>03-09/00010/kep/iv/1998</no_skep><tgl_skep>1998-03-24</tgl_skep></pangkat><pangkat><pangkat>PENGATUR TK.I II/D</pangkat><tmt_pkt>2002-04-01</tmt_pkt><no_skep>SKEP/751/VII/2002</no_skep><tgl_skep>2002-07-22</tgl_skep></pangkat><pangkat><pangkat>PENATA MUDA III/A</pangkat><tmt_pkt>2006-04-01</tmt_pkt><no_skep>SKEP/118/II/2006</no_skep><tgl_skep>2006-02-28</tgl_skep></pangkat><pangkat><pangkat>PENATA MUDA TK.I III/B</pangkat><tmt_pkt>2010-04-01</tmt_pkt><no_skep>KEP/168/III/2010</no_skep><tgl_skep>2010-03-17</tgl_skep></pangkat><pangkat><pangkat>PENATA III/C</pangkat><tmt_pkt>2014-04-01</tmt_pkt><no_skep>KEP/287/III/2014</no_skep><tgl_skep>2014-03-27</tgl_skep></pangkat></riwayat_pangkat><riwayat_jabatan><jabatan><jabatan>SPRI KABAGREN BAGREN SETJEN</jabatan><tmt_jab>1991-02-01</tmt_jab><no_skep>SPRIN/002/VIII/1992</no_skep><tgl_skep>1992-08-06</tgl_skep></jabatan><jabatan><jabatan>TURMIN KABAGREN SUBBAGSUNREN BAGREN ROORTALA</jabatan><tmt_jab>2001-03-01</tmt_jab><no_skep>SKEP/304/IV/2001</no_skep><tgl_skep>2001-04-03</tgl_skep></jabatan><jabatan><jabatan>ANGGOTA MINRO SUBBAG LEM ROREN SETJEN DEPHAN</jabatan><tmt_jab>2006-02-01</tmt_jab><no_skep>SKEP/91/II/2006</no_skep><tgl_skep>2004-08-23</tgl_skep></jabatan><jabatan><jabatan>Anggota Subbag TU Pusdiklat Jemen Badiklat Dephan</jabatan><tmt_jab>2008-01-02</tmt_jab><no_skep>SPRIN/151/I/2008</no_skep><tgl_skep>2008-01-31</tgl_skep></jabatan><jabatan><jabatan>Anggota Subbid Komdik Bid Opsdiklat Pusdiklat Jemenhan Badiklat Dephan</jabatan><tmt_jab>2009-09-28</tmt_jab><no_skep>KEP MENHAN NO : KEP/180/X/2009</no_skep><tgl_skep>2009-10-05</tgl_skep></jabatan><jabatan><jabatan>PENYUSUN TENAGA PENDIDIK  DAN PENDIDIKAN SUBBID PROGDIKLAT BID RENMIN PUSDIKLAT JEMENHAN BADIKLAT KEMHAN</jabatan><tmt_jab>2010-05-01</tmt_jab><tgl_skep>2010-05-01</tgl_skep></jabatan><jabatan><jabatan>PENYUSUN BAHAN DOKINFO SUBBIDOKINFO BIDEVLAPDIKLAT PUSDIKLAT TEKFUNGHAN BADIKLAT KEMHAN</jabatan><tmt_jab>2012-04-04</tmt_jab><no_skep>KEP/258/IV/2012</no_skep><tgl_skep>2012-04-05</tgl_skep></jabatan><jabatan><jabatan>PENYUSUN BAHAN PROGGARLAP SUBBID PROGGARLAP BIDRENMIN PUSDIKLAT TEKFUNGHAN BADIKLAT KEMHAN</jabatan><tmt_jab>2012-09-28</tmt_jab><no_skep>KEP/775/IX/2012</no_skep><tgl_skep>2012-09-24</tgl_skep></jabatan><jabatan><jabatan>ANGGOTA SUBBAG TU PUSJEMENHAN BADIKLAT DEPHAN</jabatan><no_skep>SPRIN/151/I/2008</no_skep><tgl_skep>2008-02-02</tgl_skep></jabatan></riwayat_jabatan><riwayat_pendidikan><pendidikan_umum><pendidikan><nama_dik>SEKOLAH DASAR</nama_dik><tahun_lulus>1983</tahun_lulus></pendidikan><pendidikan><nama_dik>SEKOLAH MENENGAH PERTAMA (SMP)</nama_dik><tahun_lulus>1986</tahun_lulus></pendidikan><pendidikan><nama_dik>SEKOLAH MENENGAH ATAS (SMA)</nama_dik><tahun_lulus>1989</tahun_lulus></pendidikan><pendidikan><nama_dik>SARJANA (S1)</nama_dik><tahun_lulus>2005</tahun_lulus></pendidikan></pendidikan_umum><pendidikan_pembentukan><pendidikan><nama_dik>SUS APLIKASI KOMPUTER</nama_dik><tahun_lulus>1992</tahun_lulus></pendidikan><pendidikan><nama_dik>DIK LAT PIM TK IV</nama_dik><tahun_lulus>2007</tahun_lulus></pendidikan><pendidikan><nama_dik>SUDASJEMENHAN</nama_dik><tahun_lulus>2008</tahun_lulus></pendidikan></pendidikan_pembentukan></riwayat_pendidikan><riwayat_penugasan></riwayat_penugasan><riwayat_tanda_jasa><tanda_jasa><nama_tanda_jasa>SATYALANCANA KARYA SATYA X TAHUN</nama_tanda_jasa><no_skep>063/TK/TAHUN 2002</no_skep><tgl_skep>2002-09-23</tgl_skep></tanda_jasa><tanda_jasa><nama_tanda_jasa>SATYALANCANA KARYA SATYA XX TAHUN</nama_tanda_jasa><no_skep>KEPPRES RI NOMOR 62/TK TAHUN 2010</no_skep><tgl_skep>2010-12-01</tgl_skep></tanda_jasa></riwayat_tanda_jasa><riwayat_bahasa><bahasa><nama_bahasa>BATAK/TAPANULI</nama_bahasa><keterangan>PASIF</keterangan></bahasa><bahasa><nama_bahasa>INGGRIS</nama_bahasa><keterangan>PASIF</keterangan></bahasa></riwayat_bahasa><riwayat_keluarga></riwayat_keluarga></personil_kemhan>
