<personil_kemhan><nopeg>196707221989021001</nopeg><nip>030198996</nip><nrp_nip>196707221989021001</nrp_nip><nama>R. SRI RESTU YUWONO</nama><tempat_lahir>Majenang</tempat_lahir><tgl_lahir>1967-07-22</tgl_lahir><jenis_kelamin>LAKI-LAKI</jenis_kelamin><unit_organisasi>U.O. KEMHAN</unit_organisasi><jenis_personil>PNS</jenis_personil><pangkat>PENATA MUDA TK.I III/B</pangkat><pangkat_corps>PENATA MUDA TK.I III/B </pangkat_corps><tmt_pangkat>2009-04-01</tmt_pangkat><angkatan_korps>PNS</angkatan_korps><sumber_pa_gol_3>UJIAN DINAS</sumber_pa_gol_3><tmt_pa_gol_3>2005-04-01</tmt_pa_gol_3><kategori_pangkat>III/B</kategori_pangkat><jabatan>PENGURUS PROTOKOL SUBBAG RUMGA BAGUM</jabatan><satker>SET DITJEN STRAHAN KEMHAN</satker><kode_jabatan>ANGGOTA</kode_jabatan><tmt_jabatan>2014-12-31</tmt_jabatan><eselon_jabatan>99</eselon_jabatan><kategori>ORGANIK</kategori><tmt_tni>1990-05-01</tmt_tni><agama>ISLAM</agama><file_foto_1>foto/196707221989021001.jpg</file_foto_1><file_foto_2>foto/030198996.jpg</file_foto_2><riwayat_pangkat><pangkat><pangkat>CAPEG II/A</pangkat><tmt_pkt>1982-02-01</tmt_pkt><no_skep>SKEP/220/II/1989</no_skep><tgl_skep>1989-02-03</tgl_skep></pangkat><pangkat><pangkat>PENGATUR MUDA II/A</pangkat><tmt_pkt>1990-05-01</tmt_pkt><no_skep>SKEP/442/IV/1990</no_skep><tgl_skep>1990-04-07</tgl_skep></pangkat><pangkat><pangkat>PENGATUR MUDA TK.I  II/B</pangkat><tmt_pkt>1993-04-01</tmt_pkt><no_skep>NOMOR:03-09/01292/KEP/IV/1993</no_skep><tgl_skep>1993-03-17</tgl_skep></pangkat><pangkat><pangkat>PENGATUR II/C</pangkat><tmt_pkt>1997-04-01</tmt_pkt><no_skep>NOMOR:03-09/00002/KEP/IV/1997</no_skep><tgl_skep>1997-03-04</tgl_skep></pangkat><pangkat><pangkat>PENGATUR TK.I II/D</pangkat><tmt_pkt>2001-04-01</tmt_pkt><no_skep>NOMOR:03-09.73/017/KEP/IV/2001</no_skep><tgl_skep>2001-05-31</tgl_skep></pangkat><pangkat><pangkat>PENATA MUDA III/A</pangkat><tmt_pkt>2005-04-01</tmt_pkt><no_skep>SKEP/160/III/2005</no_skep><tgl_skep>2005-03-14</tgl_skep></pangkat><pangkat><pangkat>PENATA MUDA TK.I III/B</pangkat><tmt_pkt>2009-04-01</tmt_pkt><no_skep>KEP/34/III/2009</no_skep><tgl_skep>2009-04-01</tgl_skep></pangkat></riwayat_pangkat><riwayat_jabatan><jabatan><jabatan>TURKAMKAN SUBBAGPAMKAN BAGPAM</jabatan><tmt_jab>2001-03-01</tmt_jab><no_skep>SKEP/305/IV/2001</no_skep><tgl_skep>2001-04-03</tgl_skep></jabatan><jabatan><jabatan>Anggota Satkam Bagpam Roum Setjen Dephan</jabatan><tmt_jab>2007-02-01</tmt_jab><no_skep>SKEP/152/III/2007</no_skep><tgl_skep>2007-03-06</tgl_skep></jabatan><jabatan><jabatan>Komandan Peleton Satuan Keamanan Subbagpampersmat Bagpam</jabatan><tmt_jab>2010-07-27</tmt_jab><no_skep>KEP/553/VII/2010</no_skep><tgl_skep>2010-07-28</tgl_skep></jabatan><jabatan><jabatan>ANGGOTA ROUM SETJEN KEMHAN</jabatan><tmt_jab>2011-07-04</tmt_jab><no_skep>KEP/525/VII/2011</no_skep><tgl_skep>2011-07-12</tgl_skep></jabatan><jabatan><jabatan>PENGURUS PROTOKOL SUBBAGRUMGA BAGUM SET DITJEN STRAHAN KEMHAN</jabatan><tmt_jab>2012-02-01</tmt_jab><no_skep>KEP/66/II/2012</no_skep><tgl_skep>2012-02-02</tgl_skep></jabatan><jabatan><jabatan>PENGURUS PROTOKOL SUBBAG RUMGA BAGUM SET DITJEN STRAHAN KEMHAN</jabatan><tmt_jab>2014-12-31</tmt_jab><no_skep>KEP/1494/XII/2014</no_skep><tgl_skep>2014-12-18</tgl_skep></jabatan></riwayat_jabatan><riwayat_pendidikan><pendidikan_umum><pendidikan><nama_dik>SEKOLAH DASAR</nama_dik><tahun_lulus>1981</tahun_lulus></pendidikan><pendidikan><nama_dik>SEKOLAH LANJUTAN TINGKAT PERTAMA (SLTP)</nama_dik><tahun_lulus>1984</tahun_lulus></pendidikan><pendidikan><nama_dik>SEKOLAH LANJUTAN TINGKAT ATAS (SLTA)</nama_dik><tahun_lulus>1988</tahun_lulus></pendidikan></pendidikan_umum><pendidikan_pembentukan><pendidikan><nama_dik>LATPRAJAB TK II</nama_dik><tahun_lulus>1989</tahun_lulus></pendidikan><pendidikan><nama_dik>SUSTIK</nama_dik><tahun_lulus>1992</tahun_lulus></pendidikan><pendidikan><nama_dik>SUSSATKAM</nama_dik><tahun_lulus>2000</tahun_lulus></pendidikan></pendidikan_pembentukan></riwayat_pendidikan><riwayat_penugasan></riwayat_penugasan><riwayat_tanda_jasa></riwayat_tanda_jasa><riwayat_bahasa><bahasa><nama_bahasa>JAWA</nama_bahasa><keterangan>AKTIF</keterangan></bahasa><bahasa><nama_bahasa>INGGRIS</nama_bahasa><keterangan>PASIF</keterangan></bahasa></riwayat_bahasa><riwayat_keluarga><keluarga><nama_keluarga>DEVIANTI</nama_keluarga><jenis_kelamin>PEREMPUAN</jenis_kelamin><tgl_lahir>1978-10-24</tgl_lahir><hubungan>ISTRI</hubungan></keluarga><keluarga><nama_keluarga>RAHADIAN CAHYA LAKSANA</nama_keluarga><jenis_kelamin>LAKI-LAKI</jenis_kelamin><tgl_lahir>1999-03-15</tgl_lahir><hubungan>ANAK</hubungan></keluarga><keluarga><nama_keluarga>ADINDA REVIANA</nama_keluarga><jenis_kelamin>PEREMPUAN</jenis_kelamin><tgl_lahir>2001-08-26</tgl_lahir><hubungan>ANAK</hubungan></keluarga></riwayat_keluarga></personil_kemhan>
