<personil_kemhan><nopeg>33744</nopeg><nip>33744</nip><nrp_nip>33744</nrp_nip><nama>NGATENO</nama><gelar>SMPh, S.AP, M.MHan</gelar><tempat_lahir>Semarang</tempat_lahir><tgl_lahir>1961-04-23</tgl_lahir><jenis_kelamin>LAKI-LAKI</jenis_kelamin><unit_organisasi>U.O. KEMHAN</unit_organisasi><jenis_personil>TNI</jenis_personil><pangkat>KOLONEL</pangkat><pangkat_corps>KOLONEL CKM</pangkat_corps><tmt_pangkat>2011-04-01</tmt_pangkat><angkatan_korps>TNI AD</angkatan_korps><sumber_pa_gol_3>SEPAMILWA</sumber_pa_gol_3><tmt_pa_gol_3>1988-02-12</tmt_pa_gol_3><kategori_pangkat>KOLONEL</kategori_pangkat><jabatan>KABAG TU</jabatan><satker>PUSREHAB KEMHAN</satker><kode_jabatan>STRUKTURAL</kode_jabatan><tmt_jabatan>2014-12-31</tmt_jabatan><eselon_jabatan>III</eselon_jabatan><kategori>ORGANIK</kategori><tmt_tni>1988-02-12</tmt_tni><tmt_kemhan>1998-04-01</tmt_kemhan><agama>ISLAM</agama><file_foto_1>foto/33744.jpg</file_foto_1><file_foto_2>foto/33744.jpg</file_foto_2><riwayat_pangkat><pangkat><pangkat>LETDA</pangkat><tmt_pkt>1988-02-12</tmt_pkt><no_skep>KEPRES RI/06/ABRI/1988</no_skep><tgl_skep>1988-02-05</tgl_skep></pangkat><pangkat><pangkat>LETTU</pangkat><tmt_pkt>1992-10-01</tmt_pkt><no_skep>SKEP/371/IX/1992</no_skep><tgl_skep>1992-09-19</tgl_skep></pangkat><pangkat><pangkat>KAPTEN</pangkat><tmt_pkt>1995-10-01</tmt_pkt><no_skep>SKEP/374/IX/1995</no_skep><tgl_skep>1995-09-25</tgl_skep></pangkat><pangkat><pangkat>MAYOR</pangkat><tmt_pkt>2000-04-01</tmt_pkt><no_skep>SKEP/148/III/2000</no_skep><tgl_skep>2000-03-29</tgl_skep></pangkat><pangkat><pangkat>LETKOL</pangkat><tmt_pkt>2005-04-01</tmt_pkt><no_skep>SKEP/100/IV/2005</no_skep><tgl_skep>2005-03-23</tgl_skep></pangkat><pangkat><pangkat>KOLONEL</pangkat><tmt_pkt>2011-04-01</tmt_pkt><no_skep>SPRIN/156/III/2011</no_skep><tgl_skep>2011-03-30</tgl_skep></pangkat></riwayat_pangkat><riwayat_jabatan><jabatan><jabatan>PAMA KESDAM I / BB</jabatan><tmt_jab>1988-03-01</tmt_jab><no_skep>SKEP/50/II/1988</no_skep><tgl_skep>1988-02-11</tgl_skep></jabatan><jabatan><jabatan>PAURPAM RUMKIT TK.II MEDAN</jabatan><tmt_jab>1988-06-01</tmt_jab><no_skep>SKEP/231/VIII/1988</no_skep><tgl_skep>1988-08-04</tgl_skep></jabatan><jabatan><jabatan>PAURDAL RUMKIT TK.II MEDAN</jabatan><tmt_jab>1991-05-01</tmt_jab><no_skep>SKEP/129/V/1991</no_skep><tgl_skep>1991-05-31</tgl_skep></jabatan><jabatan><jabatan>KAUR LATTARSUS TEHNIS INTAL DIK RUMKIT TK.II MEDAN</jabatan><tmt_jab>1994-07-01</tmt_jab><no_skep>SKEP/140/VII/1994</no_skep><tgl_skep>1994-07-13</tgl_skep></jabatan><jabatan><jabatan>TAFUNG GOL.VI/BID REHAB MEDIK PUSREHABCAT</jabatan><tmt_jab>1998-04-01</tmt_jab><no_skep>SKEP/161/IV/1998</no_skep><tgl_skep>1998-04-03</tgl_skep></jabatan><jabatan><jabatan>PSB TK.I FISOKU BINCARA SUBBID REVALIDASI PUSREHABCAT</jabatan><tmt_jab>1998-10-01</tmt_jab><no_skep>SKEP/1246/XI/1998</no_skep><tgl_skep>1998-11-03</tgl_skep></jabatan><jabatan><jabatan>KASUBBAGPROGLAP BAGRENMIN PUSREHABCAT</jabatan><tmt_jab>2001-06-01</tmt_jab><no_skep>SKEP/383/V/2001</no_skep><tgl_skep>2001-05-22</tgl_skep></jabatan><jabatan><jabatan>KASUBBAGPROGLAP BAG TU PUSREHABCAT</jabatan><tmt_jab>2002-03-01</tmt_jab><no_skep>SKEP/362/III/2002</no_skep><tgl_skep>2002-03-28</tgl_skep></jabatan><jabatan><jabatan>Kasubbag Renja Bag Rengar Roren Setjen Dephan</jabatan><tmt_jab>2006-11-01</tmt_jab><no_skep>SKEP MENHAN NOMOR : SKEP/845/XI/2002</no_skep><tgl_skep>2006-11-01</tgl_skep></jabatan><jabatan><jabatan>Kasubbag Minro Bag Adabangpeg Ropeg Setjen Dephan</jabatan><tmt_jab>2008-04-25</tmt_jab><no_skep>SKEP MENHAN NO : SKEP/263/IV/2008</no_skep><tgl_skep>2008-04-25</tgl_skep></jabatan><jabatan><jabatan>ANALIS MADYA BIDANG PELAYANAN REHABSOS PUSREHAB KEMHAN</jabatan><tmt_jab>2010-09-28</tmt_jab><no_skep>KEP/679/IX/2010</no_skep><tgl_skep>2010-09-28</tgl_skep></jabatan><jabatan><jabatan>KABID REHABVOK PUSREHAB KEMHAN</jabatan><tmt_jab>2012-08-01</tmt_jab><no_skep>KEP/591/VII/2012</no_skep><tgl_skep>2012-07-25</tgl_skep></jabatan><jabatan><jabatan>KABAG TU PUSREHAB KEMHAN</jabatan><tmt_jab>2014-04-30</tmt_jab><no_skep>KEP/564/VI/2014</no_skep><tgl_skep>2014-06-06</tgl_skep></jabatan><jabatan><jabatan>KABAG TU PUSREHAB KEMHAN</jabatan><tmt_jab>2014-12-31</tmt_jab><no_skep>KEP/1508/XII/2014</no_skep><tgl_skep>2014-12-18</tgl_skep></jabatan></riwayat_jabatan><riwayat_pendidikan><pendidikan_umum><pendidikan><nama_dik>SEKOLAH DASAR</nama_dik><tahun_lulus>1973</tahun_lulus></pendidikan><pendidikan><nama_dik>SEKOLAH LANJUTAN TINGKAT PERTAMA (SLTP)</nama_dik><tahun_lulus>1976</tahun_lulus></pendidikan><pendidikan><nama_dik>SEKOLAH LANJUTAN TINGKAT ATAS (SLTA)</nama_dik><tahun_lulus>1980</tahun_lulus></pendidikan><pendidikan><nama_dik>SARJANA MUDA (D.III)</nama_dik><tahun_lulus>1985</tahun_lulus></pendidikan><pendidikan><nama_dik>SARJANA (S1)</nama_dik><tahun_lulus>2007</tahun_lulus></pendidikan><pendidikan><nama_dik>PASCA SARJANA (S2)</nama_dik><tahun_lulus>2009</tahun_lulus></pendidikan></pendidikan_umum><pendidikan_pembentukan><pendidikan><nama_dik>ORIENTASI PAKES</nama_dik><tahun_lulus>1988</tahun_lulus></pendidikan><pendidikan><nama_dik>SEPAMILWA ABRI</nama_dik><tahun_lulus>1988</tahun_lulus></pendidikan><pendidikan><nama_dik>SEKALIH</nama_dik><tahun_lulus>1992</tahun_lulus></pendidikan><pendidikan><nama_dik>TAR BINTAL FUNGSI KOMANDO</nama_dik><tahun_lulus>1993</tahun_lulus></pendidikan><pendidikan><nama_dik>SUS LAPA 1</nama_dik><tahun_lulus>1994</tahun_lulus></pendidikan><pendidikan><nama_dik>SUS PAMIN RUMKIT</nama_dik><tahun_lulus>1996</tahun_lulus></pendidikan><pendidikan><nama_dik>SUS LAPA 2</nama_dik><tahun_lulus>1998</tahun_lulus></pendidikan><pendidikan><nama_dik>SUSJEMEN RENGAR</nama_dik><tahun_lulus>2001</tahun_lulus></pendidikan><pendidikan><nama_dik>SUS WASRIK</nama_dik><tahun_lulus>2003</tahun_lulus></pendidikan><pendidikan><nama_dik>SUS NIK AUDITOR</nama_dik><tahun_lulus>2006</tahun_lulus></pendidikan><pendidikan><nama_dik>SERTIFIKASI PENGADAAN BARANG/JASA PEMERINTAH</nama_dik><tahun_lulus>2006</tahun_lulus></pendidikan><pendidikan><nama_dik>DEFENCE GOVERNANCE AND FINANCIAL COURSE</nama_dik><tahun_lulus>2007</tahun_lulus></pendidikan><pendidikan><nama_dik>WORKSHOP SISHANNEG ESL. IV GEL. III</nama_dik><tahun_lulus>2007</tahun_lulus></pendidikan></pendidikan_pembentukan></riwayat_pendidikan><riwayat_penugasan></riwayat_penugasan><riwayat_tanda_jasa><tanda_jasa><nama_tanda_jasa>SATYALANCANA KESETIAAN VIII TAHUN</nama_tanda_jasa><no_skep>SKEP/45/II/2000</no_skep><tgl_skep>2000-02-03</tgl_skep></tanda_jasa><tanda_jasa><nama_tanda_jasa>SATYALANCANA KESETIAAN XVI TAHUN</nama_tanda_jasa><no_skep>SKEP/303/IX/2006</no_skep><tgl_skep>2006-09-01</tgl_skep></tanda_jasa><tanda_jasa><nama_tanda_jasa>SATYALANCANA KESETIAAN XXIV TAHUN</nama_tanda_jasa><no_skep>KEPPRES 49/TK/TAHUN 2013</no_skep><tgl_skep>2013-07-10</tgl_skep></tanda_jasa><tanda_jasa><nama_tanda_jasa>BINTANG KARTIKA EKA PAKSI NARARYA</nama_tanda_jasa><no_skep>KEPPRES 14/TK/TAHUN 2014</no_skep><tgl_skep>2014-04-21</tgl_skep></tanda_jasa></riwayat_tanda_jasa><riwayat_bahasa><bahasa><nama_bahasa>JAWA</nama_bahasa><keterangan>AKTIF</keterangan></bahasa><bahasa><nama_bahasa>INGGRIS</nama_bahasa><keterangan>AKTIF</keterangan></bahasa></riwayat_bahasa><riwayat_keluarga><keluarga><nama_keluarga>IDA HINDASAH</nama_keluarga><jenis_kelamin>PEREMPUAN</jenis_kelamin><tgl_lahir>1965-07-19</tgl_lahir><hubungan>ISTRI</hubungan></keluarga><keluarga><nama_keluarga>IHSAAN PERMADI</nama_keluarga><jenis_kelamin>LAKI-LAKI</jenis_kelamin><tgl_lahir>1995-01-30</tgl_lahir><hubungan>ANAK</hubungan></keluarga><keluarga><nama_keluarga>TSARA NUHA APSARI</nama_keluarga><jenis_kelamin>PEREMPUAN</jenis_kelamin><tgl_lahir>1996-04-07</tgl_lahir><hubungan>ANAK</hubungan></keluarga><keluarga><nama_keluarga>BAYU ABDI PAMUNGKAS</nama_keluarga><jenis_kelamin>LAKI-LAKI</jenis_kelamin><tgl_lahir>1997-06-04</tgl_lahir><hubungan>ANAK</hubungan></keluarga></riwayat_keluarga></personil_kemhan>
