<personil_kemhan><nopeg>517575</nopeg><nip>517575</nip><nrp_nip>517575</nrp_nip><nama>SRI HARTINI</nama><tempat_lahir>Bantul</tempat_lahir><tgl_lahir>1973-11-25</tgl_lahir><jenis_kelamin>PEREMPUAN</jenis_kelamin><unit_organisasi>U.O. KEMHAN</unit_organisasi><jenis_personil>TNI</jenis_personil><pangkat>PELDA</pangkat><pangkat_corps>PELDA (W)</pangkat_corps><tmt_pangkat>2012-04-01</tmt_pangkat><angkatan_korps>TNI AU</angkatan_korps><kategori_pangkat>PELDA</kategori_pangkat><jabatan>OPERATOR KOMPUTER SUBBAG TU BIRO BAG DUKMIN SEKJEN</jabatan><satker>ROTU SETJEN KEMHAN</satker><kode_jabatan>ANGGOTA</kode_jabatan><tmt_jabatan>2014-12-31</tmt_jabatan><eselon_jabatan>99</eselon_jabatan><kategori>ORGANIK</kategori><tmt_tni>1993-08-31</tmt_tni><tmt_kemhan>2000-06-15</tmt_kemhan><agama>ISLAM</agama><file_foto_1>foto/517575.jpg</file_foto_1><file_foto_2>foto/517575.jpg</file_foto_2><riwayat_pangkat><pangkat><pangkat>SERDA</pangkat><tmt_pkt>1993-09-01</tmt_pkt><no_skep>SKEP/168-TI/VIII/1993</no_skep><tgl_skep>1993-08-31</tgl_skep></pangkat><pangkat><pangkat>SERTU</pangkat><tmt_pkt>1998-04-01</tmt_pkt><no_skep>SKEP/49-TIII/III/1998</no_skep><tgl_skep>1998-03-12</tgl_skep></pangkat><pangkat><pangkat>SERKA</pangkat><tmt_pkt>2002-04-01</tmt_pkt><no_skep>SKEP/50-TIII/III/2002</no_skep><tgl_skep>2002-03-20</tgl_skep></pangkat><pangkat><pangkat>SERMA</pangkat><tmt_pkt>2007-04-01</tmt_pkt><no_skep>SKEP/38-TIII/III/2007</no_skep><tgl_skep>2007-03-12</tgl_skep></pangkat><pangkat><pangkat>PELDA</pangkat><tmt_pkt>2012-04-01</tmt_pkt><no_skep>KEP/64-TIII/III/2012</no_skep><tgl_skep>2012-03-20</tgl_skep></pangkat></riwayat_pangkat><riwayat_jabatan><jabatan><jabatan>ANGGOTA PENTAK WING DIKUM</jabatan><tmt_jab>1994-02-11</tmt_jab><no_skep>SKEP/04/TVIII/II/1994</no_skep><tgl_skep>1994-02-05</tgl_skep></jabatan><jabatan><jabatan>BA KEMHAN</jabatan><tmt_jab>2000-06-15</tmt_jab><no_skep>SKEP/625/VI/2000</no_skep><tgl_skep>2000-06-20</tgl_skep></jabatan><jabatan><jabatan>BA SPRI DIRJEN SUMDAMAN</jabatan><tmt_jab>2000-08-01</tmt_jab><no_skep>SKEP/722/VIII/2000</no_skep><tgl_skep>2000-08-21</tgl_skep></jabatan><jabatan><jabatan>ANGGOTA BA MABES TNI</jabatan><tmt_jab>2000-12-20</tmt_jab><no_skep>SKEP/37-TVIII/XII/2000</no_skep><tgl_skep>2000-12-29</tgl_skep></jabatan><jabatan><jabatan>TURMIN SUBBAG RUMGA BAGUM SETDITJEN POTHAN DEPHAN</jabatan><tmt_jab>2001-03-01</tmt_jab><no_skep>SKEP/221/III/2001</no_skep><tgl_skep>2001-03-14</tgl_skep></jabatan><jabatan><jabatan>SPRI DITJEN POTHAN KEMHAN</jabatan><tmt_jab>2001-03-01</tmt_jab><no_skep>SKEP/253/III/2001</no_skep><tgl_skep>2001-03-21</tgl_skep></jabatan><jabatan><jabatan>ADC IBU MENHAN RI KEMHAN</jabatan><tmt_jab>2002-04-01</tmt_jab><no_skep>SPRIN/68/IV/2002</no_skep><tgl_skep>2002-04-04</tgl_skep></jabatan><jabatan><jabatan>BA ROTU SETJEN KEMHAN</jabatan><tmt_jab>2004-08-01</tmt_jab><no_skep>SKEP/578/VIII/2004</no_skep><tgl_skep>2004-08-18</tgl_skep></jabatan><jabatan><jabatan>Anggota Subbag Minro Bagbanumpim Rotu Setjen Dephan</jabatan><tmt_jab>2006-06-01</tmt_jab><no_skep>SKEP/447/VI/2006</no_skep><tgl_skep>2006-06-27</tgl_skep></jabatan><jabatan><jabatan>OPERATOR KOMPUTER SUBBAG TU BIRO BAG TU DAN DUK SEKJEN ROTU SETJEN KEMHAN</jabatan><tmt_jab>2011-04-01</tmt_jab><no_skep>Kep/282/IV/2011</no_skep><tgl_skep>2011-04-19</tgl_skep></jabatan><jabatan><jabatan>JURU BAYAR SUBBAG TU BIRO BAG TU DAN DUK SEKJEN ROTU SETJEN KEMHAN</jabatan><tmt_jab>2011-11-11</tmt_jab><no_skep>KEP/874/XI/2011</no_skep><tgl_skep>2011-11-11</tgl_skep></jabatan><jabatan><jabatan>OPERATOR KOMPUTER SUBBAG TU BIRO BAG DUKMIN SEKJEN ROTU SETJEN KEMHAN</jabatan><tmt_jab>2014-12-31</tmt_jab><no_skep>KEP/1485/XII/2014</no_skep><tgl_skep>2014-12-18</tgl_skep></jabatan></riwayat_jabatan><riwayat_pendidikan><pendidikan_umum><pendidikan><nama_dik>SEKOLAH DASAR</nama_dik><tahun_lulus>1986</tahun_lulus></pendidikan><pendidikan><nama_dik>SEKOLAH LANJUTAN TINGKAT PERTAMA (SLTP)</nama_dik><tahun_lulus>1989</tahun_lulus></pendidikan><pendidikan><nama_dik>SEKOLAH LANJUTAN TINGKAT ATAS (SLTA)</nama_dik><tahun_lulus>1992</tahun_lulus></pendidikan></pendidikan_umum><pendidikan_pembentukan><pendidikan><nama_dik>SECABA PK</nama_dik><tahun_lulus>1993</tahun_lulus></pendidikan><pendidikan><nama_dik>SUS JUR BA PEN</nama_dik><tahun_lulus>1994</tahun_lulus></pendidikan><pendidikan><nama_dik>SUS OPERATOR KOMPUTER</nama_dik><tahun_lulus>1998</tahun_lulus></pendidikan><pendidikan><nama_dik>SUS KNIBI</nama_dik><tahun_lulus>1999</tahun_lulus></pendidikan></pendidikan_pembentukan></riwayat_pendidikan><riwayat_penugasan><penugasan><negara>SAUDI ARABIA</negara><tahun>2002</tahun><uraian>MENDAMPINGI IBU MENHAN (IBADAH HAJI)</uraian></penugasan><penugasan><negara>CHINA</negara><tahun>2002</tahun><uraian>MENDAMPINGI IBU MENHAN</uraian></penugasan><penugasan><negara>SINGAPORE</negara><tahun>2003</tahun><uraian>MENDAMPINGI IBU MENHAN</uraian></penugasan></riwayat_penugasan><riwayat_tanda_jasa><tanda_jasa><nama_tanda_jasa>SATYALANCANA DWIDYA SISTHA</nama_tanda_jasa><no_skep>SKEP/95/IX/1998</no_skep><tgl_skep>1998-11-29</tgl_skep></tanda_jasa><tanda_jasa><nama_tanda_jasa>SATYALANCANA KESETIAAN VIII TAHUN</nama_tanda_jasa><no_skep>KEP/148/XII/2001</no_skep><tgl_skep>2001-12-24</tgl_skep></tanda_jasa><tanda_jasa><nama_tanda_jasa>SATYALANCANA KESETIAAN XVI TAHUN</nama_tanda_jasa><no_skep>KEP/80/II/2010</no_skep><tgl_skep>2010-02-19</tgl_skep></tanda_jasa></riwayat_tanda_jasa><riwayat_bahasa><bahasa><nama_bahasa>JAWA</nama_bahasa><keterangan>AKTIF</keterangan></bahasa><bahasa><nama_bahasa>INDONESIA</nama_bahasa><keterangan>AKTIF</keterangan></bahasa></riwayat_bahasa><riwayat_keluarga><keluarga><nama_keluarga>CAHYADI JOKO PURWANTO</nama_keluarga><jenis_kelamin>LAKI-LAKI</jenis_kelamin><tgl_lahir>1973-01-24</tgl_lahir><hubungan>SUAMI</hubungan></keluarga><keluarga><nama_keluarga>ALVIAN CAHYADI DIGIT PRATAMA</nama_keluarga><jenis_kelamin>LAKI-LAKI</jenis_kelamin><tgl_lahir>1997-11-16</tgl_lahir><hubungan>ANAK</hubungan></keluarga><keluarga><nama_keluarga>ZALFA CALISTA CAHYAWATI</nama_keluarga><jenis_kelamin>PEREMPUAN</jenis_kelamin><tgl_lahir>2006-07-01</tgl_lahir><hubungan>ANAK</hubungan></keluarga></riwayat_keluarga></personil_kemhan>
