<personil_kemhan><nopeg>1920001070862</nopeg><nip>1920001070862</nip><nrp_nip>1920001070862</nrp_nip><nama>BUDI SANTOSA</nama><gelar>Drs, M.M.</gelar><tempat_lahir>Gombong</tempat_lahir><tgl_lahir>1962-08-03</tgl_lahir><jenis_kelamin>LAKI-LAKI</jenis_kelamin><unit_organisasi>U.O. KEMHAN</unit_organisasi><jenis_personil>TNI</jenis_personil><pangkat>LETKOL</pangkat><pangkat_corps>LETKOL CKU</pangkat_corps><tmt_pangkat>2011-10-01</tmt_pangkat><angkatan_korps>TNI AD</angkatan_korps><sumber_pa_gol_3>SEPAMILWA</sumber_pa_gol_3><tmt_pa_gol_3>1992-02-15</tmt_pa_gol_3><kategori_pangkat>LETKOL</kategori_pangkat><jabatan>KASUBBAG PROGJAGAR BAG PROGLAP</jabatan><satker>SET BADIKLAT KEMHAN</satker><kode_jabatan>STRUKTURAL</kode_jabatan><tmt_jabatan>2013-11-22</tmt_jabatan><eselon_jabatan>IV</eselon_jabatan><kategori>ORGANIK</kategori><tmt_tni>1992-02-15</tmt_tni><tmt_kemhan>1997-09-01</tmt_kemhan><agama>ISLAM</agama><file_foto_1>foto/1920001070862.jpg</file_foto_1><file_foto_2>foto/1920001070862.jpg</file_foto_2><riwayat_pangkat><pangkat><pangkat>LETTU</pangkat><tmt_pkt>1992-02-15</tmt_pkt><no_skep>SKEP/81/II/1992</no_skep><tgl_skep>1992-02-14</tgl_skep></pangkat><pangkat><pangkat>KAPTEN</pangkat><tmt_pkt>1998-04-01</tmt_pkt><no_skep>SKEP/127/III/2003</no_skep><tgl_skep>1998-03-26</tgl_skep></pangkat><pangkat><pangkat>MAYOR</pangkat><tmt_pkt>2003-04-01</tmt_pkt><no_skep>SKEP/179/V/2003</no_skep><tgl_skep>2003-05-28</tgl_skep></pangkat><pangkat><pangkat>LETKOL</pangkat><tmt_pkt>2011-10-01</tmt_pkt><no_skep>KEP/724/IX/2011</no_skep><tgl_skep>00000-00-00</tgl_skep></pangkat><pangkat><tgl_skep>2011-09-26</tgl_skep></pangkat><pangkat><tgl_skep>2011-09-26</tgl_skep></pangkat><pangkat><no_skep>KEP/724/IX/2011</no_skep><tgl_skep>2011-09-26</tgl_skep></pangkat><pangkat></pangkat><pangkat></pangkat></riwayat_pangkat><riwayat_jabatan><jabatan><jabatan>PAMA DITKUAD</jabatan><tmt_jab>1992-02-15</tmt_jab><no_skep>SKEP/81/II/1992</no_skep><tgl_skep>1992-02-14</tgl_skep></jabatan><jabatan><jabatan>Ps. KAUR DAYA dan JASA SUBDIT GARBIA DITKUAD</jabatan><tmt_jab>1992-04-01</tmt_jab><no_skep>SKEP/56-23/IV/1992</no_skep><tgl_skep>1992-04-01</tgl_skep></jabatan><jabatan><jabatan>KAUR DAYA dan JASA BAI MINBIA SUBDIT GARBIA DITKUAD</jabatan><tmt_jab>1995-11-01</tmt_jab><no_skep>SKEP/170-23/XI/1995</no_skep><tgl_skep>1995-04-01</tgl_skep></jabatan><jabatan><jabatan>PSB TK II/KAM  SUBBAG URDAL BAG RUMGA ROUM SETJEN DEPHAN</jabatan><tmt_jab>1997-09-01</tmt_jab><no_skep>SKEP/1316/IX/1997</no_skep><tgl_skep>1997-09-19</tgl_skep></jabatan><jabatan><jabatan>PSB TK II LAKGAR SUBBAG RENMINRO ROUM SETJEN DEPHAN</jabatan><tmt_jab>1998-09-01</tmt_jab><no_skep>SKEP/1036/IX/1998</no_skep><tgl_skep>1998-09-02</tgl_skep></jabatan><jabatan><jabatan>KA PRIMKOP SETJEN DEPHAN</jabatan><tmt_jab>2000-09-01</tmt_jab><no_skep>SKEP/938/IX/2000</no_skep><tgl_skep>2000-09-06</tgl_skep></jabatan><jabatan><jabatan>ANALIS KEPEGAWAIAN MUDA (GOL. VI) ROPEG SETJEN DEPHAN</jabatan><tmt_jab>2001-12-01</tmt_jab><no_skep>SKEP/1059/XII/2001</no_skep><tgl_skep>2001-12-31</tgl_skep></jabatan><jabatan><jabatan>Ps. KASUBBAGTAL BAG WATPWG ROPEG SETJEN DEPHAN</jabatan><tmt_jab>2006-10-19</tmt_jab><no_skep>SKEP/805/X/2006</no_skep><tgl_skep>2006-10-19</tgl_skep></jabatan><jabatan><jabatan>Ps Kasubbag Duk Bag Matdiklat</jabatan><tmt_jab>2007-06-01</tmt_jab><no_skep>SKEP/425/V/2007</no_skep><tgl_skep>2007-06-01</tgl_skep></jabatan><jabatan><jabatan>Kasubbag TU Pusdiklat Tekfunghan Badiklat Dephan</jabatan><tmt_jab>2008-02-01</tmt_jab><no_skep>SKEP/72/II/2008</no_skep><tgl_skep>2008-02-14</tgl_skep></jabatan><jabatan><jabatan>KASUBBAG TU BID EVLAP DIKLAT PUSDIKLAT TEKFUNGHAN BADIKLAT KEMHAN</jabatan><tmt_jab>2010-09-28</tmt_jab><no_skep>KEP/683/IX/2010</no_skep><tgl_skep>2010-09-28</tgl_skep></jabatan><jabatan><jabatan>KASUBBAG PEG BAG UM SET BADIKLAT KEMHAN</jabatan><tmt_jab>2011-07-11</tmt_jab><no_skep>KEP</no_skep><tgl_skep>2011-07-11</tgl_skep></jabatan><jabatan><jabatan>KASUBBAG SERGADIK BAG KOMDIKLAT SET BADIKLAT KEMHAN</jabatan><tmt_jab>2012-10-29</tmt_jab><no_skep>KEP/894/XI/2012</no_skep><tgl_skep>2012-11-02</tgl_skep></jabatan><jabatan><jabatan>KASUBBAG PROGJAGAR BAG PROGLAP SET BADIKLAT KEMHAN</jabatan><tmt_jab>2013-11-22</tmt_jab><no_skep>KEP/1268/XI/2013</no_skep><tgl_skep>2013-11-27</tgl_skep></jabatan></riwayat_jabatan><riwayat_pendidikan><pendidikan_umum><pendidikan><nama_dik>SEKOLAH DASAR</nama_dik><tahun_lulus>1974</tahun_lulus></pendidikan><pendidikan><nama_dik>SEKOLAH MENENGAH PERTAMA (SMP)</nama_dik><tahun_lulus>1977</tahun_lulus></pendidikan><pendidikan><nama_dik>SEKOLAH MENENGAH ATAS (SMA)</nama_dik><tahun_lulus>1981</tahun_lulus></pendidikan><pendidikan><nama_dik>SARJANA (S1)</nama_dik><tahun_lulus>1991</tahun_lulus></pendidikan><pendidikan><nama_dik>PASCA SARJANA (S2)</nama_dik><tahun_lulus>2000</tahun_lulus></pendidikan></pendidikan_umum><pendidikan_pembentukan><pendidikan><nama_dik>SEPA MILWA ABRI</nama_dik><tahun_lulus>1992</tahun_lulus></pendidikan><pendidikan><nama_dik>SUS SARCAB KU</nama_dik><tahun_lulus>1993</tahun_lulus></pendidikan><pendidikan><nama_dik>SUS BENWAN HK</nama_dik><tahun_lulus>1994</tahun_lulus></pendidikan><pendidikan><nama_dik>SUS PA DALKU</nama_dik><tahun_lulus>1995</tahun_lulus></pendidikan><pendidikan><nama_dik>SEKALIHPA</nama_dik><tahun_lulus>1997</tahun_lulus></pendidikan><pendidikan><nama_dik>SEKKAU</nama_dik><tahun_lulus>2001</tahun_lulus></pendidikan><pendidikan><nama_dik>SUS LAPA 2</nama_dik><tahun_lulus>2003</tahun_lulus></pendidikan><pendidikan><nama_dik>WORKSHOP ESL. IV GEL. I TGL. 18 s.d. 19 SEPT 2007</nama_dik><tahun_lulus>2007</tahun_lulus></pendidikan></pendidikan_pembentukan></riwayat_pendidikan><riwayat_penugasan><penugasan><negara>AMERICAN SAMOA</negara><tahun>2003</tahun><uraian>AMERIKA / SAN ANTONIO</uraian></penugasan></riwayat_penugasan><riwayat_tanda_jasa><tanda_jasa><nama_tanda_jasa>SATYALANCANA KESETIAAN VIII TAHUN</nama_tanda_jasa><no_skep>SKEP/180/VII/2001</no_skep><tgl_skep>2001-01-01</tgl_skep></tanda_jasa><tanda_jasa><nama_tanda_jasa>SATYALANCANA DWIDYA SISTHA</nama_tanda_jasa><no_skep>SKEP/295/IX/2002</no_skep><tgl_skep>2002-01-01</tgl_skep></tanda_jasa></riwayat_tanda_jasa><riwayat_bahasa><bahasa><nama_bahasa>JAWA</nama_bahasa><keterangan>AKTIF</keterangan></bahasa><bahasa><nama_bahasa>INGGRIS</nama_bahasa><keterangan>AKTIF</keterangan></bahasa><bahasa><nama_bahasa>ARAB</nama_bahasa><keterangan>PASIF</keterangan></bahasa></riwayat_bahasa><riwayat_keluarga><keluarga><nama_keluarga>YATI RACHMAWATI, S.Psi</nama_keluarga><jenis_kelamin>PEREMPUAN</jenis_kelamin><tgl_lahir>1969-02-05</tgl_lahir><hubungan>ISTRI</hubungan></keluarga><keluarga><nama_keluarga>AZHIIM NUGROHO UTOMO</nama_keluarga><jenis_kelamin>LAKI-LAKI</jenis_kelamin><tgl_lahir>2002-07-01</tgl_lahir><hubungan>ANAK</hubungan></keluarga></riwayat_keluarga></personil_kemhan>
