<personil_kemhan><nopeg>196610011987031002</nopeg><nip>030188989</nip><nrp_nip>196610011987031002</nrp_nip><nama>MUHAMMAD SYARIF</nama><tempat_lahir>Jakarta</tempat_lahir><tgl_lahir>1966-10-01</tgl_lahir><jenis_kelamin>LAKI-LAKI</jenis_kelamin><unit_organisasi>U.O. KEMHAN</unit_organisasi><jenis_personil>PNS</jenis_personil><pangkat>PENATA MUDA TK.I III/B</pangkat><pangkat_corps>PENATA MUDA TK.I III/B </pangkat_corps><tmt_pangkat>2011-10-01</tmt_pangkat><angkatan_korps>PNS</angkatan_korps><sumber_pa_gol_3>UJIAN DINAS</sumber_pa_gol_3><tmt_pa_gol_3>2007-10-01</tmt_pa_gol_3><kategori_pangkat>III/B</kategori_pangkat><jabatan>PENGOLAH BAHANN KAT TNI DAN PNS SUBBAGKAT BAGKARPEG</jabatan><satker>ROPEG SETJEN KEMHAN</satker><kode_jabatan>ANGGOTA</kode_jabatan><tmt_jabatan>2014-12-31</tmt_jabatan><eselon_jabatan>99</eselon_jabatan><kategori>ORGANIK</kategori><tmt_tni>1988-04-01</tmt_tni><tmt_kemhan>1999-09-01</tmt_kemhan><agama>ISLAM</agama><file_foto_1>foto/196610011987031002.jpg</file_foto_1><file_foto_2>foto/030188989.jpg</file_foto_2><riwayat_pangkat><pangkat><pangkat>CAPEG I/C</pangkat><tmt_pkt>1987-03-01</tmt_pkt><no_skep>SKEP/017/V/1987</no_skep><tgl_skep>1987-05-07</tgl_skep></pangkat><pangkat><pangkat>JURU MUDA TK. I  I/B</pangkat><tmt_pkt>1988-04-01</tmt_pkt><no_skep>SKEP/56/IV/198</no_skep><tgl_skep>1988-04-19</tgl_skep></pangkat><pangkat><pangkat>PENGATUR MUDA II/A</pangkat><tmt_pkt>1991-10-01</tmt_pkt><no_skep>03.09/01761/KEP/X/1991</no_skep><tgl_skep>1992-03-04</tgl_skep></pangkat><pangkat><pangkat>PENGATUR MUDA TK.I  II/B</pangkat><tmt_pkt>1995-10-01</tmt_pkt><no_skep>03.09/00001/KEP/X/1995</no_skep><tgl_skep>1995-08-31</tgl_skep></pangkat><pangkat><pangkat>PENGATUR II/C</pangkat><tmt_pkt>1999-10-01</tmt_pkt><no_skep>03.09.73/006/KEP/X/1999</no_skep><tgl_skep>1999-08-13</tgl_skep></pangkat><pangkat><pangkat>PENGATUR TK.I II/D</pangkat><tmt_pkt>2003-10-01</tmt_pkt><no_skep>SKEP/1416/IX/2003</no_skep><tgl_skep>2003-09-16</tgl_skep></pangkat><pangkat><pangkat>PENATA MUDA III/A</pangkat><tmt_pkt>2007-10-01</tmt_pkt><no_skep>SKEP/679/VIII/2007</no_skep><tgl_skep>2007-08-31</tgl_skep></pangkat><pangkat><pangkat>PENATA MUDA TK.I III/B</pangkat><tmt_pkt>2011-10-01</tmt_pkt><no_skep>SKEP/718/IX/2011</no_skep><tgl_skep>2011-09-26</tgl_skep></pangkat></riwayat_pangkat><riwayat_jabatan><jabatan><jabatan>TABAN BAGMIN BABINKAR ABRI/MABES ABRI</jabatan><tmt_jab>1990-01-01</tmt_jab><no_skep>SKEP/110/XII/89</no_skep><tgl_skep>1989-12-22</tgl_skep></jabatan><jabatan><jabatan>BABAN BAGMIN BABINKAR</jabatan><tmt_jab>1992-10-01</tmt_jab><no_skep>SKEP/80/XII/1992</no_skep><tgl_skep>1992-12-15</tgl_skep></jabatan><jabatan><jabatan>ANGGOTA BAGPERS ROUM SETJEN DEPHANKAM</jabatan><tmt_jab>1999-09-01</tmt_jab><no_skep>SKEP/995/VIII/1999</no_skep><tgl_skep>1999-08-23</tgl_skep></jabatan><jabatan><jabatan>TURMIN/OPKOM SUBBAGKAT BAGBINKARPEG ROPEG</jabatan><tmt_jab>2001-08-09</tmt_jab><no_skep>SPRIN/99/VIII/2001</no_skep><tgl_skep>2001-08-09</tgl_skep></jabatan><jabatan><jabatan>ANGGOTA SUBBAGKAT BAGKARPEG ROPEG SETJEN DEPHAN</jabatan><tmt_jab>2006-03-01</tmt_jab><no_skep>SKEP/201/III/2006</no_skep><tgl_skep>2006-03-27</tgl_skep></jabatan><jabatan><jabatan>Analis Kepegawaian Pelaksana Ropeg Setjen Dephan</jabatan><tmt_jab>2010-05-24</tmt_jab><no_skep>KEP MENHAN NOMOR : KEP/351/V/2010</no_skep><tgl_skep>2010-05-31</tgl_skep></jabatan><jabatan><jabatan>PENGADMINISTRASI SUBBAGKAT BAGKARPEG ROPEG SETJEN KEMHAN</jabatan><tmt_jab>2011-04-01</tmt_jab><no_skep>Kep/281/IV/2011</no_skep><tgl_skep>2011-04-19</tgl_skep></jabatan><jabatan><jabatan>PENGOLAH BAHANN KAT TNI DAN PNS SUBBAGKAT BAGKARPEG ROPEG SETJEN KEMHAN</jabatan><tmt_jab>2014-12-31</tmt_jab><no_skep>KEP/1485/XII/2014</no_skep><tgl_skep>2014-12-18</tgl_skep></jabatan></riwayat_jabatan><riwayat_pendidikan><pendidikan_umum><pendidikan><nama_dik>SEKOLAH DASAR</nama_dik><tahun_lulus>1985</tahun_lulus></pendidikan><pendidikan><nama_dik>SEKOLAH LANJUTAN TINGKAT PERTAMA (SLTP)</nama_dik><tahun_lulus>1988</tahun_lulus></pendidikan><pendidikan><nama_dik>SEKOLAH LANJUTAN TINGKAT ATAS (SLTA)</nama_dik><tahun_lulus>1991</tahun_lulus></pendidikan></pendidikan_umum><pendidikan_pembentukan><pendidikan><nama_dik>SUSMINU TK. II DEPHAN</nama_dik><tahun_lulus>2004</tahun_lulus></pendidikan><pendidikan><nama_dik>Sus Analis Kepegawaian Tingkat Terampil</nama_dik><tahun_lulus>2010</tahun_lulus></pendidikan></pendidikan_pembentukan></riwayat_pendidikan><riwayat_penugasan></riwayat_penugasan><riwayat_tanda_jasa><tanda_jasa><nama_tanda_jasa>SATYALANCANA KARYA SATYA XX TAHUN</nama_tanda_jasa><no_skep>62/TK/TAHUN 2010</no_skep><tgl_skep>2010-12-01</tgl_skep></tanda_jasa></riwayat_tanda_jasa><riwayat_bahasa><bahasa><nama_bahasa>SUNDA</nama_bahasa><keterangan>PASIF</keterangan></bahasa><bahasa><nama_bahasa>INGGRIS</nama_bahasa><keterangan>PASIF</keterangan></bahasa><bahasa><nama_bahasa>INDONESIA</nama_bahasa><keterangan>AKTIF</keterangan></bahasa></riwayat_bahasa><riwayat_keluarga><keluarga><nama_keluarga>SRI WAHYUNI</nama_keluarga><jenis_kelamin>PEREMPUAN</jenis_kelamin><tgl_lahir>1969-06-10</tgl_lahir><hubungan>ISTRI</hubungan></keluarga><keluarga><nama_keluarga>LUTFI DYAH LESTARI</nama_keluarga><jenis_kelamin>PEREMPUAN</jenis_kelamin><tgl_lahir>1999-01-04</tgl_lahir><hubungan>ANAK</hubungan></keluarga><keluarga><nama_keluarga>ANANDA FADILAH RAMADHAN</nama_keluarga><jenis_kelamin>LAKI-LAKI</jenis_kelamin><tgl_lahir>2005-10-09</tgl_lahir><hubungan>ANAK</hubungan></keluarga></riwayat_keluarga></personil_kemhan>
