<personil_kemhan><nopeg>197208282002121001</nopeg><nip>030247522</nip><nrp_nip>197208282002121001</nrp_nip><nama>Edih Rahmat</nama><tempat_lahir>Bogor</tempat_lahir><tgl_lahir>1972-08-28</tgl_lahir><jenis_kelamin>LAKI-LAKI</jenis_kelamin><unit_organisasi>U.O. KEMHAN</unit_organisasi><jenis_personil>PNS</jenis_personil><pangkat>PENGATUR TK.I II/D</pangkat><pangkat_corps>PENGATUR TK.I II/D </pangkat_corps><tmt_pangkat>2015-10-01</tmt_pangkat><angkatan_korps>PNS</angkatan_korps><kategori_pangkat>II/C</kategori_pangkat><jabatan>PETUGAS CAP DAN PENOMORAN SUBBAG TAKAHDIS BAG MINU</jabatan><satker>ROTU SETJEN KEMHAN</satker><kode_jabatan>ANGGOTA</kode_jabatan><tmt_jabatan>2014-12-31</tmt_jabatan><eselon_jabatan>99</eselon_jabatan><kategori>ORGANIK</kategori><tmt_tni>2004-09-01</tmt_tni><tmt_kemhan>2006-03-01</tmt_kemhan><agama>ISLAM</agama><file_foto_1>foto/197208282002121001.jpg</file_foto_1><file_foto_2>foto/030247522.jpg</file_foto_2><riwayat_pangkat><pangkat><pangkat>PENGATUR MUDA II/A</pangkat><tmt_pkt>2004-09-01</tmt_pkt><no_skep>SKEP/600/VII/2004</no_skep><tgl_skep>2004-03-09</tgl_skep></pangkat><pangkat><pangkat>PENGATUR MUDA TK.I  II/B</pangkat><tmt_pkt>2007-04-01</tmt_pkt><no_skep>SKEP/174/III/2007</no_skep><tgl_skep>2007-03-09</tgl_skep></pangkat><pangkat><pangkat>PENGATUR II/C</pangkat><tmt_pkt>2011-11-01</tmt_pkt><no_skep>KEP/705/IX/2011</no_skep><tgl_skep>2011-09-22</tgl_skep></pangkat><pangkat><pangkat>PENGATUR TK.I II/D</pangkat><tmt_pkt>2015-10-01</tmt_pkt></pangkat></riwayat_pangkat><riwayat_jabatan><jabatan><jabatan>ANGGOTA BIRO TU</jabatan><tmt_jab>2004-09-01</tmt_jab><no_skep>SKEP/600/VII/2003</no_skep><tgl_skep>2004-08-27</tgl_skep></jabatan><jabatan><jabatan>ANGGOTA SUBBAG MINU BAG MINU ROTU</jabatan><tmt_jab>2006-03-01</tmt_jab><no_skep>SKEP/521/IV/2006</no_skep><tgl_skep>2006-04-24</tgl_skep></jabatan><jabatan><jabatan>Arsiparis Pelaksana Rotu Setjen Dephan</jabatan><tmt_jab>2009-04-01</tmt_jab><no_skep>KEP MENHAN : KEP/253/XII/2009</no_skep><tgl_skep>2009-12-11</tgl_skep></jabatan><jabatan><jabatan>PETUGAS CAP DAN PENOMORAN SUBBAG TAKAHDIS BAG TAKAHDISSIP ROTU SETJEN KEMHAN</jabatan><tmt_jab>2011-04-11</tmt_jab><no_skep>SPRIN/103/IV/2011</no_skep><tgl_skep>2011-04-11</tgl_skep></jabatan><jabatan><jabatan>PETUGAS CAP DAN PENOMORAN SUBBAG TAKAHDIS BAG MINU ROTU SETJEN KEMHAN</jabatan><tmt_jab>2014-12-31</tmt_jab><no_skep>KEP/1485/XII/2014</no_skep><tgl_skep>2014-12-18</tgl_skep></jabatan></riwayat_jabatan><riwayat_pendidikan><pendidikan_umum><pendidikan><nama_dik>SEKOLAH DASAR</nama_dik><tahun_lulus>1985</tahun_lulus></pendidikan><pendidikan><nama_dik>SEKOLAH LANJUTAN TINGKAT PERTAMA (SLTP)</nama_dik><tahun_lulus>1988</tahun_lulus></pendidikan><pendidikan><nama_dik>SEKOLAH LANJUTAN TINGKAT ATAS (SLTA)</nama_dik><tahun_lulus>1991</tahun_lulus></pendidikan></pendidikan_umum><pendidikan_pembentukan><pendidikan><nama_dik>SUS OPR KOMPUTER</nama_dik><tahun_lulus>2005</tahun_lulus></pendidikan><pendidikan><nama_dik>SUS TOT BHS INDONESIA</nama_dik><tahun_lulus>2007</tahun_lulus></pendidikan><pendidikan><nama_dik>DIKLAT BELA NEGARA</nama_dik><tahun_lulus>2014</tahun_lulus></pendidikan></pendidikan_pembentukan></riwayat_pendidikan><riwayat_penugasan></riwayat_penugasan><riwayat_tanda_jasa></riwayat_tanda_jasa><riwayat_bahasa><bahasa><nama_bahasa>SUNDA</nama_bahasa><keterangan>AKTIF</keterangan></bahasa><bahasa><nama_bahasa>INDONESIA</nama_bahasa><keterangan>AKTIF</keterangan></bahasa></riwayat_bahasa><riwayat_keluarga><keluarga><nama_keluarga>MELLIANA SARI</nama_keluarga><jenis_kelamin>PEREMPUAN</jenis_kelamin><tgl_lahir>1980-05-01</tgl_lahir><hubungan>ISTRI</hubungan></keluarga><keluarga><nama_keluarga>CANTIKA ERLY MELLYSA</nama_keluarga><jenis_kelamin>PEREMPUAN</jenis_kelamin><tgl_lahir>2006-01-05</tgl_lahir><hubungan>ANAK</hubungan></keluarga><keluarga><nama_keluarga>ADITYA NUGRAHA</nama_keluarga><jenis_kelamin>LAKI-LAKI</jenis_kelamin><tgl_lahir>2007-04-18</tgl_lahir><hubungan>ANAK</hubungan></keluarga><keluarga><nama_keluarga>GADIS NOVITA ERLI MELLYSA</nama_keluarga><jenis_kelamin>PEREMPUAN</jenis_kelamin><tgl_lahir>2012-11-14</tgl_lahir><hubungan>ANAK</hubungan></keluarga></riwayat_keluarga></personil_kemhan>
