<personil_kemhan><nopeg>196705071992031001</nopeg><nip>030217965</nip><nrp_nip>196705071992031001</nrp_nip><nama>OSLAN MARPAUNG</nama><tempat_lahir>Taput</tempat_lahir><tgl_lahir>1967-05-07</tgl_lahir><jenis_kelamin>LAKI-LAKI</jenis_kelamin><unit_organisasi>U.O. KEMHAN</unit_organisasi><jenis_personil>PNS</jenis_personil><pangkat>PENATA MUDA TK.I III/B</pangkat><pangkat_corps>PENATA MUDA TK.I III/B </pangkat_corps><tmt_pangkat>2012-10-01</tmt_pangkat><angkatan_korps>PNS</angkatan_korps><sumber_pa_gol_3>UJIAN DINAS</sumber_pa_gol_3><tmt_pa_gol_3>2008-10-01</tmt_pa_gol_3><kategori_pangkat>III/B</kategori_pangkat><jabatan>PENGOLAH BAHAN SURAT DINAS/UNDANGAN SUBBAG TAKAHDIS BAG MINU </jabatan><satker>ROTU SETJEN KEMHAN</satker><kode_jabatan>ANGGOTA</kode_jabatan><tmt_jabatan>2014-12-31</tmt_jabatan><eselon_jabatan>99</eselon_jabatan><kategori>ORGANIK</kategori><tmt_tni>1993-03-01</tmt_tni><agama>PROTESTAN</agama><file_foto_1>foto/196705071992031001.jpg</file_foto_1><file_foto_2>foto/030217965.jpg</file_foto_2><riwayat_pangkat><pangkat><pangkat>CAPEG II/A</pangkat><tmt_pkt>1992-06-22</tmt_pkt><no_skep>SKEP/754/VI/1992</no_skep><tgl_skep>1992-06-22</tgl_skep></pangkat><pangkat><pangkat>PENGATUR MUDA II/A</pangkat><tmt_pkt>1993-10-27</tmt_pkt><no_skep>SKEP/2821/X/1993</no_skep><tgl_skep>1993-10-27</tgl_skep></pangkat><pangkat><pangkat>PENGATUR MUDA TK.I  II/B</pangkat><tmt_pkt>1996-10-01</tmt_pkt><no_skep>03-09/00011/KEP/IX/1996</no_skep><tgl_skep>1996-10-01</tgl_skep></pangkat><pangkat><pangkat>PENGATUR II/C</pangkat><tmt_pkt>2000-10-01</tmt_pkt><no_skep>03-09.00/012/KEP/X/2000</no_skep><tgl_skep>2000-10-01</tgl_skep></pangkat><pangkat><pangkat>PENGATUR TK.I II/D</pangkat><tmt_pkt>2004-10-01</tmt_pkt><no_skep>SKEP/550/VIII/2004</no_skep><tgl_skep>2004-08-16</tgl_skep></pangkat><pangkat><pangkat>PENATA MUDA III/A</pangkat><tmt_pkt>2008-10-01</tmt_pkt><no_skep>SKEP/429/VIII/2008</no_skep><tgl_skep>2008-08-21</tgl_skep></pangkat><pangkat><pangkat>PENATA MUDA TK.I III/B</pangkat><tmt_pkt>2012-10-01</tmt_pkt><no_skep>KEP/704/IX/2012</no_skep><tgl_skep>2012-09-04</tgl_skep></pangkat></riwayat_pangkat><riwayat_jabatan><jabatan><jabatan>KURIR SUBBAGMINU BAG TU ROUM</jabatan><tmt_jab>1998-09-01</tmt_jab><no_skep>SKEP/1122/IX/1998</no_skep><tgl_skep>1998-09-14</tgl_skep></jabatan><jabatan><jabatan>CARAKA SUBBAGMINU BAG TU UM ROTU</jabatan><tmt_jab>2001-03-01</tmt_jab><no_skep>SKEP/250/III/2001</no_skep><tgl_skep>2001-03-21</tgl_skep></jabatan><jabatan><jabatan>Anggota Subbag Minu Bag Minu Rotu Setjen Dephan</jabatan><tmt_jab>2006-03-01</tmt_jab><no_skep>SKEP/192/III/2006</no_skep><tgl_skep>2006-03-01</tgl_skep></jabatan><jabatan><jabatan>ARSIPARIS PELAKSANA LANJUTAN ROTU SETJEN KEMHAN</jabatan><tmt_jab>2009-04-01</tmt_jab><no_skep>KEP/195/X/2009</no_skep><tgl_skep>2009-04-01</tgl_skep></jabatan><jabatan><jabatan>PENGADMINISTRASI KEPEGAWAIAN SUBBAG TU BIRO BAG TU DAN DUK SEKJEN ROTU SETJEN KEMHAN</jabatan><tmt_jab>2011-04-01</tmt_jab><no_skep>Kep/282/IV/2011</no_skep><tgl_skep>2011-04-19</tgl_skep></jabatan><jabatan><jabatan>PENGOLAH BAHAN SURAT DINAS/UNDANGAN SUBBAG TAKAHDIS BAG MINU  ROTU SETJEN KEMHAN</jabatan><tmt_jab>2014-12-31</tmt_jab><no_skep>KEP/1485/XII/2014</no_skep><tgl_skep>2014-12-18</tgl_skep></jabatan></riwayat_jabatan><riwayat_pendidikan><pendidikan_umum><pendidikan><nama_dik>SEKOLAH DASAR</nama_dik><tahun_lulus>1980</tahun_lulus></pendidikan><pendidikan><nama_dik>SEKOLAH MENENGAH PERTAMA (SMP)</nama_dik><tahun_lulus>1983</tahun_lulus></pendidikan><pendidikan><nama_dik>SEKOLAH MENENGAH ATAS (SMA)</nama_dik><tahun_lulus>1986</tahun_lulus></pendidikan></pendidikan_umum><pendidikan_pembentukan><pendidikan><nama_dik>TAR P-4</nama_dik><tahun_lulus>1992</tahun_lulus></pendidikan><pendidikan><nama_dik>LATIHAN PRAJAB</nama_dik><tahun_lulus>1992</tahun_lulus></pendidikan><pendidikan><nama_dik>UJIAN DINAS</nama_dik><tahun_lulus>2007</tahun_lulus></pendidikan></pendidikan_pembentukan></riwayat_pendidikan><riwayat_penugasan></riwayat_penugasan><riwayat_tanda_jasa><tanda_jasa><nama_tanda_jasa>SATYALANCANA KARYA SATYA X TAHUN</nama_tanda_jasa><tgl_skep>2007-10-31</tgl_skep></tanda_jasa><tanda_jasa><nama_tanda_jasa>SATYALANCANA KARYA SATYA XX TAHUN</nama_tanda_jasa><tgl_skep>2013-04-09</tgl_skep></tanda_jasa></riwayat_tanda_jasa><riwayat_bahasa><bahasa><nama_bahasa>BATAK/TAPANULI</nama_bahasa><keterangan>AKTIF</keterangan></bahasa><bahasa><nama_bahasa>BETAWI</nama_bahasa><keterangan>AKTIF</keterangan></bahasa></riwayat_bahasa><riwayat_keluarga><keluarga><nama_keluarga>HOTMAULI S</nama_keluarga><jenis_kelamin>PEREMPUAN</jenis_kelamin><tgl_lahir>1967-04-14</tgl_lahir><hubungan>ISTRI</hubungan></keluarga><keluarga><nama_keluarga>ANDREW YULIUS</nama_keluarga><jenis_kelamin>LAKI-LAKI</jenis_kelamin><tgl_lahir>1997-07-17</tgl_lahir><hubungan>ANAK</hubungan></keluarga><keluarga><nama_keluarga>DESVITA NATALIA</nama_keluarga><jenis_kelamin>PEREMPUAN</jenis_kelamin><tgl_lahir>2001-12-29</tgl_lahir><hubungan>ANAK</hubungan></keluarga></riwayat_keluarga></personil_kemhan>
