<personil_kemhan><nopeg>198107092006041001</nopeg><nip>030250183</nip><nrp_nip>198107092006041001</nrp_nip><nama>SUGIHARTO</nama><gelar>S.Kom</gelar><tempat_lahir>Jakarta</tempat_lahir><tgl_lahir>1981-07-09</tgl_lahir><jenis_kelamin>LAKI-LAKI</jenis_kelamin><unit_organisasi>U.O. KEMHAN</unit_organisasi><jenis_personil>PNS</jenis_personil><pangkat>PENATA MUDA III/A</pangkat><pangkat_corps>PENATA MUDA III/A </pangkat_corps><tmt_pangkat>2014-10-01</tmt_pangkat><angkatan_korps>PNS</angkatan_korps><kategori_pangkat>III/A</kategori_pangkat><jabatan>PENGADMINISTRASI BAHAN PERENCANA SISKOMDAT SUBBIDSISKOMTA BIDBANGSISINFOHAN</jabatan><satker>PUSDATIN KEMHAN</satker><kode_jabatan>ANGGOTA</kode_jabatan><tmt_jabatan>2015-06-30</tmt_jabatan><eselon_jabatan>99</eselon_jabatan><kategori>ORGANIK</kategori><tmt_tni>2007-09-01</tmt_tni><tmt_kemhan>2006-04-01</tmt_kemhan><agama>ISLAM</agama><file_foto_1>foto/198107092006041001.jpg</file_foto_1><file_foto_2>foto/030250183.jpg</file_foto_2><riwayat_pangkat><pangkat><pangkat>CAPEG II/C</pangkat><tmt_pkt>2006-04-01</tmt_pkt><no_skep>SKEP/372/M/V/2006</no_skep><tgl_skep>2006-05-23</tgl_skep></pangkat><pangkat><pangkat>PENGATUR II/C</pangkat><tmt_pkt>2007-09-01</tmt_pkt><no_skep>SKEP/686/IX/2007</no_skep><tgl_skep>2007-09-04</tgl_skep></pangkat><pangkat><pangkat>PENGATUR TK.I II/D</pangkat><tmt_pkt>2010-04-01</tmt_pkt><no_skep>KEP/153/III/2010</no_skep><tgl_skep>2010-03-12</tgl_skep></pangkat><pangkat><pangkat>PENATA MUDA III/A</pangkat><tmt_pkt>2014-10-01</tmt_pkt><no_skep>KEP/1122/IX/2014</no_skep><tgl_skep>2014-09-25</tgl_skep></pangkat></riwayat_pangkat><riwayat_jabatan><jabatan><jabatan>ANGGOTA SUBBAGADA BAGADABANGPEG ROPEG SETJEN DEPHAN</jabatan><tmt_jab>2006-07-17</tmt_jab><no_skep>SKEP/372/M/V/2006</no_skep><tgl_skep>2006-07-05</tgl_skep></jabatan><jabatan><jabatan>Anggota Subbag Ada Bag Adabangpeg Ropeg Setjen Dephan</jabatan><tmt_jab>2010-01-04</tmt_jab><no_skep>KEP MENHAN NOMOR : KEP/14/I/2010</no_skep><tgl_skep>2010-01-08</tgl_skep></jabatan><jabatan><jabatan>PETUGAS ADMINISTRASI SUBBAGADA BAGADABANGPEG ROPEG SETJEN KEMHAN</jabatan><tmt_jab>2010-05-17</tmt_jab><no_skep>Kep Menhan Nomor : KEP/321/V/2010</no_skep><tgl_skep>2010-05-17</tgl_skep></jabatan><jabatan><jabatan>AGENDARIS SUBBAG TU BIRO BAGADABANGPEG ROPEG SETJEN KEMHAN</jabatan><tmt_jab>2011-04-01</tmt_jab><no_skep>Kep/281/IV/2011</no_skep><tgl_skep>2011-04-19</tgl_skep></jabatan><jabatan><jabatan>ANGGOTA ROPEG SETJEN KEMHAN</jabatan><tmt_jab>2014-11-12</tmt_jab><no_skep>KEP/1339/XI/2014</no_skep><tgl_skep>2014-11-18</tgl_skep></jabatan><jabatan><jabatan>PENGADMINISTRASI BAHAN ADA PNS SUBBAGADA PNS BAGADABANGPEG ROPEG SETJEN KEMHAN</jabatan><tmt_jab>2014-12-31</tmt_jab><no_skep>KEP/1485/XII/2014</no_skep><tgl_skep>2014-12-18</tgl_skep></jabatan><jabatan><jabatan>PENGADMINISTRASI BAHAN PERENCANA SISKOMDAT SUBBIDSISKOMTA BIDBANGSISINFOHAN PUSDATIN KEMHAN</jabatan><tmt_jab>2015-06-30</tmt_jab><no_skep>KEP/615/VI/2015</no_skep><tgl_skep>2015-06-30</tgl_skep></jabatan></riwayat_jabatan><riwayat_pendidikan><pendidikan_umum><pendidikan><nama_dik>SEKOLAH DASAR</nama_dik><tahun_lulus>1993</tahun_lulus></pendidikan><pendidikan><nama_dik>SEKOLAH LANJUTAN TINGKAT PERTAMA (SLTP)</nama_dik><tahun_lulus>1996</tahun_lulus></pendidikan><pendidikan><nama_dik>SEKOLAH LANJUTAN TINGKAT ATAS (SLTA)</nama_dik><tahun_lulus>1999</tahun_lulus></pendidikan><pendidikan><nama_dik>SARJANA MUDA (D.III)</nama_dik><tahun_lulus>2002</tahun_lulus></pendidikan><pendidikan><nama_dik>SARJANA (S1)</nama_dik><tahun_lulus>2009</tahun_lulus></pendidikan></pendidikan_umum><pendidikan_pembentukan><pendidikan><nama_dik>WORKSHOP SISTEM DATABASE</nama_dik><tahun_lulus>2008</tahun_lulus></pendidikan><pendidikan><nama_dik>KIBI REGULER 74</nama_dik><tahun_lulus>2010</tahun_lulus></pendidikan><pendidikan><nama_dik>DIKLAT TEKNIS PAM JARINGAN KOMPUTER KEMHAN</nama_dik><tahun_lulus>2012</tahun_lulus></pendidikan><pendidikan><nama_dik>CYBER DEFENSE TRAINING</nama_dik><tahun_lulus>2013</tahun_lulus></pendidikan><pendidikan><nama_dik>DIKLAT ALIH GOLONGAN</nama_dik><tahun_lulus>2014</tahun_lulus></pendidikan></pendidikan_pembentukan></riwayat_pendidikan><riwayat_penugasan></riwayat_penugasan><riwayat_tanda_jasa></riwayat_tanda_jasa><riwayat_bahasa><bahasa><nama_bahasa>JAWA</nama_bahasa><keterangan>AKTIF</keterangan></bahasa><bahasa><nama_bahasa>INGGRIS</nama_bahasa><keterangan>AKTIF</keterangan></bahasa><bahasa><nama_bahasa>INDONESIA</nama_bahasa><keterangan>AKTIF</keterangan></bahasa></riwayat_bahasa><riwayat_keluarga><keluarga><nama_keluarga>DWI YULIASTUTI, A.Mk</nama_keluarga><jenis_kelamin>PEREMPUAN</jenis_kelamin><tgl_lahir>1985-07-07</tgl_lahir><hubungan>ISTRI</hubungan></keluarga><keluarga><nama_keluarga>AKHTAR ARSYA SAILENDERA</nama_keluarga><jenis_kelamin>LAKI-LAKI</jenis_kelamin><tgl_lahir>2013-01-20</tgl_lahir><hubungan>ANAK</hubungan></keluarga></riwayat_keluarga></personil_kemhan>
