<personil_kemhan><nopeg>196511231989021001</nopeg><nip>030199356</nip><nrp_nip>196511231989021001</nrp_nip><nama>ROSYADI</nama><tempat_lahir>Jakarta</tempat_lahir><tgl_lahir>1965-11-23</tgl_lahir><jenis_kelamin>LAKI-LAKI</jenis_kelamin><unit_organisasi>U.O. KEMHAN</unit_organisasi><jenis_personil>PNS</jenis_personil><pangkat>PENATA MUDA TK.I III/B</pangkat><pangkat_corps>PENATA MUDA TK.I III/B </pangkat_corps><tmt_pangkat>2008-10-01</tmt_pangkat><angkatan_korps>PNS</angkatan_korps><sumber_pa_gol_3>UJIAN DINAS</sumber_pa_gol_3><tmt_pa_gol_3>2004-10-01</tmt_pa_gol_3><kategori_pangkat>III/B</kategori_pangkat><jabatan>PENGOLAH BAHAN ADA PNS SUBBAGADA PNS BAGADABANGPEG</jabatan><satker>ROPEG SETJEN KEMHAN</satker><kode_jabatan>ANGGOTA</kode_jabatan><tmt_jabatan>2014-12-31</tmt_jabatan><eselon_jabatan>99</eselon_jabatan><kategori>ORGANIK</kategori><tmt_tni>1990-06-01</tmt_tni><tmt_kemhan>1989-02-01</tmt_kemhan><agama>ISLAM</agama><file_foto_1>foto/196511231989021001.jpg</file_foto_1><file_foto_2>foto/030199356.jpg</file_foto_2><riwayat_pangkat><pangkat><pangkat>CAPEG II/A</pangkat><tmt_pkt>1989-04-01</tmt_pkt><no_skep>SKEP/407/III/1989</no_skep><tgl_skep>1989-03-01</tgl_skep></pangkat><pangkat><pangkat>PENGATUR MUDA II/A</pangkat><tmt_pkt>1990-06-01</tmt_pkt><no_skep>SKEP/856/V/1990</no_skep><tgl_skep>1990-05-15</tgl_skep></pangkat><pangkat><pangkat>PENGATUR MUDA TK.I  II/B</pangkat><tmt_pkt>1992-10-01</tmt_pkt><no_skep>0309/02038/KEP/X/92</no_skep><tgl_skep>1992-10-01</tgl_skep></pangkat><pangkat><pangkat>PENGATUR II/C</pangkat><tmt_pkt>1996-10-01</tmt_pkt><no_skep>0309/00013/KEP/X/96</no_skep><tgl_skep>1996-10-21</tgl_skep></pangkat><pangkat><pangkat>PENGATUR TK.I II/D</pangkat><tmt_pkt>2000-10-01</tmt_pkt><no_skep>0309/00/012/KEP/X/2000</no_skep><tgl_skep>2001-01-16</tgl_skep></pangkat><pangkat><pangkat>PENATA MUDA III/A</pangkat><tmt_pkt>2004-01-01</tmt_pkt><no_skep>SKEP/546/VII/2004</no_skep><tgl_skep>2004-08-15</tgl_skep></pangkat><pangkat><pangkat>PENATA MUDA TK.I III/B</pangkat><tmt_pkt>2008-10-01</tmt_pkt><no_skep>SKEP/429/VIII/2008</no_skep><tgl_skep>2008-08-21</tgl_skep></pangkat></riwayat_pangkat><riwayat_jabatan><jabatan><jabatan>TURMINPROT SUBBAGPROT BAGMINPROT ROHUMAS</jabatan><tmt_jab>2001-03-01</tmt_jab><no_skep>SKEP/263/III/2001</no_skep><tgl_skep>2001-03-22</tgl_skep></jabatan><jabatan><jabatan>Anggota Subbag Huborpem Bag Hublem Rohumas Setjen Dephan</jabatan><tmt_jab>2007-07-01</tmt_jab><no_skep>SKEP/556/VII/2007</no_skep><tgl_skep>2007-07-19</tgl_skep></jabatan><jabatan><jabatan>PENGOLAH BAHAN PENGADAAN PNS SUBBAG ADA BAG ADA BANGPEG ROPEG SETJEN KEMHAN</jabatan><tmt_jab>2011-04-01</tmt_jab><no_skep>KEP/281/IV/2011</no_skep><tgl_skep>2011-04-19</tgl_skep></jabatan><jabatan><jabatan>PENGOLAH BAHAN ADA PNS SUBBAGADA PNS BAGADABANGPEG ROPEG SETJEN KEMHAN</jabatan><tmt_jab>2014-12-31</tmt_jab><no_skep>KEP/1485/XII/2014</no_skep><tgl_skep>2014-12-18</tgl_skep></jabatan></riwayat_jabatan><riwayat_pendidikan><pendidikan_umum><pendidikan><nama_dik>SEKOLAH DASAR</nama_dik><tahun_lulus>1980</tahun_lulus></pendidikan><pendidikan><nama_dik>SEKOLAH LANJUTAN TINGKAT PERTAMA (SLTP)</nama_dik><tahun_lulus>1983</tahun_lulus></pendidikan><pendidikan><nama_dik>SEKOLAH LANJUTAN TINGKAT ATAS (SLTA)</nama_dik><tahun_lulus>1986</tahun_lulus></pendidikan></pendidikan_umum><pendidikan_pembentukan><pendidikan><nama_dik>SUSMUDI</nama_dik><tahun_lulus>2000</tahun_lulus></pendidikan><pendidikan><nama_dik>UJIAN DINAS</nama_dik><tahun_lulus>2002</tahun_lulus></pendidikan></pendidikan_pembentukan></riwayat_pendidikan><riwayat_penugasan><penugasan><negara>SINGAPORE</negara><tahun>2011</tahun><uraian>KUNKER</uraian></penugasan></riwayat_penugasan><riwayat_tanda_jasa><tanda_jasa><nama_tanda_jasa>SATYALANCANA KARYA SATYA XX TAHUN</nama_tanda_jasa><no_skep>8/TK/TAHUN 2012</no_skep><tgl_skep>2012-02-08</tgl_skep></tanda_jasa></riwayat_tanda_jasa><riwayat_bahasa><bahasa><nama_bahasa>SUNDA</nama_bahasa><keterangan>AKTIF</keterangan></bahasa></riwayat_bahasa><riwayat_keluarga><keluarga><nama_keluarga>Dinawati</nama_keluarga><jenis_kelamin>PEREMPUAN</jenis_kelamin><tgl_lahir>1968-04-05</tgl_lahir><hubungan>ISTRI</hubungan></keluarga><keluarga><nama_keluarga>Rosdina Sari</nama_keluarga><jenis_kelamin>PEREMPUAN</jenis_kelamin><tgl_lahir>1992-08-14</tgl_lahir><hubungan>ANAK</hubungan></keluarga><keluarga><nama_keluarga>Arief Setyadi</nama_keluarga><jenis_kelamin>LAKI-LAKI</jenis_kelamin><tgl_lahir>1994-04-09</tgl_lahir><hubungan>ANAK</hubungan></keluarga><keluarga><nama_keluarga>Koko Apriyadi</nama_keluarga><jenis_kelamin>LAKI-LAKI</jenis_kelamin><tgl_lahir>1996-04-30</tgl_lahir><hubungan>ANAK</hubungan></keluarga><keluarga><nama_keluarga>Ayu Diah Rositawati</nama_keluarga><jenis_kelamin>PEREMPUAN</jenis_kelamin><tgl_lahir>2003-01-17</tgl_lahir><hubungan>ANAK</hubungan></keluarga><keluarga><nama_keluarga>Amelia Kurniasih</nama_keluarga><jenis_kelamin>PEREMPUAN</jenis_kelamin><tgl_lahir>2004-05-03</tgl_lahir><hubungan>ANAK</hubungan></keluarga></riwayat_keluarga></personil_kemhan>
