<personil_kemhan><nopeg>33973</nopeg><nip>33973</nip><nrp_nip>33973</nrp_nip><nama>WIGIT IRIANTO</nama><gelar>S.E.</gelar><tempat_lahir>Surabaya</tempat_lahir><tgl_lahir>1961-11-21</tgl_lahir><jenis_kelamin>LAKI-LAKI</jenis_kelamin><unit_organisasi>U.O. KEMHAN</unit_organisasi><jenis_personil>TNI</jenis_personil><pangkat>LETKOL</pangkat><pangkat_corps>LETKOL CKU</pangkat_corps><tmt_pangkat>2008-04-01</tmt_pangkat><angkatan_korps>TNI AD</angkatan_korps><sumber_pa_gol_3>SEPAMILWA</sumber_pa_gol_3><tmt_pa_gol_3>1990-02-09</tmt_pa_gol_3><kategori_pangkat>LETKOL</kategori_pangkat><jabatan>KASUBBAG PROGJAGAR BAG PROGLAP</jabatan><satker>SET DITJEN STRAHAN KEMHAN</satker><kode_jabatan>STRUKTURAL</kode_jabatan><tmt_jabatan>2014-12-31</tmt_jabatan><eselon_jabatan>IV</eselon_jabatan><kategori>ORGANIK</kategori><tmt_tni>1990-02-09</tmt_tni><tmt_kemhan>1993-02-01</tmt_kemhan><agama>ISLAM</agama><file_foto_1>foto/33973.jpg</file_foto_1><file_foto_2>foto/33973.jpg</file_foto_2><riwayat_pangkat><pangkat><pangkat>LETDA</pangkat><tmt_pkt>1990-02-09</tmt_pkt><no_skep>KEPPRES NO.08/ABRI/1990</no_skep><tgl_skep>1990-02-08</tgl_skep></pangkat><pangkat><pangkat>LETTU</pangkat><tmt_pkt>1994-10-01</tmt_pkt><no_skep>SKEP/363/X/1994</no_skep><tgl_skep>1994-09-23</tgl_skep></pangkat><pangkat><pangkat>KAPTEN</pangkat><tmt_pkt>1997-04-01</tmt_pkt><no_skep>SKEP/122/III/1997</no_skep><tgl_skep>1997-03-26</tgl_skep></pangkat><pangkat><pangkat>MAYOR</pangkat><tmt_pkt>2002-04-01</tmt_pkt><no_skep>SKEP/90/III/2002</no_skep><tgl_skep>2002-03-25</tgl_skep></pangkat><pangkat><pangkat>LETKOL</pangkat><tmt_pkt>2008-04-01</tmt_pkt><no_skep>KEP/96/III/2008</no_skep><tgl_skep>2008-03-19</tgl_skep></pangkat></riwayat_pangkat><riwayat_jabatan><jabatan><jabatan>PAUR WASGAR BAG MINGAR SUBDIT GARBIA DITKUAD</jabatan><tmt_jab>1990-04-01</tmt_jab><no_skep>SKEP/20-23/III/1990</no_skep><tgl_skep>1990-03-01</tgl_skep></jabatan><jabatan><jabatan>PB KAUR TK III/PA BAGKU SETJEN DEPHANKAM</jabatan><tmt_jab>1993-02-01</tmt_jab><no_skep>SKEP/201/II/1993</no_skep><tgl_skep>1993-02-01</tgl_skep></jabatan><jabatan><jabatan>PS KAUR TK II/TU PEKAS DEPHANKAM</jabatan><tmt_jab>1994-03-01</tmt_jab><no_skep>SKEP/210/III/1994</no_skep><tgl_skep>1994-03-05</tgl_skep></jabatan><jabatan><jabatan>PSB TK-II/RUMGA SUBBAG RENMINO ROPAM SETJEN DHK</jabatan><tmt_jab>1996-05-01</tmt_jab><no_skep>SKEP/687/VII/1996</no_skep><tgl_skep>1996-07-15</tgl_skep></jabatan><jabatan><jabatan>PGS PEMB SUBBAG TK.I/RENJAK SUBBAGREN BAG TU BUMN</jabatan><tmt_jab>1998-05-01</tmt_jab><no_skep>SKEP/402/V/1998</no_skep><tgl_skep>1998-05-28</tgl_skep></jabatan><jabatan><jabatan>PAMA KODAM VII/WRB</jabatan><tmt_jab>2000-01-01</tmt_jab><no_skep>SKEP/459/XII/2000</no_skep><tgl_skep>2000-12-14</tgl_skep></jabatan><jabatan><jabatan>PERANCANG PERATURAN PERUNDANG-UNDANGAN MUDA GOL VI</jabatan><tmt_jab>2001-12-01</tmt_jab><no_skep>SKEP/1059/XII/2001</no_skep><tgl_skep>2001-12-31</tgl_skep></jabatan><jabatan><jabatan>PS KASUBBAGREN BAGBAKUM ROKUM SETJEN DEPHAN</jabatan><tmt_jab>2003-04-01</tmt_jab><no_skep>SKEP/448/IV/2003</no_skep><tgl_skep>2003-04-03</tgl_skep></jabatan><jabatan><jabatan>Kasubbag Minro Bag Yankum Rohukum Setjen Dephan</jabatan><tmt_jab>2007-06-01</tmt_jab><no_skep>SKEP/511/VII/2007</no_skep><tgl_skep>2007-07-02</tgl_skep></jabatan><jabatan><jabatan>KASUBBAG TU  DIT KUMSTRA DITJEN STRAHAN KEMHAN</jabatan><tmt_jab>2010-09-28</tmt_jab><no_skep>KEP/681/IX/2010</no_skep><tgl_skep>2010-09-28</tgl_skep></jabatan><jabatan><jabatan>KASUBBAG EVLAP BAG PROGLAP SET DITJEN STRAHAN KEMHAN</jabatan><tmt_jab>2012-03-26</tmt_jab><no_skep>KEP/226/III/2012</no_skep><tgl_skep>2012-03-28</tgl_skep></jabatan><jabatan><jabatan>KASUBBAG PROGJAGAR BAG PROGLAP SET DITJEN STRAHAN KEMHAN</jabatan><tmt_jab>2012-12-05</tmt_jab><no_skep>KEP/1066/XII/2012</no_skep><tgl_skep>2012-12-17</tgl_skep></jabatan><jabatan><jabatan>KASUBBAG PROGJAGAR BAG PROGLAP SET DITJEN STRAHAN KEMHAN</jabatan><tmt_jab>2014-12-31</tmt_jab><no_skep>KEP/1493/XII/2014</no_skep><tgl_skep>2014-12-18</tgl_skep></jabatan></riwayat_jabatan><riwayat_pendidikan><pendidikan_umum><pendidikan><nama_dik>SEKOLAH DASAR</nama_dik><tahun_lulus>1974</tahun_lulus></pendidikan><pendidikan><nama_dik>SEKOLAH MENENGAH PERTAMA (SMP)</nama_dik><tahun_lulus>1977</tahun_lulus></pendidikan><pendidikan><nama_dik>SEKOLAH MENENGAH ATAS (SMA)</nama_dik><tahun_lulus>1981</tahun_lulus></pendidikan><pendidikan><nama_dik>SARJANA MUDA (D.III)</nama_dik><tahun_lulus>1985</tahun_lulus></pendidikan><pendidikan><nama_dik>SARJANA (S1)</nama_dik><tahun_lulus>1991</tahun_lulus></pendidikan></pendidikan_umum><pendidikan_pembentukan><pendidikan><nama_dik>DIK ORCAB KU</nama_dik><tahun_lulus>1990</tahun_lulus></pendidikan><pendidikan><nama_dik>SEPA WAMIL</nama_dik><tahun_lulus>1990</tahun_lulus></pendidikan><pendidikan><nama_dik>SUS PA BENWAN</nama_dik><tahun_lulus>1992</tahun_lulus></pendidikan><pendidikan><nama_dik>DIK ALIHPA</nama_dik><tahun_lulus>1995</tahun_lulus></pendidikan><pendidikan><nama_dik>SUS PAM</nama_dik><tahun_lulus>1996</tahun_lulus></pendidikan><pendidikan><nama_dik>TAR LITSUS</nama_dik><tahun_lulus>1998</tahun_lulus></pendidikan><pendidikan><nama_dik>SELAPA KU KE-12 TNI AD</nama_dik><tahun_lulus>2000</tahun_lulus></pendidikan><pendidikan><nama_dik>SUSJEMEN RENGAR HAN ANGAKATAN XXIII</nama_dik><tahun_lulus>2004</tahun_lulus></pendidikan><pendidikan><nama_dik>SUS WASRIK DHK</nama_dik><tahun_lulus>2005</tahun_lulus></pendidikan><pendidikan><nama_dik>SUS AUDITOR ANGK. KE III</nama_dik><tahun_lulus>2006</tahun_lulus></pendidikan><pendidikan><nama_dik>WORKSHOP ESL. IV GEL. IV TGL. 1 s.d. 2 OKT 2007</nama_dik><tahun_lulus>2007</tahun_lulus></pendidikan></pendidikan_pembentukan></riwayat_pendidikan><riwayat_penugasan></riwayat_penugasan><riwayat_tanda_jasa><tanda_jasa><nama_tanda_jasa>SATYALANCANA KESETIAAN VIII TAHUN</nama_tanda_jasa><no_skep>SKEP/150/III/1999</no_skep><tgl_skep>1999-03-22</tgl_skep></tanda_jasa><tanda_jasa><nama_tanda_jasa>SATYALANCANA KESETIAAN XVI TAHUN</nama_tanda_jasa><no_skep>SKEP/373/XI/2009</no_skep><tgl_skep>2009-11-04</tgl_skep></tanda_jasa><tanda_jasa><nama_tanda_jasa>SATYALANCANA KESETIAAN XXIV TAHUN</nama_tanda_jasa><no_skep>KEPPRES RI NOMOR 46/TK/TAHUN 2015</no_skep><tgl_skep>2015-05-20</tgl_skep></tanda_jasa></riwayat_tanda_jasa><riwayat_bahasa><bahasa><nama_bahasa>JAWA</nama_bahasa><keterangan>AKTIF</keterangan></bahasa><bahasa><nama_bahasa>INGGRIS</nama_bahasa><keterangan>PASIF</keterangan></bahasa></riwayat_bahasa><riwayat_keluarga><keluarga><nama_keluarga>NURUL AFIFA PUTERA ARIA, S.E.</nama_keluarga><jenis_kelamin>PEREMPUAN</jenis_kelamin><tgl_lahir>1964-07-17</tgl_lahir><hubungan>ISTRI</hubungan></keluarga><keluarga><nama_keluarga>KHARIS HAFIYAN WIRFA</nama_keluarga><jenis_kelamin>LAKI-LAKI</jenis_kelamin><tgl_lahir>1994-06-11</tgl_lahir><hubungan>ANAK</hubungan></keluarga><keluarga><nama_keluarga>WINA ZHAFIRAH MUMTAZ</nama_keluarga><jenis_kelamin>PEREMPUAN</jenis_kelamin><tgl_lahir>1997-04-11</tgl_lahir><hubungan>ANAK</hubungan></keluarga></riwayat_keluarga></personil_kemhan>
