<personil_kemhan><nopeg>196002081990021001</nopeg><nip>030203731</nip><nrp_nip>196002081990021001</nrp_nip><nama>BUDI HARSOYO</nama><gelar>S.H., M.Hum</gelar><tempat_lahir>Pati</tempat_lahir><tgl_lahir>1960-02-08</tgl_lahir><jenis_kelamin>LAKI-LAKI</jenis_kelamin><unit_organisasi>U.O. KEMHAN</unit_organisasi><jenis_personil>PNS</jenis_personil><pangkat>PEMBINA TK.I IV/B</pangkat><pangkat_corps>PEMBINA TK.I IV/B </pangkat_corps><tmt_pangkat>2010-04-01</tmt_pangkat><angkatan_korps>PNS</angkatan_korps><sumber_pa_gol_3>CAPEG SARJANA</sumber_pa_gol_3><tmt_pa_gol_3>1990-02-01</tmt_pa_gol_3><kategori_pangkat>IV/B</kategori_pangkat><jabatan>KABAG NASIHAT HUKUM</jabatan><satker>ROKUM SETJEN KEMHAN</satker><kode_jabatan>STRUKTURAL</kode_jabatan><tmt_jabatan>2014-12-31</tmt_jabatan><eselon_jabatan>III</eselon_jabatan><kategori>ORGANIK</kategori><tmt_tni>1991-09-01</tmt_tni><tmt_kemhan>1990-02-01</tmt_kemhan><agama>ISLAM</agama><file_foto_1>foto/196002081990021001.jpg</file_foto_1><file_foto_2>foto/030203731.jpg</file_foto_2><riwayat_pangkat><pangkat><pangkat>CAPEG III/A</pangkat><tmt_pkt>1990-02-01</tmt_pkt><no_skep>SKEP/085/I/1990</no_skep><tgl_skep>1990-01-29</tgl_skep></pangkat><pangkat><pangkat>PENATA MUDA III/A</pangkat><tmt_pkt>1991-09-01</tmt_pkt><no_skep>SKEP/1752/VIII/1991</no_skep><tgl_skep>1991-08-30</tgl_skep></pangkat><pangkat><pangkat>PENATA MUDA TK.I III/B</pangkat><tmt_pkt>1994-04-01</tmt_pkt><no_skep>SKEP/494/IV/1994</no_skep><tgl_skep>1994-05-17</tgl_skep></pangkat><pangkat><pangkat>PENATA III/C</pangkat><tmt_pkt>1998-04-01</tmt_pkt><no_skep>SKEP/233/IV/1998</no_skep><tgl_skep>1998-04-22</tgl_skep></pangkat><pangkat><pangkat>PENATA TK.I III/D</pangkat><tmt_pkt>2002-04-01</tmt_pkt><no_skep>SKEP/1872/XII/2002</no_skep><tgl_skep>2002-12-31</tgl_skep></pangkat><pangkat><pangkat>PEMBINA IV/A</pangkat><tmt_pkt>2006-04-01</tmt_pkt><no_skep>SKEP/113/M/II/2006</no_skep><tgl_skep>2006-02-27</tgl_skep></pangkat><pangkat><pangkat>PEMBINA TK.I IV/B</pangkat><tmt_pkt>2010-04-01</tmt_pkt><no_skep>SKEP/170/M/III/2010</no_skep><tgl_skep>2010-03-18</tgl_skep></pangkat></riwayat_pangkat><riwayat_jabatan><jabatan><jabatan>Anggota Biro Hukum Setjen Dephankam</jabatan><tmt_jab>1988-01-01</tmt_jab><no_skep>SKEP/1745/XII/1988</no_skep><tgl_skep>1988-12-03</tgl_skep></jabatan><jabatan><jabatan>ANGGOTA BIRO HUKUM SETJEN DEPHANKAM</jabatan><tmt_jab>1990-02-01</tmt_jab><no_skep>SKEP/085/I/1990</no_skep><tgl_skep>1990-01-29</tgl_skep></jabatan><jabatan><jabatan>PSB TK III/Invent Subbag Invent Bag Dokinfokum Rokum</jabatan><tmt_jab>1993-05-01</tmt_jab><no_skep>SKEP/1359/V/1993</no_skep><tgl_skep>1993-05-12</tgl_skep></jabatan><jabatan><jabatan>PSB TK II/Dokpustaka Subbag Dokpustaka Bag Dokinfokum Rokum</jabatan><tmt_jab>1995-01-01</tmt_jab><no_skep>SKEP/44/I/1995</no_skep><tgl_skep>1995-01-20</tgl_skep></jabatan><jabatan><jabatan>PSB TK I/Dokpustaka Subbag Dokpustaka Bag Dokinfokum Rokum</jabatan><tmt_jab>1999-03-01</tmt_jab><no_skep>SKEP/134/III/1999</no_skep><tgl_skep>1999-03-04</tgl_skep></jabatan><jabatan><jabatan>PSB TK I/Timbangkum Subbag Timbangkum Bag Timbangkum Rokum</jabatan><tmt_jab>2000-09-01</tmt_jab><no_skep>SKEP/863/VIII/2000</no_skep><tgl_skep>2000-08-31</tgl_skep></jabatan><jabatan><jabatan>PEMB SUBBAG TKI/BANKUMDAT SUBBAGBANKUM BAGYANKUM</jabatan><tmt_jab>2001-03-01</tmt_jab><no_skep>SKEP/260/III/2001</no_skep><tgl_skep>2001-03-22</tgl_skep></jabatan><jabatan><jabatan>Kasubbag Kumaniter Bag Kumint Rohukum Setjen Dephan</jabatan><tmt_jab>2001-10-01</tmt_jab><no_skep>SKEP/876/X/2001</no_skep><tgl_skep>2001-10-04</tgl_skep></jabatan><jabatan><jabatan>Arsiparis Pertama Rohukum Setjen Dephan</jabatan><tmt_jab>2001-12-01</tmt_jab><no_skep>SKEP/1016/III/2001</no_skep><tgl_skep>2001-12-24</tgl_skep></jabatan><jabatan><jabatan>Kasubbag Hatluhukum Bag Yankum Rohukum Setjen Dephan</jabatan><tmt_jab>2003-04-01</tmt_jab><no_skep>SKEP/449/IV/2003</no_skep><tgl_skep>2003-04-03</tgl_skep></jabatan><jabatan><jabatan>KABAG BAKUM Rohukum Setjen Dephan</jabatan><tmt_jab>2006-02-01</tmt_jab><no_skep>SKEP/56/II/2006</no_skep><tgl_skep>2006-02-10</tgl_skep></jabatan><jabatan><jabatan>KABAG YANKUM Rohukum Setjen Dephan</jabatan><tmt_jab>2009-02-27</tmt_jab><no_skep>KEP/20/II/2009</no_skep><tgl_skep>2009-02-26</tgl_skep></jabatan><jabatan><jabatan>KABAG BANKUM ROKUM SETJEN KEMHAN</jabatan><tmt_jab>2010-09-27</tmt_jab><no_skep> KEP/677/IX/2010</no_skep><tgl_skep>2010-09-27</tgl_skep></jabatan><jabatan><jabatan>KABAG HATKUM ROKUM SETJEN KEMHAN</jabatan><tmt_jab>2013-05-06</tmt_jab><no_skep>KEP/439/V/2013</no_skep><tgl_skep>2013-05-10</tgl_skep></jabatan><jabatan><jabatan>KABAG NASIHAT HUKUM ROKUM SETJEN KEMHAN</jabatan><tmt_jab>2014-12-31</tmt_jab><no_skep>KEP/1483/XII/2014</no_skep><tgl_skep>2014-12-18</tgl_skep></jabatan></riwayat_jabatan><riwayat_pendidikan><pendidikan_umum><pendidikan><nama_dik>SEKOLAH DASAR</nama_dik><tahun_lulus>1974</tahun_lulus></pendidikan><pendidikan><nama_dik>SEKOLAH LANJUTAN TINGKAT PERTAMA (SLTP)</nama_dik><tahun_lulus>1977</tahun_lulus></pendidikan><pendidikan><nama_dik>SEKOLAH LANJUTAN TINGKAT ATAS (SLTA)</nama_dik><tahun_lulus>1981</tahun_lulus></pendidikan><pendidikan><nama_dik>SARJANA (S1)</nama_dik><tahun_lulus>1987</tahun_lulus></pendidikan><pendidikan><nama_dik>PASCA SARJANA (S2)</nama_dik><tahun_lulus>2003</tahun_lulus></pendidikan></pendidikan_umum><pendidikan_pembentukan><pendidikan><nama_dik>LATPRAJAB TK.III</nama_dik><tahun_lulus>1990</tahun_lulus></pendidikan><pendidikan><nama_dik>TAR P-4 45 JAM</nama_dik><tahun_lulus>1990</tahun_lulus></pendidikan><pendidikan><nama_dik>SUS ADVOKAT/PENGACARA</nama_dik><tahun_lulus>1992</tahun_lulus></pendidikan><pendidikan><nama_dik>SUS PA JARAH</nama_dik><tahun_lulus>1992</tahun_lulus></pendidikan><pendidikan><nama_dik>DIK HUKUM PER UU-AN</nama_dik><tahun_lulus>1993</tahun_lulus></pendidikan><pendidikan><nama_dik>TAR P-4 TERPADU</nama_dik><tahun_lulus>1996</tahun_lulus></pendidikan><pendidikan><nama_dik>DIK LAT PIM TK IV</nama_dik><tahun_lulus>1998</tahun_lulus></pendidikan><pendidikan><nama_dik>DIK LAT PIM TK III</nama_dik><tahun_lulus>2000</tahun_lulus></pendidikan><pendidikan><nama_dik>WORKSHOP ESL. III</nama_dik><tahun_lulus>2008</tahun_lulus></pendidikan></pendidikan_pembentukan></riwayat_pendidikan><riwayat_penugasan></riwayat_penugasan><riwayat_tanda_jasa><tanda_jasa><nama_tanda_jasa>SATYALANCANA KARYA SATYA X TAHUN</nama_tanda_jasa><no_skep>KEPPRES RI NOMOR 040/TK/TAHUN 2003</no_skep><tgl_skep>2003-07-31</tgl_skep></tanda_jasa><tanda_jasa><nama_tanda_jasa>SATYALANCANA KARYA SATYA XX TAHUN</nama_tanda_jasa><no_skep>KEPPRES RI NOMOR 62/TK/TAHUN 2010</no_skep><tgl_skep>2010-12-01</tgl_skep></tanda_jasa></riwayat_tanda_jasa><riwayat_bahasa><bahasa><nama_bahasa>JAWA</nama_bahasa><keterangan>AKTIF</keterangan></bahasa><bahasa><nama_bahasa>INGGRIS</nama_bahasa><keterangan>PASIF</keterangan></bahasa></riwayat_bahasa><riwayat_keluarga><keluarga><nama_keluarga>Dra. RETNO WIDYASTUTI</nama_keluarga><jenis_kelamin>PEREMPUAN</jenis_kelamin><tgl_lahir>1961-01-11</tgl_lahir><hubungan>ISTRI</hubungan></keluarga><keluarga><nama_keluarga>BRAMANDA WIRATAMA</nama_keluarga><jenis_kelamin>LAKI-LAKI</jenis_kelamin><tgl_lahir>1993-01-20</tgl_lahir><hubungan>ANAK</hubungan></keluarga><keluarga><nama_keluarga>HANIF RAHARDIAN</nama_keluarga><jenis_kelamin>LAKI-LAKI</jenis_kelamin><tgl_lahir>1997-02-22</tgl_lahir><hubungan>ANAK</hubungan></keluarga></riwayat_keluarga></personil_kemhan>
