<personil_kemhan><nopeg>196311131990032001</nopeg><nip>030207085</nip><nrp_nip>196311131990032001</nrp_nip><nama>NINIK RUMANINGSIH</nama><gelar>S.E.</gelar><tempat_lahir>Blora</tempat_lahir><tgl_lahir>1963-11-13</tgl_lahir><jenis_kelamin>PEREMPUAN</jenis_kelamin><unit_organisasi>U.O. KEMHAN</unit_organisasi><jenis_personil>PNS</jenis_personil><pangkat>PENATA TK.I III/D</pangkat><pangkat_corps>PENATA TK.I III/D </pangkat_corps><tmt_pangkat>2013-04-01</tmt_pangkat><angkatan_korps>PNS</angkatan_korps><sumber_pa_gol_3>UJIAN DINAS</sumber_pa_gol_3><kategori_pangkat>III/D</kategori_pangkat><jabatan>PENYUSUN BAHAN HARMONISASI &quot;B&quot; SI HARMONISASI &quot;B&quot; SUBDIT HARMONISASI DIREKTORAT PERATURAN PERUU</jabatan><satker>DITJEN STRAHAN KEMHAN</satker><kode_jabatan>ANGGOTA</kode_jabatan><tmt_jabatan>2014-12-31</tmt_jabatan><eselon_jabatan>99</eselon_jabatan><kategori>ORGANIK</kategori><tmt_tni>1991-10-01</tmt_tni><tmt_kemhan>1990-03-01</tmt_kemhan><agama>ISLAM</agama><file_foto_1>foto/196311131990032001.jpg</file_foto_1><file_foto_2>foto/030207085.jpg</file_foto_2><riwayat_pangkat><pangkat><pangkat>CAPEG II/B</pangkat><tmt_pkt>1990-03-01</tmt_pkt><no_skep>SKEP/1053/VI/1990</no_skep><tgl_skep>1990-06-06</tgl_skep></pangkat><pangkat><pangkat>PENGATUR MUDA TK.I  II/B</pangkat><tmt_pkt>1991-10-01</tmt_pkt><no_skep>SKEP/1807/X/1991</no_skep><tgl_skep>1991-09-25</tgl_skep></pangkat><pangkat><pangkat>PENGATUR II/C</pangkat><tmt_pkt>1993-04-01</tmt_pkt><no_skep>03-09/03243/KEP/IV/1993</no_skep><tgl_skep>1993-04-01</tgl_skep></pangkat><pangkat><pangkat>PENGATUR TK.I II/D</pangkat><tmt_pkt>1997-04-01</tmt_pkt><no_skep>03-09/00004/KEP/IV/1997</no_skep><tgl_skep>1997-04-01</tgl_skep></pangkat><pangkat><pangkat>PENATA MUDA III/A</pangkat><tmt_pkt>2001-04-01</tmt_pkt><no_skep>SKEP/554/VIII/2001</no_skep><tgl_skep>2001-08-16</tgl_skep></pangkat><pangkat><pangkat>PENATA MUDA TK.I III/B</pangkat><tmt_pkt>2005-04-01</tmt_pkt><no_skep>SKEP/160/III/2005</no_skep><tgl_skep>2005-03-14</tgl_skep></pangkat><pangkat><pangkat>PENATA III/C</pangkat><tmt_pkt>2009-04-01</tmt_pkt><no_skep>KEP MENHAN NOMOR : KEP/34/III/2009</no_skep><tgl_skep>2009-04-01</tgl_skep></pangkat><pangkat><pangkat>PENATA TK.I III/D</pangkat><tmt_pkt>2013-04-01</tmt_pkt><no_skep>KEP/271/III/2013</no_skep><tgl_skep>2013-04-01</tgl_skep></pangkat></riwayat_pangkat><riwayat_jabatan><jabatan><jabatan>TURPROD FILM/SLIDE VIDEO BAGPENMAS ROHUMASKERMALUGRI</jabatan><tmt_jab>1989-09-17</tmt_jab><no_skep>SKEP/1136/IX/1998</no_skep><tgl_skep>1998-09-01</tgl_skep></jabatan><jabatan><jabatan>TURMIN SUBBAGTAKA BAGBITTAKA ROHUMAS</jabatan><tmt_jab>2001-03-01</tmt_jab><no_skep>SKEP/263/III/2001</no_skep><tgl_skep>2001-03-22</tgl_skep></jabatan><jabatan><jabatan>ASISTEN PUSTAKAWAN MUDA</jabatan><tmt_jab>2002-11-01</tmt_jab><no_skep>SKEP/1794/XI/2002</no_skep><tgl_skep>2002-11-27</tgl_skep></jabatan><jabatan><jabatan>Anggota Subbag Perpustakaan DokBitak Rohumas Setjen Dephan</jabatan><tmt_jab>2005-04-01</tmt_jab><no_skep>SKEP/267/IV/2005</no_skep><tgl_skep>2005-04-08</tgl_skep></jabatan><jabatan><jabatan>Kasubbag Penerbitan Dokbittaka Rohumas Setjen Dephan</jabatan><tmt_jab>2010-03-05</tmt_jab><no_skep>KEP MENHAN NO : KEP/128/III/2010</no_skep><tgl_skep>2010-03-04</tgl_skep></jabatan><jabatan><jabatan>KASUBBAG DOKTAKA BAG TU PUSKOMPUBLIK KEMHAN</jabatan><tmt_jab>2010-09-28</tmt_jab><no_skep>KEP/685/IX/2010</no_skep><tgl_skep>2010-09-30</tgl_skep></jabatan><jabatan><jabatan>KASUBBAG DOKTAKA BAG TU PUSKOMPUBLIK KEMHAN</jabatan><tmt_jab>2010-09-28</tmt_jab><no_skep>KEP MENHAN NOMOR : KEP/685/IX/2010</no_skep><tgl_skep>2010-09-30</tgl_skep></jabatan><jabatan><jabatan>PENYUSUN BAHAN DOKUMENTASI DAN PERPUSTAKAAN BAG TU PUSKOMPUBLIK KEMHAN</jabatan><tmt_jab>2011-02-07</tmt_jab><no_skep>KEP MENHAN NOMOR : KEP/93/II/2011</no_skep><tgl_skep>2011-02-10</tgl_skep></jabatan><jabatan><jabatan>PENYUSUN BAHAN DOKUMENTASI DAN PERPUSTAKAAN SUBBAG DOKTAKA PUSKOMPUBLIK KEMHAN</jabatan><tmt_jab>2011-04-01</tmt_jab><no_skep>KEP/296/IV/2011</no_skep><tgl_skep>2011-04-19</tgl_skep></jabatan><jabatan><jabatan>PENYUSUN BAHAN PROGLAP SUBBAG PROGLAP BAG TU PUSKOMPUBLIK KEMHAN</jabatan><tmt_jab>2012-09-27</tmt_jab><no_skep>KEP/799/IX/2012</no_skep><tgl_skep>2012-09-28</tgl_skep></jabatan><jabatan><jabatan>PENYUSUN BAHAN KESRA SIKESRA SUBDIT LAHKUMHAN DIT KUMSTRA DITJEN STRAHAN KEMHAN</jabatan><tmt_jab>2013-01-16</tmt_jab><no_skep>KEP/49/I/2013</no_skep><tgl_skep>2013-01-17</tgl_skep></jabatan><jabatan><jabatan>PENYUSUN BAHAN HARMONISASI &quot;B&quot; SI HARMONISASI &quot;B&quot; SUBDIT HARMONISASI DIREKTORAT PERATURAN PERUU DITJEN STRAHAN KEMHAN</jabatan><tmt_jab>2014-12-31</tmt_jab><no_skep>KEP/1494/XII/2014</no_skep><tgl_skep>2014-12-18</tgl_skep></jabatan></riwayat_jabatan><riwayat_pendidikan><pendidikan_umum><pendidikan><nama_dik>SEKOLAH DASAR</nama_dik><tahun_lulus>1976</tahun_lulus></pendidikan><pendidikan><nama_dik>SEKOLAH LANJUTAN TINGKAT PERTAMA (SLTP)</nama_dik><tahun_lulus>1979</tahun_lulus></pendidikan><pendidikan><nama_dik>SEKOLAH LANJUTAN TINGKAT ATAS (SLTA)</nama_dik><tahun_lulus>1983</tahun_lulus></pendidikan><pendidikan><nama_dik>SARJANA MUDA (D.III)</nama_dik><tahun_lulus>1986</tahun_lulus></pendidikan><pendidikan><nama_dik>SARJANA (S1)</nama_dik><tahun_lulus>2010</tahun_lulus></pendidikan></pendidikan_umum><pendidikan_pembentukan><pendidikan><nama_dik>LATPRAJAB TK I</nama_dik><tahun_lulus>1990</tahun_lulus></pendidikan><pendidikan><nama_dik>SUS MINU TK. III</nama_dik><tahun_lulus>1991</tahun_lulus></pendidikan><pendidikan><nama_dik>SUS MIKRO KOMPUTER</nama_dik><tahun_lulus>1999</tahun_lulus></pendidikan><pendidikan><nama_dik>ADUM</nama_dik><tahun_lulus>2000</tahun_lulus></pendidikan><pendidikan><nama_dik>PENYETARAAN PERPUSTAKAAN</nama_dik><tahun_lulus>2002</tahun_lulus></pendidikan></pendidikan_pembentukan></riwayat_pendidikan><riwayat_penugasan></riwayat_penugasan><riwayat_tanda_jasa><tanda_jasa><nama_tanda_jasa>SATYALANCANA KARYA SATYA X TAHUN</nama_tanda_jasa><no_skep>040/TK/THN 2003</no_skep></tanda_jasa></riwayat_tanda_jasa><riwayat_bahasa><bahasa><nama_bahasa>JAWA</nama_bahasa><keterangan>AKTIF</keterangan></bahasa><bahasa><nama_bahasa>INDONESIA</nama_bahasa><keterangan>AKTIF</keterangan></bahasa></riwayat_bahasa><riwayat_keluarga><keluarga><nama_keluarga>IWAN HERAWAN PERMANA</nama_keluarga><jenis_kelamin>LAKI-LAKI</jenis_kelamin><tgl_lahir>1967-04-13</tgl_lahir><hubungan>SUAMI</hubungan></keluarga><keluarga><nama_keluarga>RYAN SETYA PERMANA</nama_keluarga><jenis_kelamin>LAKI-LAKI</jenis_kelamin><tgl_lahir>1992-09-26</tgl_lahir><hubungan>ANAK</hubungan></keluarga><keluarga><nama_keluarga>HIKMA RIDHO RAMADHAN</nama_keluarga><jenis_kelamin>LAKI-LAKI</jenis_kelamin><tgl_lahir>1999-01-15</tgl_lahir><hubungan>ANAK</hubungan></keluarga></riwayat_keluarga></personil_kemhan>
