<personil_kemhan><nopeg>196806121993031001</nopeg><nip>030222917</nip><nrp_nip>196806121993031001</nrp_nip><nama>HENDRI KUSPARIYANTO</nama><tempat_lahir>Jakarta</tempat_lahir><tgl_lahir>1968-06-12</tgl_lahir><jenis_kelamin>LAKI-LAKI</jenis_kelamin><unit_organisasi>U.O. KEMHAN</unit_organisasi><jenis_personil>PNS</jenis_personil><pangkat>PENGATUR TK.I II/D</pangkat><pangkat_corps>PENGATUR TK.I II/D </pangkat_corps><tmt_pangkat>2007-02-01</tmt_pangkat><angkatan_korps>PNS</angkatan_korps><kategori_pangkat>II/C</kategori_pangkat><jabatan>Pemadam Kebakaran Subbagpampersmat Bagpam</jabatan><satker>ROUM SETJEN KEMHAN</satker><kode_jabatan>ANGGOTA</kode_jabatan><tmt_jabatan>2014-12-31</tmt_jabatan><eselon_jabatan>99</eselon_jabatan><kategori>ORGANIK</kategori><tmt_tni>1994-12-01</tmt_tni><agama>ISLAM</agama><file_foto_1>foto/196806121993031001.jpg</file_foto_1><file_foto_2>foto/030222917.jpg</file_foto_2><riwayat_pangkat><pangkat><pangkat>PENGATUR MUDA II/A</pangkat><tmt_pkt>1993-03-01</tmt_pkt><no_skep>SKEP/1937/VII/1993</no_skep><tgl_skep>1993-03-31</tgl_skep></pangkat><pangkat><pangkat>PENGATUR MUDA TK.I  II/B</pangkat><tmt_pkt>2000-04-01</tmt_pkt><no_skep>SKEP/04/III/2000</no_skep><tgl_skep>2000-03-27</tgl_skep></pangkat><pangkat><pangkat>PENGATUR II/C</pangkat><tmt_pkt>2004-04-01</tmt_pkt><no_skep>SKEP/98/II/2004</no_skep><tgl_skep>2004-02-26</tgl_skep></pangkat><pangkat><pangkat>PENGATUR TK.I II/D</pangkat><tmt_pkt>2007-02-01</tmt_pkt><no_skep>SKEP/152/III/2007</no_skep><tgl_skep>2007-03-06</tgl_skep></pangkat></riwayat_pangkat><riwayat_jabatan><jabatan><jabatan>ANGGOTA SATKAM SUBABGURDAL BAGRUMGA ROUM SETJEN DH</jabatan><tmt_jab>1899-12-30</tmt_jab><tgl_skep>1899-12-30</tgl_skep></jabatan><jabatan><jabatan>PENGATUR TASKAR SUBBAGURDAL BAGRUMGA ROUM SETJEN</jabatan><tmt_jab>2000-06-01</tmt_jab><no_skep>SKEP/358/V/2000</no_skep><tgl_skep>2000-05-30</tgl_skep></jabatan><jabatan><jabatan>Anggota Subbag Pampersmat Bagpam Roum Setjen Dephan</jabatan><tmt_jab>2000-10-01</tmt_jab><tgl_skep>2000-10-01</tgl_skep></jabatan><jabatan><jabatan>Anggota Satkam Bagpam Roum Setjen Dephan</jabatan><tmt_jab>2000-10-01</tmt_jab><tgl_skep>2000-10-01</tgl_skep></jabatan><jabatan><jabatan>TURKAMKAN SUBBAGPAMKAN BAGPAM</jabatan><tmt_jab>2001-03-01</tmt_jab><no_skep>SKEP/305/IV/2001</no_skep><tgl_skep>2001-04-03</tgl_skep></jabatan><jabatan><jabatan>Pemadam Kebakaran Subbagpampersmat Bagpam</jabatan><tmt_jab>2010-07-27</tmt_jab><no_skep>KEP/553/VII/2010</no_skep><tgl_skep>2010-07-28</tgl_skep></jabatan><jabatan><jabatan>PETUGAS PEMADAM KEBAKARAN SUBBAG PAMPERSMAT BAGPAM</jabatan><tmt_jab>2014-12-31</tmt_jab><no_skep>KEP/1484/XIV/2014</no_skep><tgl_skep>2014-12-18</tgl_skep></jabatan></riwayat_jabatan><riwayat_pendidikan><pendidikan_umum><pendidikan><nama_dik>SEKOLAH DASAR</nama_dik><tahun_lulus>1985</tahun_lulus></pendidikan><pendidikan><nama_dik>SEKOLAH LANJUTAN TINGKAT PERTAMA (SLTP)</nama_dik><tahun_lulus>1987</tahun_lulus></pendidikan><pendidikan><nama_dik>SEKOLAH LANJUTAN TINGKAT ATAS (SLTA)</nama_dik><tahun_lulus>1988</tahun_lulus></pendidikan></pendidikan_umum><pendidikan_pembentukan><pendidikan><nama_dik>SUS SATKAM</nama_dik><tahun_lulus>2000</tahun_lulus></pendidikan></pendidikan_pembentukan></riwayat_pendidikan><riwayat_penugasan></riwayat_penugasan><riwayat_tanda_jasa><tanda_jasa><nama_tanda_jasa>SATYALANCANA KARYA SATYA X TAHUN</nama_tanda_jasa><no_skep>KEPRES/023/TK/2007</no_skep><tgl_skep>2007-06-07</tgl_skep></tanda_jasa></riwayat_tanda_jasa><riwayat_bahasa><bahasa><nama_bahasa>JAWA</nama_bahasa><keterangan>AKTIF</keterangan></bahasa><bahasa><nama_bahasa>INGGRIS</nama_bahasa><keterangan>PASIF</keterangan></bahasa></riwayat_bahasa><riwayat_keluarga><keluarga><nama_keluarga>RINI SUPARIYANTI</nama_keluarga><jenis_kelamin>PEREMPUAN</jenis_kelamin><tgl_lahir>1973-04-24</tgl_lahir><hubungan>ISTRI</hubungan></keluarga><keluarga><nama_keluarga>ARIF RIYANTO</nama_keluarga><jenis_kelamin>LAKI-LAKI</jenis_kelamin><tgl_lahir>1997-04-25</tgl_lahir><hubungan>ANAK</hubungan></keluarga><keluarga><nama_keluarga>AJENG ANANDASARI</nama_keluarga><jenis_kelamin>PEREMPUAN</jenis_kelamin><tgl_lahir>2000-04-01</tgl_lahir><hubungan>ANAK</hubungan></keluarga></riwayat_keluarga></personil_kemhan>
