<personil_kemhan><nopeg>195803071982031002</nopeg><nip>030164773</nip><nrp_nip>195803071982031002</nrp_nip><nama>KRIYANTO</nama><tempat_lahir>Purworejo</tempat_lahir><tgl_lahir>1958-03-07</tgl_lahir><jenis_kelamin>LAKI-LAKI</jenis_kelamin><unit_organisasi>U.O. KEMHAN</unit_organisasi><jenis_personil>PNS</jenis_personil><pangkat>PENATA III/C</pangkat><pangkat_corps>PENATA III/C </pangkat_corps><tmt_pangkat>2007-10-01</tmt_pangkat><angkatan_korps>PNS</angkatan_korps><sumber_pa_gol_3>UJIAN DINAS</sumber_pa_gol_3><tmt_pa_gol_3>1998-04-01</tmt_pa_gol_3><kategori_pangkat>III/C</kategori_pangkat><jabatan>PENGOLAH BAHAN TAKAHDIS SUBBAGTAKAHDIS BAG MINU</jabatan><satker>ROTU SETJEN KEMHAN</satker><kode_jabatan>ANGGOTA</kode_jabatan><tmt_jabatan>2014-12-31</tmt_jabatan><eselon_jabatan>99</eselon_jabatan><kategori>ORGANIK</kategori><tmt_tni>1983-07-01</tmt_tni><tmt_kemhan>1984-03-17</tmt_kemhan><agama>ISLAM</agama><file_foto_1>foto/195803071982031002.jpg</file_foto_1><file_foto_2>foto/030164773.jpg</file_foto_2><riwayat_pangkat><pangkat><pangkat>CAPEG I/B</pangkat><tmt_pkt>1978-02-01</tmt_pkt><no_skep>SKEP/02/I/1978/SET</no_skep><tgl_skep>1978-01-26</tgl_skep></pangkat><pangkat><pangkat>CAPEG II/A</pangkat><tmt_pkt>1982-03-01</tmt_pkt><no_skep>SKEP/1620/VII/1982</no_skep><tgl_skep>1982-08-28</tgl_skep></pangkat><pangkat><pangkat>PENGATUR MUDA II/A</pangkat><tmt_pkt>1983-07-01</tmt_pkt><no_skep>SKEP/2185/VI/1983</no_skep><tgl_skep>1983-06-30</tgl_skep></pangkat><pangkat><pangkat>PENGATUR MUDA TK.I  II/B</pangkat><tmt_pkt>1986-04-01</tmt_pkt><no_skep>SKEP/1209/VIII/1986</no_skep><tgl_skep>1986-08-04</tgl_skep></pangkat><pangkat><pangkat>PENGATUR II/C</pangkat><tmt_pkt>1990-04-01</tmt_pkt><no_skep>SKEP/918/V/1990</no_skep><tgl_skep>1990-05-25</tgl_skep></pangkat><pangkat><pangkat>PENGATUR TK.I II/D</pangkat><tmt_pkt>1994-04-01</tmt_pkt><no_skep>SKEP/03-09/00782/KEP/IV/1994</no_skep><tgl_skep>1994-02-15</tgl_skep></pangkat><pangkat><pangkat>PENATA MUDA III/A</pangkat><tmt_pkt>1998-04-01</tmt_pkt><no_skep>SKEP/180/IV/1998</no_skep><tgl_skep>1998-04-13</tgl_skep></pangkat><pangkat><pangkat>PENATA MUDA TK.I III/B</pangkat><tmt_pkt>2002-04-01</tmt_pkt><no_skep>SKEP/718/VII/2002</no_skep><tgl_skep>2002-06-19</tgl_skep></pangkat><pangkat><tmt_pkt>2007-04-01</tmt_pkt></pangkat><pangkat><pangkat>PENATA III/C</pangkat><tmt_pkt>2007-10-01</tmt_pkt><no_skep>SKEP/657/VIII/2007</no_skep><tgl_skep>2007-08-24</tgl_skep></pangkat></riwayat_pangkat><riwayat_jabatan><jabatan><jabatan>PEMB URUSAN PERSONIL SETUM HANKAM</jabatan><tmt_jab>1978-02-01</tmt_jab><no_skep>SKEP/021/I/78/SET</no_skep><tgl_skep>1978-01-26</tgl_skep></jabatan><jabatan><jabatan>PEMB URUSAN EKSPEDISI/INTEREN RO REG BAG-II SETUM</jabatan><tmt_jab>1978-10-20</tmt_jab><no_skep>SKEP/43/X/78/SET</no_skep><tgl_skep>1978-10-30</tgl_skep></jabatan><jabatan><jabatan>PEMB URUSAN EKSPEDISI/INTEREN SUBBAG MINU BAG TU ROUM</jabatan><tmt_jab>1984-03-17</tmt_jab><no_skep>SPRIN/42/P/III/84/SET</no_skep><tgl_skep>1984-03-14</tgl_skep></jabatan><jabatan><jabatan>PSB TK.III/BANUM SUBBAG MINU BAG TU ROUM SETJEN DE</jabatan><tmt_jab>1996-06-03</tmt_jab><no_skep>SKEP/645/VII/1996</no_skep><tgl_skep>1996-07-03</tgl_skep></jabatan><jabatan><jabatan>PSB TK.III/DOK SUBBAG ARDOK BAG TU ROUM SETJEN DEP</jabatan><tmt_jab>1999-01-01</tmt_jab><no_skep>SKEP/26/I/1999</no_skep><tgl_skep>1999-01-15</tgl_skep></jabatan><jabatan><jabatan>PEMB SUBBAG TKII/LAI SUBBAG MINU BAGTU UMUM ROTU</jabatan><tmt_jab>2001-03-01</tmt_jab><no_skep>SKEP/260/III/2001</no_skep><tgl_skep>2001-03-22</tgl_skep></jabatan><jabatan><jabatan>AJUN ARSIPARIS MADYA</jabatan><tmt_jab>2001-03-01</tmt_jab><no_skep>SKEP/1016/III/2001</no_skep><tgl_skep>2001-12-24</tgl_skep></jabatan><jabatan><jabatan>ARSIPARIS PELAKSANA LANJUTAN BAG TUUM ROTU SETJEN</jabatan><tmt_jab>2005-04-01</tmt_jab><no_skep>SKEP/363/V/2005</no_skep><tgl_skep>2005-05-13</tgl_skep></jabatan><jabatan><jabatan>ARSIPARIS PELAKSANA LANJUTAN ROTU</jabatan><tmt_jab>2006-03-01</tmt_jab><no_skep>SPRIN/52/IV/2006</no_skep><tgl_skep>2006-04-24</tgl_skep></jabatan><jabatan><jabatan>ARSIPARIS PENYELIA ROTU</jabatan><tmt_jab>2007-04-01</tmt_jab><no_skep>SKEP/448/VI/2007</no_skep><tgl_skep>2007-06-11</tgl_skep></jabatan><jabatan><jabatan>PENGOLAH BAHAN TAKAHDISSIP SUBBAG TAKAHDIS BAG TAKAHDISSIP ROTU SETJEN KEMHAN</jabatan><tmt_jab>2011-04-01</tmt_jab><no_skep>KEP/282/IV/2011</no_skep><tgl_skep>2004-04-19</tgl_skep></jabatan><jabatan><jabatan>PENGOLAH BAHAN TAKAHDIS SUBBAGTAKAHDIS BAG MINU ROTU SETJEN KEMHAN</jabatan><tmt_jab>2014-12-31</tmt_jab><no_skep>KEP/1485/XII/2014</no_skep><tgl_skep>2014-12-18</tgl_skep></jabatan></riwayat_jabatan><riwayat_pendidikan><pendidikan_umum><pendidikan><nama_dik>SEKOLAH DASAR</nama_dik><tahun_lulus>1974</tahun_lulus></pendidikan><pendidikan><nama_dik>SEKOLAH TEHNIK</nama_dik><tahun_lulus>1977</tahun_lulus></pendidikan><pendidikan><nama_dik>KPAA</nama_dik><tahun_lulus>1981</tahun_lulus></pendidikan></pendidikan_umum><pendidikan_pembentukan><pendidikan><nama_dik>TAR P-4 25 JAM</nama_dik><tahun_lulus>1980</tahun_lulus></pendidikan><pendidikan><nama_dik>LATPRAJAB TK II</nama_dik><tahun_lulus>1983</tahun_lulus></pendidikan><pendidikan><nama_dik>ADUM</nama_dik><tahun_lulus>1998</tahun_lulus></pendidikan><pendidikan><nama_dik>SUS PA MINU HKM</nama_dik><tahun_lulus>1999</tahun_lulus></pendidikan></pendidikan_pembentukan></riwayat_pendidikan><riwayat_penugasan></riwayat_penugasan><riwayat_tanda_jasa><tanda_jasa><nama_tanda_jasa>SATYALANCANA KARYA SATYA X TAHUN</nama_tanda_jasa><no_skep>KEPPRES/065/TK/2001</no_skep><tgl_skep>2001-01-07</tgl_skep></tanda_jasa><tanda_jasa><nama_tanda_jasa>SATYALANCANA KARYA SATYA XX TAHUN</nama_tanda_jasa><no_skep>KEPPRES/040/TK/2003</no_skep><tgl_skep>2003-07-31</tgl_skep></tanda_jasa><tanda_jasa><nama_tanda_jasa>SATYALANCANA KARYA SATYA XXX TAHUN</nama_tanda_jasa><no_skep>KEPPRES/104/TK/2013</no_skep><tgl_skep>2013-12-30</tgl_skep></tanda_jasa></riwayat_tanda_jasa><riwayat_bahasa><bahasa><nama_bahasa>JAWA</nama_bahasa><keterangan>AKTIF</keterangan></bahasa><bahasa><nama_bahasa>INDONESIA</nama_bahasa><keterangan>AKTIF</keterangan></bahasa></riwayat_bahasa><riwayat_keluarga><keluarga><nama_keluarga>WASILAH</nama_keluarga><jenis_kelamin>PEREMPUAN</jenis_kelamin><tgl_lahir>1961-08-16</tgl_lahir><hubungan>ISTRI</hubungan></keluarga><keluarga><nama_keluarga>SIDIQ PRAYOGO WICAKSONO</nama_keluarga><jenis_kelamin>LAKI-LAKI</jenis_kelamin><tgl_lahir>1990-09-29</tgl_lahir><hubungan>ANAK</hubungan></keluarga><keluarga><nama_keluarga>RAHMA AMELIA PUTRI</nama_keluarga><jenis_kelamin>PEREMPUAN</jenis_kelamin><tgl_lahir>2000-10-20</tgl_lahir><hubungan>ANAK</hubungan></keluarga></riwayat_keluarga></personil_kemhan>
