<personil_kemhan><nopeg>196308121992031001</nopeg><nip>030217094</nip><nrp_nip>196308121992031001</nrp_nip><nama>ANANG PUJI UTAMA</nama><gelar>S.H., M.Si.</gelar><tempat_lahir>Kediri</tempat_lahir><tgl_lahir>1963-08-12</tgl_lahir><jenis_kelamin>LAKI-LAKI</jenis_kelamin><unit_organisasi>U.O. KEMHAN</unit_organisasi><jenis_personil>PNS</jenis_personil><pangkat>PEMBINA TK.I IV/B</pangkat><pangkat_corps>PEMBINA TK.I IV/B </pangkat_corps><tmt_pangkat>2012-04-01</tmt_pangkat><angkatan_korps>PNS</angkatan_korps><sumber_pa_gol_3>CAPEG SARJANA</sumber_pa_gol_3><tmt_pa_gol_3>1992-03-01</tmt_pa_gol_3><kategori_pangkat>IV/B</kategori_pangkat><jabatan> DIREKTUR TUR PER UU</jabatan><satker>DITJEN STRAHAN KEMHAN</satker><kode_jabatan>STRUKTURAL</kode_jabatan><tmt_jabatan>2015-01-19</tmt_jabatan><eselon_jabatan>II</eselon_jabatan><kategori>ORGANIK</kategori><tmt_tni>1992-03-01</tmt_tni><tmt_kemhan>1992-03-01</tmt_kemhan><agama>ISLAM</agama><file_foto_1>foto/196308121992031001.jpg</file_foto_1><file_foto_2>foto/030217094.jpg</file_foto_2><riwayat_pangkat><pangkat><pangkat>CAPEG III/A</pangkat><tmt_pkt>1992-03-01</tmt_pkt><no_skep>SKEP/679/VI/1992</no_skep><tgl_skep>1992-06-10</tgl_skep></pangkat><pangkat><pangkat>PENATA MUDA III/A</pangkat><tmt_pkt>1993-07-01</tmt_pkt><no_skep>SKEP/1634/VI/1993</no_skep><tgl_skep>1993-06-10</tgl_skep></pangkat><pangkat><pangkat>PENATA MUDA TK.I III/B</pangkat><tmt_pkt>1996-04-01</tmt_pkt><no_skep>SKEP/458/V/1996</no_skep><tgl_skep>1996-05-23</tgl_skep></pangkat><pangkat><pangkat>PENATA III/C</pangkat><tmt_pkt>2000-04-01</tmt_pkt><no_skep>SKEP/459/VI/2000</no_skep><tgl_skep>2000-06-26</tgl_skep></pangkat><pangkat><pangkat>PENATA TK.I III/D</pangkat><tmt_pkt>2004-04-01</tmt_pkt><no_skep>SKEP/106/II/2004</no_skep><tgl_skep>2004-02-27</tgl_skep></pangkat><pangkat><pangkat>PEMBINA IV/A</pangkat><tmt_pkt>2008-04-01</tmt_pkt><no_skep>SKEP/127/III/2008</no_skep><tgl_skep>2008-03-04</tgl_skep></pangkat><pangkat><pangkat>PEMBINA TK.I IV/B</pangkat><tmt_pkt>2012-04-01</tmt_pkt><no_skep>SPRIN/232/III/2012</no_skep><tgl_skep>2012-03-27</tgl_skep></pangkat></riwayat_pangkat><riwayat_jabatan><jabatan><jabatan>STAF BAG KUMIN ROKUM SETJEN DEPHAN</jabatan><tmt_jab>1992-03-01</tmt_jab><no_skep>SKEP/679/VI/1992</no_skep><tgl_skep>1993-12-15</tgl_skep></jabatan><jabatan><jabatan>PSB TK III/ INVENT BAG DOKINFOKUM SETJEN DEPHAN</jabatan><tmt_jab>1995-01-01</tmt_jab><no_skep>SKEP/44/I/1995</no_skep><tgl_skep>1997-12-19</tgl_skep></jabatan><jabatan><jabatan>PSB TK III/CANGPRODKUM BAG UNDANG ROKUM SETJEN DEPHAN</jabatan><tmt_jab>1999-03-01</tmt_jab><no_skep>SKEP/134/III/1999</no_skep><tgl_skep>1999-03-04</tgl_skep></jabatan><jabatan><jabatan>PS PEMB SUBBAG TK I/RENCANG SUBBAG RENCANG BAGUNDANG</jabatan><tmt_jab>2000-09-01</tmt_jab><no_skep>SKEP/863/VIII/2000</no_skep><tgl_skep>2000-08-31</tgl_skep></jabatan><jabatan><jabatan>PEMB SUBBAG TKI/RENLITKUMBIDHAN SUBBAGLITKUM BAGUNDANG</jabatan><tmt_jab>2001-03-01</tmt_jab><no_skep>SKEP/260/III/2001</no_skep><tgl_skep>2001-03-22</tgl_skep></jabatan><jabatan><jabatan>PS KASUBBAG RENLITKUM BAGUNDANG ROKUM</jabatan><tmt_jab>2001-07-01</tmt_jab><no_skep>SKEP/473/VII/2001</no_skep><tgl_skep>2001-07-19</tgl_skep></jabatan><jabatan><jabatan>KASUBBAGLITKUM BAG UNDANG ROKUM SETJEN</jabatan><tmt_jab>2003-07-17</tmt_jab><no_skep>SPRIN/040/VII/2003</no_skep><tgl_skep>2003-07-17</tgl_skep></jabatan><jabatan><jabatan>KASUBBAG RENMINRO BAGYANKUM</jabatan><tmt_jab>2003-10-01</tmt_jab><no_skep>SKEP/1454/X/2003</no_skep><tgl_skep>2003-10-03</tgl_skep></jabatan><jabatan><jabatan>KASUBDIT LAHKUMHAN DIT KUMSTRA DITJEN STRAHAN KEMHAN</jabatan><tmt_jab>2010-09-27</tmt_jab><no_skep>KEP/</no_skep><tgl_skep>2010-09-27</tgl_skep></jabatan><jabatan><jabatan>KASUBDIT PERATURAN DIT KUMSTRA DITJEN STRAHAN KEMHAN</jabatan><tmt_jab>2013-05-06</tmt_jab><no_skep>KEP/439/V/2013</no_skep><tgl_skep>2013-05-10</tgl_skep></jabatan><jabatan><jabatan> DIREKTUR TUR PER UU DITJEN STRAHAN KEMHAN</jabatan><tmt_jab>2015-01-19</tmt_jab><no_skep>KEP/172/M/II/2015</no_skep><tgl_skep>2015-02-20</tgl_skep></jabatan></riwayat_jabatan><riwayat_pendidikan><pendidikan_umum><pendidikan><nama_dik>SEKOLAH DASAR</nama_dik><tahun_lulus>1975</tahun_lulus></pendidikan><pendidikan><nama_dik>SEKOLAH LANJUTAN TINGKAT PERTAMA (SLTP)</nama_dik><tahun_lulus>1979</tahun_lulus></pendidikan><pendidikan><nama_dik>SEKOLAH LANJUTAN TINGKAT ATAS (SLTA)</nama_dik><tahun_lulus>1982</tahun_lulus></pendidikan><pendidikan><nama_dik>SARJANA (S1)</nama_dik><tahun_lulus>1988</tahun_lulus></pendidikan><pendidikan><nama_dik>PASCA SARJANA (S2)</nama_dik><tahun_lulus>2005</tahun_lulus></pendidikan></pendidikan_umum><pendidikan_pembentukan><pendidikan><nama_dik>TAR P-4 45 JAM</nama_dik><tahun_lulus>1992</tahun_lulus></pendidikan><pendidikan><nama_dik>LATPRAJAB TK.III</nama_dik><tahun_lulus>1993</tahun_lulus></pendidikan><pendidikan><nama_dik>PROGRAM PENDIDIKAN KEAHLIAN PERUNDANG-UNDANGAN</nama_dik><tahun_lulus>1994</tahun_lulus></pendidikan><pendidikan><nama_dik>TAR PPBN</nama_dik><tahun_lulus>1995</tahun_lulus></pendidikan><pendidikan><nama_dik>SUS PAM</nama_dik><tahun_lulus>1996</tahun_lulus></pendidikan><pendidikan><nama_dik>TAR P4 TERPADU</nama_dik><tahun_lulus>1996</tahun_lulus></pendidikan><pendidikan><nama_dik>ADUM</nama_dik><tahun_lulus>1998</tahun_lulus></pendidikan><pendidikan><nama_dik>SPAMA</nama_dik><tahun_lulus>2006</tahun_lulus></pendidikan></pendidikan_pembentukan></riwayat_pendidikan><riwayat_penugasan></riwayat_penugasan><riwayat_tanda_jasa><tanda_jasa><nama_tanda_jasa>SATYALANCANA KARYA SATYA X TAHUN</nama_tanda_jasa><no_skep>040/TK/TAHUN 2003</no_skep><tgl_skep>2003-07-31</tgl_skep></tanda_jasa></riwayat_tanda_jasa><riwayat_bahasa><bahasa><nama_bahasa>JAWA</nama_bahasa><keterangan>AKTIF</keterangan></bahasa><bahasa><nama_bahasa>INGGRIS</nama_bahasa><keterangan>PASIF</keterangan></bahasa><bahasa><nama_bahasa>INDONESIA</nama_bahasa><keterangan>AKTIF</keterangan></bahasa></riwayat_bahasa><riwayat_keluarga><keluarga><nama_keluarga>NURAINI PANGASTUTI</nama_keluarga><jenis_kelamin>PEREMPUAN</jenis_kelamin><tgl_lahir>1971-12-22</tgl_lahir><hubungan>ISTRI</hubungan></keluarga><keluarga><nama_keluarga>NAUFAL ADITAMA</nama_keluarga><jenis_kelamin>LAKI-LAKI</jenis_kelamin><tgl_lahir>2010-01-01</tgl_lahir><hubungan>ANAK</hubungan></keluarga></riwayat_keluarga></personil_kemhan>
