<personil_kemhan><nopeg>196301291983021001</nopeg><nip>030169952</nip><nrp_nip>196301291983021001</nrp_nip><nama>MARYANA</nama><tempat_lahir>Bantul</tempat_lahir><tgl_lahir>1963-01-29</tgl_lahir><jenis_kelamin>PEREMPUAN</jenis_kelamin><unit_organisasi>U.O. KEMHAN</unit_organisasi><jenis_personil>PNS</jenis_personil><pangkat>PENATA MUDA III/A</pangkat><pangkat_corps>PENATA MUDA III/A </pangkat_corps><tmt_pangkat>2012-04-01</tmt_pangkat><angkatan_korps>PNS</angkatan_korps><kategori_pangkat>III/A</kategori_pangkat><jabatan>PENGEMUDI AJP SUBBAG YANURDAL BAG RUMGA</jabatan><satker>ROUM SETJEN KEMHAN</satker><kode_jabatan>FUNGSIONAL</kode_jabatan><tmt_jabatan>2011-04-01</tmt_jabatan><eselon_jabatan>99</eselon_jabatan><kategori>ORGANIK</kategori><tmt_tni>1984-07-01</tmt_tni><agama>ISLAM</agama><file_foto_1>foto/196301291983021001.jpg</file_foto_1><file_foto_2>foto/030169952.jpg</file_foto_2><riwayat_pangkat><pangkat><pangkat>CAPEG I/B</pangkat><tmt_pkt>1983-02-01</tmt_pkt><no_skep>SKEP/1258/IV/1983</no_skep><tgl_skep>1983-04-01</tgl_skep></pangkat><pangkat><pangkat>JURU MUDA TK. I  I/B</pangkat><tmt_pkt>1984-07-01</tmt_pkt><no_skep>SKEP/1254/17/VI/1984</no_skep><tgl_skep>1984-06-01</tgl_skep></pangkat><pangkat><pangkat>JURU I/C</pangkat><tmt_pkt>1991-04-01</tmt_pkt><no_skep>03.09/01162/KEP/IV/1991</no_skep><tgl_skep>1991-04-01</tgl_skep></pangkat><pangkat><pangkat>PENGATUR MUDA II/A</pangkat><tmt_pkt>1994-04-01</tmt_pkt><no_skep>03.09/03403/KEP/IV/1994</no_skep><tgl_skep>1994-04-01</tgl_skep></pangkat><pangkat><pangkat>PENGATUR MUDA TK.I  II/B</pangkat><tmt_pkt>1998-04-01</tmt_pkt><no_skep>03.09/00007/KEP/IV/1998</no_skep><tgl_skep>1998-04-01</tgl_skep></pangkat><pangkat><pangkat>PENGATUR II/C</pangkat><tmt_pkt>2002-04-01</tmt_pkt><no_skep>SKEP/1288/IX/2002</no_skep><tgl_skep>2002-04-01</tgl_skep></pangkat><pangkat><pangkat>PENGATUR TK.I II/D</pangkat><tmt_pkt>2006-04-01</tmt_pkt><no_skep>SKEP/156/III/2006</no_skep><tgl_skep>2006-04-01</tgl_skep></pangkat><pangkat><pangkat>PENATA MUDA III/A</pangkat><tmt_pkt>2012-04-01</tmt_pkt><no_skep>SPRIN/232/III/2012</no_skep><tgl_skep>2012-03-27</tgl_skep></pangkat></riwayat_pangkat><riwayat_jabatan><jabatan><jabatan>PENGEMUDI JEMPUTAN PEG SUBBAYANUM BAGRUMGA ROUM SE</jabatan><tmt_jab>1899-12-30</tmt_jab><tgl_skep>1899-12-30</tgl_skep></jabatan><jabatan><jabatan>PENGEMUDI AJP SUBBAGYANUMURDAL BAGRUMGA ROUM SETJE</jabatan><tmt_jab>2001-03-01</tmt_jab><no_skep>SKEP/296/IV/2001</no_skep><tgl_skep>2001-04-03</tgl_skep></jabatan><jabatan><jabatan>PENGEMUDI AJP SUBBAG YANUM URDAL BAGRUMGA ROUM</jabatan><tmt_jab>2001-05-17</tmt_jab><no_skep>SPRIN/87/V/2001</no_skep><tgl_skep>2001-05-17</tgl_skep></jabatan><jabatan><jabatan>Anggota Subbag Yanum Urdal Bagrumga Roum Setjen Dephan</jabatan><tmt_jab>2007-06-01</tmt_jab><no_skep>SKEP/438/VI/2007</no_skep><tgl_skep>2007-06-08</tgl_skep></jabatan><jabatan><jabatan>PENGEMUDI SUBBAG YANUM URDAL BAG RUMGA ROUM SETJEN KEMHAN</jabatan><tmt_jab>2010-08-09</tmt_jab><no_skep>KEP/585/VIII/2010</no_skep><tgl_skep>2010-08-09</tgl_skep></jabatan><jabatan><jabatan>PENGEMUDI AJP SUBBAG YANURDAL BAG RUMGA ROUM SETJEN KEMHAN</jabatan><tmt_jab>2011-04-01</tmt_jab><no_skep>KEP/285/IV/2011</no_skep><tgl_skep>2011-04-19</tgl_skep></jabatan></riwayat_jabatan><riwayat_pendidikan><pendidikan_umum><pendidikan><nama_dik>SEKOLAH DASAR</nama_dik><tahun_lulus>1975</tahun_lulus></pendidikan><pendidikan><nama_dik>SEKOLAH LANJUTAN TINGKAT PERTAMA (SLTP)</nama_dik><tahun_lulus>1979</tahun_lulus></pendidikan><pendidikan><nama_dik>SEKOLAH LANJUTAN TINGKAT ATAS (SLTA)</nama_dik><tahun_lulus>1991</tahun_lulus></pendidikan></pendidikan_umum><pendidikan_pembentukan><pendidikan><nama_dik>Ujian Dinas Tk. I</nama_dik><tahun_lulus>2011</tahun_lulus></pendidikan></pendidikan_pembentukan></riwayat_pendidikan><riwayat_penugasan></riwayat_penugasan><riwayat_tanda_jasa></riwayat_tanda_jasa><riwayat_bahasa><bahasa><nama_bahasa>JAWA</nama_bahasa><keterangan>AKTIF</keterangan></bahasa><bahasa><nama_bahasa>INGGRIS</nama_bahasa><keterangan>PASIF</keterangan></bahasa><bahasa><nama_bahasa>INDONESIA</nama_bahasa><keterangan>AKTIF</keterangan></bahasa></riwayat_bahasa><riwayat_keluarga><keluarga><nama_keluarga>PARINI</nama_keluarga><jenis_kelamin>PEREMPUAN</jenis_kelamin><tgl_lahir>1967-01-29</tgl_lahir><hubungan>ISTRI</hubungan></keluarga><keluarga><nama_keluarga>JOKO FEBRIANTO</nama_keluarga><jenis_kelamin>LAKI-LAKI</jenis_kelamin><tgl_lahir>1988-02-04</tgl_lahir><hubungan>ANAK</hubungan></keluarga><keluarga><nama_keluarga>AGUS ARDIANTO</nama_keluarga><jenis_kelamin>LAKI-LAKI</jenis_kelamin><tgl_lahir>1999-08-20</tgl_lahir><hubungan>ANAK</hubungan></keluarga></riwayat_keluarga></personil_kemhan>
