<personil_kemhan><nopeg>196512031989032001</nopeg><nip>030202404</nip><nrp_nip>196512031989032001</nrp_nip><nama>FLORA SIALLAGAN</nama><tempat_lahir>Sipolha</tempat_lahir><tgl_lahir>1965-12-03</tgl_lahir><jenis_kelamin>PEREMPUAN</jenis_kelamin><unit_organisasi>U.O. KEMHAN</unit_organisasi><jenis_personil>PNS</jenis_personil><pangkat>PENATA TK.I III/D</pangkat><pangkat_corps>PENATA TK.I III/D </pangkat_corps><tmt_pangkat>2015-10-01</tmt_pangkat><angkatan_korps>PNS</angkatan_korps><sumber_pa_gol_3>REGULAR</sumber_pa_gol_3><tmt_pa_gol_3>2004-03-01</tmt_pa_gol_3><kategori_pangkat>III/D</kategori_pangkat><jabatan>ARSIPARIS PENYELIA</jabatan><satker>SET DITJEN STRAHAN KEMHAN</satker><kode_jabatan>FUNGSIONAL</kode_jabatan><tmt_jabatan>2010-06-15</tmt_jabatan><eselon_jabatan>99</eselon_jabatan><kategori>ORGANIK</kategori><tmt_tni>1990-04-07</tmt_tni><tmt_kemhan>1989-03-01</tmt_kemhan><agama>PROTESTAN</agama><file_foto_1>foto/196512031989032001.jpg</file_foto_1><file_foto_2>foto/030202404.jpg</file_foto_2><riwayat_pangkat><pangkat><pangkat>CAPEG II/A</pangkat><tmt_pkt>1989-03-01</tmt_pkt><no_skep>SKEP/866/V/1989</no_skep><tgl_skep>1989-05-23</tgl_skep></pangkat><pangkat><pangkat>PENGATUR MUDA II/A</pangkat><tmt_pkt>1990-04-01</tmt_pkt><no_skep>SKEP/448/IV/1990</no_skep><tgl_skep>1990-04-11</tgl_skep></pangkat><pangkat><pangkat>PENGATUR MUDA TK.I  II/B</pangkat><tmt_pkt>1992-04-01</tmt_pkt><no_skep>03-09/00799/KEP/IV/1992</no_skep><tgl_skep>1992-04-25</tgl_skep></pangkat><pangkat><pangkat>PENGATUR II/C</pangkat><tmt_pkt>1996-04-01</tmt_pkt><no_skep>03-09/00017/KEP/IV/1996</no_skep><tgl_skep>1996-05-02</tgl_skep></pangkat><pangkat><pangkat>PENGATUR TK.I II/D</pangkat><tmt_pkt>2000-04-01</tmt_pkt><no_skep>03-0900/016/KEP/IV/2000</no_skep><tgl_skep>2000-06-12</tgl_skep></pangkat><pangkat><pangkat>PENATA MUDA III/A</pangkat><tmt_pkt>2004-04-01</tmt_pkt><no_skep>SKEP/84/III/2004</no_skep><tgl_skep>2004-03-20</tgl_skep></pangkat><pangkat><pangkat>PENATA MUDA TK.I III/B</pangkat><tmt_pkt>2007-10-01</tmt_pkt><no_skep>SKEP/657/VIII/2007</no_skep><tgl_skep>2007-08-24</tgl_skep></pangkat><pangkat><pangkat>PENATA III/C</pangkat><tmt_pkt>2011-04-01</tmt_pkt><no_skep>KEP/225/III/2011</no_skep><tgl_skep>2011-03-31</tgl_skep></pangkat><pangkat><pangkat>PENATA TK.I III/D</pangkat><tmt_pkt>2015-10-01</tmt_pkt><no_skep>KEP/841/IX/2015</no_skep><tgl_skep>2015-09-10</tgl_skep></pangkat></riwayat_pangkat><riwayat_jabatan><jabatan><jabatan>TURMIN PRODUKSI SUBBAG PROD BAG TU ROUM SETJEN</jabatan><tmt_jab>1989-09-01</tmt_jab><no_skep>SKEP/1122/IX/1989</no_skep><tgl_skep>1989-11-14</tgl_skep></jabatan><jabatan><jabatan>TURTIK/OPRKOMP SUBBAG PRODGANDA BAG TU UM ROTU</jabatan><tmt_jab>2001-03-01</tmt_jab><no_skep>SKEP/250/III/2001</no_skep><tgl_skep>2001-03-21</tgl_skep></jabatan><jabatan><jabatan>ARSIPARIS PELAKSANA PADA SUBBAG PROD BAGMINU ROTU SETJEN KEMHAN</jabatan><tmt_jab>2005-09-01</tmt_jab><no_skep>SKEP/790/IX/2005</no_skep><tgl_skep>2005-09-12</tgl_skep></jabatan><jabatan><jabatan>Arsiparis Pelaksana Lanjutan Set Ditjen Strahan</jabatan><tmt_jab>2009-08-07</tmt_jab><no_skep>SPRIN/1335/VIII/2009</no_skep><tgl_skep>2009-08-07</tgl_skep></jabatan><jabatan><jabatan>ARSIPARIS PENYELIA  SET DITJEN STRAHAN KEMHAN</jabatan><tmt_jab>2010-06-15</tmt_jab><no_skep>KEP/408/VI/2010</no_skep><tgl_skep>2010-06-23</tgl_skep></jabatan></riwayat_jabatan><riwayat_pendidikan><pendidikan_umum><pendidikan><nama_dik>SEKOLAH DASAR</nama_dik><tahun_lulus>1977</tahun_lulus></pendidikan><pendidikan><nama_dik>SEKOLAH MENENGAH PERTAMA (SMP)</nama_dik><tahun_lulus>1981</tahun_lulus></pendidikan><pendidikan><nama_dik>SMEA</nama_dik><tahun_lulus>1985</tahun_lulus></pendidikan></pendidikan_umum><pendidikan_pembentukan><pendidikan><nama_dik>SUS OPR KOMPUTER</nama_dik><tahun_lulus>1990</tahun_lulus></pendidikan><pendidikan><nama_dik>LATPRAJAB TK. II</nama_dik><tahun_lulus>1990</tahun_lulus></pendidikan><pendidikan><nama_dik>TAR P4</nama_dik><tahun_lulus>1990</tahun_lulus></pendidikan><pendidikan><nama_dik>UJIAN DINAS TK II</nama_dik><tahun_lulus>2002</tahun_lulus></pendidikan></pendidikan_pembentukan></riwayat_pendidikan><riwayat_penugasan></riwayat_penugasan><riwayat_tanda_jasa><tanda_jasa><nama_tanda_jasa>SATYALANCANA KARYA SATYA X TAHUN</nama_tanda_jasa><no_skep>KEPPRES/065/TK/TAHUN2001</no_skep></tanda_jasa></riwayat_tanda_jasa><riwayat_bahasa><bahasa><nama_bahasa>INGGRIS</nama_bahasa><keterangan>PASIF</keterangan></bahasa><bahasa><nama_bahasa>BATAK KARO</nama_bahasa><keterangan>AKTIF</keterangan></bahasa></riwayat_bahasa><riwayat_keluarga><keluarga><nama_keluarga>ZONNER MANULANG</nama_keluarga><jenis_kelamin>LAKI-LAKI</jenis_kelamin><tgl_lahir>1962-04-29</tgl_lahir><hubungan>SUAMI</hubungan></keluarga><keluarga><nama_keluarga>SAMUEL JONATHAN</nama_keluarga><jenis_kelamin>LAKI-LAKI</jenis_kelamin><tgl_lahir>1998-05-01</tgl_lahir><hubungan>ANAK</hubungan></keluarga></riwayat_keluarga></personil_kemhan>
