<personil_kemhan><nopeg>197002091990031004</nopeg><nip>030207967</nip><nrp_nip>197002091990031004</nrp_nip><nama>Indrawan</nama><gelar>S.Pd.</gelar><tempat_lahir>Jakarta</tempat_lahir><tgl_lahir>1970-02-09</tgl_lahir><jenis_kelamin>LAKI-LAKI</jenis_kelamin><unit_organisasi>U.O. KEMHAN</unit_organisasi><jenis_personil>PNS</jenis_personil><pangkat>PENATA TK.I III/D</pangkat><pangkat_corps>PENATA TK.I III/D </pangkat_corps><tmt_pangkat>2011-04-01</tmt_pangkat><angkatan_korps>PNS</angkatan_korps><kategori_pangkat>III/D</kategori_pangkat><jabatan>KASI OP SUBDIT OI</jabatan><satker>DIT ANSTRA DITJEN STRAHAN KEMHAN</satker><kode_jabatan>STRUKTURAL</kode_jabatan><tmt_jabatan>2013-06-03</tmt_jabatan><eselon_jabatan>IV</eselon_jabatan><kategori>ORGANIK</kategori><tmt_tni>1991-08-01</tmt_tni><agama>ISLAM</agama><file_foto_1>foto/197002091990031004.jpg</file_foto_1><file_foto_2>foto/030207967.jpg</file_foto_2><riwayat_pangkat><pangkat><pangkat>CAPEG II/A</pangkat><tmt_pkt>1990-03-01</tmt_pkt><no_skep>SKEP/1058/VI/1990</no_skep><tgl_skep>1990-06-06</tgl_skep></pangkat><pangkat><pangkat>PENGATUR MUDA II/A</pangkat><tmt_pkt>1991-08-01</tmt_pkt><no_skep>SKEP/1260/VII/1991</no_skep><tgl_skep>1991-07-23</tgl_skep></pangkat><pangkat><pangkat>PENGATUR MUDA TK.I  II/B</pangkat><tmt_pkt>1994-04-01</tmt_pkt><no_skep>03-09/02559/KEP/IV/1994</no_skep><tgl_skep>1994-04-13</tgl_skep></pangkat><pangkat><pangkat>PENGATUR II/C</pangkat><tmt_pkt>1998-04-01</tmt_pkt><no_skep>03-09/00010/KEP/IV/1998</no_skep><tgl_skep>1998-03-26</tgl_skep></pangkat><pangkat><pangkat>PENATA MUDA III/A</pangkat><tmt_pkt>1999-04-01</tmt_pkt><no_skep>SKEP/446/V/1999</no_skep><tgl_skep>1999-05-27</tgl_skep></pangkat><pangkat><pangkat>PENATA MUDA TK.I III/B</pangkat><tmt_pkt>2003-04-01</tmt_pkt><no_skep>SKEP/654/V/2003</no_skep><tgl_skep>2003-05-07</tgl_skep></pangkat><pangkat><pangkat>PENATA III/C</pangkat><tmt_pkt>2007-04-01</tmt_pkt><no_skep>SKEP/153/III/2007</no_skep><tgl_skep>2007-03-06</tgl_skep></pangkat><pangkat><pangkat>PENATA TK.I III/D</pangkat><tmt_pkt>2011-04-01</tmt_pkt><no_skep>KEP/225/III/2011</no_skep><tgl_skep>2011-03-31</tgl_skep></pangkat></riwayat_pangkat><riwayat_jabatan><jabatan><jabatan>PSB TK II/PERMIN SUBBAG PANDISI BAG BEKHAR</jabatan><tmt_jab>1899-12-30</tmt_jab><no_skep>SKEP/78/V/2001</no_skep><tgl_skep>2001-05-15</tgl_skep></jabatan><jabatan><jabatan>PSB TK III/GUD PERMIN SUBBAG PANDISI BAG BEKHAR</jabatan><tmt_jab>2000-10-01</tmt_jab><no_skep>SKEP/998/X/2000</no_skep><tgl_skep>2000-10-03</tgl_skep></jabatan><jabatan><jabatan>PSB TK II/PERMIN SUBBAG PANDISI BAG BEKHAR ROUM</jabatan><tmt_jab>2001-03-01</tmt_jab><no_skep>SKEP/281/III/2001</no_skep><tgl_skep>2001-03-28</tgl_skep></jabatan><jabatan><jabatan>AJUN ARSIPARIS MADYA</jabatan><tmt_jab>2001-12-01</tmt_jab><no_skep>SPRIN/68/III/2002</no_skep><tgl_skep>2002-03-11</tgl_skep></jabatan><jabatan><jabatan>AJUN ARSIPARIS MADYA</jabatan><tmt_jab>2002-03-01</tmt_jab><no_skep>SPRIN/81/III/2002</no_skep><tgl_skep>2002-03-21</tgl_skep></jabatan><jabatan><jabatan>Anggota Subbag Pandisi Bag Bekhar Roum Setjen Dephan</jabatan><tmt_jab>2006-11-01</tmt_jab><no_skep>SKEP/1016/XII/2006</no_skep><tgl_skep>2006-11-17</tgl_skep></jabatan><jabatan><jabatan>PENGOLAH ADMINISTRASI  ROUM SETJEN KEMHAN</jabatan><tmt_jab>2010-07-27</tmt_jab><no_skep>KEP/553/VII/2010</no_skep><tgl_skep>2010-07-28</tgl_skep></jabatan><jabatan><jabatan>KASI ONP SUBDIT OI DIT ANSTRA DITJEN STRAHAN KEMHAN</jabatan><tmt_jab>2010-09-28</tmt_jab><no_skep>KEP MENHAN NOMOR : KEP/681/IX/2010</no_skep><tgl_skep>2010-09-28</tgl_skep></jabatan><jabatan><jabatan>KASI OP SUBDIT OI DIT ANSTRA DITJEN STRAHAN KEMHAN</jabatan><tmt_jab>2013-06-03</tmt_jab><no_skep>KEP/531/VI/2013</no_skep><tgl_skep>2013-06-05</tgl_skep></jabatan></riwayat_jabatan><riwayat_pendidikan><pendidikan_umum><pendidikan><nama_dik>SEKOLAH DASAR</nama_dik><tahun_lulus>1983</tahun_lulus></pendidikan><pendidikan><nama_dik>SEKOLAH MENENGAH PERTAMA (SMP)</nama_dik><tahun_lulus>1986</tahun_lulus></pendidikan><pendidikan><nama_dik>SEKOLAH MENENGAH ATAS (SMA)</nama_dik><tahun_lulus>1989</tahun_lulus></pendidikan><pendidikan><nama_dik>SARJANA (S1)</nama_dik><tahun_lulus>1999</tahun_lulus></pendidikan></pendidikan_umum><pendidikan_pembentukan><pendidikan><nama_dik>ADUM</nama_dik><tahun_lulus>2000</tahun_lulus></pendidikan><pendidikan><nama_dik>PENDIDIKAN DAN PELATIHAN JAB. FUNGSIONAL ARSIPARIS</nama_dik><tahun_lulus>2004</tahun_lulus></pendidikan><pendidikan><nama_dik>SUS SOSIALISASI JAB FUNGSIONAL ARSIPARIS</nama_dik><tahun_lulus>2004</tahun_lulus></pendidikan><pendidikan><nama_dik>DIK LAT PIM TK III</nama_dik><tahun_lulus>2007</tahun_lulus></pendidikan></pendidikan_pembentukan></riwayat_pendidikan><riwayat_penugasan><penugasan><negara>INDONESIA</negara><tahun>2011</tahun><uraian>PUL DATA KAJIAN ALKI</uraian></penugasan><penugasan><negara>LAOS</negara><tahun>2013</tahun><uraian>PUL DATA KAJIAN KONFLIK LCS</uraian></penugasan></riwayat_penugasan><riwayat_tanda_jasa><tanda_jasa><nama_tanda_jasa>SATYALANCANA KARYA SATYA X TAHUN</nama_tanda_jasa><no_skep>KEPPRES RI 028/TK/TH. 2006</no_skep><tgl_skep>2006-06-01</tgl_skep></tanda_jasa><tanda_jasa><nama_tanda_jasa>SATYALANCANA KARYA SATYA XX TAHUN</nama_tanda_jasa><no_skep>KEPRES RI 062/TK/2010</no_skep><tgl_skep>2010-12-01</tgl_skep></tanda_jasa></riwayat_tanda_jasa><riwayat_bahasa><bahasa><nama_bahasa>SUNDA</nama_bahasa><keterangan>AKTIF</keterangan></bahasa><bahasa><nama_bahasa>INGGRIS</nama_bahasa><keterangan>PASIF</keterangan></bahasa><bahasa><nama_bahasa>INDONESIA</nama_bahasa><keterangan>AKTIF</keterangan></bahasa></riwayat_bahasa><riwayat_keluarga><keluarga><nama_keluarga>ERNY JANUARTI</nama_keluarga><jenis_kelamin>PEREMPUAN</jenis_kelamin><tgl_lahir>1971-01-28</tgl_lahir><hubungan>ISTRI</hubungan></keluarga><keluarga><nama_keluarga>RESA AYU INDRAINI</nama_keluarga><jenis_kelamin>PEREMPUAN</jenis_kelamin><tgl_lahir>1994-09-19</tgl_lahir><hubungan>ANAK</hubungan></keluarga><keluarga><nama_keluarga>ALFIYAH NUR INDRAINI</nama_keluarga><jenis_kelamin>PEREMPUAN</jenis_kelamin><tgl_lahir>1999-05-09</tgl_lahir><hubungan>ANAK</hubungan></keluarga><keluarga><nama_keluarga>ALWAN NUR SALMAN</nama_keluarga><jenis_kelamin>LAKI-LAKI</jenis_kelamin><tgl_lahir>2004-06-22</tgl_lahir><hubungan>ANAK</hubungan></keluarga></riwayat_keluarga></personil_kemhan>
