<personil_kemhan><nopeg>196203181988031001</nopeg><nip>030193456</nip><nrp_nip>196203181988031001</nrp_nip><nama>ENDRO MARTONO</nama><gelar>S.I.P., M.M.</gelar><tempat_lahir>Jakarta</tempat_lahir><tgl_lahir>1962-03-18</tgl_lahir><jenis_kelamin>LAKI-LAKI</jenis_kelamin><unit_organisasi>U.O. KEMHAN</unit_organisasi><jenis_personil>PNS</jenis_personil><pangkat>PENATA TK.I III/D</pangkat><pangkat_corps>PENATA TK.I III/D </pangkat_corps><tmt_pangkat>2010-04-01</tmt_pangkat><angkatan_korps>PNS</angkatan_korps><sumber_pa_gol_3>PENYESUAIAN IJASAH</sumber_pa_gol_3><tmt_pa_gol_3>1998-04-01</tmt_pa_gol_3><kategori_pangkat>III/D</kategori_pangkat><jabatan>KASUBBAG LOG BAGLOG DAN RUMGA ROUM</jabatan><satker>UNHAN KEMHAN</satker><kode_jabatan>STRUKTURAL</kode_jabatan><tmt_jabatan>2013-02-25</tmt_jabatan><eselon_jabatan>IV</eselon_jabatan><kategori>ORGANIK</kategori><tmt_tni>1989-06-01</tmt_tni><tmt_kemhan>1988-03-01</tmt_kemhan><agama>ISLAM</agama><file_foto_1>foto/196203181988031001.jpg</file_foto_1><file_foto_2>foto/030193456.jpg</file_foto_2><riwayat_pangkat><pangkat><pangkat>CAPEG II/A</pangkat><tmt_pkt>1988-03-01</tmt_pkt><no_skep>SKEP/426/IV/1988</no_skep><tgl_skep>1988-03-01</tgl_skep></pangkat><pangkat><pangkat>PENGATUR MUDA II/A</pangkat><tmt_pkt>1989-06-01</tmt_pkt><no_skep>SKEP/814/V/1989</no_skep><tgl_skep>1989-06-01</tgl_skep></pangkat><pangkat><pangkat>PENGATUR MUDA TK.I  II/B</pangkat><tmt_pkt>1992-04-01</tmt_pkt><no_skep>03-09/01820/KEP/IV/1992</no_skep><tgl_skep>1992-04-01</tgl_skep></pangkat><pangkat><pangkat>PENGATUR II/C</pangkat><tmt_pkt>1996-04-01</tmt_pkt><no_skep>03-09/00010/KEP/IV/1996</no_skep><tgl_skep>1996-04-01</tgl_skep></pangkat><pangkat><pangkat>PENATA MUDA III/A</pangkat><tmt_pkt>1998-04-01</tmt_pkt><no_skep>SKEP/213/IV/1998</no_skep><tgl_skep>1998-04-01</tgl_skep></pangkat><pangkat><pangkat>PENATA MUDA TK.I III/B</pangkat><tmt_pkt>2002-04-01</tmt_pkt><no_skep>SKEP/901/VIII/2002</no_skep><tgl_skep>2002-04-01</tgl_skep></pangkat><pangkat><pangkat>PENATA III/C</pangkat><tmt_pkt>2006-04-01</tmt_pkt><no_skep>SKEP/118/II/2006</no_skep><tgl_skep>2006-04-01</tgl_skep></pangkat><pangkat><pangkat>PENATA TK.I III/D</pangkat><tmt_pkt>2010-04-01</tmt_pkt><no_skep>KEP/156/III/2010</no_skep><tgl_skep>2010-03-15</tgl_skep></pangkat></riwayat_pangkat><riwayat_jabatan><jabatan><jabatan>STAF BAGKAP ROUM SETJEN DEPHANKAM</jabatan><tmt_jab>1988-03-01</tmt_jab><no_skep>SKEP/463/IV/1988</no_skep><tgl_skep>1988-04-26</tgl_skep></jabatan><jabatan><jabatan>STAF BAGKAP ROUM SETJEN DEPHAN</jabatan><tmt_jab>1989-06-01</tmt_jab><no_skep>SKEP/814/V/1989</no_skep><tgl_skep>1988-05-27</tgl_skep></jabatan><jabatan><jabatan>STAF BAGREN ROUM SETJEN DEPHANKAM</jabatan><tmt_jab>1991-02-07</tmt_jab><no_skep>SPRIN/235/II/91</no_skep><tgl_skep>1991-02-07</tgl_skep></jabatan><jabatan><jabatan>STAF RENPROGAR ROUM SETJEN DEPHANKAM</jabatan><tmt_jab>1993-06-17</tmt_jab><no_skep>SPRIN/1286/VI/94</no_skep><tgl_skep>1993-06-24</tgl_skep></jabatan><jabatan><jabatan>STAF RENMINRO ROUM</jabatan><tmt_jab>1998-10-01</tmt_jab><no_skep>SPRIN/1122/IX/1998</no_skep><tgl_skep>1998-09-28</tgl_skep></jabatan><jabatan><jabatan>PSB TK III/TATIB BAG RUMGA ROUM SETJEN DEPHANKAM</jabatan><tmt_jab>1998-12-22</tmt_jab><no_skep>SPRIN/1314/XII/98</no_skep><tgl_skep>1998-12-22</tgl_skep></jabatan><jabatan><jabatan>PSB TK II/EVLAP SBG RENMINRO ROUM SETJEN DEPHANKAM</jabatan><tmt_jab>1999-11-01</tmt_jab><no_skep>SPRIN/1188/XI/99</no_skep><tgl_skep>1999-11-05</tgl_skep></jabatan><jabatan><jabatan>PSB TK II/LAKGAR SBG RENMINRO ROUM SETJEN DEPHAN</jabatan><tmt_jab>2000-11-01</tmt_jab><no_skep>SPRIN/1184/XI/2000</no_skep><tgl_skep>2000-11-28</tgl_skep></jabatan><jabatan><jabatan>PSB TK II/KU SUBBAG RENMINRO BAGPAM ROUM SETJEN DEPHAN</jabatan><tmt_jab>2001-03-01</tmt_jab><no_skep>SKEP/316/IV/2001</no_skep><tgl_skep>2001-04-11</tgl_skep></jabatan><jabatan><jabatan>PERENCANA PERTAMA</jabatan><tmt_jab>2001-12-01</tmt_jab><no_skep>SKEP/1053/XII/2001</no_skep><tgl_skep>2001-12-31</tgl_skep></jabatan><jabatan><jabatan>AHLI PEMERIKSA PAJAK PRATAMA</jabatan><tmt_jab>2003-08-01</tmt_jab><no_skep>SKEP/1325/VIII/2003</no_skep><tgl_skep>2003-08-01</tgl_skep></jabatan><jabatan><jabatan>Anggota Subbag Renminro Bag Pam Roum Setjen Dephan</jabatan><tmt_jab>2005-04-01</tmt_jab><no_skep>SKEP/255/IV/2005</no_skep><tgl_skep>2005-04-01</tgl_skep></jabatan><jabatan><jabatan>Anggota Subbag Minro Bagpam Roum Setjen Dephan</jabatan><tmt_jab>2006-08-01</tmt_jab><no_skep>SKEP/550/VIII/2006</no_skep><tgl_skep>2006-08-03</tgl_skep></jabatan><jabatan><jabatan>Kasubbag Min Ada Bag Fasbang Roum Setjen Dephan</jabatan><tmt_jab>2009-03-30</tmt_jab><no_skep>KEP MENHAN NO: KEP/48/III/2009</no_skep><tgl_skep>2009-03-30</tgl_skep></jabatan><jabatan><jabatan>KASUBBAG MINADA BAG FASBANG ROUM SETJEN KEMHAN</jabatan><tmt_jab>2010-09-28</tmt_jab><no_skep>KEP MENHAN NOMOR : KEP/681/IX/2010</no_skep><tgl_skep>2010-09-28</tgl_skep></jabatan><jabatan><jabatan>ANGGOTA UNHAN KEMHAN</jabatan><tmt_jab>2011-04-10</tmt_jab><no_skep>KEP/</no_skep><tgl_skep>2011-04-10</tgl_skep></jabatan><jabatan><jabatan>KASUBBAG LOG BAGLOG DAN RUMGA ROUM UNHAN KEMHAN</jabatan><tmt_jab>2013-02-25</tmt_jab><no_skep>SKEP/170/II/2013</no_skep><tgl_skep>2013-02-25</tgl_skep></jabatan></riwayat_jabatan><riwayat_pendidikan><pendidikan_umum><pendidikan><nama_dik>SEKOLAH DASAR</nama_dik><tahun_lulus>1975</tahun_lulus></pendidikan><pendidikan><nama_dik>SEKOLAH LANJUTAN TINGKAT PERTAMA (SLTP)</nama_dik><tahun_lulus>1979</tahun_lulus></pendidikan><pendidikan><nama_dik>SEKOLAH LANJUTAN TINGKAT ATAS (SLTA)</nama_dik><tahun_lulus>1984</tahun_lulus></pendidikan><pendidikan><nama_dik>SARJANA (S1)</nama_dik><tahun_lulus>1997</tahun_lulus></pendidikan><pendidikan><nama_dik>PASCA SARJANA (S2)</nama_dik><tahun_lulus>2002</tahun_lulus></pendidikan></pendidikan_umum><pendidikan_pembentukan><pendidikan><nama_dik>LATPRAJAB</nama_dik><tahun_lulus>1988</tahun_lulus></pendidikan><pendidikan><nama_dik>DIK LAT PIM TK IV</nama_dik><tahun_lulus>1998</tahun_lulus></pendidikan><pendidikan><nama_dik>DIK LAT PIM TK III</nama_dik><tahun_lulus>2008</tahun_lulus></pendidikan></pendidikan_pembentukan></riwayat_pendidikan><riwayat_penugasan></riwayat_penugasan><riwayat_tanda_jasa></riwayat_tanda_jasa><riwayat_bahasa><bahasa><nama_bahasa>JAWA</nama_bahasa><keterangan>AKTIF</keterangan></bahasa><bahasa><nama_bahasa>INDONESIA</nama_bahasa><keterangan>AKTIF</keterangan></bahasa></riwayat_bahasa><riwayat_keluarga><keluarga><nama_keluarga>METTY MEKARSARI AAIJ</nama_keluarga><jenis_kelamin>PEREMPUAN</jenis_kelamin><tgl_lahir>1963-05-09</tgl_lahir><hubungan>ISTRI</hubungan></keluarga><keluarga><nama_keluarga>ADDINA AYUNINGTYAS</nama_keluarga><jenis_kelamin>PEREMPUAN</jenis_kelamin><tgl_lahir>1990-03-30</tgl_lahir><hubungan>ANAK</hubungan></keluarga><keluarga><nama_keluarga>ADRI PRASTYO</nama_keluarga><jenis_kelamin>LAKI-LAKI</jenis_kelamin><tgl_lahir>1992-05-31</tgl_lahir><hubungan>ANAK</hubungan></keluarga><keluarga><nama_keluarga>SALSABILA SARASWATI</nama_keluarga><jenis_kelamin>LAKI-LAKI</jenis_kelamin><tgl_lahir>1998-08-13</tgl_lahir><hubungan>ANAK</hubungan></keluarga></riwayat_keluarga></personil_kemhan>
