<personil_kemhan><nopeg>197407071994032001</nopeg><nip>030226921</nip><nrp_nip>197407071994032001</nrp_nip><nama>SUSI ERNAWATI</nama><gelar>S.Sos.,MAP.</gelar><tempat_lahir>Kebumen</tempat_lahir><tgl_lahir>1974-07-07</tgl_lahir><jenis_kelamin>PEREMPUAN</jenis_kelamin><unit_organisasi>U.O. KEMHAN</unit_organisasi><jenis_personil>PNS</jenis_personil><pangkat>PENATA III/C</pangkat><pangkat_corps>PENATA III/C </pangkat_corps><tmt_pangkat>2012-10-01</tmt_pangkat><angkatan_korps>PNS</angkatan_korps><sumber_pa_gol_3>PENYESUAIAN IJASAH</sumber_pa_gol_3><tmt_pa_gol_3>2004-10-01</tmt_pa_gol_3><kategori_pangkat>III/C</kategori_pangkat><jabatan>KASUBBAG PENDIDIK BAGKUM DAN KEPEGAWAIAN ROUM</jabatan><satker>UNHAN KEMHAN</satker><kode_jabatan>STRUKTURAL</kode_jabatan><tmt_jabatan>2014-07-21</tmt_jabatan><eselon_jabatan>IV</eselon_jabatan><kategori>ORGANIK</kategori><tmt_tni>1995-06-01</tmt_tni><tmt_kemhan>1994-03-01</tmt_kemhan><agama>ISLAM</agama><file_foto_1>foto/197407071994032001.jpg</file_foto_1><file_foto_2>foto/030226921.jpg</file_foto_2><riwayat_pangkat><pangkat><pangkat>CAPEG II/A</pangkat><tmt_pkt>1994-03-01</tmt_pkt><no_skep>SKEP/1141/VIII/1994</no_skep><tgl_skep>1994-08-19</tgl_skep></pangkat><pangkat><pangkat>PENGATUR MUDA II/A</pangkat><tmt_pkt>1995-05-01</tmt_pkt><no_skep>SKEP/410/V/1995</no_skep><tgl_skep>1995-05-03</tgl_skep></pangkat><pangkat><pangkat>PENGATUR MUDA TK.I  II/B</pangkat><tmt_pkt>1998-03-01</tmt_pkt><no_skep>03-09/00013/KEP/IV/1998</no_skep><tgl_skep>1998-03-17</tgl_skep></pangkat><pangkat><pangkat>PENGATUR II/C</pangkat><tmt_pkt>2002-04-01</tmt_pkt><no_skep>SKEP/712/VII/2002</no_skep><tgl_skep>2002-05-17</tgl_skep></pangkat><pangkat><pangkat>PENATA MUDA III/A</pangkat><tmt_pkt>2004-10-01</tmt_pkt><no_skep>SPRIN/577/VIII/2004</no_skep><tgl_skep>2004-08-18</tgl_skep></pangkat><pangkat><pangkat>PENATA MUDA TK.I III/B</pangkat><tmt_pkt>2008-10-01</tmt_pkt><no_skep>SKEP/429/VIII/2008</no_skep><tgl_skep>2008-08-21</tgl_skep></pangkat><pangkat><pangkat>PENATA III/C</pangkat><tmt_pkt>2012-10-01</tmt_pkt><no_skep>KEP/703/IX/2012</no_skep><tgl_skep>2012-09-04</tgl_skep></pangkat></riwayat_pangkat><riwayat_jabatan><jabatan><jabatan>ANGG. SUBBAG BANG BAGPERS ROUM</jabatan><tmt_jab>1994-03-01</tmt_jab><no_skep>SKEP/1141/VIII/1994</no_skep><tgl_skep>1994-03-01</tgl_skep></jabatan><jabatan><jabatan>TURMIN ORSOS SUBBAGWATJAH BAGPERS ROUM SETJEN DH</jabatan><tmt_jab>1998-12-30</tmt_jab><no_skep>SKEP/1446/XII/1998</no_skep><tgl_skep>1998-12-30</tgl_skep></jabatan><jabatan><jabatan>TURMIN SUBBAGWATSAH BAGINBINPNS ROPEG</jabatan><tmt_jab>2001-03-01</tmt_jab><no_skep>SKEP/278/III/2001</no_skep><tgl_skep>2001-03-28</tgl_skep></jabatan><jabatan><jabatan>ANGGOTA SUBBAGWATSAH BAGINDUK PNS ROPEG SETJEN DEPHAN</jabatan><tmt_jab>2006-03-01</tmt_jab><no_skep>SKEP/201/III/2006</no_skep><tgl_skep>2006-03-27</tgl_skep></jabatan><jabatan><jabatan>Analis Kepegawaian Pertama Ropeg Setjen Dephan</jabatan><tmt_jab>2009-10-01</tmt_jab><no_skep>KEP MENHAN NO : KEP/188/X/2009</no_skep><tgl_skep>2009-10-21</tgl_skep></jabatan><jabatan><jabatan>PENYUSUN BAHAN MINGAKPLIN SUBBAGMINGAKPLIN BAGINDUK PNS ROPEG SETJEN KEMHAN</jabatan><tmt_jab>2011-04-01</tmt_jab><no_skep>Kep/281/IV/2011</no_skep><tgl_skep>2011-04-19</tgl_skep></jabatan><jabatan><jabatan>KASUBBAG PENDIDIK BAGKUM DAN KEPEGAWAIAN ROUM UNHAN KEMHAN</jabatan><tmt_jab>2014-07-21</tmt_jab><no_skep>KEP/850/VII/2014</no_skep><tgl_skep>2014-07-22</tgl_skep></jabatan></riwayat_jabatan><riwayat_pendidikan><pendidikan_umum><pendidikan><nama_dik>SEKOLAH DASAR</nama_dik><tahun_lulus>1986</tahun_lulus></pendidikan><pendidikan><nama_dik>SEKOLAH LANJUTAN TINGKAT PERTAMA (SLTP)</nama_dik><tahun_lulus>1989</tahun_lulus></pendidikan><pendidikan><nama_dik>SEKOLAH LANJUTAN TINGKAT ATAS (SLTA)</nama_dik><tahun_lulus>1992</tahun_lulus></pendidikan><pendidikan><nama_dik>SARJANA MUDA (D.III)</nama_dik><tahun_lulus>1999</tahun_lulus></pendidikan><pendidikan><nama_dik>SARJANA (S1)</nama_dik><tahun_lulus>2003</tahun_lulus></pendidikan><pendidikan><nama_dik>PASCA SARJANA (S2)</nama_dik><tahun_lulus>2011</tahun_lulus></pendidikan></pendidikan_umum><pendidikan_pembentukan><pendidikan><nama_dik>Sus Protokol MC</nama_dik><tahun_lulus>1996</tahun_lulus></pendidikan><pendidikan><nama_dik>DIK LAT PIM TK IV</nama_dik><tahun_lulus>2005</tahun_lulus></pendidikan><pendidikan><nama_dik>Bimtek Bedah Kasus Kepegawaian</nama_dik><tahun_lulus>2007</tahun_lulus></pendidikan><pendidikan><nama_dik>Dik Fung  Analis Kepegawaian Keahlian Ang I</nama_dik><tahun_lulus>2009</tahun_lulus></pendidikan><pendidikan><nama_dik>Workshop Sisfohaneg Eselon IV</nama_dik><tahun_lulus>2015</tahun_lulus></pendidikan><pendidikan><nama_dik>Pelatihan Manajemen SDM Hanneg</nama_dik><tahun_lulus>2016</tahun_lulus></pendidikan></pendidikan_pembentukan></riwayat_pendidikan><riwayat_penugasan><penugasan><negara>INDONESIA</negara><tahun>2004</tahun><uraian>KODAM-KODAM, LANUD, LATAMAL BIN PNS</uraian></penugasan><penugasan><negara>INDONESIA</negara><tahun>2007</tahun><uraian>SEMINAR 4 HARI ASISTENSI BEDAH KASUS DI HOTEL  SRI</uraian></penugasan></riwayat_penugasan><riwayat_tanda_jasa><tanda_jasa><nama_tanda_jasa>SATYALANCANA KARYA SATYA X TAHUN</nama_tanda_jasa><no_skep>Keppres/079/2005</no_skep><tgl_skep>2005-10-31</tgl_skep></tanda_jasa></riwayat_tanda_jasa><riwayat_bahasa><bahasa><nama_bahasa>JAWA</nama_bahasa><keterangan>AKTIF</keterangan></bahasa><bahasa><nama_bahasa>INGGRIS</nama_bahasa><keterangan>PASIF</keterangan></bahasa><bahasa><nama_bahasa>INDONESIA</nama_bahasa><keterangan>AKTIF</keterangan></bahasa></riwayat_bahasa><riwayat_keluarga></riwayat_keluarga></personil_kemhan>
