<personil_kemhan><nopeg>196004041983032001</nopeg><nip>030172099</nip><nrp_nip>196004041983032001</nrp_nip><nama>ENDAH TRI SAYEKTI</nama><tempat_lahir>Tuban</tempat_lahir><tgl_lahir>1960-04-04</tgl_lahir><jenis_kelamin>PEREMPUAN</jenis_kelamin><unit_organisasi>U.O. KEMHAN</unit_organisasi><jenis_personil>PNS</jenis_personil><pangkat>PENATA MUDA TK.I III/B</pangkat><pangkat_corps>PENATA MUDA TK.I III/B </pangkat_corps><tmt_pangkat>2003-10-01</tmt_pangkat><angkatan_korps>PNS</angkatan_korps><sumber_pa_gol_3>UJIAN DINAS</sumber_pa_gol_3><tmt_pa_gol_3>1999-10-01</tmt_pa_gol_3><kategori_pangkat>III/B</kategori_pangkat><jabatan>PENGOLAH ORTALA SUBBAGUM BAG TU</jabatan><satker>PUSKOMPUBLIK KEMHAN</satker><kode_jabatan>ANGGOTA</kode_jabatan><tmt_jabatan>2014-12-31</tmt_jabatan><eselon_jabatan>99</eselon_jabatan><kategori>ORGANIK</kategori><tmt_tni>1984-03-01</tmt_tni><tmt_kemhan>1983-03-01</tmt_kemhan><agama>ISLAM</agama><file_foto_1>foto/196004041983032001.jpg</file_foto_1><file_foto_2>foto/030172099.jpg</file_foto_2><riwayat_pangkat><pangkat><pangkat>CAPEG II/A</pangkat><tmt_pkt>1983-03-01</tmt_pkt><no_skep>SKEP/1524/VI/1983</no_skep><tgl_skep>1983-06-02</tgl_skep></pangkat><pangkat><pangkat>PENGATUR MUDA II/A</pangkat><tmt_pkt>1984-03-01</tmt_pkt><no_skep>SKEP/237/17/II/1984</no_skep><tgl_skep>1984-02-24</tgl_skep></pangkat><pangkat><pangkat>PENGATUR MUDA TK.I  II/B</pangkat><tmt_pkt>1987-04-01</tmt_pkt><no_skep>SKEP/1337/VIII/1987</no_skep><tgl_skep>1987-08-14</tgl_skep></pangkat><pangkat><pangkat>PENGATUR II/C</pangkat><tmt_pkt>1991-04-01</tmt_pkt><no_skep>03-09/01215/KEP/IV/1991</no_skep><tgl_skep>1991-09-02</tgl_skep></pangkat><pangkat><pangkat>PENGATUR TK.I II/D</pangkat><tmt_pkt>1995-04-01</tmt_pkt><no_skep>03-09/02107/KEP/IV/1995</no_skep><tgl_skep>1995-03-16</tgl_skep></pangkat><pangkat><pangkat>PENATA MUDA III/A</pangkat><tmt_pkt>1999-10-01</tmt_pkt><no_skep>SKEP/1505/XII/1999</no_skep><tgl_skep>1999-12-28</tgl_skep></pangkat><pangkat><pangkat>PENATA MUDA TK.I III/B</pangkat><tmt_pkt>2003-10-01</tmt_pkt><no_skep>SKEP/1374/IX/2003</no_skep><tgl_skep>2003-09-11</tgl_skep></pangkat></riwayat_pangkat><riwayat_jabatan><jabatan><jabatan>STAF URMIN DAN WATJAH PERS SUBBAGUM BAG RENMIN</jabatan><tmt_jab>1998-10-01</tmt_jab><no_skep>SKEP/1259/XI/1998</no_skep><tgl_skep>1899-12-30</tgl_skep></jabatan><jabatan><jabatan>STAF UR TATA USAHA SUBBAGUM BAG RENMIN</jabatan><tmt_jab>1999-07-01</tmt_jab><no_skep>SPRIN/149/VII/1990</no_skep><tgl_skep>1990-07-28</tgl_skep></jabatan><jabatan><jabatan>TURMIN SUBBAGTUK OPINI BAGPATUM SIAR ROHUMAS</jabatan><tmt_jab>2001-03-01</tmt_jab><no_skep>SKEP/303/IV/2001</no_skep><tgl_skep>2001-04-03</tgl_skep></jabatan><jabatan><jabatan>Anggota Subbag Tuk Bag Opini Rohumas Setjen Dephan</jabatan><tmt_jab>2006-07-01</tmt_jab><no_skep>SKEP/500/VII/2006</no_skep><tgl_skep>2006-07-17</tgl_skep></jabatan><jabatan><jabatan>PENGADMINISTRASI KETATAUSAHAAN SUBBAGUM BAG TU PUSKOMPUBLIK KEMHAN</jabatan><tmt_jab>2011-04-01</tmt_jab><no_skep>SPRIN/68/VI/2011</no_skep><tgl_skep>2011-06-13</tgl_skep></jabatan><jabatan><jabatan>PENGOLAH ORTALA SUBBAGUM BAG TU PUSKOMPUBLIK KEMHAN</jabatan><tmt_jab>2014-12-31</tmt_jab><no_skep>KEP/1510/XII/2014</no_skep><tgl_skep>2014-12-18</tgl_skep></jabatan><jabatan><jabatan>PENGOLAH ORTALA SUBBAG UMUM BAG TU PUSKOM PUBLIK KEMHAN</jabatan><tmt_jab>2014-12-31</tmt_jab><no_skep>KEP/1510/XII/2014</no_skep><tgl_skep>2014-12-18</tgl_skep></jabatan></riwayat_jabatan><riwayat_pendidikan><pendidikan_umum><pendidikan><nama_dik>SEKOLAH DASAR</nama_dik><tahun_lulus>1972</tahun_lulus></pendidikan><pendidikan><nama_dik>SEKOLAH LANJUTAN TINGKAT PERTAMA (SLTP)</nama_dik><tahun_lulus>1975</tahun_lulus></pendidikan><pendidikan><nama_dik>SEKOLAH LANJUTAN TINGKAT ATAS (SLTA)</nama_dik><tahun_lulus>1979</tahun_lulus></pendidikan></pendidikan_umum><pendidikan_pembentukan><pendidikan><nama_dik>LATPRAJAB TK II</nama_dik><tahun_lulus>1983</tahun_lulus></pendidikan><pendidikan><nama_dik>SUS MIKRO KOMPUTER</nama_dik><tahun_lulus>1987</tahun_lulus></pendidikan><pendidikan><nama_dik>UJIAN DINAS TK II</nama_dik><tahun_lulus>1999</tahun_lulus></pendidikan></pendidikan_pembentukan></riwayat_pendidikan><riwayat_penugasan></riwayat_penugasan><riwayat_tanda_jasa><tanda_jasa><nama_tanda_jasa>SATYALANCANA KARYA SATYA X TAHUN</nama_tanda_jasa><no_skep>KEPRES/127/TK/TAHUN 1997</no_skep><tgl_skep>1997-12-04</tgl_skep></tanda_jasa><tanda_jasa><nama_tanda_jasa>SATYALANCANA KARYA SATYA XX TAHUN</nama_tanda_jasa><no_skep>KEPPRES/084/TK/TAHUN 2003</no_skep><tgl_skep>2003-10-31</tgl_skep></tanda_jasa><tanda_jasa><nama_tanda_jasa>SATYALANCANA KARYA SATYA XXX TAHUN</nama_tanda_jasa><no_skep>KEPPRES/104/TK/TAHUN 2013</no_skep><tgl_skep>2013-12-30</tgl_skep></tanda_jasa></riwayat_tanda_jasa><riwayat_bahasa><bahasa><nama_bahasa>JAWA</nama_bahasa><keterangan>AKTIF</keterangan></bahasa></riwayat_bahasa><riwayat_keluarga><keluarga><nama_keluarga>ROHMAN</nama_keluarga><jenis_kelamin>LAKI-LAKI</jenis_kelamin><tgl_lahir>1959-12-27</tgl_lahir><hubungan>SUAMI</hubungan></keluarga><keluarga><nama_keluarga>IKA HANA WAHYUNI</nama_keluarga><jenis_kelamin>PEREMPUAN</jenis_kelamin><tgl_lahir>1992-12-23</tgl_lahir><hubungan>ANAK</hubungan></keluarga><keluarga><nama_keluarga>IKA HANI ASTUTI</nama_keluarga><jenis_kelamin>PEREMPUAN</jenis_kelamin><tgl_lahir>1992-12-23</tgl_lahir><hubungan>ANAK</hubungan></keluarga></riwayat_keluarga></personil_kemhan>
