<personil_kemhan><nopeg>196506261987031001</nopeg><nip>030189380</nip><nrp_nip>196506261987031001</nrp_nip><nama>SAWIN</nama><gelar>S.Pd, M.M.</gelar><tempat_lahir>Lamongan</tempat_lahir><tgl_lahir>1965-06-26</tgl_lahir><jenis_kelamin>LAKI-LAKI</jenis_kelamin><unit_organisasi>U.O. KEMHAN</unit_organisasi><jenis_personil>PNS</jenis_personil><pangkat>PEMBINA IV/A</pangkat><pangkat_corps>PEMBINA IV/A </pangkat_corps><tmt_pangkat>2013-04-01</tmt_pangkat><angkatan_korps>PNS</angkatan_korps><sumber_pa_gol_3>CAPEG SARJANA</sumber_pa_gol_3><tmt_pa_gol_3>1997-04-01</tmt_pa_gol_3><kategori_pangkat>IV/A</kategori_pangkat><jabatan>KASUBBAG SISMET BAG RENGAR</jabatan><satker>ROREN SETJEN KEMHAN</satker><kode_jabatan>STRUKTURAL</kode_jabatan><tmt_jabatan>2014-12-31</tmt_jabatan><eselon_jabatan>IV</eselon_jabatan><kategori>ORGANIK</kategori><tmt_tni>1988-08-01</tmt_tni><tmt_kemhan>1987-03-01</tmt_kemhan><agama>ISLAM</agama><file_foto_1>foto/196506261987031001.jpg</file_foto_1><file_foto_2>foto/030189380.jpg</file_foto_2><riwayat_pangkat><pangkat><pangkat>CAPEG II/A</pangkat><tmt_pkt>1987-03-01</tmt_pkt><no_skep>SKEP/761/V/1987</no_skep><tgl_skep>1987-05-26</tgl_skep></pangkat><pangkat><pangkat>PENGATUR MUDA II/A</pangkat><tmt_pkt>1988-08-01</tmt_pkt><no_skep>SKEP/1064/VII/1988</no_skep><tgl_skep>1988-07-12</tgl_skep></pangkat><pangkat><pangkat>PENGATUR MUDA TK.I  II/B</pangkat><tmt_pkt>1991-04-01</tmt_pkt><no_skep>03-09/01472/KEP/IV/1991</no_skep><tgl_skep>1991-10-02</tgl_skep></pangkat><pangkat><pangkat>PENGATUR II/C</pangkat><tmt_pkt>1995-04-01</tmt_pkt><no_skep>03-09/00852/KEP/IV/1995</no_skep><tgl_skep>1995-02-23</tgl_skep></pangkat><pangkat><pangkat>PENATA MUDA III/A</pangkat><tmt_pkt>1997-04-01</tmt_pkt><no_skep>SKEP/669/V/1997</no_skep><tgl_skep>1997-04-30</tgl_skep></pangkat><pangkat><pangkat>PENATA MUDA TK.I III/B</pangkat><tmt_pkt>2001-04-01</tmt_pkt><no_skep>SKEP/532/VIII/2001</no_skep><tgl_skep>2001-07-14</tgl_skep></pangkat><pangkat><pangkat>PENATA III/C</pangkat><tmt_pkt>2005-04-01</tmt_pkt><no_skep>SKEP/160/III/2005</no_skep><tgl_skep>2005-03-13</tgl_skep></pangkat><pangkat><pangkat>PENATA TK.I III/D</pangkat><tmt_pkt>2009-04-01</tmt_pkt><no_skep>KEP MENHAN NO : KEP/33/III/2009</no_skep><tgl_skep>2009-03-06</tgl_skep></pangkat><pangkat><pangkat>PEMBINA IV/A</pangkat><tmt_pkt>2013-04-01</tmt_pkt><no_skep>KEP/281/M/III/2013</no_skep><tgl_skep>2013-03-27</tgl_skep></pangkat></riwayat_pangkat><riwayat_jabatan><jabatan><jabatan>TURMIN URYAR PEKAS DEPHAN</jabatan><tmt_jab>1998-09-01</tmt_jab><no_skep>SKEP/1138/IX/1998</no_skep><tgl_skep>1998-09-01</tgl_skep></jabatan><jabatan><jabatan>AHLI PEMERIKSA PAJAK PRATAMA/TEKNISI</jabatan><tmt_jab>2002-04-01</tmt_jab><no_skep>SKEP/535/V/2002</no_skep><tgl_skep>2002-04-01</tgl_skep></jabatan><jabatan><jabatan>ANGGOTA PEKAS BAGKU ROUM SETJEN DEPHAN</jabatan><tmt_jab>2005-03-03</tmt_jab><no_skep>SPRIN/57/III/2005</no_skep><tgl_skep>2005-03-03</tgl_skep></jabatan><jabatan><jabatan>ANGGOTA SUBBAGEVPROGAR BAGLAKGAR ROREN</jabatan><tmt_jab>2006-01-01</tmt_jab><no_skep>SKEP/1098/XII/2005</no_skep><tgl_skep>2006-01-01</tgl_skep></jabatan><jabatan><jabatan>ANGGOTA SUBBAGEVPROGAR BAGLAKGAR ROREN</jabatan><tmt_jab>2006-01-01</tmt_jab><no_skep>SKEP/1098/XII/2005</no_skep><tgl_skep>2006-01-01</tgl_skep></jabatan><jabatan><jabatan>PS KAUR TKII/PENGHASILAN PEKAS BAGKU</jabatan><tmt_jab>2006-02-01</tmt_jab><no_skep>SKEP/281/III/2001</no_skep><tgl_skep>2006-01-01</tgl_skep></jabatan><jabatan><jabatan>PLH KASUBBAG EVLPROGAR BAGLAKGAR ROREN SETJEN DEPHAN</jabatan><tmt_jab>2006-02-01</tmt_jab><no_skep>SPRIN/06/II/2006</no_skep><tgl_skep>2006-02-01</tgl_skep></jabatan><jabatan><jabatan>Kasubbag Evproggar Roren Setjen Dephan</jabatan><tmt_jab>2006-06-01</tmt_jab><no_skep>SKEP/441/VI/2006</no_skep><tgl_skep>2006-06-01</tgl_skep></jabatan><jabatan><jabatan>Kasubbag Renja Bag Rengar Roren Setjen Dephan</jabatan><tmt_jab>2010-03-05</tmt_jab><no_skep>KEP MENHAN NO : KEP/128/III/2010</no_skep><tgl_skep>2010-03-04</tgl_skep></jabatan><jabatan><jabatan>KASUBBAG RENJA BAG RENGAR ROREN SETJEN KEMHAN</jabatan><tmt_jab>2010-09-28</tmt_jab><no_skep>KEP MENHAN NOMOR : KEP/681/IX/2010</no_skep><tgl_skep>2010-09-28</tgl_skep></jabatan><jabatan><jabatan>KASUBBAG SISMET BAG RENGAR ROREN SETJEN KEMHAN</jabatan><tmt_jab>2012-08-01</tmt_jab><no_skep>KEP/606/VII/2012</no_skep><tgl_skep>2012-07-27</tgl_skep></jabatan><jabatan><jabatan>KASUBBAG SISMET BAG RENGAR ROREN SETJEN KEMHAN</jabatan><tmt_jab>2014-12-31</tmt_jab><no_skep>KEP/1483/XII/2014</no_skep><tgl_skep>2014-12-18</tgl_skep></jabatan></riwayat_jabatan><riwayat_pendidikan><pendidikan_umum><pendidikan><nama_dik>SEKOLAH DASAR</nama_dik><tahun_lulus>1979</tahun_lulus></pendidikan><pendidikan><nama_dik>SEKOLAH MENENGAH PERTAMA (SMP)</nama_dik><tahun_lulus>1982</tahun_lulus></pendidikan><pendidikan><nama_dik>SEKOLAH MENENGAH ATAS (SMA)</nama_dik><tahun_lulus>1985</tahun_lulus></pendidikan><pendidikan><nama_dik>SARJANA (S1)</nama_dik><tahun_lulus>1996</tahun_lulus></pendidikan><pendidikan><nama_dik>PASCA SARJANA (S2)</nama_dik><tahun_lulus>2002</tahun_lulus></pendidikan></pendidikan_umum><pendidikan_pembentukan><pendidikan><nama_dik>LATPRAJAB TK II</nama_dik><tahun_lulus>1987</tahun_lulus></pendidikan><pendidikan><nama_dik>ADUM</nama_dik><tahun_lulus>1998</tahun_lulus></pendidikan><pendidikan><nama_dik>DIK LAT PIM TK III</nama_dik><tahun_lulus>2006</tahun_lulus></pendidikan><pendidikan><nama_dik>WORKSHOP ESL. IV GEL. I TGL. 18 s.d. 19 SEPT 2007</nama_dik><tahun_lulus>2007</tahun_lulus></pendidikan><pendidikan><nama_dik>SUSJEMEN RENGAR</nama_dik><tahun_lulus>2010</tahun_lulus></pendidikan><pendidikan><nama_dik>SUSPIMJEMEN PERTAHANAN ANGKATAN VIII</nama_dik><tahun_lulus>2013</tahun_lulus></pendidikan></pendidikan_pembentukan></riwayat_pendidikan><riwayat_penugasan></riwayat_penugasan><riwayat_tanda_jasa><tanda_jasa><nama_tanda_jasa>SATYALANCANA KARYA SATYA X TAHUN</nama_tanda_jasa><no_skep>KEP.099/TK/2000</no_skep><tgl_skep>2000-08-28</tgl_skep></tanda_jasa><tanda_jasa><nama_tanda_jasa>SATYALANCANA KARYA SATYA XX TAHUN</nama_tanda_jasa><no_skep>KEPPRES RI NO. 065/TK/TAHUN 2007</no_skep><tgl_skep>2007-10-31</tgl_skep></tanda_jasa></riwayat_tanda_jasa><riwayat_bahasa><bahasa><nama_bahasa>JAWA</nama_bahasa><keterangan>AKTIF</keterangan></bahasa><bahasa><nama_bahasa>INGGRIS</nama_bahasa><keterangan>PASIF</keterangan></bahasa><bahasa><nama_bahasa>INDONESIA</nama_bahasa><keterangan>AKTIF</keterangan></bahasa></riwayat_bahasa><riwayat_keluarga><keluarga><nama_keluarga>TUTI ROHANA</nama_keluarga><jenis_kelamin>PEREMPUAN</jenis_kelamin><tgl_lahir>1967-08-31</tgl_lahir><hubungan>ISTRI</hubungan></keluarga><keluarga><nama_keluarga>YUNITA CAHYADIKA</nama_keluarga><jenis_kelamin>PEREMPUAN</jenis_kelamin><tgl_lahir>1989-06-09</tgl_lahir><hubungan>ANAK</hubungan></keluarga><keluarga><nama_keluarga>AGUNG PRABOWO SULAKSONO</nama_keluarga><jenis_kelamin>LAKI-LAKI</jenis_kelamin><tgl_lahir>1994-03-25</tgl_lahir><hubungan>ANAK</hubungan></keluarga><keluarga><nama_keluarga>REGITA ALMIRA C</nama_keluarga><jenis_kelamin>PEREMPUAN</jenis_kelamin><tgl_lahir>2001-10-10</tgl_lahir><hubungan>ANAK</hubungan></keluarga></riwayat_keluarga></personil_kemhan>
