<personil_kemhan><nopeg>548898</nopeg><nip>548898</nip><nrp_nip>548898</nrp_nip><nama>PRASONGKO</nama><tempat_lahir>Jakarta</tempat_lahir><tgl_lahir>1963-07-06</tgl_lahir><jenis_kelamin>LAKI-LAKI</jenis_kelamin><unit_organisasi>U.O. KEMHAN</unit_organisasi><jenis_personil>TNI</jenis_personil><pangkat>PELTU</pangkat><pangkat_corps>PELTU </pangkat_corps><tmt_pangkat>2003-10-01</tmt_pangkat><angkatan_korps>TNI AD</angkatan_korps><kategori_pangkat>PELTU</kategori_pangkat><jabatan>OPERATOR KOMPUTER SUBBID PENYIAPAN OPINI BID OPINI</jabatan><satker>PUSKOMPUBLIK KEMHAN</satker><kode_jabatan>ANGGOTA</kode_jabatan><tmt_jabatan>2014-12-31</tmt_jabatan><eselon_jabatan>99</eselon_jabatan><kategori>ORGANIK</kategori><tmt_tni>1984-08-01</tmt_tni><tmt_kemhan>1995-08-01</tmt_kemhan><agama>ISLAM</agama><file_foto_1>foto/548898.jpg</file_foto_1><file_foto_2>foto/548898.jpg</file_foto_2><riwayat_pangkat><pangkat><pangkat>SERDA</pangkat><tmt_pkt>1984-08-01</tmt_pkt><no_skep>SKEP/8/I/1984</no_skep><tgl_skep>1984-01-20</tgl_skep></pangkat><pangkat><pangkat>SERTU</pangkat><tmt_pkt>1988-04-01</tmt_pkt><no_skep>SKEP/127-10/VII/1988</no_skep><tgl_skep>1988-07-12</tgl_skep></pangkat><pangkat><pangkat>SERKA</pangkat><tmt_pkt>1992-04-01</tmt_pkt><no_skep>SKEP/609-10/VII/1992</no_skep><tgl_skep>1992-07-01</tgl_skep></pangkat><pangkat><pangkat>SERMA</pangkat><tmt_pkt>1996-10-01</tmt_pkt><no_skep>SKEP/4208-21/VIII/1996</no_skep><tgl_skep>1996-08-26</tgl_skep></pangkat><pangkat><pangkat>PELDA</pangkat><tmt_pkt>2001-10-01</tmt_pkt><no_skep>SKEP/3519-21/IX/2001</no_skep><tgl_skep>2001-09-03</tgl_skep></pangkat><pangkat><pangkat>PELTU</pangkat><tmt_pkt>2003-10-01</tmt_pkt><no_skep>SKEP/2003-21/VIII/2003</no_skep><tgl_skep>2003-08-28</tgl_skep></pangkat></riwayat_pangkat><riwayat_jabatan><jabatan><jabatan>BA TUR BAN BIN SIAR SUBBAGPERS MEDIA MASSA</jabatan><tmt_jab>1899-12-30</tmt_jab><tgl_skep>1899-12-30</tgl_skep></jabatan><jabatan><jabatan>BA PENDAM JAYA</jabatan><tmt_jab>1984-01-01</tmt_jab><tgl_skep>1899-12-30</tgl_skep></jabatan><jabatan><jabatan>BA PRODDOK PENDAM JAYA</jabatan><tmt_jab>1988-01-01</tmt_jab><tgl_skep>1899-12-30</tgl_skep></jabatan><jabatan><jabatan>BAMINPROT PENDAM JAYA</jabatan><tmt_jab>1992-01-01</tmt_jab><tgl_skep>1899-12-30</tgl_skep></jabatan><jabatan><jabatan>BA ATUR BAN BIN SIAR AUDIO VISUAL BAG BRA</jabatan><tmt_jab>1998-06-01</tmt_jab><no_skep>SKEP/404/V/1998</no_skep><tgl_skep>1998-05-28</tgl_skep></jabatan><jabatan><jabatan>JURU FOTO POKFUNG ROHUMAS</jabatan><tmt_jab>2001-03-01</tmt_jab><no_skep>SKEP/254/III/2001</no_skep><tgl_skep>2001-03-21</tgl_skep></jabatan><jabatan><jabatan>TUR MEDMAS SUBBAG MEDMAS BAG BRA ROHUMAS SETJEN KEMHAN</jabatan><tmt_jab>2001-03-01</tmt_jab><no_skep>SKEP/254/III/2001</no_skep><tgl_skep>2001-03-21</tgl_skep></jabatan><jabatan><jabatan>Anggota Subbag Prod Bag Bra Rohumas Setjen Dephan</jabatan><tmt_jab>2006-04-01</tmt_jab><no_skep>SKEP/286/V/2006</no_skep><tgl_skep>2006-04-27</tgl_skep></jabatan><jabatan><jabatan>AGENDARIS BID OPINI  PUSKOMPUBLIK KEMHAN</jabatan><tmt_jab>2011-10-12</tmt_jab><no_skep>KEP/779/X/2011</no_skep><tgl_skep>2011-10-19</tgl_skep></jabatan><jabatan><jabatan>OPERATOR KOMPUTER SUBBID PENYIAPAN OPINI BID OPINI PUSKOM PUBLIK KEMHAN</jabatan><tmt_jab>2014-12-31</tmt_jab><no_skep>KEP/1510/XII/2014</no_skep><tgl_skep>2014-12-18</tgl_skep></jabatan></riwayat_jabatan><riwayat_pendidikan><pendidikan_umum><pendidikan><nama_dik>SEKOLAH DASAR</nama_dik><tahun_lulus>1975</tahun_lulus></pendidikan><pendidikan><nama_dik>SEKOLAH LANJUTAN TINGKAT PERTAMA (SLTP)</nama_dik><tahun_lulus>1979</tahun_lulus></pendidikan><pendidikan><nama_dik>SEKOLAH LANJUTAN TINGKAT ATAS (SLTA)</nama_dik><tahun_lulus>1982</tahun_lulus></pendidikan></pendidikan_umum><pendidikan_pembentukan><pendidikan><nama_dik>SECABA</nama_dik><tahun_lulus>1984</tahun_lulus></pendidikan><pendidikan><nama_dik>SUSBAPEN</nama_dik><tahun_lulus>1984</tahun_lulus></pendidikan><pendidikan><nama_dik>SUS MINU</nama_dik><tahun_lulus>1998</tahun_lulus></pendidikan><pendidikan><nama_dik>SUS KAMERAMEN</nama_dik><tahun_lulus>2003</tahun_lulus></pendidikan><pendidikan><nama_dik>SUS MONTIR MOTOR</nama_dik><tahun_lulus>2008</tahun_lulus></pendidikan></pendidikan_pembentukan></riwayat_pendidikan><riwayat_penugasan></riwayat_penugasan><riwayat_tanda_jasa><tanda_jasa><nama_tanda_jasa>SATYALANCANA KESETIAAN VIII TAHUN</nama_tanda_jasa><no_skep>SKEP/491/XII/1994</no_skep><tgl_skep>1994-12-06</tgl_skep></tanda_jasa><tanda_jasa><nama_tanda_jasa>SATYALANCANA KESETIAAN XVI TAHUN</nama_tanda_jasa><no_skep>SKEP/179/VII/2001</no_skep><tgl_skep>2001-07-05</tgl_skep></tanda_jasa><tanda_jasa><nama_tanda_jasa>SATYALANCANA KESETIAAN XXIV TAHUN</nama_tanda_jasa><no_skep>KEP/38/III/2009</no_skep><tgl_skep>2009-03-02</tgl_skep></tanda_jasa><tanda_jasa><nama_tanda_jasa>BINTANG KARTIKA EKA PAKSI NARARYA</nama_tanda_jasa><no_skep>KEPPRES RI NO. 7/TK/TAHUN 2010</no_skep><tgl_skep>2010-04-12</tgl_skep></tanda_jasa></riwayat_tanda_jasa><riwayat_bahasa><bahasa><nama_bahasa>JAWA</nama_bahasa><keterangan>AKTIF</keterangan></bahasa><bahasa><nama_bahasa>SUNDA</nama_bahasa><keterangan>AKTIF</keterangan></bahasa></riwayat_bahasa><riwayat_keluarga><keluarga><nama_keluarga>SUDARMINI</nama_keluarga><jenis_kelamin>PEREMPUAN</jenis_kelamin><tgl_lahir>1968-03-12</tgl_lahir><hubungan>ISTRI</hubungan></keluarga><keluarga><nama_keluarga>TIARA EKA PRASTIWI</nama_keluarga><jenis_kelamin>PEREMPUAN</jenis_kelamin><tgl_lahir>1998-05-30</tgl_lahir><hubungan>ANAK</hubungan></keluarga><keluarga><nama_keluarga>HIQMAL AKBAR ARYA YUDHA GAMMA</nama_keluarga><jenis_kelamin>LAKI-LAKI</jenis_kelamin><tgl_lahir>2004-03-13</tgl_lahir><hubungan>ANAK</hubungan></keluarga></riwayat_keluarga></personil_kemhan>
