<personil_kemhan><nopeg>98576</nopeg><nip>98576</nip><nrp_nip>98576</nrp_nip><nama>MAHARDIKA MULIA</nama><tempat_lahir>Jakarta</tempat_lahir><tgl_lahir>1982-08-27</tgl_lahir><jenis_kelamin>LAKI-LAKI</jenis_kelamin><unit_organisasi>U.O. KEMHAN</unit_organisasi><jenis_personil>TNI</jenis_personil><pangkat>SERMA</pangkat><pangkat_corps>SERMA ()</pangkat_corps><tmt_pangkat>2015-04-01</tmt_pangkat><angkatan_korps>TNI AL</angkatan_korps><kategori_pangkat>SERMA</kategori_pangkat><jabatan>OPERATOR KOMPUTER BID OPSKOD</jabatan><satker>PUS KODIFIKASI BADAN RANAHAN KEMHAN</satker><kode_jabatan>ANGGOTA</kode_jabatan><tmt_jabatan>2011-10-21</tmt_jabatan><eselon_jabatan>99</eselon_jabatan><kategori>ORGANIK</kategori><tmt_tni>2001-03-14</tmt_tni><tmt_kemhan>2005-12-01</tmt_kemhan><agama>ISLAM</agama><file_foto_1>foto/98576.jpg</file_foto_1><file_foto_2>foto/98576.jpg</file_foto_2><riwayat_pangkat><pangkat><pangkat>SERDA</pangkat><tmt_pkt>2001-03-14</tmt_pkt><no_skep>SKEP/331/III/2001</no_skep><tgl_skep>2001-03-14</tgl_skep></pangkat><pangkat><pangkat>SERTU</pangkat><tmt_pkt>2005-04-01</tmt_pkt><no_skep>SKEP/996/III/2005</no_skep><tgl_skep>2005-03-24</tgl_skep></pangkat><pangkat><pangkat>SERKA</pangkat><tmt_pkt>2010-04-01</tmt_pkt><no_skep>KEP KASAL NO : KEP/390/III/2010</no_skep><tgl_skep>2010-03-19</tgl_skep></pangkat><pangkat><pangkat>SERMA</pangkat><tmt_pkt>2015-04-01</tmt_pkt><no_skep>KEP/493/III/2015</no_skep><tgl_skep>2015-03-20</tgl_skep></pangkat></riwayat_pangkat><riwayat_jabatan><jabatan><jabatan>BA. KRI DEWA KEMBAR - 932 SATSURVEI DISHIDROS TNI AL</jabatan><tmt_jab>2002-04-01</tmt_jab><tgl_skep>2002-04-01</tgl_skep></jabatan><jabatan><jabatan>BA. MABES TNI</jabatan><tmt_jab>2005-10-25</tmt_jab><no_skep>SKEP/406/X/2005</no_skep><tgl_skep>2005-10-25</tgl_skep></jabatan><jabatan><jabatan>Turtik/Opr. Komp. Subbagjab Bagkarpeg Ropeg Setjen Dephan</jabatan><tmt_jab>2006-01-01</tmt_jab><no_skep>SKEP/1079/XII/2005</no_skep><tgl_skep>2006-01-01</tgl_skep></jabatan><jabatan><jabatan>Anggota Subbag Jab Bag Karpeg Ropeg Setjen Dephan</jabatan><tmt_jab>2006-09-01</tmt_jab><no_skep>SKEP/667/IX/2006</no_skep><tgl_skep>2006-09-01</tgl_skep></jabatan><jabatan><jabatan>Anggota Subbag UM  Bag TU Puskod Dephan</jabatan><tmt_jab>2009-04-20</tmt_jab><no_skep>KEP MENHAN NO : KEP/65/IV/2009</no_skep><tgl_skep>2009-04-27</tgl_skep></jabatan><jabatan><jabatan>Anggota Subbid Klaskod  Bid Opskod Puskod Dephan</jabatan><tmt_jab>2010-01-04</tmt_jab><no_skep>KEP MENHAN NOMOR : KEP/14/I/2010</no_skep><tgl_skep>2010-01-08</tgl_skep></jabatan><jabatan><jabatan>SEKRETARIS KAPUS SUBBAG TU  PUS KODIFIKASI BADAN RANAHAN KEMHAN</jabatan><tmt_jab>2011-04-01</tmt_jab><no_skep>KEP/291/IV/2011</no_skep><tgl_skep>2011-04-19</tgl_skep></jabatan><jabatan><jabatan>OPERATOR KOMPUTER BID OPSKOD PUS KODIFIKASI BADAN RANAHAN KEMHAN</jabatan><tmt_jab>2011-10-21</tmt_jab><no_skep>KEP/794/X/2011</no_skep><tgl_skep>2011-10-26</tgl_skep></jabatan><jabatan><jabatan>BA PRODISI DISHIDROS TNI AL</jabatan></jabatan></riwayat_jabatan><riwayat_pendidikan><pendidikan_umum><pendidikan><nama_dik>SEKOLAH DASAR</nama_dik><tahun_lulus>1994</tahun_lulus></pendidikan><pendidikan><nama_dik>SEKOLAH MENENGAH PERTAMA (SMP)</nama_dik><tahun_lulus>1997</tahun_lulus></pendidikan><pendidikan><nama_dik>STM (LISTRIK)</nama_dik><tahun_lulus>2000</tahun_lulus></pendidikan></pendidikan_umum><pendidikan_pembentukan><pendidikan><nama_dik>DIK JUR ELEKTRONIKA TNI AL (EKL)</nama_dik><tahun_lulus>2001</tahun_lulus></pendidikan><pendidikan><nama_dik>DIK CABA PK XX  TA. 2000/2001 TNI AL</nama_dik><tahun_lulus>2001</tahun_lulus></pendidikan><pendidikan><nama_dik>DIKLAT TEKNISI KOMPUTER ANG II DEPHAN</nama_dik><tahun_lulus>2009</tahun_lulus></pendidikan><pendidikan><nama_dik>SUS INDOKTRINASI SISTEM KATALOG LLP/45/2010</nama_dik><tahun_lulus>2010</tahun_lulus></pendidikan></pendidikan_pembentukan></riwayat_pendidikan><riwayat_penugasan><penugasan><negara>INDONESIA</negara><tahun>2004</tahun><uraian>OPS. BASE POINT PULAU SEBATIK</uraian></penugasan><penugasan><negara>INDONESIA</negara><tahun>2005</tahun><uraian>OPS. SURVEY PELABUHAN TG. PRIOK</uraian></penugasan><penugasan><negara>MALAYSIA</negara><tahun>2010</tahun><uraian>SUS INDOKTRINASI KATALOG</uraian></penugasan><penugasan><negara>GERMANY</negara><tahun>2012</tahun><uraian>WORKSHOP N-CORE USER</uraian></penugasan></riwayat_penugasan><riwayat_tanda_jasa><tanda_jasa><nama_tanda_jasa>SATYALANCANA KESETIAAN VIII TAHUN</nama_tanda_jasa></tanda_jasa></riwayat_tanda_jasa><riwayat_bahasa><bahasa><nama_bahasa>JAWA</nama_bahasa><keterangan>AKTIF</keterangan></bahasa><bahasa><nama_bahasa>INGGRIS</nama_bahasa><keterangan>PASIF</keterangan></bahasa><bahasa><nama_bahasa>MAKASAR</nama_bahasa><keterangan>PASIF</keterangan></bahasa></riwayat_bahasa><riwayat_keluarga><keluarga><nama_keluarga>IIN PUSPITA SARI</nama_keluarga><jenis_kelamin>PEREMPUAN</jenis_kelamin><tgl_lahir>1981-06-03</tgl_lahir><hubungan>ISTRI</hubungan></keluarga><keluarga><nama_keluarga>SALWA ATHALIA WISESA MAHARDIKA</nama_keluarga><jenis_kelamin>PEREMPUAN</jenis_kelamin><tgl_lahir>2006-03-25</tgl_lahir><hubungan>ANAK</hubungan></keluarga><keluarga><nama_keluarga>AULIA KIRANA MAHARDIKA</nama_keluarga><jenis_kelamin>PEREMPUAN</jenis_kelamin><tgl_lahir>2011-05-05</tgl_lahir><hubungan>ANAK</hubungan></keluarga></riwayat_keluarga></personil_kemhan>
