<personil_kemhan><nopeg>196207121984022001</nopeg><nip>030176588</nip><nrp_nip>196207121984022001</nrp_nip><nama>ENDANG DUMADININGSIH</nama><gelar>S.Sos</gelar><tempat_lahir>Magelang</tempat_lahir><tgl_lahir>1962-07-12</tgl_lahir><jenis_kelamin>PEREMPUAN</jenis_kelamin><unit_organisasi>U.O. KEMHAN</unit_organisasi><jenis_personil>PNS</jenis_personil><pangkat>PENATA TK.I III/D</pangkat><pangkat_corps>PENATA TK.I III/D </pangkat_corps><tmt_pangkat>2012-04-01</tmt_pangkat><angkatan_korps>PNS</angkatan_korps><sumber_pa_gol_3>UJIAN DINAS</sumber_pa_gol_3><tmt_pa_gol_3>1999-10-01</tmt_pa_gol_3><kategori_pangkat>III/D</kategori_pangkat><jabatan>KASUBBAG RENLAK LUHKUM BAG LUHKUM</jabatan><satker>ROKUM SETJEN KEMHAN</satker><kode_jabatan>STRUKTURAL</kode_jabatan><tmt_jabatan>2014-12-31</tmt_jabatan><eselon_jabatan>IV</eselon_jabatan><kategori>ORGANIK</kategori><tmt_tni>1985-06-01</tmt_tni><tmt_kemhan>1984-02-01</tmt_kemhan><agama>ISLAM</agama><file_foto_1>foto/196207121984022001.jpg</file_foto_1><file_foto_2>foto/030176588.jpg</file_foto_2><riwayat_pangkat><pangkat><pangkat>CAPEG II/A</pangkat><tmt_pkt>1984-02-01</tmt_pkt><no_skep>SKEP/174/15/II/1984</no_skep><tgl_skep>1984-02-25</tgl_skep></pangkat><pangkat><pangkat>PENGATUR MUDA II/A</pangkat><tmt_pkt>1985-06-01</tmt_pkt><no_skep>SKEP/311/17/V/1985</no_skep><tgl_skep>1985-05-30</tgl_skep></pangkat><pangkat><pangkat>PENGATUR MUDA TK.I  II/B</pangkat><tmt_pkt>1987-10-01</tmt_pkt><no_skep>SKEP/12/I/1988</no_skep><tgl_skep>1988-01-08</tgl_skep></pangkat><pangkat><pangkat>PENGATUR II/C</pangkat><tmt_pkt>1991-10-01</tmt_pkt><no_skep>03-09/01072/KEP/X/1991</no_skep><tgl_skep>1991-09-02</tgl_skep></pangkat><pangkat><pangkat>PENGATUR TK.I II/D</pangkat><tmt_pkt>1995-10-01</tmt_pkt><no_skep>03-09/00001/KEP/X/1995</no_skep><tgl_skep>1995-08-31</tgl_skep></pangkat><pangkat><pangkat>PENATA MUDA III/A</pangkat><tmt_pkt>1999-10-01</tmt_pkt><no_skep>SKEP/1356/XII/1999</no_skep><tgl_skep>1999-12-10</tgl_skep></pangkat><pangkat><pangkat>PENATA MUDA TK.I III/B</pangkat><tmt_pkt>2003-10-01</tmt_pkt><no_skep>SKEP/1374/IX/2003</no_skep><tgl_skep>2003-09-11</tgl_skep></pangkat><pangkat><pangkat>PENATA III/C</pangkat><tmt_pkt>2008-04-01</tmt_pkt><no_skep>SKEP/148/III/2008</no_skep><tgl_skep>2008-03-10</tgl_skep></pangkat><pangkat><pangkat>PENATA TK.I III/D</pangkat><tmt_pkt>2012-04-01</tmt_pkt><no_skep>SPRIN/232/III/2012</no_skep><tgl_skep>2012-03-27</tgl_skep></pangkat></riwayat_pangkat><riwayat_jabatan><jabatan><jabatan>TURMIN DAN TAKAH SUBBAG REMINRO ROKUM</jabatan><tmt_jab>1998-09-01</tmt_jab><no_skep>SKEP/1137/IX/1998</no_skep><tgl_skep>1998-09-17</tgl_skep></jabatan><jabatan><jabatan>PEMB SUBBAG TK.III/BELAKUM SUBBAG BELAKUM BAGTIMB</jabatan><tmt_jab>2000-11-01</tmt_jab><no_skep>SKEP/1103/XI/2000</no_skep><tgl_skep>2000-11-15</tgl_skep></jabatan><jabatan><jabatan>PEMB SUBBAG TKII/RENJAK BUMN SUBBAGREN BAGBAKUM ROKUM</jabatan><tmt_jab>2001-03-01</tmt_jab><no_skep>SKEP/260/III/2001</no_skep><tgl_skep>2001-03-22</tgl_skep></jabatan><jabatan><jabatan>AJUN ARSIPARIS MADYA</jabatan><tmt_jab>2001-12-01</tmt_jab><no_skep>SKEP/1016/XII/2001</no_skep><tgl_skep>2001-12-24</tgl_skep></jabatan><jabatan><jabatan>Anggota Subbag Hatluhukum Bag Yankum Rohukum Setjen Dephan</jabatan><tmt_jab>2007-09-01</tmt_jab><no_skep>SKEP/735/IX/2007</no_skep><tgl_skep>2007-09-20</tgl_skep></jabatan><jabatan><jabatan>PENGOLAH HATLUHKUM SUBBAG HATLUHKUM BAG YANKUM ROKUM SETJEN KEMHAN</jabatan><tmt_jab>2010-05-24</tmt_jab><no_skep>KEP/348/V/2010</no_skep><tgl_skep>2010-05-26</tgl_skep></jabatan><jabatan><jabatan>KASUBBAG TU BIRO BAG HATKUM ROKUM SETJEN KEMHAN</jabatan><tmt_jab>2010-09-28</tmt_jab><no_skep>KEP/681/IX/2010</no_skep><tgl_skep>2010-09-28</tgl_skep></jabatan><jabatan><jabatan>KASUBBAG MEDIASI BAG HATKUM ROKUM SETJEN KEMHAN</jabatan><tmt_jab>2012-08-01</tmt_jab><no_skep>KEP/606/VII/2012</no_skep><tgl_skep>2012-07-27</tgl_skep></jabatan><jabatan><jabatan>KASUBBAG KONSULTASI BAG HATKUM ROKUM SETJEN KEMHAN</jabatan><tmt_jab>2013-06-03</tmt_jab><no_skep>KEP/531/VI/2013</no_skep><tgl_skep>2013-06-05</tgl_skep></jabatan><jabatan><jabatan>KASUBBAG LUHKUM PUBLIK BAG LUHKUM ROKUM SETJEN KEMHAN</jabatan><tmt_jab>2014-03-10</tmt_jab><no_skep>KEP/229/III/2014</no_skep><tgl_skep>2014-03-05</tgl_skep></jabatan><jabatan><jabatan>KASUBBAG RENLAK LUHKUM BAG LUHKUM ROKUM SETJEN KEMHAN</jabatan><tmt_jab>2014-12-31</tmt_jab><no_skep>KEP/1483/XII/2014</no_skep><tgl_skep>2014-12-18</tgl_skep></jabatan></riwayat_jabatan><riwayat_pendidikan><pendidikan_umum><pendidikan><nama_dik>SEKOLAH DASAR</nama_dik><tahun_lulus>1976</tahun_lulus></pendidikan><pendidikan><nama_dik>SEKOLAH LANJUTAN TINGKAT PERTAMA (SLTP)</nama_dik><tahun_lulus>1980</tahun_lulus></pendidikan><pendidikan><nama_dik>SEKOLAH LANJUTAN TINGKAT ATAS (SLTA)</nama_dik><tahun_lulus>1983</tahun_lulus></pendidikan><pendidikan><nama_dik>SARJANA (S1)</nama_dik><tahun_lulus>2007</tahun_lulus></pendidikan></pendidikan_umum><pendidikan_pembentukan><pendidikan><nama_dik>LATPRAJAB TK II</nama_dik><tahun_lulus>1985</tahun_lulus></pendidikan><pendidikan><nama_dik>ASMI Extension</nama_dik><tahun_lulus>1985</tahun_lulus></pendidikan><pendidikan><nama_dik>EXTENSION HANKAM ASMI</nama_dik><tahun_lulus>1985</tahun_lulus></pendidikan><pendidikan><nama_dik>TAR P-4 25 JAM</nama_dik><tahun_lulus>1988</tahun_lulus></pendidikan><pendidikan><nama_dik>SUS MINU TK. III</nama_dik><tahun_lulus>1991</tahun_lulus></pendidikan><pendidikan><nama_dik>UJIAN DINAS TK II</nama_dik><tahun_lulus>1996</tahun_lulus></pendidikan><pendidikan><nama_dik>DIK LAT PIM TK IV</nama_dik><tahun_lulus>2000</tahun_lulus></pendidikan><pendidikan><nama_dik>WORKSHOP HANNEG ES. IV</nama_dik><tahun_lulus>2010</tahun_lulus></pendidikan></pendidikan_pembentukan></riwayat_pendidikan><riwayat_penugasan></riwayat_penugasan><riwayat_tanda_jasa><tanda_jasa><nama_tanda_jasa>SATYALANCANA KARYA SATYA X TAHUN</nama_tanda_jasa><no_skep>KEPPRES RI NOMOR 040/TK/TAHUN 2003</no_skep><tgl_skep>2003-07-31</tgl_skep></tanda_jasa><tanda_jasa><nama_tanda_jasa>SATYALANCANA KARYA SATYA XX TAHUN</nama_tanda_jasa><no_skep>KEPPRES RI NOMOR 022/TK/TAHUN 2008</no_skep><tgl_skep>2008-06-24</tgl_skep></tanda_jasa></riwayat_tanda_jasa><riwayat_bahasa><bahasa><nama_bahasa>JAWA</nama_bahasa><keterangan>AKTIF</keterangan></bahasa><bahasa><nama_bahasa>INDONESIA</nama_bahasa><keterangan>AKTIF</keterangan></bahasa></riwayat_bahasa><riwayat_keluarga><keluarga><nama_keluarga>MAHFUT</nama_keluarga><jenis_kelamin>LAKI-LAKI</jenis_kelamin><tgl_lahir>1962-12-12</tgl_lahir><hubungan>SUAMI</hubungan></keluarga><keluarga><nama_keluarga>Nurhidah</nama_keluarga><jenis_kelamin>PEREMPUAN</jenis_kelamin><tgl_lahir>1991-02-02</tgl_lahir><hubungan>ANAK</hubungan></keluarga><keluarga><nama_keluarga>Imron Ansyorie</nama_keluarga><jenis_kelamin>LAKI-LAKI</jenis_kelamin><tgl_lahir>1997-01-17</tgl_lahir><hubungan>ANAK</hubungan></keluarga></riwayat_keluarga></personil_kemhan>
