<personil_kemhan><nopeg>197211071999031001</nopeg><nip>030244395</nip><nrp_nip>197211071999031001</nrp_nip><nama>MUJIYANTO</nama><tempat_lahir>BOYOLALI</tempat_lahir><tgl_lahir>1972-07-11</tgl_lahir><jenis_kelamin>LAKI-LAKI</jenis_kelamin><unit_organisasi>U.O. KEMHAN</unit_organisasi><jenis_personil>PNS</jenis_personil><pangkat>PENATA MUDA TK.I III/B</pangkat><pangkat_corps>PENATA MUDA TK.I III/B </pangkat_corps><tmt_pangkat>2013-03-27</tmt_pangkat><angkatan_korps>PNS</angkatan_korps><sumber_pa_gol_3>UJIAN DINAS</sumber_pa_gol_3><kategori_pangkat>III/B</kategori_pangkat><jabatan>PENGADMINISTRASI PAMPERSMAT SUBBID PAMPERSMAT BID PENGAMANAN BAINSTRANAS</jabatan><satker>KEMHAN</satker><kode_jabatan>ANGGOTA</kode_jabatan><tmt_jabatan>2014-12-31</tmt_jabatan><eselon_jabatan>99</eselon_jabatan><kategori>ORGANIK</kategori><tmt_tni>2000-04-01</tmt_tni><agama>ISLAM</agama><file_foto_1>foto/197211071999031001.jpg</file_foto_1><file_foto_2>foto/030244395.jpg</file_foto_2><riwayat_pangkat><pangkat><pangkat>CAPEG II/B</pangkat><tmt_pkt>1999-03-01</tmt_pkt><no_skep>SKEP/346/V/1999</no_skep><tgl_skep>1999-03-01</tgl_skep></pangkat><pangkat><pangkat>PENGATUR MUDA TK.I  II/B</pangkat><tmt_pkt>2000-09-01</tmt_pkt><no_skep>SKEP/539/VIII/2000</no_skep><tgl_skep>2000-09-01</tgl_skep></pangkat><pangkat><pangkat>PENGATUR II/C</pangkat><tmt_pkt>2002-04-01</tmt_pkt><no_skep>SKEP/759/VII/2002</no_skep><tgl_skep>2002-04-01</tgl_skep></pangkat><pangkat><pangkat>PENGATUR TK.I II/D</pangkat><tmt_pkt>2005-03-14</tmt_pkt><no_skep>SKEP/170/III/2005</no_skep><tgl_skep>2005-03-14</tgl_skep></pangkat><pangkat><pangkat>PENATA MUDA III/A</pangkat><tmt_pkt>2009-03-11</tmt_pkt><no_skep>SKEP/34/III/2009</no_skep><tgl_skep>2009-03-11</tgl_skep></pangkat><pangkat><pangkat>PENATA MUDA TK.I III/B</pangkat><tmt_pkt>2013-03-27</tmt_pkt><no_skep>SKEP/278/III/2013</no_skep><tgl_skep>2013-03-27</tgl_skep></pangkat></riwayat_pangkat><riwayat_jabatan><jabatan><jabatan>TUR PERSEDIAAN PRIMKOP SETJEN KEMHAN ROUM SETJEN KEMHAN</jabatan><tmt_jab>2001-10-01</tmt_jab><no_skep>SKEP/851/X/2001</no_skep></jabatan><jabatan><jabatan>ANGGOTA SUBBAGMINRO BAGADABANGPEG ROPEG SETJEN KEMHAN</jabatan><tmt_jab>2006-03-01</tmt_jab><no_skep>SKEP/201/III/2006</no_skep></jabatan><jabatan><jabatan>ANGGOTA SATKAM SUBBAGPAMPERSMAT BAGPAM ROUM</jabatan><tmt_jab>2008-03-03</tmt_jab><no_skep>SPRIN/159/III/2008</no_skep></jabatan><jabatan><jabatan>KOMANDAN REGU SATUAN KEAMANAN SUBBAGPAMPERSMAT BAGPAM ROUM STJEN KEMHAN ROUM SETJEN KEMHAN</jabatan><tmt_jab>2010-07-27</tmt_jab><no_skep>KEP/553/VII/2010</no_skep><tgl_skep>2011-07-28</tgl_skep></jabatan><jabatan><jabatan>ANGGOTA ROUM SETJEN KEMHAN ROUM SETJEN KEMHAN</jabatan><tmt_jab>2011-07-04</tmt_jab><no_skep>KEP/525/VII/2011</no_skep><tgl_skep>2011-07-12</tgl_skep></jabatan><jabatan><jabatan>PENGADMINISTRASI PAMPERSMAT SUBBID PAMPERSMAT BID PENGAMANAN BAINSTRANAS KEMHAN</jabatan><tmt_jab>2014-12-31</tmt_jab><no_skep>KEP/1484/XIV/2014</no_skep><tgl_skep>2014-12-18</tgl_skep></jabatan></riwayat_jabatan><riwayat_pendidikan><pendidikan_umum><pendidikan><nama_dik>SEKOLAH DASAR</nama_dik><tahun_lulus>1984</tahun_lulus></pendidikan><pendidikan><nama_dik>SEKOLAH LANJUTAN TINGKAT PERTAMA (SLTP)</nama_dik><tahun_lulus>1987</tahun_lulus></pendidikan><pendidikan><nama_dik>SEKOLAH LANJUTAN TINGKAT ATAS (SLTA)</nama_dik><tahun_lulus>1990</tahun_lulus></pendidikan><pendidikan><nama_dik>SARJANA MUDA (D.III)</nama_dik><tahun_lulus>1994</tahun_lulus></pendidikan></pendidikan_umum><pendidikan_pembentukan></pendidikan_pembentukan></riwayat_pendidikan><riwayat_penugasan></riwayat_penugasan><riwayat_tanda_jasa><tanda_jasa><nama_tanda_jasa>SATYALANCANA KARYA SATYA X TAHUN</nama_tanda_jasa><no_skep>8/TK/TAHUN 2012</no_skep><tgl_skep>2012-02-08</tgl_skep></tanda_jasa></riwayat_tanda_jasa><riwayat_bahasa></riwayat_bahasa><riwayat_keluarga></riwayat_keluarga></personil_kemhan>
