<personil_kemhan><nopeg>196801141991031001</nopeg><nip>030211957</nip><nrp_nip>196801141991031001</nrp_nip><nama>NURDIN</nama><tempat_lahir>Jakarta</tempat_lahir><tgl_lahir>1968-01-14</tgl_lahir><jenis_kelamin>LAKI-LAKI</jenis_kelamin><unit_organisasi>U.O. KEMHAN</unit_organisasi><jenis_personil>PNS</jenis_personil><pangkat>PENATA MUDA TK.I III/B</pangkat><pangkat_corps>PENATA MUDA TK.I III/B </pangkat_corps><tmt_pangkat>2011-04-01</tmt_pangkat><angkatan_korps>PNS</angkatan_korps><sumber_pa_gol_3>UJIAN DINAS</sumber_pa_gol_3><tmt_pa_gol_3>2007-04-01</tmt_pa_gol_3><kategori_pangkat>III/B</kategori_pangkat><jabatan>PENGOLAH AKUNTANSI BARANG SUBBAG TU BIRO BAG HATKUM </jabatan><satker>ROKUM SETJEN KEMHAN</satker><kode_jabatan>FUNGSIONAL</kode_jabatan><tmt_jabatan>2015-03-20</tmt_jabatan><eselon_jabatan>99</eselon_jabatan><kategori>ORGANIK</kategori><tmt_tni>1992-08-01</tmt_tni><tmt_kemhan>1991-03-01</tmt_kemhan><agama>ISLAM</agama><file_foto_1>foto/196801141991031001.jpg</file_foto_1><file_foto_2>foto/030211957.jpg</file_foto_2><riwayat_pangkat><pangkat><pangkat>CAPEG II/A</pangkat><tmt_pkt>1991-03-01</tmt_pkt><no_skep>SKEP/707/V/1991</no_skep><tgl_skep>1991-05-23</tgl_skep></pangkat><pangkat><pangkat>PENGATUR MUDA II/A</pangkat><tmt_pkt>1992-08-01</tmt_pkt><no_skep>SKEP/970/VII/1992</no_skep><tgl_skep>1992-07-20</tgl_skep></pangkat><pangkat><pangkat>PENGATUR MUDA TK.I  II/B</pangkat><tmt_pkt>1995-04-01</tmt_pkt><no_skep>03-09/04698/KEP/IV/1995</no_skep><tgl_skep>1995-06-06</tgl_skep></pangkat><pangkat><pangkat>PENGATUR II/C</pangkat><tmt_pkt>1999-04-01</tmt_pkt><no_skep>03.09.00/024/KEP/IV/1999</no_skep><tgl_skep>1999-04-23</tgl_skep></pangkat><pangkat><pangkat>PENGATUR TK.I II/D</pangkat><tmt_pkt>2003-04-01</tmt_pkt><no_skep>SKEP/749/V/2003</no_skep><tgl_skep>2003-05-14</tgl_skep></pangkat><pangkat><pangkat>PENATA MUDA III/A</pangkat><tmt_pkt>2007-04-01</tmt_pkt><no_skep>SKEP/153/III/2007</no_skep><tgl_skep>2007-03-06</tgl_skep></pangkat><pangkat><pangkat>PENATA MUDA TK.I III/B</pangkat><tmt_pkt>2011-04-01</tmt_pkt><no_skep>KEP/188/III/2011</no_skep><tgl_skep>2011-03-22</tgl_skep></pangkat></riwayat_pangkat><riwayat_jabatan><jabatan><jabatan>Anggota Biro Hukum Setjen Dephankam</jabatan><tmt_jab>1990-03-01</tmt_jab><no_skep>SPRIN/1200/VI/1991</no_skep><tgl_skep>1990-06-18</tgl_skep></jabatan><jabatan><jabatan>Staf Subbag Renminro Rokum Setjen Dephankam</jabatan><tmt_jab>1991-06-26</tmt_jab><no_skep>SPRIN/050/VI/1991</no_skep><tgl_skep>1991-06-26</tgl_skep></jabatan><jabatan><jabatan>Turmin Umum Karokum Setjen Dephankam</jabatan><tmt_jab>1998-09-01</tmt_jab><no_skep>SKEP/1137/IX/1998</no_skep><tgl_skep>1998-09-17</tgl_skep></jabatan><jabatan><jabatan>Turmin Karokum Subbag Renminro Bag Yankum Rokum</jabatan><tmt_jab>2001-03-01</tmt_jab><no_skep>SKEP/247/III/2001</no_skep><tgl_skep>2001-03-21</tgl_skep></jabatan><jabatan><jabatan>ANGGOTA BAGYANKUM ROKUM SETJEN DEPHAN</jabatan><tmt_jab>2005-04-01</tmt_jab><tgl_skep>2005-04-01</tgl_skep></jabatan><jabatan><jabatan>Anggota Subbag Bankum Bag Yankum Biro Hukum Setjen Dephan</jabatan><tmt_jab>2007-09-01</tmt_jab><no_skep>SKEP/735/IX/2007</no_skep><tgl_skep>2007-09-20</tgl_skep></jabatan><jabatan><jabatan>Anggota Subbag Ren Undang Bag Undang Rohukum Setjen Dephan</jabatan><tmt_jab>2010-02-11</tmt_jab><no_skep>SPRIN/09/II/2010</no_skep><tgl_skep>2010-02-11</tgl_skep></jabatan><jabatan><jabatan>PENGADMINISTRASI RAPKUM SUBBAGRAPKUM BAGUNDANG</jabatan><tmt_jab>2010-05-24</tmt_jab><no_skep>KEP/348/V/2010</no_skep><tgl_skep>2010-05-26</tgl_skep></jabatan><jabatan><jabatan>PEMPROSES WABKU SUBBAG TU BIRO BAG HATKUM ROKUM SETJEN KEMHAN</jabatan><tmt_jab>2011-04-01</tmt_jab><no_skep>KEP/284/IV/2011</no_skep><tgl_skep>2011-04-19</tgl_skep></jabatan><jabatan><jabatan>PENGOLAH BHN BAKUM SUBBAG BAKUM BAG YANKUM ROKUM SETJEN KEMHAN</jabatan><tmt_jab>2011-04-01</tmt_jab><no_skep>KEP/284/IV/2011</no_skep><tgl_skep>2011-04-19</tgl_skep></jabatan><jabatan><jabatan>PENGOLAH BAHAN TURLAK SEKSI PERATURAN PELAKSANAAN SUBDIT PERATURAN DIT KUMSTRAHAN DITJEN STRAHAN KEMHAN</jabatan><tmt_jab>2011-09-10</tmt_jab><no_skep>SPRIN/173/01/2011</no_skep><tgl_skep>2011-01-26</tgl_skep></jabatan><jabatan><jabatan>PENGOLAH BAHAN PROGLAP SUBBAG TU BIRO BAGHATKUM ROKUM SETJEN KEMHAN</jabatan><tmt_jab>2012-08-01</tmt_jab><no_skep>KEP/624/VIII/2012</no_skep><tgl_skep>2012-08-03</tgl_skep></jabatan><jabatan><jabatan>PENGOLAH BAHAN PERJANJIAN SUBBAG PERJANJIAN BAG YANKUM ROKUM SETJEN KEMHAN</jabatan><tmt_jab>2013-10-30</tmt_jab><no_skep>Kep/1108/X/2013</no_skep><tgl_skep>2013-10-31</tgl_skep></jabatan><jabatan><jabatan>SEKRETARIS KARO SUBBAG TU BIRO BAGHATKUM  ROKUM SETJEN KEMHAN</jabatan><tmt_jab>2014-12-31</tmt_jab><no_skep>KEP/1485/XII/2014</no_skep><tgl_skep>2014-12-18</tgl_skep></jabatan><jabatan><jabatan>PENGOLAH AKUNTANSI BARANG SUBBAG TU BIRO BAG HATKUM  ROKUM SETJEN KEMHAN</jabatan><tmt_jab>2015-03-20</tmt_jab><no_skep>KEP/300/III/2015</no_skep><tgl_skep>2015-04-24</tgl_skep></jabatan><jabatan><jabatan>PENGOLAH AKUNTANSI BARANG BMN SUBBAG TU BIRO BAG HATKUM ROKUM SETJEN KEMHAN</jabatan></jabatan></riwayat_jabatan><riwayat_pendidikan><pendidikan_umum><pendidikan><nama_dik>SEKOLAH DASAR</nama_dik><tahun_lulus>1982</tahun_lulus></pendidikan><pendidikan><nama_dik>SEKOLAH LANJUTAN TINGKAT PERTAMA (SLTP)</nama_dik><tahun_lulus>1985</tahun_lulus></pendidikan><pendidikan><nama_dik>SEKOLAH LANJUTAN TINGKAT ATAS (SLTA)</nama_dik><tahun_lulus>1988</tahun_lulus></pendidikan></pendidikan_umum><pendidikan_pembentukan><pendidikan><nama_dik>SUS MENGETIK</nama_dik><tahun_lulus>1988</tahun_lulus></pendidikan><pendidikan><nama_dik>LATPRAJAB TK II</nama_dik><tahun_lulus>1991</tahun_lulus></pendidikan><pendidikan><nama_dik>TAR P-4 25 JAM</nama_dik><tahun_lulus>1991</tahun_lulus></pendidikan><pendidikan><nama_dik>SUS MIKRO KOMPUTER</nama_dik><tahun_lulus>1992</tahun_lulus></pendidikan><pendidikan><nama_dik>SUS MINU DEPHANKAM</nama_dik><tahun_lulus>1992</tahun_lulus></pendidikan><pendidikan><nama_dik>SUS OPERATOR INTERNET</nama_dik><tahun_lulus>2000</tahun_lulus></pendidikan><pendidikan><nama_dik>PENATARAN TAKAH &amp; KEARSIPAN DEPHAN</nama_dik><tahun_lulus>2002</tahun_lulus></pendidikan><pendidikan><nama_dik>UJIAN DINAS TK I</nama_dik><tahun_lulus>2005</tahun_lulus></pendidikan><pendidikan><nama_dik>PENATARAN PERBENDAHARAAN NEGARA</nama_dik><tahun_lulus>2015</tahun_lulus></pendidikan></pendidikan_pembentukan></riwayat_pendidikan><riwayat_penugasan></riwayat_penugasan><riwayat_tanda_jasa><tanda_jasa><nama_tanda_jasa>SATYALANCANA KARYA SATYA X TAHUN</nama_tanda_jasa><no_skep>KEPPRES RI NOMOR 048/TK/TAHUN 2004</no_skep><tgl_skep>2005-08-05</tgl_skep></tanda_jasa><tanda_jasa><nama_tanda_jasa>SATYALANCANA KARYA SATYA XX TAHUN</nama_tanda_jasa><no_skep>KEPPRES RI NO. 73 /TK /TAHUN  2011</no_skep><tgl_skep>2011-01-01</tgl_skep></tanda_jasa></riwayat_tanda_jasa><riwayat_bahasa><bahasa><nama_bahasa>BETAWI</nama_bahasa><keterangan>AKTIF</keterangan></bahasa><bahasa><nama_bahasa>INGGRIS</nama_bahasa><keterangan>PASIF</keterangan></bahasa><bahasa><nama_bahasa>INDONESIA</nama_bahasa><keterangan>AKTIF</keterangan></bahasa></riwayat_bahasa><riwayat_keluarga><keluarga><nama_keluarga>KUSHARTATI</nama_keluarga><jenis_kelamin>PEREMPUAN</jenis_kelamin><tgl_lahir>1973-05-11</tgl_lahir><hubungan>ISTRI</hubungan></keluarga><keluarga><nama_keluarga>ALIFIANDI NURDIAWAN</nama_keluarga><jenis_kelamin>LAKI-LAKI</jenis_kelamin><tgl_lahir>1997-01-08</tgl_lahir><hubungan>ANAK</hubungan></keluarga><keluarga><nama_keluarga>MIRRAYANI KHOIRUNISSA</nama_keluarga><jenis_kelamin>PEREMPUAN</jenis_kelamin><tgl_lahir>2001-01-09</tgl_lahir><hubungan>ANAK</hubungan></keluarga><keluarga><nama_keluarga>INTAN NUR MAHARANI</nama_keluarga><jenis_kelamin>PEREMPUAN</jenis_kelamin><tgl_lahir>2007-07-14</tgl_lahir><hubungan>ANAK</hubungan></keluarga></riwayat_keluarga></personil_kemhan>
