<personil_kemhan><nopeg>197605052003121001</nopeg><nip>030248760</nip><nrp_nip>197605052003121001</nrp_nip><nama>AGUS MULYADI</nama><tempat_lahir>Tasikmalaya</tempat_lahir><tgl_lahir>1976-05-05</tgl_lahir><jenis_kelamin>LAKI-LAKI</jenis_kelamin><unit_organisasi>U.O. KEMHAN</unit_organisasi><jenis_personil>PNS</jenis_personil><pangkat>PENGATUR II/C</pangkat><pangkat_corps>PENGATUR II/C </pangkat_corps><tmt_pangkat>2012-04-01</tmt_pangkat><angkatan_korps>PNS</angkatan_korps><kategori_pangkat>II/C</kategori_pangkat><jabatan>AGENDARIS SUBBAG TU</jabatan><satker>PUSLITBANG SUMDAHAN BALITBANG KEMHAN</satker><kode_jabatan>ANGGOTA</kode_jabatan><tmt_jabatan>2014-12-31</tmt_jabatan><eselon_jabatan>99</eselon_jabatan><kategori>ORGANIK</kategori><tmt_tni>2005-08-01</tmt_tni><agama>ISLAM</agama><file_foto_1>foto/197605052003121001.jpg</file_foto_1><file_foto_2>foto/030248760.jpg</file_foto_2><riwayat_pangkat><pangkat><pangkat>PENGATUR II/C</pangkat><tmt_pkt>2012-04-01</tmt_pkt><no_skep>SPRIN/232/III/2012</no_skep><tgl_skep>2012-03-27</tgl_skep></pangkat><pangkat><pangkat>PENGATUR MUDA II/A</pangkat></pangkat><pangkat><pangkat>PENGATUR MUDA TK.I  II/B</pangkat></pangkat><pangkat><pangkat>CAPEG II/B</pangkat></pangkat></riwayat_pangkat><riwayat_jabatan><jabatan><jabatan>TURMIN BAG TU SEKJEN  ROTU SETJEN KEMHAN</jabatan><tmt_jab>2004-05-11</tmt_jab><no_skep>SPRIN/248/VI/2004</no_skep><tgl_skep>2004-06-08</tgl_skep></jabatan><jabatan><jabatan>ANGGOTA BAG TUPIM  ROTU SETJEN KEMHAN</jabatan><tmt_jab>2005-12-01</tmt_jab><no_skep>SKEP/675/IX/2005</no_skep><tgl_skep>2005-09-09</tgl_skep></jabatan><jabatan><jabatan>ANGGOTA SUBBAG MINSAHLI BAGBANMINPIM ROTU SETJEN KEMHAN</jabatan><tmt_jab>2006-03-01</tmt_jab><no_skep>SKEP/192/III/2006</no_skep><tgl_skep>2006-03-21</tgl_skep></jabatan><jabatan><jabatan>OPERATOR KOMPUTER SUBBAGMIN SAHLI BAGBANMINPIM ROTU SETJEN KEMHAN</jabatan><tmt_jab>2010-07-19</tmt_jab><no_skep>KEP/516/VII/2010</no_skep><tgl_skep>2010-07-27</tgl_skep></jabatan><jabatan><jabatan>SEKRETARIS KAPUS SUBBAG TU PUSLITBANG SUMDAHAN  BALITBANG KEMHAN</jabatan><tmt_jab>2011-04-01</tmt_jab><no_skep>KEP/292/IV/2012</no_skep><tgl_skep>2011-04-19</tgl_skep></jabatan><jabatan><jabatan>AGENDARIS SUBBAG TU PUSLITBANG SUMDAHAN BALITBANG KEMHAN</jabatan><tmt_jab>2014-12-31</tmt_jab><no_skep>KEP/1508/XII/2014</no_skep><tgl_skep>2014-12-18</tgl_skep></jabatan></riwayat_jabatan><riwayat_pendidikan><pendidikan_umum><pendidikan><nama_dik>SEKOLAH DASAR</nama_dik><tahun_lulus>1990</tahun_lulus></pendidikan><pendidikan><nama_dik>SEKOLAH LANJUTAN TINGKAT PERTAMA (SLTP)</nama_dik><tahun_lulus>1993</tahun_lulus></pendidikan><pendidikan><nama_dik>SEKOLAH LANJUTAN TINGKAT ATAS (SLTA)</nama_dik><tahun_lulus>1998</tahun_lulus></pendidikan></pendidikan_umum><pendidikan_pembentukan></pendidikan_pembentukan></riwayat_pendidikan><riwayat_penugasan></riwayat_penugasan><riwayat_tanda_jasa></riwayat_tanda_jasa><riwayat_bahasa></riwayat_bahasa><riwayat_keluarga><keluarga><nama_keluarga>Imas Masitoh  </nama_keluarga><jenis_kelamin>PEREMPUAN</jenis_kelamin><tgl_lahir>1981-12-10</tgl_lahir><hubungan>ISTRI</hubungan></keluarga><keluarga><nama_keluarga>Naufa Agis Gerialdy      </nama_keluarga><jenis_kelamin>LAKI-LAKI</jenis_kelamin><tgl_lahir>2006-06-02</tgl_lahir><hubungan>ANAK</hubungan></keluarga><keluarga><nama_keluarga>Naifa Agis Cetta</nama_keluarga><jenis_kelamin>PEREMPUAN</jenis_kelamin><tgl_lahir>2012-05-22</tgl_lahir><hubungan>ANAK</hubungan></keluarga></riwayat_keluarga></personil_kemhan>
