<personil_kemhan><nopeg>196701031996031001</nopeg><nip>030230616</nip><nrp_nip>196701031996031001</nrp_nip><nama>SLAMET MULYANTO</nama><gelar>S.H., M.Si</gelar><tempat_lahir>Lebak</tempat_lahir><tgl_lahir>1967-01-03</tgl_lahir><jenis_kelamin>LAKI-LAKI</jenis_kelamin><unit_organisasi>U.O. KEMHAN</unit_organisasi><jenis_personil>PNS</jenis_personil><pangkat>PEMBINA IV/A</pangkat><pangkat_corps>PEMBINA IV/A </pangkat_corps><tmt_pangkat>2012-10-01</tmt_pangkat><angkatan_korps>PNS</angkatan_korps><sumber_pa_gol_3>CAPEG SARJANA</sumber_pa_gol_3><tmt_pa_gol_3>1996-03-01</tmt_pa_gol_3><kategori_pangkat>IV/A</kategori_pangkat><jabatan>KASUBBAG PENGADILAN TK. II &amp; III BAG BANKUM</jabatan><satker>ROKUM SETJEN KEMHAN</satker><kode_jabatan>STRUKTURAL</kode_jabatan><tmt_jabatan>2014-12-31</tmt_jabatan><eselon_jabatan>IV</eselon_jabatan><kategori>ORGANIK</kategori><tmt_tni>1997-05-16</tmt_tni><tmt_kemhan>1996-03-01</tmt_kemhan><agama>ISLAM</agama><file_foto_1>foto/196701031996031001.jpg</file_foto_1><file_foto_2>foto/030230616.jpg</file_foto_2><riwayat_pangkat><pangkat><pangkat>CAPEG III/A</pangkat><tmt_pkt>1996-03-01</tmt_pkt><no_skep>SKEP/1092/X/1996</no_skep><tgl_skep>1996-10-01</tgl_skep></pangkat><pangkat><pangkat>PENATA MUDA III/A</pangkat><tmt_pkt>1997-05-16</tmt_pkt><no_skep>SKEP/587/V/1997</no_skep><tgl_skep>1997-05-16</tgl_skep></pangkat><pangkat><pangkat>PENATA MUDA TK.I III/B</pangkat><tmt_pkt>2000-04-01</tmt_pkt><no_skep>SKEP/464/VI/2000</no_skep><tgl_skep>2000-06-26</tgl_skep></pangkat><pangkat><pangkat>PENATA III/C</pangkat><tmt_pkt>2004-04-01</tmt_pkt><no_skep>SKEP/84/II/2004</no_skep><tgl_skep>2004-02-20</tgl_skep></pangkat><pangkat><pangkat>PENATA TK.I III/D</pangkat><tmt_pkt>2008-04-01</tmt_pkt><no_skep>SKEP/147/III/2008</no_skep><tgl_skep>2008-03-10</tgl_skep></pangkat><pangkat><pangkat>PEMBINA IV/A</pangkat><tmt_pkt>2012-10-01</tmt_pkt><no_skep>KEP/705/M/IX/2012</no_skep><tgl_skep>2012-09-04</tgl_skep></pangkat></riwayat_pangkat><riwayat_jabatan><jabatan><jabatan>Staf Bag Timbangbankum Biro Hukum Setjen Dephankam</jabatan><tmt_jab>1996-03-01</tmt_jab><no_skep>SKEP/1092/X/1996</no_skep><tgl_skep>1996-10-01</tgl_skep></jabatan><jabatan><jabatan>PEMB SUBBAG TKII/KUMPID INTERN SUBBAGKUM HUMANITER</jabatan><tmt_jab>2001-03-01</tmt_jab><no_skep>SKEP/260/III/2001</no_skep><tgl_skep>2001-03-22</tgl_skep></jabatan><jabatan><jabatan>AJUN ARSIPARIS</jabatan><tmt_jab>2001-12-01</tmt_jab><no_skep>SKEP/1016/XII/2001</no_skep><tgl_skep>2001-12-24</tgl_skep></jabatan><jabatan><jabatan>kasubbagkumorgint bagkumint</jabatan><tmt_jab>2006-04-01</tmt_jab><no_skep>SKEP/226/IV/2006</no_skep><tgl_skep>2006-04-05</tgl_skep></jabatan><jabatan><jabatan>Kasubbag Bankum Bag Yankum Rohukum Setjen Dephan</jabatan><tmt_jab>2007-07-01</tmt_jab><no_skep>SKEP/586/VII/2007</no_skep><tgl_skep>2007-07-30</tgl_skep></jabatan><jabatan><jabatan>KASUBBAG PENGADILAN TK. I BAG BANKUM ROKUM SETJEN KEMHAN</jabatan><tmt_jab>2010-09-28</tmt_jab><no_skep>KEP/681/IX/2010</no_skep><tgl_skep>2010-09-28</tgl_skep></jabatan><jabatan><jabatan>KASUBBAG PENGADILAN TK. II &amp; III BAG BANKUM ROKUM SETJEN KEMHAN</jabatan><tmt_jab>2014-03-05</tmt_jab><no_skep>KEP/229/III/2014</no_skep><tgl_skep>2014-03-10</tgl_skep></jabatan><jabatan><jabatan>KASUBBAG PENGADILAN TK. II &amp; III BAG BANKUM ROKUM SETJEN KEMHAN</jabatan><tmt_jab>2014-03-10</tmt_jab><no_skep>KEP/229/III/2014</no_skep><tgl_skep>2014-03-05</tgl_skep></jabatan><jabatan><jabatan>KASUBBAG PENGADILAN TK. II &amp; III BAG BANKUM ROKUM SETJEN KEMHAN</jabatan><tmt_jab>2014-12-31</tmt_jab><no_skep>KEP/1483/XII/2014</no_skep><tgl_skep>2014-12-18</tgl_skep></jabatan></riwayat_jabatan><riwayat_pendidikan><pendidikan_umum><pendidikan><nama_dik>SEKOLAH DASAR</nama_dik><tahun_lulus>1980</tahun_lulus></pendidikan><pendidikan><nama_dik>SEKOLAH LANJUTAN TINGKAT PERTAMA (SLTP)</nama_dik><tahun_lulus>1983</tahun_lulus></pendidikan><pendidikan><nama_dik>SEKOLAH LANJUTAN TINGKAT ATAS (SLTA)</nama_dik><tahun_lulus>1986</tahun_lulus></pendidikan><pendidikan><nama_dik>SARJANA (S1)</nama_dik><tahun_lulus>1993</tahun_lulus></pendidikan><pendidikan><nama_dik>PASCA SARJANA (S2)</nama_dik><tahun_lulus>2012</tahun_lulus></pendidikan></pendidikan_umum><pendidikan_pembentukan><pendidikan><nama_dik>LATPRAJAB TK.III</nama_dik><tahun_lulus>1996</tahun_lulus></pendidikan><pendidikan><nama_dik>TAR P-4 45 JAM</nama_dik><tahun_lulus>1996</tahun_lulus></pendidikan><pendidikan><nama_dik>SUS DAS JITEK MULTIMEDIA BPPIT</nama_dik><tahun_lulus>1999</tahun_lulus></pendidikan><pendidikan><nama_dik>DIK LAT PIM TK IV</nama_dik><tahun_lulus>2000</tahun_lulus></pendidikan><pendidikan><nama_dik>Sus Pengacara Yan Apul</nama_dik><tahun_lulus>2002</tahun_lulus></pendidikan><pendidikan><nama_dik>DIK LAT PIM TK III</nama_dik><tahun_lulus>2006</tahun_lulus></pendidikan><pendidikan><nama_dik>WORKSHOP ESL. IV GEL. II TGL. 24 s.d. 25 SEPT 2007</nama_dik><tahun_lulus>2007</tahun_lulus></pendidikan><pendidikan><nama_dik>workshop pengembangan kompetensi kepemimpinan Jab Es. IV</nama_dik><tahun_lulus>2015</tahun_lulus></pendidikan></pendidikan_pembentukan></riwayat_pendidikan><riwayat_penugasan></riwayat_penugasan><riwayat_tanda_jasa><tanda_jasa><nama_tanda_jasa>SATYALANCANA KARYA SATYA X TAHUN</nama_tanda_jasa><no_skep>KEPPRES RI NOMOR 022/TK/TAHUN 2008</no_skep><tgl_skep>2008-06-24</tgl_skep></tanda_jasa></riwayat_tanda_jasa><riwayat_bahasa><bahasa><nama_bahasa>JAWA</nama_bahasa><keterangan>AKTIF</keterangan></bahasa><bahasa><nama_bahasa>INGGRIS</nama_bahasa><keterangan>PASIF</keterangan></bahasa></riwayat_bahasa><riwayat_keluarga><keluarga><nama_keluarga>HALIMATU SA&apos;DIAH, M.Pd.</nama_keluarga><jenis_kelamin>PEREMPUAN</jenis_kelamin><tgl_lahir>1969-02-16</tgl_lahir><hubungan>ISTRI</hubungan></keluarga><keluarga><nama_keluarga>NURUL FADILAH</nama_keluarga><jenis_kelamin>PEREMPUAN</jenis_kelamin><tgl_lahir>1994-01-07</tgl_lahir><hubungan>ANAK</hubungan></keluarga><keluarga><nama_keluarga>M. IHSAN NUGROHO</nama_keluarga><jenis_kelamin>LAKI-LAKI</jenis_kelamin><tgl_lahir>2000-01-16</tgl_lahir><hubungan>ANAK</hubungan></keluarga></riwayat_keluarga></personil_kemhan>
