<personil_kemhan><nopeg>522195</nopeg><nip>522195</nip><nrp_nip>522195</nrp_nip><nama>RUSBANDI</nama><tempat_lahir>Kendal</tempat_lahir><tgl_lahir>1962-05-15</tgl_lahir><jenis_kelamin>LAKI-LAKI</jenis_kelamin><unit_organisasi>U.O. KEMHAN</unit_organisasi><jenis_personil>TNI</jenis_personil><pangkat>MAYOR</pangkat><pangkat_corps>MAYOR INF</pangkat_corps><tmt_pangkat>2007-04-01</tmt_pangkat><angkatan_korps>TNI AD</angkatan_korps><sumber_pa_gol_3>SECAPA</sumber_pa_gol_3><tmt_pa_gol_3>1994-12-20</tmt_pa_gol_3><kategori_pangkat>MAYOR</kategori_pangkat><jabatan>ANALIS MUDA BIDDUKOPS</jabatan><satker>PUSDATIN KEMHAN</satker><kode_jabatan>FUNGSIONAL</kode_jabatan><tmt_jabatan>2015-11-02</tmt_jabatan><eselon_jabatan>IV</eselon_jabatan><kategori>ORGANIK</kategori><tmt_tni>1994-12-20</tmt_tni><tmt_kemhan>2005-06-04</tmt_kemhan><agama>ISLAM</agama><file_foto_1>foto/522195.jpg</file_foto_1><file_foto_2>foto/522195.jpg</file_foto_2><riwayat_pangkat><pangkat><pangkat>LETDA</pangkat><tmt_pkt>1994-12-20</tmt_pkt><no_skep>SKEP/588/XII/2004</no_skep><tgl_skep>1994-12-30</tgl_skep></pangkat><pangkat><pangkat>LETTU</pangkat><tmt_pkt>1998-04-01</tmt_pkt><no_skep>SKEP/147/III/2008</no_skep><tgl_skep>1998-03-27</tgl_skep></pangkat><pangkat><pangkat>KAPTEN</pangkat><tmt_pkt>2002-04-01</tmt_pkt><no_skep>SKEP/1588/III/2002</no_skep><tgl_skep>2002-03-26</tgl_skep></pangkat><pangkat><pangkat>MAYOR</pangkat><tmt_pkt>2007-04-01</tmt_pkt><no_skep>SKEP/91/III/2007</no_skep><tgl_skep>2007-03-30</tgl_skep></pangkat></riwayat_pangkat><riwayat_jabatan><jabatan><jabatan>DANTON 2/A DODIK BELANEGARA RINDAM JAYA</jabatan><tmt_jab>1995-04-01</tmt_jab><no_skep>SKEP. 87/II/1995</no_skep><tgl_skep>1995-04-01</tgl_skep></jabatan><jabatan><jabatan>FAURTIH JASDAM JAYA</jabatan><tmt_jab>1997-01-16</tmt_jab><no_skep>SKEP. 47/I/1997</no_skep><tgl_skep>1997-01-16</tgl_skep></jabatan><jabatan><jabatan>DAN UNIT PAMSUSGAR I/JKT</jabatan><tmt_jab>1997-08-14</tmt_jab><no_skep>SKEP/936-10/II/1997</no_skep><tgl_skep>1997-08-14</tgl_skep></jabatan><jabatan><jabatan>KASIMIN SUBGAR 0502/JU</jabatan><tmt_jab>1999-03-01</tmt_jab><no_skep>SKEP/89-10/III/1999</no_skep><tgl_skep>1999-03-01</tgl_skep></jabatan><jabatan><jabatan>PA. OPS GAKKUMTIB SOPS KOGARTAP I/JAKARTA</jabatan><tmt_jab>2002-02-01</tmt_jab><no_skep>SKEP/154-10/II/2002</no_skep><tgl_skep>2002-02-01</tgl_skep></jabatan><jabatan><jabatan>GUMIL UTAMA JIANBANG RINDAM II</jabatan><tmt_jab>2004-09-09</tmt_jab><no_skep>SKEP/1086/IX/2004</no_skep><tgl_skep>2004-09-17</tgl_skep></jabatan><jabatan><jabatan>PAMA MABES TNI</jabatan><tmt_jab>2005-03-01</tmt_jab><no_skep>SKEP/1086/III/2005</no_skep><tgl_skep>2005-03-09</tgl_skep></jabatan><jabatan><jabatan>Tenaga Fungsional Gol. VI Ropeg Setjen Dephan</jabatan><tmt_jab>2005-06-04</tmt_jab><no_skep>SKEP/179/V/2005</no_skep><tgl_skep>2005-06-04</tgl_skep></jabatan><jabatan><jabatan>PAMEN MABESAD PUSDATIN KEMHAN</jabatan><tmt_jab>2009-03-15</tmt_jab><no_skep>SKEP/186/III/2009</no_skep><tgl_skep>2009-03-28</tgl_skep></jabatan><jabatan><jabatan>ANALIS MUDA PULLAHTA BIDBANGSISINFO PUSDATIN KEMHAN</jabatan><tmt_jab>2011-03-17</tmt_jab><no_skep>KEP MENHAN NOMOR : KEP/180/III/2011</no_skep><tgl_skep>2011-03-17</tgl_skep></jabatan><jabatan><jabatan>PENYUSUN BAHAN OPSSISINFO BID DUKOPS PUSDATIN KEMHAN</jabatan><tmt_jab>2011-04-01</tmt_jab><no_skep>KEP/294/IV/2011</no_skep><tgl_skep>2011-04-19</tgl_skep></jabatan><jabatan><jabatan>PENYUSUN BAHAN HARSISKOM BID DUKOPS PUSDATIN KEMHAN</jabatan><tmt_jab>2011-11-15</tmt_jab><no_skep>KEP/867/XI/2011</no_skep><tgl_skep>2011-11-17</tgl_skep></jabatan><jabatan><jabatan>PENYUSUN BAHAN PERENCANA HARSISKOM SUBBID HARSISKOM BID DUKOPS PUSDATIN KEMHAN</jabatan><tmt_jab>2014-12-31</tmt_jab><no_skep>Kep/1511/XII/2014</no_skep><tgl_skep>2014-12-18</tgl_skep></jabatan><jabatan><jabatan>ANALIS MUDA BIDDUKOPS PUSDATIN KEMHAN</jabatan><tmt_jab>2015-11-02</tmt_jab><no_skep>KEP/1196/XII/2015</no_skep><tgl_skep>2015-12-02</tgl_skep></jabatan></riwayat_jabatan><riwayat_pendidikan><pendidikan_umum><pendidikan><nama_dik>SEKOLAH DASAR</nama_dik><tahun_lulus>1974</tahun_lulus></pendidikan><pendidikan><nama_dik>SEKOLAH LANJUTAN TINGKAT PERTAMA (SLTP)</nama_dik><tahun_lulus>1977</tahun_lulus></pendidikan><pendidikan><nama_dik>SEKOLAH LANJUTAN TINGKAT ATAS (SLTA)</nama_dik><tahun_lulus>1982</tahun_lulus></pendidikan></pendidikan_umum><pendidikan_pembentukan><pendidikan><nama_dik>SECAPA REGTER</nama_dik><tahun_lulus>1994</tahun_lulus></pendidikan><pendidikan><nama_dik>SUSSARCAB INF</nama_dik><tahun_lulus>1995</tahun_lulus></pendidikan><pendidikan><nama_dik>SUS PATER</nama_dik><tahun_lulus>1996</tahun_lulus></pendidikan><pendidikan><nama_dik>SUSPA INTEL</nama_dik><tahun_lulus>1998</tahun_lulus></pendidikan><pendidikan><nama_dik>SUS LAPA 2</nama_dik><tahun_lulus>2004</tahun_lulus></pendidikan><pendidikan><nama_dik>SUS PA PROGLATSI</nama_dik><tahun_lulus>2005</tahun_lulus></pendidikan><pendidikan><nama_dik>WORKSHOP SISTEM PERTAHANAN NEGARA</nama_dik><tahun_lulus>2011</tahun_lulus></pendidikan></pendidikan_pembentukan></riwayat_pendidikan><riwayat_penugasan></riwayat_penugasan><riwayat_tanda_jasa><tanda_jasa><nama_tanda_jasa>SATYALANCANA KESETIAAN VIII TAHUN</nama_tanda_jasa><no_skep>SKEP/1086/XII/1995</no_skep><tgl_skep>1995-12-01</tgl_skep></tanda_jasa><tanda_jasa><nama_tanda_jasa>SATYALANCANA KESETIAAN XVI TAHUN</nama_tanda_jasa><no_skep>SKEP/116/IV/2000</no_skep><tgl_skep>2000-04-01</tgl_skep></tanda_jasa><tanda_jasa><nama_tanda_jasa>SATYALANCANA KESETIAAN XXIV TAHUN</nama_tanda_jasa></tanda_jasa></riwayat_tanda_jasa><riwayat_bahasa><bahasa><nama_bahasa>JAWA</nama_bahasa><keterangan>AKTIF</keterangan></bahasa><bahasa><nama_bahasa>SUNDA</nama_bahasa><keterangan>AKTIF</keterangan></bahasa><bahasa><nama_bahasa>INGGRIS</nama_bahasa><keterangan>PASIF</keterangan></bahasa><bahasa><nama_bahasa>INDONESIA</nama_bahasa><keterangan>AKTIF</keterangan></bahasa></riwayat_bahasa><riwayat_keluarga><keluarga><nama_keluarga>SRIE SUHARTINI</nama_keluarga><jenis_kelamin>PEREMPUAN</jenis_kelamin><tgl_lahir>1962-05-12</tgl_lahir><hubungan>ISTRI</hubungan></keluarga><keluarga><nama_keluarga>RUDY PRIMA HARDIYANTO</nama_keluarga><jenis_kelamin>LAKI-LAKI</jenis_kelamin><tgl_lahir>1990-04-21</tgl_lahir><hubungan>ANAK</hubungan></keluarga><keluarga><nama_keluarga>RANDY REZA MEI H.</nama_keluarga><jenis_kelamin>LAKI-LAKI</jenis_kelamin><tgl_lahir>1992-05-05</tgl_lahir><hubungan>ANAK</hubungan></keluarga><keluarga><nama_keluarga>RICKO RINDY MEI H.</nama_keluarga><jenis_kelamin>LAKI-LAKI</jenis_kelamin><tgl_lahir>1993-05-06</tgl_lahir><hubungan>ANAK</hubungan></keluarga><keluarga><nama_keluarga>RISMA SEPTYA H.</nama_keluarga><jenis_kelamin>PEREMPUAN</jenis_kelamin><tgl_lahir>1997-09-27</tgl_lahir><hubungan>ANAK</hubungan></keluarga></riwayat_keluarga></personil_kemhan>
