<personil_kemhan><nopeg>196703101988031001</nopeg><nip>030193454</nip><nrp_nip>196703101988031001</nrp_nip><nama>BISTOK PANJAITAN</nama><tempat_lahir>Surakarta</tempat_lahir><tgl_lahir>1967-03-10</tgl_lahir><jenis_kelamin>LAKI-LAKI</jenis_kelamin><unit_organisasi>U.O. KEMHAN</unit_organisasi><jenis_personil>PNS</jenis_personil><pangkat>PENATA MUDA TK.I III/B</pangkat><pangkat_corps>PENATA MUDA TK.I III/B </pangkat_corps><tmt_pangkat>2009-04-01</tmt_pangkat><angkatan_korps>PNS</angkatan_korps><sumber_pa_gol_3>UJIAN DINAS</sumber_pa_gol_3><tmt_pa_gol_3>2005-04-01</tmt_pa_gol_3><kategori_pangkat>III/B</kategori_pangkat><jabatan>ANGGOTA</jabatan><satker>ROUM SETJEN KEMHAN</satker><kode_jabatan>ANGGOTA</kode_jabatan><tmt_jabatan>2013-02-01</tmt_jabatan><eselon_jabatan>99</eselon_jabatan><kategori>ORGANIK</kategori><tmt_tni>1989-05-01</tmt_tni><tmt_kemhan>1988-03-01</tmt_kemhan><agama>PROTESTAN</agama><file_foto_1>foto/196703101988031001.jpg</file_foto_1><file_foto_2>foto/030193454.jpg</file_foto_2><riwayat_pangkat><pangkat><pangkat>PENATA MUDA TK.I III/B</pangkat><tmt_pkt>2009-04-01</tmt_pkt><no_skep>KEP MENHAN NOMOR : KEP/34/III/2009</no_skep><tgl_skep>2009-04-01</tgl_skep></pangkat><pangkat><pangkat>PENATA MUDA III/A</pangkat><tmt_pkt>2013-02-01</tmt_pkt><no_skep>KEP/42/M/I/2013</no_skep><tgl_skep>2013-01-16</tgl_skep></pangkat><pangkat><pangkat>PENGATUR MUDA II/A</pangkat></pangkat></riwayat_pangkat><riwayat_jabatan><jabatan><jabatan>ANGG BIRO UMUM SETJEN DEPHAN SEKRETARIAT YKPP TNI</jabatan><tmt_jab>2000-11-01</tmt_jab><no_skep>SKEP/1090/XI/2000</no_skep><tgl_skep>2000-11-10</tgl_skep></jabatan><jabatan><jabatan>ANGGOTA PUSKODIFIKASI</jabatan><tmt_jab>2003-04-01</tmt_jab><no_skep>SKEP/421/III/2003</no_skep><tgl_skep>2003-03-21</tgl_skep></jabatan><jabatan><jabatan>Anggota Subbag Pampersmat Bagpam Roum Setjen Dephan</jabatan><tmt_jab>2003-06-01</tmt_jab><tgl_skep>2003-06-01</tgl_skep></jabatan><jabatan><jabatan>Anggota Satkam Bagpam Roum Setjen Dephan</jabatan><tmt_jab>2003-06-01</tmt_jab><tgl_skep>2003-06-01</tgl_skep></jabatan><jabatan><jabatan>ANGGOTA SATKAM BAG PAM ROUM SETJEN</jabatan><tmt_jab>2003-07-17</tmt_jab><no_skep>SPRIN/364/VII/2003</no_skep><tgl_skep>2003-07-17</tgl_skep></jabatan><jabatan><jabatan>Komandan Regu Satuan Keamanan Subbagpampersmat Bagpam</jabatan><tmt_jab>2010-07-27</tmt_jab><no_skep>KEP/553/VII/2010</no_skep><tgl_skep>2010-07-28</tgl_skep></jabatan><jabatan><jabatan>KALABSATAKA KODIKLAT TNI</jabatan><tmt_jab>2012-09-20</tmt_jab><no_skep>KEP/632/IX/2012</no_skep><tgl_skep>2012-09-20</tgl_skep></jabatan><jabatan><jabatan>ANGGOTA ROUM SETJEN KEMHAN</jabatan><tmt_jab>2013-02-01</tmt_jab><no_skep>KEP</no_skep></jabatan></riwayat_jabatan><riwayat_pendidikan><pendidikan_umum><pendidikan><nama_dik>SEKOLAH LANJUTAN TINGKAT ATAS (SLTA)</nama_dik><tahun_lulus>0</tahun_lulus></pendidikan><pendidikan><nama_dik>SEKOLAH DASAR</nama_dik><tahun_lulus>1981</tahun_lulus></pendidikan><pendidikan><nama_dik>SEKOLAH LANJUTAN TINGKAT PERTAMA (SLTP)</nama_dik><tahun_lulus>1983</tahun_lulus></pendidikan></pendidikan_umum><pendidikan_pembentukan></pendidikan_pembentukan></riwayat_pendidikan><riwayat_penugasan></riwayat_penugasan><riwayat_tanda_jasa></riwayat_tanda_jasa><riwayat_bahasa><bahasa><nama_bahasa>BATAK/TAPANULI</nama_bahasa><keterangan>AKTIF</keterangan></bahasa><bahasa><nama_bahasa>INGGRIS</nama_bahasa><keterangan>PASIF</keterangan></bahasa><bahasa><nama_bahasa>INDONESIA</nama_bahasa><keterangan>AKTIF</keterangan></bahasa></riwayat_bahasa><riwayat_keluarga><keluarga><nama_keluarga>YULI SUCIATI</nama_keluarga><jenis_kelamin>PEREMPUAN</jenis_kelamin><tgl_lahir>1975-05-23</tgl_lahir><hubungan>ISTRI</hubungan></keluarga><keluarga><nama_keluarga>ROMEO ALEXANDER</nama_keluarga><jenis_kelamin>LAKI-LAKI</jenis_kelamin><tgl_lahir>2003-01-09</tgl_lahir><hubungan>ANAK</hubungan></keluarga></riwayat_keluarga></personil_kemhan>
