<personil_kemhan><nopeg>197009101991082001</nopeg><nip>030213805</nip><nrp_nip>197009101991082001</nrp_nip><nama>ISWANTI SUKANTI</nama><tempat_lahir>Jakarta</tempat_lahir><tgl_lahir>1970-09-10</tgl_lahir><jenis_kelamin>PEREMPUAN</jenis_kelamin><unit_organisasi>U.O. KEMHAN</unit_organisasi><jenis_personil>PNS</jenis_personil><pangkat>PENATA MUDA TK.I III/B</pangkat><pangkat_corps>PENATA MUDA TK.I III/B </pangkat_corps><tmt_pangkat>2010-10-01</tmt_pangkat><angkatan_korps>PNS</angkatan_korps><sumber_pa_gol_3>UJIAN DINAS</sumber_pa_gol_3><tmt_pa_gol_3>2007-04-01</tmt_pa_gol_3><kategori_pangkat>III/B</kategori_pangkat><jabatan>PEMROSES RENSTRA SUBBAG RENJA BAGRENGAR</jabatan><satker>ROREN SETJEN KEMHAN</satker><kode_jabatan>ANGGOTA</kode_jabatan><tmt_jabatan>2014-12-31</tmt_jabatan><eselon_jabatan>99</eselon_jabatan><kategori>ORGANIK</kategori><tmt_tni>1993-07-01</tmt_tni><tmt_kemhan>1991-08-01</tmt_kemhan><agama>ISLAM</agama><file_foto_1>foto/197009101991082001.jpg</file_foto_1><file_foto_2>foto/030213805.jpg</file_foto_2><riwayat_pangkat><pangkat><pangkat>CAPEG II/A</pangkat><tmt_pkt>1991-08-01</tmt_pkt><no_skep>SKEP/1597/VIII/1991</no_skep><tgl_skep>1991-08-30</tgl_skep></pangkat><pangkat><pangkat>PENGATUR MUDA II/A</pangkat><tmt_pkt>1993-07-01</tmt_pkt><no_skep>SKEP/1539/VII1993</no_skep><tgl_skep>1993-07-03</tgl_skep></pangkat><pangkat><pangkat>PENGATUR MUDA TK.I  II/B</pangkat><tmt_pkt>1995-04-01</tmt_pkt><no_skep>KABAKN NO. : 03-09/04896/KEP/IV/1995</no_skep><tgl_skep>1995-07-28</tgl_skep></pangkat><pangkat><pangkat>PENGATUR II/C</pangkat><tmt_pkt>1999-04-01</tmt_pkt><no_skep>KABAKN NO. : 03-09/00025/KEP/IV/1999</no_skep><tgl_skep>1999-03-23</tgl_skep></pangkat><pangkat><pangkat>PENGATUR TK.I II/D</pangkat><tmt_pkt>2003-04-01</tmt_pkt><no_skep>SKEP/698/V/2003</no_skep><tgl_skep>2003-05-12</tgl_skep></pangkat><pangkat><pangkat>PENATA MUDA III/A</pangkat><tmt_pkt>2007-04-01</tmt_pkt><no_skep>SKEP/153/III/2007</no_skep><tgl_skep>2007-03-06</tgl_skep></pangkat><pangkat><pangkat>PENATA MUDA TK.I III/B</pangkat><tmt_pkt>2010-10-01</tmt_pkt><no_skep>KEP MENHAN NOMOR : KEP/643/IX/2010</no_skep><tgl_skep>2010-09-14</tgl_skep></pangkat></riwayat_pangkat><riwayat_jabatan><jabatan><jabatan>TURMIN KOMP SUBBAGSUNREN BAGREN ROORTALA</jabatan><tmt_jab>2001-03-01</tmt_jab><no_skep>SKEP/304/IV/2001</no_skep><tgl_skep>2001-04-03</tgl_skep></jabatan><jabatan><jabatan>ANGGOTA SUBBAG RENJA BAGRENGAR ROREN SETJEN KEMHAN</jabatan><tmt_jab>2006-02-01</tmt_jab><no_skep>SKEP/91/II/2006</no_skep><tgl_skep>2006-02-23</tgl_skep></jabatan><jabatan><jabatan>Arsiparis Pelaksana Lanjutan Roren Setjen Dephan</jabatan><tmt_jab>2009-04-01</tmt_jab><no_skep>KEP MENHAN : KEP/253/XII/2009</no_skep><tgl_skep>2009-12-11</tgl_skep></jabatan><jabatan><jabatan>Arsiparis Pelaksana Lanjutan Roren Setjen Dephan</jabatan><tmt_jab>2010-05-03</tmt_jab><no_skep>KEP MENHAN NO : KEP/392/VI/2010</no_skep><tgl_skep>2010-06-11</tgl_skep></jabatan><jabatan><jabatan>PENGOLAH BAHAN RENJA SUBBAG RENJA BAGRENGAR ROREN SETJEN KEMHAN</jabatan><tmt_jab>2011-04-01</tmt_jab><no_skep>KEP/283/IV/2011</no_skep><tgl_skep>2011-04-19</tgl_skep></jabatan><jabatan><jabatan>PEMROSES RENSTRA SUBBAG RENJA BAGRENGAR ROREN SETJEN KEMHAN</jabatan><tmt_jab>2014-12-31</tmt_jab><no_skep>KEP/1485/XII/2014</no_skep><tgl_skep>2014-12-18</tgl_skep></jabatan></riwayat_jabatan><riwayat_pendidikan><pendidikan_umum><pendidikan><nama_dik>SEKOLAH DASAR</nama_dik><tahun_lulus>1984</tahun_lulus></pendidikan><pendidikan><nama_dik>SEKOLAH MENENGAH PERTAMA (SMP)</nama_dik><tahun_lulus>1987</tahun_lulus></pendidikan><pendidikan><nama_dik>SEKOLAH LANJUTAN TINGKAT ATAS (SLTA)</nama_dik><tahun_lulus>1990</tahun_lulus></pendidikan></pendidikan_umum><pendidikan_pembentukan><pendidikan><nama_dik>SUS MENGETIK</nama_dik><tahun_lulus>1992</tahun_lulus></pendidikan><pendidikan><nama_dik>LATPRAJAB TK. II</nama_dik><tahun_lulus>1992</tahun_lulus></pendidikan><pendidikan><nama_dik>UJIAN DINAS</nama_dik><tahun_lulus>2005</tahun_lulus></pendidikan></pendidikan_pembentukan></riwayat_pendidikan><riwayat_penugasan></riwayat_penugasan><riwayat_tanda_jasa><tanda_jasa><nama_tanda_jasa>SATYALANCANA KARYA SATYA X TAHUN</nama_tanda_jasa><no_skep>KEPPRES RI NO. 063/TK/TAHUN 2002</no_skep><tgl_skep>2002-09-23</tgl_skep></tanda_jasa><tanda_jasa><nama_tanda_jasa>SATYALANCANA KARYA SATYA XX TAHUN</nama_tanda_jasa><no_skep>KEPPRES RI NO. 62/TK/TAHUN 2012</no_skep><tgl_skep>2012-08-06</tgl_skep></tanda_jasa></riwayat_tanda_jasa><riwayat_bahasa><bahasa><nama_bahasa>JAWA</nama_bahasa><keterangan>AKTIF</keterangan></bahasa><bahasa><nama_bahasa>INGGRIS</nama_bahasa><keterangan>PASIF</keterangan></bahasa></riwayat_bahasa><riwayat_keluarga><keluarga><nama_keluarga>R. JOKO PRATOMO</nama_keluarga><jenis_kelamin>LAKI-LAKI</jenis_kelamin><tgl_lahir>1969-03-18</tgl_lahir><hubungan>SUAMI</hubungan></keluarga><keluarga><nama_keluarga>YUNIAR PUTRI PRATIWI</nama_keluarga><jenis_kelamin>PEREMPUAN</jenis_kelamin><tgl_lahir>2000-06-18</tgl_lahir><hubungan>ANAK</hubungan></keluarga></riwayat_keluarga></personil_kemhan>
