<personil_kemhan><nopeg>197312291993032001</nopeg><nip>030222856</nip><nrp_nip>197312291993032001</nrp_nip><nama>RINA SUSANTI</nama><tempat_lahir>Jakarta</tempat_lahir><tgl_lahir>1973-12-29</tgl_lahir><jenis_kelamin>PEREMPUAN</jenis_kelamin><unit_organisasi>U.O. KEMHAN</unit_organisasi><jenis_personil>PNS</jenis_personil><pangkat>PENATA MUDA III/A</pangkat><pangkat_corps>PENATA MUDA III/A </pangkat_corps><tmt_pangkat>2009-04-01</tmt_pangkat><angkatan_korps>PNS</angkatan_korps><sumber_pa_gol_3>UJIAN DINAS</sumber_pa_gol_3><kategori_pangkat>III/A</kategori_pangkat><jabatan>PENGOLAH BAHAN TURLAK SI TURLAK SUBDIT PERATURAN</jabatan><satker>DIT KUMSTRA DITJEN STRAHAN KEMHAN</satker><kode_jabatan>ANGGOTA</kode_jabatan><tmt_jabatan>2014-02-05</tmt_jabatan><eselon_jabatan>99</eselon_jabatan><kategori>ORGANIK</kategori><tmt_tni>1994-08-01</tmt_tni><tmt_kemhan>1993-03-01</tmt_kemhan><agama>ISLAM</agama><file_foto_1>foto/197312291993032001.jpg</file_foto_1><file_foto_2>foto/030222856.jpg</file_foto_2><riwayat_pangkat><pangkat><pangkat>CAPEG II/A</pangkat><tmt_pkt>1993-03-01</tmt_pkt><no_skep>SKEP/1801/VII/1993</no_skep><tgl_skep>1993-07-03</tgl_skep></pangkat><pangkat><pangkat>PENGATUR MUDA II/A</pangkat><tmt_pkt>1994-08-01</tmt_pkt><no_skep>SKEP/757/VII/1994</no_skep><tgl_skep>1994-07-06</tgl_skep></pangkat><pangkat><pangkat>PENGATUR MUDA TK.I  II/B</pangkat><tmt_pkt>1997-04-01</tmt_pkt><no_skep>03-09/00040/KEP/IV/1997</no_skep><tgl_skep>1997-05-21</tgl_skep></pangkat><pangkat><pangkat>PENGATUR II/C</pangkat><tmt_pkt>2001-04-01</tmt_pkt><no_skep>03-09.73/019/KEP/IV/2001</no_skep><tgl_skep>2001-05-31</tgl_skep></pangkat><pangkat><pangkat>PENGATUR TK.I II/D</pangkat><tmt_pkt>2005-04-01</tmt_pkt><no_skep>SKEP/170/III/2005</no_skep><tgl_skep>2005-03-14</tgl_skep></pangkat><pangkat><pangkat>PENATA MUDA III/A</pangkat><tmt_pkt>2009-04-01</tmt_pkt><no_skep>KEP/34/III/2009</no_skep><tgl_skep>2009-03-11</tgl_skep></pangkat></riwayat_pangkat><riwayat_jabatan><jabatan><jabatan>Anggota Biro Hukum Setjen Dephankam</jabatan><tmt_jab>1993-03-01</tmt_jab><no_skep>SPRIN/1317/VI/1993</no_skep><tgl_skep>1993-06-28</tgl_skep></jabatan><jabatan><jabatan>Staf Litbangkum Rokum</jabatan><tmt_jab>1993-07-01</tmt_jab><no_skep>SPRIN/037/VII/1993</no_skep><tgl_skep>1993-07-06</tgl_skep></jabatan><jabatan><jabatan>Operator Komputer Subbag Renminro Bag Yankum Rokum</jabatan><tmt_jab>1998-09-01</tmt_jab><no_skep>SKEP/1137/IX/1998</no_skep><tgl_skep>1998-09-17</tgl_skep></jabatan><jabatan><jabatan>Turmin Subbag Kumladara Bag Kumint Rokum Setjen Dephan</jabatan><tmt_jab>2001-09-01</tmt_jab><no_skep>SKEP/247/III/2001</no_skep><tgl_skep>2001-03-21</tgl_skep></jabatan><jabatan><jabatan>Anggota Subbag Kumhumaniter Bag Kumint Biro Hukum Setjen Dephan</jabatan><tmt_jab>2007-09-01</tmt_jab><no_skep>SKEP/735/IX/2007</no_skep><tgl_skep>2007-09-20</tgl_skep></jabatan><jabatan><jabatan>Anggota Subbag Kumaniter Bag Kumint Rohukum Setjen Dephan</jabatan><tmt_jab>2007-09-01</tmt_jab><no_skep>SKEP/735/IX/2007</no_skep><tgl_skep>2007-09-20</tgl_skep></jabatan><jabatan><jabatan>PENGADMINISTRASI HUKUM HUMANITER SUBBAG KUMHUMANITER BAGKUMINT</jabatan><tmt_jab>2010-05-24</tmt_jab><no_skep>KEP/348/V/2010</no_skep><tgl_skep>2010-05-26</tgl_skep></jabatan><jabatan><jabatan>PENGADMINISTRASI SUBDIT PERATURAN DIT KUMSTRA DITJEN STRAHAN KEMHAN</jabatan><tmt_jab>2011-03-07</tmt_jab><no_skep>KEP MENHAN NOMOR : KEP/150/III/2011</no_skep><tgl_skep>2011-03-09</tgl_skep></jabatan><jabatan><jabatan>PENGOLAH BAHAN TURLAK SI TURLAK SUBDIT PERATURAN DIT KUMSTRA DITJEN STRAHAN KEMHAN</jabatan><tmt_jab>2014-02-05</tmt_jab><no_skep>KEP/144/II/2014</no_skep><tgl_skep>2014-02-11</tgl_skep></jabatan></riwayat_jabatan><riwayat_pendidikan><pendidikan_umum><pendidikan><nama_dik>SEKOLAH DASAR</nama_dik><tahun_lulus>1986</tahun_lulus></pendidikan><pendidikan><nama_dik>SEKOLAH LANJUTAN TINGKAT PERTAMA (SLTP)</nama_dik><tahun_lulus>1989</tahun_lulus></pendidikan><pendidikan><nama_dik>SEKOLAH LANJUTAN TINGKAT ATAS (SLTA)</nama_dik><tahun_lulus>1992</tahun_lulus></pendidikan></pendidikan_umum><pendidikan_pembentukan><pendidikan><nama_dik>SUS BHS INGGRIS</nama_dik><tahun_lulus>1992</tahun_lulus></pendidikan><pendidikan><nama_dik>SUS DASAR KOMPUTER MIKRO</nama_dik><tahun_lulus>1992</tahun_lulus></pendidikan><pendidikan><nama_dik>LATPRAJAB TK II</nama_dik><tahun_lulus>1993</tahun_lulus></pendidikan><pendidikan><nama_dik>TAR P-4 25 JAM</nama_dik><tahun_lulus>1993</tahun_lulus></pendidikan><pendidikan><nama_dik>SUS PAM SISINFO DEPHAN</nama_dik><tahun_lulus>1999</tahun_lulus></pendidikan><pendidikan><nama_dik>UJIAN DINAS TK I</nama_dik><tahun_lulus>2007</tahun_lulus></pendidikan></pendidikan_pembentukan></riwayat_pendidikan><riwayat_penugasan></riwayat_penugasan><riwayat_tanda_jasa><tanda_jasa><nama_tanda_jasa>SATYALANCANA KARYA SATYA X TAHUN</nama_tanda_jasa><no_skep>KEPPRES RI NOMOR 048/TK/TAHUN 2004</no_skep><tgl_skep>2004-08-05</tgl_skep></tanda_jasa></riwayat_tanda_jasa><riwayat_bahasa><bahasa><nama_bahasa>INGGRIS</nama_bahasa><keterangan>PASIF</keterangan></bahasa><bahasa><nama_bahasa>INDONESIA</nama_bahasa><keterangan>AKTIF</keterangan></bahasa></riwayat_bahasa><riwayat_keluarga><keluarga><nama_keluarga>SUGENG SUGIHARTO</nama_keluarga><jenis_kelamin>LAKI-LAKI</jenis_kelamin><tgl_lahir>1965-06-14</tgl_lahir><hubungan>SUAMI</hubungan></keluarga></riwayat_keluarga></personil_kemhan>
