<personil_kemhan><nopeg>196402051987032001</nopeg><nip>030189377</nip><nrp_nip>196402051987032001</nrp_nip><nama>SRI ENDANG HASTUTI</nama><tempat_lahir>Gisting</tempat_lahir><tgl_lahir>1964-02-05</tgl_lahir><jenis_kelamin>PEREMPUAN</jenis_kelamin><unit_organisasi>U.O. KEMHAN</unit_organisasi><jenis_personil>PNS</jenis_personil><pangkat>PENATA MUDA TK.I III/B</pangkat><pangkat_corps>PENATA MUDA TK.I III/B </pangkat_corps><tmt_pangkat>2007-10-01</tmt_pangkat><angkatan_korps>PNS</angkatan_korps><sumber_pa_gol_3>UJIAN DINAS</sumber_pa_gol_3><kategori_pangkat>III/B</kategori_pangkat><jabatan>PENGOLAH BAHAN HARMONISASI &quot;B&quot; SI HARMONISASI &quot;B&quot; SUBDIT HARMONISASI DIREKTORAT PERATURAN PERUU</jabatan><satker>DITJEN STRAHAN KEMHAN</satker><kode_jabatan>ANGGOTA</kode_jabatan><tmt_jabatan>2014-12-31</tmt_jabatan><eselon_jabatan>99</eselon_jabatan><kategori>ORGANIK</kategori><tmt_tni>1988-09-01</tmt_tni><tmt_kemhan>1987-03-01</tmt_kemhan><agama>ISLAM</agama><file_foto_1>foto/196402051987032001.jpg</file_foto_1><file_foto_2>foto/030189377.jpg</file_foto_2><riwayat_pangkat><pangkat><pangkat>CAPEG II/A</pangkat><tmt_pkt>1987-03-01</tmt_pkt><no_skep>SKEP/791/V/1987</no_skep><tgl_skep>1987-05-27</tgl_skep></pangkat><pangkat><pangkat>PENGATUR MUDA II/A</pangkat><tmt_pkt>1988-09-01</tmt_pkt><no_skep>SKEP/1345/VIII/1988</no_skep><tgl_skep>1988-08-29</tgl_skep></pangkat><pangkat><pangkat>PENGATUR MUDA TK.I  II/B</pangkat><tmt_pkt>1991-04-01</tmt_pkt><no_skep>03-09/01470/KEP/IV/1991</no_skep><tgl_skep>1991-09-02</tgl_skep></pangkat><pangkat><pangkat>PENGATUR II/C</pangkat><tmt_pkt>1995-04-01</tmt_pkt><no_skep>03-09/02744/KEP/IV/1995</no_skep><tgl_skep>1995-03-17</tgl_skep></pangkat><pangkat><pangkat>PENGATUR TK.I II/D</pangkat><tmt_pkt>1999-04-01</tmt_pkt><no_skep>03-09.00/023/KEP/IV/1999</no_skep><tgl_skep>1999-04-23</tgl_skep></pangkat><pangkat><pangkat>PENATA MUDA III/A</pangkat><tmt_pkt>2003-04-01</tmt_pkt><no_skep>SKEP/900/V/2003</no_skep><tgl_skep>2003-05-29</tgl_skep></pangkat><pangkat><pangkat>PENATA MUDA TK.I III/B</pangkat><tmt_pkt>2007-10-01</tmt_pkt><no_skep>SKEP/679/VIII/2007</no_skep><tgl_skep>2007-08-31</tgl_skep></pangkat></riwayat_pangkat><riwayat_jabatan><jabatan><jabatan>Anggota Biro Hukum Setjen Dephankam</jabatan><tmt_jab>1987-02-18</tmt_jab><no_skep>SPRIN/136/II/1987</no_skep><tgl_skep>1987-02-18</tgl_skep></jabatan><jabatan><jabatan>Anggota Subbag Tata Usaha Rokum Setjen Dephankam</jabatan><tmt_jab>1987-06-15</tmt_jab><no_skep>SPRIN/28/VI/1987</no_skep><tgl_skep>1987-06-15</tgl_skep></jabatan><jabatan><jabatan>Pengadministrasi Subbag TU Rokum Setjen Dephankam</jabatan><tmt_jab>1989-04-20</tmt_jab><no_skep>SPRIN/011/IV/1989</no_skep><tgl_skep>1989-04-20</tgl_skep></jabatan><jabatan><jabatan>Pengatur Arsip Subbag Renminro Rokum Setjen Dephankam</jabatan><tmt_jab>1998-09-01</tmt_jab><no_skep>SKEP/1137/IX/1998</no_skep><tgl_skep>1998-09-17</tgl_skep></jabatan><jabatan><jabatan>Turmin Um Subbag Renminro Rokum Setjen Dephan</jabatan><tmt_jab>2001-03-01</tmt_jab><no_skep>SKEP/247/III/2001</no_skep><tgl_skep>2001-03-21</tgl_skep></jabatan><jabatan><jabatan>Anggota Subbag Kumorgint Bag Kumint Biro Hukum Setjen Dephan</jabatan><tmt_jab>2007-09-01</tmt_jab><no_skep>SKEP/735/IX/2007</no_skep><tgl_skep>2007-09-20</tgl_skep></jabatan><jabatan><jabatan>Anggota Subbag Terapkum Bag Undang Rohukum Setjen Dephan</jabatan><tmt_jab>2010-02-11</tmt_jab><no_skep>SPRIN/09/II/2010</no_skep><tgl_skep>2010-02-11</tgl_skep></jabatan><jabatan><jabatan>PENGADMINISTRASI KERUMAHTANGGAAN SUBBAGMINRO BAGYANKUM ROKUM SETJEN KEMHAN</jabatan><tmt_jab>2010-05-24</tmt_jab><no_skep>KEP/348/V/2010</no_skep><tgl_skep>2010-05-26</tgl_skep></jabatan><jabatan><jabatan>PENGOLAH BAHAN LEGISLASI SEKSI PERENCANAAN UU SUBDIT PERATURAN STRAHAN DIT KUMSTRAHAN DITJEN STRAHAN KEMHAN</jabatan><tmt_jab>2011-01-26</tmt_jab><no_skep>SPRIN/173/01/2011</no_skep><tgl_skep>2011-01-26</tgl_skep></jabatan><jabatan><jabatan>PENGOLAH BAHAN POLHUKAM SI POLHUKAM SUBDITLAHKUM PERTAHANAN DIT KUMSTRA DITJEN STRAHAN KEMHAN</jabatan><tmt_jab>2011-03-07</tmt_jab><no_skep>KEP MENHAN NOMOR : KEP/150/III/2010</no_skep><tgl_skep>2011-03-09</tgl_skep></jabatan><jabatan><jabatan>PENGOLAH BAHAN REN UU SI REN UU SUBDIT PERATURAN DIT KUMSTRA DITJEN STRAHAN KEMHAN</jabatan><tmt_jab>2012-04-09</tmt_jab><no_skep>KEP/275/IV/2012</no_skep><tgl_skep>2012-04-12</tgl_skep></jabatan><jabatan><jabatan>PENGOLAH BAHAN HARMONISASI &quot;B&quot; SI HARMONISASI &quot;B&quot; SUBDIT HARMONISASI DIREKTORAT PERATURAN PERUU DITJEN STRAHAN KEMHAN</jabatan><tmt_jab>2014-12-31</tmt_jab><no_skep>KEP/1494/XII/2014</no_skep><tgl_skep>2014-12-18</tgl_skep></jabatan></riwayat_jabatan><riwayat_pendidikan><pendidikan_umum><pendidikan><nama_dik>SEKOLAH DASAR</nama_dik><tahun_lulus>1979</tahun_lulus></pendidikan><pendidikan><nama_dik>SEKOLAH LANJUTAN TINGKAT PERTAMA (SLTP)</nama_dik><tahun_lulus>1982</tahun_lulus></pendidikan><pendidikan><nama_dik>SEKOLAH LANJUTAN TINGKAT ATAS (SLTA)</nama_dik><tahun_lulus>1985</tahun_lulus></pendidikan></pendidikan_umum><pendidikan_pembentukan><pendidikan><nama_dik>SUS MENGETIK</nama_dik><tahun_lulus>1986</tahun_lulus></pendidikan><pendidikan><nama_dik>LATPRAJAB TK II</nama_dik><tahun_lulus>1987</tahun_lulus></pendidikan><pendidikan><nama_dik>TAR P-4 25 JAM</nama_dik><tahun_lulus>1988</tahun_lulus></pendidikan><pendidikan><nama_dik>UJIAN DINAS TK II</nama_dik><tahun_lulus>2002</tahun_lulus></pendidikan></pendidikan_pembentukan></riwayat_pendidikan><riwayat_penugasan></riwayat_penugasan><riwayat_tanda_jasa><tanda_jasa><nama_tanda_jasa>SATYALANCANA KARYA SATYA X TAHUN</nama_tanda_jasa><no_skep>KEPPRES RI NOMOR 040/TK/TAHUN 2003</no_skep><tgl_skep>2003-07-31</tgl_skep></tanda_jasa><tanda_jasa><nama_tanda_jasa>SATYALANCANA KARYA SATYA XX TAHUN</nama_tanda_jasa><no_skep>KEPPRES RI NOMOR 022/TK/TAHUN 2008</no_skep><tgl_skep>2008-06-24</tgl_skep></tanda_jasa></riwayat_tanda_jasa><riwayat_bahasa><bahasa><nama_bahasa>JAWA</nama_bahasa><keterangan>PASIF</keterangan></bahasa></riwayat_bahasa><riwayat_keluarga><keluarga><nama_keluarga>M. ISEL</nama_keluarga><jenis_kelamin>LAKI-LAKI</jenis_kelamin><tgl_lahir>1963-09-17</tgl_lahir><hubungan>SUAMI</hubungan></keluarga><keluarga><nama_keluarga>ISFANI ULFALIA</nama_keluarga><jenis_kelamin>PEREMPUAN</jenis_kelamin><tgl_lahir>1992-01-21</tgl_lahir><hubungan>ANAK</hubungan></keluarga><keluarga><nama_keluarga>IGRES ARIRESA</nama_keluarga><jenis_kelamin>PEREMPUAN</jenis_kelamin><tgl_lahir>1995-07-19</tgl_lahir><hubungan>ANAK</hubungan></keluarga><keluarga><nama_keluarga>M. FARHAN IRFANSYAH</nama_keluarga><jenis_kelamin>LAKI-LAKI</jenis_kelamin><tgl_lahir>1999-04-10</tgl_lahir><hubungan>ANAK</hubungan></keluarga></riwayat_keluarga></personil_kemhan>
