<personil_kemhan><nopeg>196408181989031001</nopeg><nip>030201269</nip><nrp_nip>196408181989031001</nrp_nip><nama>UKAR</nama><tempat_lahir>Kuningan</tempat_lahir><tgl_lahir>1964-08-18</tgl_lahir><jenis_kelamin>LAKI-LAKI</jenis_kelamin><unit_organisasi>U.O. KEMHAN</unit_organisasi><jenis_personil>PNS</jenis_personil><pangkat>PENATA MUDA TK.I III/B</pangkat><pangkat_corps>PENATA MUDA TK.I III/B </pangkat_corps><tmt_pangkat>2009-04-01</tmt_pangkat><angkatan_korps>PNS</angkatan_korps><sumber_pa_gol_3>UJIAN DINAS</sumber_pa_gol_3><tmt_pa_gol_3>2005-04-01</tmt_pa_gol_3><kategori_pangkat>III/B</kategori_pangkat><jabatan>PENGADMINISTRASI SUBBAG RUMGA BAGUM</jabatan><satker>SET DITJEN STRAHAN KEMHAN</satker><kode_jabatan>ANGGOTA</kode_jabatan><tmt_jabatan>2014-12-31</tmt_jabatan><eselon_jabatan>99</eselon_jabatan><kategori>ORGANIK</kategori><tmt_tni>1991-03-01</tmt_tni><tmt_kemhan>1989-03-01</tmt_kemhan><agama>ISLAM</agama><file_foto_1>foto/196408181989031001.jpg</file_foto_1><file_foto_2>foto/030201269.jpg</file_foto_2><riwayat_pangkat><pangkat><pangkat>CAPEG II/A</pangkat><tmt_pkt>1989-03-01</tmt_pkt><no_skep>SKEP/10577-21/VIII/89</no_skep><tgl_skep>1989-08-19</tgl_skep></pangkat><pangkat><pangkat>PENGATUR MUDA II/A</pangkat><tmt_pkt>1991-03-01</tmt_pkt><no_skep>SKEP/3-27/II/1991</no_skep><tgl_skep>1991-02-27</tgl_skep></pangkat><pangkat><pangkat>PENGATUR MUDA TK.I  II/B</pangkat><tmt_pkt>1993-04-01</tmt_pkt><no_skep>03-09/00307/KEP/IV/1993</no_skep><tgl_skep>1993-03-13</tgl_skep></pangkat><pangkat><pangkat>PENGATUR II/C</pangkat><tmt_pkt>1997-04-01</tmt_pkt><no_skep>03-09/00011/KEP/IV/1997</no_skep><tgl_skep>1997-03-04</tgl_skep></pangkat><pangkat><pangkat>PENGATUR TK.I II/D</pangkat><tmt_pkt>2001-04-01</tmt_pkt><no_skep>03-09.72/001/KEP/IV/2001</no_skep><tgl_skep>2001-04-03</tgl_skep></pangkat><pangkat><pangkat>PENATA MUDA III/A</pangkat><tmt_pkt>2005-04-01</tmt_pkt><no_skep>SKEP/184/III/2005</no_skep><tgl_skep>2005-03-16</tgl_skep></pangkat><pangkat><pangkat>PENATA MUDA TK.I III/B</pangkat><tmt_pkt>2009-04-01</tmt_pkt><no_skep>KEP MENHAN NOMOR : KEP/34/III/2009</no_skep><tgl_skep>2009-03-11</tgl_skep></pangkat></riwayat_pangkat><riwayat_jabatan><jabatan><jabatan>ANGGOTA DITPALAD</jabatan><tmt_jab>1989-03-01</tmt_jab><no_skep>SKEP/10577-21/VIII/1989</no_skep><tgl_skep>1989-08-19</tgl_skep></jabatan><jabatan><jabatan>ANGGOTA URPEG SUBBAG UM BAG TU</jabatan><tmt_jab>2003-05-01</tmt_jab><no_skep>SKEP/48-DITAJENAD/IV/2003</no_skep><tgl_skep>2003-04-28</tgl_skep></jabatan><jabatan><jabatan>ANGGOTA STAF URPEG SUBBAG UM BAG TU</jabatan><tmt_jab>2003-07-28</tmt_jab><no_skep>SPRIN/108/VII/2003</no_skep><tgl_skep>2003-07-28</tgl_skep></jabatan><jabatan><jabatan>ANGGOTA STAF SUBBID OPSJAR BID LATKER</jabatan><tmt_jab>2006-06-01</tmt_jab><no_skep>SPRIN/140/VI/2006</no_skep><tgl_skep>2006-06-30</tgl_skep></jabatan><jabatan><jabatan>Anggota Subbag Kat Bag Karpeg Ropeg Setjen Dephan</jabatan><tmt_jab>2006-09-01</tmt_jab><no_skep>SKEP/693/IX/06</no_skep><tgl_skep>2006-09-12</tgl_skep></jabatan><jabatan><jabatan>Arsiparis Pelaksana Lanjutan Ropeg Setjen Dephan</jabatan><tmt_jab>2009-04-01</tmt_jab><no_skep>KE MENHAN :</no_skep><tgl_skep>2009-12-11</tgl_skep></jabatan><jabatan><jabatan>PEMROSES BAHAN PENERBITAN INFORMASI SUBBID PENERBITAN BIDKERMAINFO PUSKOMPUBLIK KEMHAN</jabatan><tmt_jab>2011-06-16</tmt_jab><no_skep>SPRIN/78/VI/2011</no_skep><tgl_skep>2011-06-16</tgl_skep></jabatan><jabatan><jabatan>ANGGOTA ROPEG SETJEN KEMHAN</jabatan><tmt_jab>2011-07-21</tmt_jab><no_skep>KEP/571/VII/2011</no_skep><tgl_skep>2011-07-28</tgl_skep></jabatan><jabatan><jabatan>PENGADMINISTRASI SUBBAG RUMGA BAGUM SET DITJEN STRAHAN KEMHAN</jabatan><tmt_jab>2014-12-31</tmt_jab><no_skep>KEP/1494/XII/2014</no_skep><tgl_skep>2014-12-18</tgl_skep></jabatan></riwayat_jabatan><riwayat_pendidikan><pendidikan_umum><pendidikan><nama_dik>SEKOLAH DASAR</nama_dik><tahun_lulus>1976</tahun_lulus></pendidikan><pendidikan><nama_dik>SEKOLAH LANJUTAN TINGKAT PERTAMA (SLTP)</nama_dik><tahun_lulus>1980</tahun_lulus></pendidikan><pendidikan><nama_dik>SEKOLAH LANJUTAN TINGKAT ATAS (SLTA)</nama_dik><tahun_lulus>1984</tahun_lulus></pendidikan></pendidikan_umum><pendidikan_pembentukan><pendidikan><nama_dik>LATPRAJAB TK II</nama_dik><tahun_lulus>1991</tahun_lulus></pendidikan><pendidikan><nama_dik>Dik Arsiparis Jarak Jauh</nama_dik><tahun_lulus>2011</tahun_lulus></pendidikan></pendidikan_pembentukan></riwayat_pendidikan><riwayat_penugasan></riwayat_penugasan><riwayat_tanda_jasa><tanda_jasa><nama_tanda_jasa>SATYALANCANA KARYA SATYA X TAHUN</nama_tanda_jasa><no_skep>087/TK/TAHUN 2004</no_skep><tgl_skep>2004-10-27</tgl_skep></tanda_jasa><tanda_jasa><nama_tanda_jasa>SATYALANCANA KARYA SATYA XX TAHUN</nama_tanda_jasa><no_skep>KEPPRES/27/TK/2010</no_skep><tgl_skep>2010-07-20</tgl_skep></tanda_jasa></riwayat_tanda_jasa><riwayat_bahasa><bahasa><nama_bahasa>SUNDA</nama_bahasa><keterangan>AKTIF</keterangan></bahasa><bahasa><nama_bahasa>INDONESIA</nama_bahasa><keterangan>AKTIF</keterangan></bahasa></riwayat_bahasa><riwayat_keluarga><keluarga><nama_keluarga>TATI SUSILAWATI</nama_keluarga><jenis_kelamin>PEREMPUAN</jenis_kelamin><tgl_lahir>1967-06-27</tgl_lahir><hubungan>ISTRI</hubungan></keluarga><keluarga><nama_keluarga>LUVITA DEWI UMAYAKSA</nama_keluarga><jenis_kelamin>PEREMPUAN</jenis_kelamin><tgl_lahir>1993-06-13</tgl_lahir><hubungan>ANAK</hubungan></keluarga><keluarga><nama_keluarga>RISKA AMALYA UMAYAKSA</nama_keluarga><jenis_kelamin>PEREMPUAN</jenis_kelamin><tgl_lahir>1998-02-02</tgl_lahir><hubungan>ANAK</hubungan></keluarga><keluarga><nama_keluarga>FITRA AMALYA UMAYAKSA</nama_keluarga><jenis_kelamin>PEREMPUAN</jenis_kelamin><tgl_lahir>1998-02-02</tgl_lahir><hubungan>ANAK</hubungan></keluarga><keluarga><nama_keluarga>MAULANA ABDILLAH PHASA</nama_keluarga><jenis_kelamin>LAKI-LAKI</jenis_kelamin><tgl_lahir>2001-03-20</tgl_lahir><hubungan>ANAK</hubungan></keluarga><keluarga><nama_keluarga>MUHAMMAD PADHILLAH PHASA</nama_keluarga><jenis_kelamin>LAKI-LAKI</jenis_kelamin><tgl_lahir>2003-12-05</tgl_lahir><hubungan>ANAK</hubungan></keluarga></riwayat_keluarga></personil_kemhan>
