<personil_kemhan><nopeg>196605251990031001</nopeg><nip>030208097</nip><nrp_nip>196605251990031001</nrp_nip><nama>HADI SUPRIYATNA</nama><tempat_lahir>Jakarta</tempat_lahir><tgl_lahir>1966-05-25</tgl_lahir><jenis_kelamin>LAKI-LAKI</jenis_kelamin><unit_organisasi>U.O. KEMHAN</unit_organisasi><jenis_personil>PNS</jenis_personil><pangkat>PENATA MUDA TK.I III/B</pangkat><pangkat_corps>PENATA MUDA TK.I III/B </pangkat_corps><tmt_pangkat>2009-10-01</tmt_pangkat><angkatan_korps>PNS</angkatan_korps><sumber_pa_gol_3>UJIAN DINAS</sumber_pa_gol_3><tmt_pa_gol_3>2005-10-01</tmt_pa_gol_3><kategori_pangkat>III/B</kategori_pangkat><jabatan>PENGOLAH BAHAN WABKU SUBBAGUM BAG TU</jabatan><satker>PUSKOMPUBLIK KEMHAN</satker><kode_jabatan>ANGGOTA</kode_jabatan><tmt_jabatan>2011-04-01</tmt_jabatan><eselon_jabatan>99</eselon_jabatan><kategori>ORGANIK</kategori><tmt_tni>1991-07-01</tmt_tni><tmt_kemhan>2001-09-01</tmt_kemhan><agama>ISLAM</agama><file_foto_1>foto/196605251990031001.jpg</file_foto_1><file_foto_2>foto/030208097.jpg</file_foto_2><riwayat_pangkat><pangkat><pangkat>CAPEG II/A</pangkat><tmt_pkt>1990-03-01</tmt_pkt><no_skep>SKEP/133/17/VIII/1990</no_skep><tgl_skep>1990-08-10</tgl_skep></pangkat><pangkat><pangkat>PENGATUR MUDA II/A</pangkat><tmt_pkt>1991-07-01</tmt_pkt><no_skep>SKEP/144/18/VI/1991</no_skep><tgl_skep>1991-06-17</tgl_skep></pangkat><pangkat><pangkat>PENGATUR MUDA TK.I  II/B</pangkat><tmt_pkt>1993-10-01</tmt_pkt><no_skep>03-09/01012/KEP/X/93</no_skep><tgl_skep>1993-09-02</tgl_skep></pangkat><pangkat><pangkat>PENGATUR II/C</pangkat><tmt_pkt>1997-10-01</tmt_pkt><no_skep>03-09/00006/KEP/X/97</no_skep><tgl_skep>1997-07-18</tgl_skep></pangkat><pangkat><pangkat>PENGATUR TK.I II/D</pangkat><tmt_pkt>2001-10-01</tmt_pkt><no_skep>SKEP/13/XII/2001</no_skep><tgl_skep>2001-12-28</tgl_skep></pangkat><pangkat><pangkat>PENATA MUDA III/A</pangkat><tmt_pkt>2005-10-01</tmt_pkt><no_skep>SKEP/743/VIII/2005</no_skep><tgl_skep>2005-08-31</tgl_skep></pangkat><pangkat><pangkat>PENATA MUDA TK.I III/B</pangkat><tmt_pkt>2009-10-01</tmt_pkt><no_skep>KEP/156/IX/2009</no_skep><tgl_skep>2009-09-01</tgl_skep></pangkat></riwayat_pangkat><riwayat_jabatan><jabatan><jabatan>ANGGOTA URWAT BAGUM SET KOPKAMTIB</jabatan><tmt_jab>1987-05-01</tmt_jab><no_skep>SKEP/08/KOPKAM/III/1988</no_skep><tgl_skep>1988-03-08</tgl_skep></jabatan><jabatan><jabatan>ANGGOTA SUBBAG HARWAT BAGUM BIDUM SET BAKORSTANAS</jabatan><tmt_jab>1989-02-01</tmt_jab><no_skep>SKEP/03/STANAS/II/1989</no_skep><tgl_skep>1989-02-07</tgl_skep></jabatan><jabatan><jabatan>BAURTIK SUBBAGLAP BAGSUS BIDUM SET BAKORSTANAS</jabatan><tmt_jab>1996-05-01</tmt_jab><no_skep>SKEP/04/STANAS/IV/1996</no_skep><tgl_skep>1996-04-30</tgl_skep></jabatan><jabatan><jabatan>ANGGOTA SETUM MABES TNI</jabatan><tmt_jab>2000-04-01</tmt_jab><no_skep>SKEP/445/IV/2000</no_skep><tgl_skep>2000-04-14</tgl_skep></jabatan><jabatan><jabatan>ANGGOTA BAGARSIP SETUM MABES TNI</jabatan><tmt_jab>2000-10-01</tmt_jab><no_skep>SKEP/13/XII/2000</no_skep><tgl_skep>2000-12-28</tgl_skep></jabatan><jabatan><jabatan>PENGEMUDI SUBBAG RENMINRO ROHUMAS SETJEN DEPHAN</jabatan><tmt_jab>2001-09-01</tmt_jab><no_skep>SKEP/657/IX/2001</no_skep><tgl_skep>2001-09-06</tgl_skep></jabatan><jabatan><jabatan>ANGGOTA SUBBAG MINRO BAG MINPROT ROHUMAS SETJEN DEPHAN</jabatan><tmt_jab>2001-09-01</tmt_jab><no_skep>SPRIN/93/XI/2001</no_skep><tgl_skep>2001-11-07</tgl_skep></jabatan><jabatan><jabatan>Anggota Subbag Minro Bag Hublem Rohumas Setjen Dephan</jabatan><tmt_jab>2006-05-07</tmt_jab><no_skep>SKEP/309/V/2009</no_skep><tgl_skep>2009-05-05</tgl_skep></jabatan><jabatan><jabatan>PENGOLAH BAHAN WABKU SUBBAGUM BAG TU PUSKOMPUBLIK KEMHAN</jabatan><tmt_jab>2011-04-01</tmt_jab><no_skep>KEP/296/IV/2011</no_skep><tgl_skep>2011-04-19</tgl_skep></jabatan><jabatan><jabatan>PENGOLAH BAHAN WABKU SUBBAG UMUM BAG TU PUSKOM PUBLIK KEMHAN</jabatan><tmt_jab>2014-12-31</tmt_jab><no_skep>KEP/1510/XII/2014</no_skep><tgl_skep>2014-11-18</tgl_skep></jabatan></riwayat_jabatan><riwayat_pendidikan><pendidikan_umum><pendidikan><nama_dik>SEKOLAH DASAR</nama_dik><tahun_lulus>1980</tahun_lulus></pendidikan><pendidikan><nama_dik>SEKOLAH MENENGAH PERTAMA (SMP)</nama_dik><tahun_lulus>1983</tahun_lulus></pendidikan><pendidikan><nama_dik>SEKOLAH MENENGAH ATAS (SMA)</nama_dik><tahun_lulus>1986</tahun_lulus></pendidikan></pendidikan_umum><pendidikan_pembentukan><pendidikan><nama_dik>LATPRAJAB</nama_dik><tahun_lulus>1990</tahun_lulus></pendidikan><pendidikan><nama_dik>SUS TAKAH</nama_dik><tahun_lulus>2000</tahun_lulus></pendidikan></pendidikan_pembentukan></riwayat_pendidikan><riwayat_penugasan></riwayat_penugasan><riwayat_tanda_jasa><tanda_jasa><nama_tanda_jasa>SATYALANCANA KARYA SATYA X TAHUN</nama_tanda_jasa><no_skep>040/TK/TAHUN 2003</no_skep><tgl_skep>2003-07-31</tgl_skep></tanda_jasa><tanda_jasa><nama_tanda_jasa>SATYALANCANA KARYA SATYA XX TAHUN</nama_tanda_jasa><no_skep>073/TK/TAHUN2011</no_skep><tgl_skep>2011-08-01</tgl_skep></tanda_jasa></riwayat_tanda_jasa><riwayat_bahasa></riwayat_bahasa><riwayat_keluarga><keluarga><nama_keluarga>MARYAMAH</nama_keluarga><jenis_kelamin>PEREMPUAN</jenis_kelamin><tgl_lahir>1968-07-20</tgl_lahir><hubungan>ISTRI</hubungan></keluarga><keluarga><nama_keluarga>RESTIYUNIAR ADITAMA</nama_keluarga><jenis_kelamin>PEREMPUAN</jenis_kelamin><tgl_lahir>1993-06-23</tgl_lahir><hubungan>ANAK</hubungan></keluarga><keluarga><nama_keluarga>IQBAL FAZRI ADITAMA</nama_keluarga><jenis_kelamin>LAKI-LAKI</jenis_kelamin><tgl_lahir>1997-08-28</tgl_lahir><hubungan>ANAK</hubungan></keluarga><keluarga><nama_keluarga>FEBRIAN ADITAMA</nama_keluarga><jenis_kelamin>LAKI-LAKI</jenis_kelamin><tgl_lahir>2005-02-01</tgl_lahir><hubungan>ANAK</hubungan></keluarga></riwayat_keluarga></personil_kemhan>
