<personil_kemhan><nopeg>196910251990032001</nopeg><nip>030206021</nip><nrp_nip>196910251990032001</nrp_nip><nama>CHARLA SUSANTI</nama><gelar>SE</gelar><tempat_lahir>Jakarta</tempat_lahir><tgl_lahir>1969-10-25</tgl_lahir><jenis_kelamin>PEREMPUAN</jenis_kelamin><unit_organisasi>U.O. KEMHAN</unit_organisasi><jenis_personil>PNS</jenis_personil><pangkat>PENATA III/C</pangkat><pangkat_corps>PENATA III/C </pangkat_corps><tmt_pangkat>2013-04-01</tmt_pangkat><angkatan_korps>PNS</angkatan_korps><sumber_pa_gol_3>UJIAN DINAS</sumber_pa_gol_3><kategori_pangkat>III/C</kategori_pangkat><jabatan>PENYUSUN BID DOKUMENTASI SI DOKUMENTASI SUBDIT DATA </jabatan><satker>DIT VET DITJEN POTHAN KEMHAN</satker><kode_jabatan>FUNGSIONAL</kode_jabatan><tmt_jabatan>2014-12-31</tmt_jabatan><eselon_jabatan>99</eselon_jabatan><kategori>ORGANIK</kategori><tmt_tni>1991-05-18</tmt_tni><tmt_kemhan>1990-05-02</tmt_kemhan><agama>ISLAM</agama><file_foto_1>foto/196910251990032001.jpg</file_foto_1><file_foto_2>foto/030206021.jpg</file_foto_2><riwayat_pangkat><pangkat><pangkat>CAPEG II/A</pangkat><tmt_pkt>1990-05-18</tmt_pkt><no_skep>SKEP/725/V/1990</no_skep><tgl_skep>1990-05-02</tgl_skep></pangkat><pangkat><pangkat>PENGATUR MUDA II/A</pangkat><tmt_pkt>1991-06-18</tmt_pkt><no_skep>SKEP/892/VI/1991</no_skep><tgl_skep>1991-06-18</tgl_skep></pangkat><pangkat><pangkat>PENGATUR MUDA TK.I  II/B</pangkat><tmt_pkt>1993-03-13</tmt_pkt><no_skep>03-09/000333/KEP/IV/93</no_skep><tgl_skep>1993-03-13</tgl_skep></pangkat><pangkat><pangkat>PENGATUR II/C</pangkat><tmt_pkt>1994-04-04</tmt_pkt><no_skep>03-09/00004/KEP/IV/1997</no_skep><tgl_skep>1997-04-04</tgl_skep></pangkat><pangkat><pangkat>PENGATUR TK.I II/D</pangkat><tmt_pkt>2001-04-01</tmt_pkt><no_skep>03-09/73/018/KEP/IV/01</no_skep><tgl_skep>2001-05-31</tgl_skep></pangkat><pangkat><pangkat>PENATA MUDA III/A</pangkat><tmt_pkt>2005-04-01</tmt_pkt><no_skep>SKEP/160/III/2005</no_skep><tgl_skep>2005-03-14</tgl_skep></pangkat><pangkat><pangkat>PENATA MUDA TK.I III/B</pangkat><tmt_pkt>2009-04-01</tmt_pkt><no_skep>KEP MENHAN NOMOR : KEP/34/III/2009</no_skep><tgl_skep>2009-04-01</tgl_skep></pangkat><pangkat><pangkat>PENATA III/C</pangkat><tmt_pkt>2013-04-01</tmt_pkt><no_skep>KEP/271/I/III/2013</no_skep><tgl_skep>2013-03-26</tgl_skep></pangkat></riwayat_pangkat><riwayat_jabatan><jabatan><jabatan>ANGGOTA TU STAF AHLI MENHANKAM</jabatan><tmt_jab>1990-07-11</tmt_jab><no_skep>SPRIN/1088/VI/1990</no_skep><tgl_skep>1990-03-01</tgl_skep></jabatan><jabatan><jabatan>TUR MINU SA MENHAN BID. KAMTIBMAS SUBB</jabatan><tmt_jab>1998-10-01</tmt_jab><no_skep>SKEP/1199/X/1998</no_skep><tgl_skep>1998-10-12</tgl_skep></jabatan><jabatan><jabatan>TURMIN SA SUBBAGMIN SA BAG TU PIMPINAN ROTU</jabatan><tmt_jab>2001-03-01</tmt_jab><no_skep>SKEP/250/III/2001</no_skep><tgl_skep>2001-03-21</tgl_skep></jabatan><jabatan><jabatan>TURYAN PERS PNS SUBBAG RENMINRO BAG TU SEKJEN ROTU SETJEN DEPHAN</jabatan><tmt_jab>2004-08-30</tmt_jab><no_skep>SPRIN/371/VIII/2004</no_skep><tgl_skep>2004-08-30</tgl_skep></jabatan><jabatan><jabatan>Anggota Subbag MinSahli Bagbanminpim Rotu Setjen Dephan</jabatan><tmt_jab>2006-03-01</tmt_jab><no_skep>SPRIN/52/IV/2006</no_skep><tgl_skep>2006-04-24</tgl_skep></jabatan><jabatan><jabatan>Arsiparis Pelaksana Lanjutan Rotu Setjen Dephan</jabatan><tmt_jab>2009-04-01</tmt_jab><no_skep>Kep Menhan Nomor : KEP/195/X/2009</no_skep><tgl_skep>2009-10-26</tgl_skep></jabatan><jabatan><jabatan>Arsiparis Pelaksana Lanjutan Set Balitbang Dephan</jabatan><tmt_jab>2010-04-15</tmt_jab><no_skep>KEP MENHAN NO : KEP/218/IV/2010</no_skep><tgl_skep>2010-04-09</tgl_skep></jabatan><jabatan><jabatan>ARSIPARIS PENYELIA DITJEN POTHAN KEMHAN</jabatan><tmt_jab>2011-04-01</tmt_jab></jabatan><jabatan><jabatan>PENYUSUN BID DOKUMENTASI SEKSI DOKUMENTASI SUBDIT DATA DIT VET DITJEN POTHAN KEMHAN</jabatan><tmt_jab>2012-11-05</tmt_jab><no_skep>KEP/919/XI/2012</no_skep><tgl_skep>2012-11-07</tgl_skep></jabatan><jabatan><jabatan>PENYUSUN BID DOKUMENTASI SI DOKUMENTASI SUBDIT DATA  DIT VET DITJEN POTHAN KEMHAN</jabatan><tmt_jab>2014-12-31</tmt_jab><no_skep>Skep/1498/XII/2014</no_skep><tgl_skep>2014-12-18</tgl_skep></jabatan></riwayat_jabatan><riwayat_pendidikan><pendidikan_umum><pendidikan><nama_dik>SEKOLAH DASAR</nama_dik><tahun_lulus>1982</tahun_lulus></pendidikan><pendidikan><nama_dik>SEKOLAH LANJUTAN TINGKAT PERTAMA (SLTP)</nama_dik><tahun_lulus>1985</tahun_lulus></pendidikan><pendidikan><nama_dik>SEKOLAH LANJUTAN TINGKAT ATAS (SLTA)</nama_dik><tahun_lulus>1988</tahun_lulus></pendidikan><pendidikan><nama_dik>SARJANA (S1)</nama_dik><tahun_lulus>2009</tahun_lulus></pendidikan></pendidikan_umum><pendidikan_pembentukan><pendidikan><nama_dik>LATPRAJAB TK II</nama_dik><tahun_lulus>1990</tahun_lulus></pendidikan><pendidikan><nama_dik>TAR P-4 25 JAM</nama_dik><tahun_lulus>1990</tahun_lulus></pendidikan><pendidikan><nama_dik>SUS MINU TK. III</nama_dik><tahun_lulus>1991</tahun_lulus></pendidikan><pendidikan><nama_dik>PROGRAMER INTERNET</nama_dik><tahun_lulus>2003</tahun_lulus></pendidikan><pendidikan><nama_dik>SOSIALISASI  ARSIPARIS</nama_dik><tahun_lulus>2007</tahun_lulus></pendidikan><pendidikan><nama_dik>TOT BAHASA</nama_dik><tahun_lulus>2007</tahun_lulus></pendidikan></pendidikan_pembentukan></riwayat_pendidikan><riwayat_penugasan></riwayat_penugasan><riwayat_tanda_jasa><tanda_jasa><nama_tanda_jasa>SATYALANCANA KARYA SATYA X TAHUN</nama_tanda_jasa><no_skep>KEPPRES NO. 063/TK/TAHUN 2002</no_skep><tgl_skep>2002-09-23</tgl_skep></tanda_jasa></riwayat_tanda_jasa><riwayat_bahasa><bahasa><nama_bahasa>INGGRIS</nama_bahasa><keterangan>PASIF</keterangan></bahasa></riwayat_bahasa><riwayat_keluarga><keluarga><nama_keluarga>SURADI</nama_keluarga><jenis_kelamin>LAKI-LAKI</jenis_kelamin><tgl_lahir>1970-01-06</tgl_lahir><hubungan>SUAMI</hubungan></keluarga><keluarga><nama_keluarga>RINO HADI SAPUTRA</nama_keluarga><jenis_kelamin>LAKI-LAKI</jenis_kelamin><tgl_lahir>1994-11-15</tgl_lahir><hubungan>ANAK</hubungan></keluarga><keluarga><nama_keluarga>ARI DWI SAPUTRA</nama_keluarga><jenis_kelamin>LAKI-LAKI</jenis_kelamin><tgl_lahir>1996-09-11</tgl_lahir><hubungan>ANAK</hubungan></keluarga><keluarga><nama_keluarga>ALVIAN ALDI SAPUTRA</nama_keluarga><jenis_kelamin>LAKI-LAKI</jenis_kelamin><tgl_lahir>1999-05-10</tgl_lahir><hubungan>ANAK</hubungan></keluarga></riwayat_keluarga></personil_kemhan>
