<personil_kemhan><nopeg>197902172006041001</nopeg><nip>030250307</nip><nrp_nip>197902172006041001</nrp_nip><nama>ERICK SANDRA</nama><gelar>S.Sos</gelar><tempat_lahir>TELUK BETUNG</tempat_lahir><tgl_lahir>1979-02-17</tgl_lahir><jenis_kelamin>LAKI-LAKI</jenis_kelamin><unit_organisasi>U.O. KEMHAN</unit_organisasi><jenis_personil>PNS</jenis_personil><pangkat>PENATA III/C</pangkat><pangkat_corps>PENATA III/C </pangkat_corps><tmt_pangkat>2014-04-01</tmt_pangkat><angkatan_korps>PNS</angkatan_korps><sumber_pa_gol_3>CAPEG SARJANA</sumber_pa_gol_3><tmt_pa_gol_3>2007-09-01</tmt_pa_gol_3><kategori_pangkat>III/C</kategori_pangkat><jabatan>PENGOLAH BAHAN URUSAN MEDIA CETAK SUBBIDHUBMEDMAS BIDBRA</jabatan><satker>PUSKOMPUBLIK KEMHAN</satker><kode_jabatan>ANGGOTA</kode_jabatan><tmt_jabatan>2011-04-01</tmt_jabatan><eselon_jabatan>99</eselon_jabatan><kategori>ORGANIK</kategori><tmt_tni>2007-09-01</tmt_tni><tmt_kemhan>2007-04-01</tmt_kemhan><agama>ISLAM</agama><file_foto_1>foto/197902172006041001.jpg</file_foto_1><file_foto_2>foto/030250307.jpg</file_foto_2><riwayat_pangkat><pangkat><pangkat>CAPEG III/A</pangkat><tmt_pkt>2006-04-01</tmt_pkt><no_skep>SKEP/372/M/V/2006</no_skep><tgl_skep>2006-05-23</tgl_skep></pangkat><pangkat><pangkat>PENATA MUDA III/A</pangkat><tmt_pkt>2007-09-01</tmt_pkt><no_skep>SKEP/690/IX/2007</no_skep><tgl_skep>2007-09-06</tgl_skep></pangkat><pangkat><pangkat>PENATA MUDA TK.I III/B</pangkat><tmt_pkt>2010-04-01</tmt_pkt><no_skep>SKEP/168/III/2010</no_skep><tgl_skep>2010-04-01</tgl_skep></pangkat><pangkat><pangkat>PENATA III/C</pangkat><tmt_pkt>2014-04-01</tmt_pkt><no_skep>KEP/III/2014</no_skep><tgl_skep>2014-03-31</tgl_skep></pangkat></riwayat_pangkat><riwayat_jabatan><jabatan><jabatan>Anggota Subbag Hubmedmas Bag Bra Rohumas Setjen Dephan</jabatan><tmt_jab>2006-04-01</tmt_jab><no_skep>SPRIN/71/VIII/2006</no_skep><tgl_skep>2006-08-29</tgl_skep></jabatan><jabatan><jabatan>PENGOLAH BAHAN URUSAN MEDIA CETAK SUBBIDHUBMEDMAS BIDBRA  PUSKOMPUBLIK KEMHAN</jabatan><tmt_jab>2011-04-01</tmt_jab><no_skep>SPRIN/68/VI/2011</no_skep><tgl_skep>2011-06-13</tgl_skep></jabatan><jabatan><jabatan>PENGOLAH BAHAN URUSAN MEDIA CETAK SUBBIDHUBMEDMAS BIDBRA PUSKOM PUBLIK KEMHAN</jabatan><tmt_jab>2014-12-31</tmt_jab><no_skep>KEP/1510/XII/2014</no_skep><tgl_skep>2014-12-18</tgl_skep></jabatan><jabatan><jabatan>PENGOLAH BAHAN URUSAN MEDIA CETAK SUBBID HUBMEDMAS BIDBRA</jabatan><tmt_jab>2014-12-31</tmt_jab><no_skep>KEP/1501/XII/2014</no_skep><tgl_skep>2014-11-18</tgl_skep></jabatan></riwayat_jabatan><riwayat_pendidikan><pendidikan_umum><pendidikan><nama_dik>SEKOLAH DASAR</nama_dik><tahun_lulus>1992</tahun_lulus></pendidikan><pendidikan><nama_dik>SEKOLAH LANJUTAN TINGKAT PERTAMA (SLTP)</nama_dik><tahun_lulus>1995</tahun_lulus></pendidikan><pendidikan><nama_dik>SEKOLAH LANJUTAN TINGKAT ATAS (SLTA)</nama_dik><tahun_lulus>1998</tahun_lulus></pendidikan><pendidikan><nama_dik>SARJANA (S1)</nama_dik><tahun_lulus>2004</tahun_lulus></pendidikan></pendidikan_umum><pendidikan_pembentukan><pendidikan><nama_dik>DIKLAT TEKNIS TEKNIK PRESENTASI</nama_dik><tahun_lulus>2012</tahun_lulus></pendidikan><pendidikan><nama_dik>DIK BELA NEGARA</nama_dik><tahun_lulus>2013</tahun_lulus></pendidikan><pendidikan><nama_dik>Susminu</nama_dik><tahun_lulus>2016</tahun_lulus></pendidikan></pendidikan_pembentukan></riwayat_pendidikan><riwayat_penugasan><penugasan><negara>INDONESIA</negara><tahun>2006</tahun><uraian>KUNJUNGAN KE PT PINDAD</uraian></penugasan><penugasan><negara>INDONESIA</negara><tahun>2007</tahun><uraian>KUNJUNGAN KE PT PAL, TUREN</uraian></penugasan><penugasan><negara>INDONESIA</negara><tahun>2008</tahun><uraian>KUNJUNGAN JURNALISTIK KE PT PINDAD</uraian></penugasan><penugasan><negara>INDONESIA</negara><tahun>2009</tahun><uraian>KUNJUNGAN JURNALISTIK KE KEPRI</uraian></penugasan></riwayat_penugasan><riwayat_tanda_jasa></riwayat_tanda_jasa><riwayat_bahasa></riwayat_bahasa><riwayat_keluarga><keluarga><nama_keluarga>BETHI ANDRIANI</nama_keluarga><jenis_kelamin>PEREMPUAN</jenis_kelamin><tgl_lahir>1981-06-20</tgl_lahir><hubungan>ISTRI</hubungan></keluarga></riwayat_keluarga></personil_kemhan>
