<personil_kemhan><nopeg>197703262002121001</nopeg><nip>030247517</nip><nrp_nip>197703262002121001</nrp_nip><nama>MUHAMMAD SULAIMAN</nama><gelar>S.Kom</gelar><tempat_lahir>Jakarta</tempat_lahir><tgl_lahir>1977-03-26</tgl_lahir><jenis_kelamin>LAKI-LAKI</jenis_kelamin><unit_organisasi>U.O. KEMHAN</unit_organisasi><jenis_personil>PNS</jenis_personil><pangkat>PENATA MUDA TK.I III/B</pangkat><pangkat_corps>PENATA MUDA TK.I III/B </pangkat_corps><tmt_pangkat>2015-04-01</tmt_pangkat><angkatan_korps>PNS</angkatan_korps><sumber_pa_gol_3>REGULAR</sumber_pa_gol_3><tmt_pa_gol_3>2011-04-01</tmt_pa_gol_3><kategori_pangkat>III/B</kategori_pangkat><jabatan>PRANATA KOMPUTER PERTAMA</jabatan><satker>PUSDATIN KEMHAN</satker><kode_jabatan>ANGGOTA</kode_jabatan><tmt_jabatan>2014-01-01</tmt_jabatan><eselon_jabatan>99</eselon_jabatan><kategori>ORGANIK</kategori><tmt_tni>2004-09-01</tmt_tni><tmt_kemhan>2002-12-01</tmt_kemhan><agama>ISLAM</agama><file_foto_1>foto/197703262002121001.jpg</file_foto_1><file_foto_2>foto/030247517.jpg</file_foto_2><riwayat_pangkat><pangkat><pangkat>CAPEG II/C</pangkat><tmt_pkt>2002-12-01</tmt_pkt><no_skep>SKEP/1021/VI/2003</no_skep><tgl_skep>2003-06-16</tgl_skep></pangkat><pangkat><pangkat>PENGATUR II/C</pangkat><tmt_pkt>2004-09-01</tmt_pkt><no_skep>SKEP/600/VIII/2004</no_skep><tgl_skep>2004-08-27</tgl_skep></pangkat><pangkat><pangkat>PENGATUR TK.I II/D</pangkat><tmt_pkt>2007-04-01</tmt_pkt><no_skep>SKEP/174/III/2007</no_skep><tgl_skep>2007-03-09</tgl_skep></pangkat><pangkat><pangkat>PENATA MUDA III/A</pangkat><tmt_pkt>2011-04-01</tmt_pkt><no_skep>KEP/188/III/2011</no_skep><tgl_skep>2011-03-22</tgl_skep></pangkat><pangkat><pangkat>PENATA MUDA TK.I III/B</pangkat><tmt_pkt>2015-04-01</tmt_pkt><no_skep>KEP/315/III/2015</no_skep><tgl_skep>2015-03-26</tgl_skep></pangkat></riwayat_pangkat><riwayat_jabatan><jabatan><jabatan>TURMIN PADA ROPEG SETJEN DEPHAN</jabatan><tmt_jab>2002-12-01</tmt_jab><no_skep>SKEP/1021/VI/2003</no_skep><tgl_skep>2002-12-01</tgl_skep></jabatan><jabatan><jabatan>ANGGOTA SUBBAGKAT BAGBINKARPEG ROPEG</jabatan><tmt_jab>2003-07-02</tmt_jab><no_skep>SPRIN/172/VII/2003</no_skep><tgl_skep>2003-07-02</tgl_skep></jabatan><jabatan><jabatan>TURTIK/OPR. KOMPUTER SUBBAGKAT BAGBINKARPEG ROPEG SETJEN DEPHAN</jabatan><tmt_jab>2005-03-01</tmt_jab><no_skep>SKEP/225/III/2005</no_skep><tgl_skep>2005-03-29</tgl_skep></jabatan><jabatan><jabatan>ANGGOTA SUBBAGKAT BAGKARPEG ROPEG SETJEN DEPHAN</jabatan><tmt_jab>2006-03-01</tmt_jab><no_skep>SKEP/201/III/2006</no_skep><tgl_skep>2006-03-27</tgl_skep></jabatan><jabatan><jabatan>PETUGAS ADMINISTRASI SUBBAGKAT BAGKARPEG ROPEG SETJEN KEMHAN</jabatan><tmt_jab>2010-05-17</tmt_jab><no_skep>Kep Menhan Nomor : KEP/321/V/2010</no_skep><tgl_skep>2010-05-17</tgl_skep></jabatan><jabatan><jabatan>PENGADMINISTRASI TATA USAHA SUBBAG TU BIRO BAGADABANGPEG ROPEG SETJEN KEMHAN</jabatan><tmt_jab>2011-04-01</tmt_jab><no_skep>Kep/281/IV/2011</no_skep><tgl_skep>2011-04-19</tgl_skep></jabatan><jabatan><jabatan>PENGADMINISTRASI SUBBID HARSISKOMTA BIDDUKOPS PUSDATIN KEMHAN</jabatan><tmt_jab>2013-03-26</tmt_jab><no_skep>KEP/288/III/2013</no_skep><tgl_skep>2013-03-28</tgl_skep></jabatan><jabatan><jabatan>PRANATA KOMPUTER PELAKSANA LANJUTAN</jabatan><tmt_jab>2014-01-01</tmt_jab><no_skep>KEP/6/I/2014</no_skep><tgl_skep>2014-01-06</tgl_skep></jabatan></riwayat_jabatan><riwayat_pendidikan><pendidikan_umum><pendidikan><nama_dik>SEKOLAH DASAR</nama_dik><tahun_lulus>1990</tahun_lulus></pendidikan><pendidikan><nama_dik>SEKOLAH LANJUTAN TINGKAT PERTAMA (SLTP)</nama_dik><tahun_lulus>1993</tahun_lulus></pendidikan><pendidikan><nama_dik>SEKOLAH LANJUTAN TINGKAT ATAS (SLTA)</nama_dik><tahun_lulus>1996</tahun_lulus></pendidikan><pendidikan><nama_dik>SARJANA MUDA (D.III)</nama_dik><tahun_lulus>2000</tahun_lulus></pendidikan><pendidikan><nama_dik>SARJANA (S1)</nama_dik><tahun_lulus>2007</tahun_lulus></pendidikan></pendidikan_umum><pendidikan_pembentukan><pendidikan><nama_dik>LATPRAJAB II</nama_dik><tahun_lulus>2003</tahun_lulus></pendidikan><pendidikan><nama_dik>DIKLAT ARSIPARIS</nama_dik><tahun_lulus>2005</tahun_lulus></pendidikan><pendidikan><nama_dik>SUS DBA ORACLE</nama_dik><tahun_lulus>2006</tahun_lulus></pendidikan><pendidikan><nama_dik>SUS TEKNIK KOMPUTER</nama_dik><tahun_lulus>2008</tahun_lulus></pendidikan><pendidikan><nama_dik>KIBI I PNS DEPHAN</nama_dik><tahun_lulus>2008</tahun_lulus></pendidikan><pendidikan><nama_dik>PELATIHAN BELA NEGARA</nama_dik><tahun_lulus>2014</tahun_lulus></pendidikan></pendidikan_pembentukan></riwayat_pendidikan><riwayat_penugasan></riwayat_penugasan><riwayat_tanda_jasa><tanda_jasa><nama_tanda_jasa>SATYALANCANA KARYA SATYA X TAHUN</nama_tanda_jasa><no_skep>KEP/104/TK/2013</no_skep><tgl_skep>2013-12-30</tgl_skep></tanda_jasa></riwayat_tanda_jasa><riwayat_bahasa></riwayat_bahasa><riwayat_keluarga><keluarga><nama_keluarga>MIA AGUSTIA</nama_keluarga><jenis_kelamin>PEREMPUAN</jenis_kelamin><tgl_lahir>1983-06-11</tgl_lahir><hubungan>ISTRI</hubungan></keluarga><keluarga><nama_keluarga>JASMINE HUMAIRA S.</nama_keluarga><jenis_kelamin>PEREMPUAN</jenis_kelamin><tgl_lahir>2008-09-07</tgl_lahir><hubungan>ANAK</hubungan></keluarga><keluarga><nama_keluarga>KYAN AKHTAR</nama_keluarga><jenis_kelamin>LAKI-LAKI</jenis_kelamin><tgl_lahir>2014-01-13</tgl_lahir><hubungan>ANAK</hubungan></keluarga></riwayat_keluarga></personil_kemhan>
