<personil_kemhan><nopeg>196610261989032013</nopeg><nip>030199451</nip><nrp_nip>196610261989032013</nrp_nip><nama>SEMIENY</nama><tempat_lahir>Demak</tempat_lahir><tgl_lahir>1966-10-26</tgl_lahir><jenis_kelamin>PEREMPUAN</jenis_kelamin><unit_organisasi>U.O. KEMHAN</unit_organisasi><jenis_personil>PNS</jenis_personil><pangkat>PENATA MUDA TK.I III/B</pangkat><pangkat_corps>PENATA MUDA TK.I III/B </pangkat_corps><tmt_pangkat>2008-04-01</tmt_pangkat><angkatan_korps>PNS</angkatan_korps><sumber_pa_gol_3>UJIAN DINAS</sumber_pa_gol_3><tmt_pa_gol_3>2008-04-01</tmt_pa_gol_3><kategori_pangkat>III/B</kategori_pangkat><jabatan>PENGADMINISTRASI BIDRENKON</jabatan><satker>PUS KONSTRUKSI BADAN RANAHAN KEMHAN</satker><kode_jabatan>ANGGOTA</kode_jabatan><tmt_jabatan>2012-11-05</tmt_jabatan><eselon_jabatan>99</eselon_jabatan><kategori>ORGANIK</kategori><tmt_tni>1990-04-01</tmt_tni><tmt_kemhan>1989-01-01</tmt_kemhan><agama>ISLAM</agama><file_foto_1>foto/196610261989032013.jpg</file_foto_1><file_foto_2>foto/030199451.jpg</file_foto_2><riwayat_pangkat><pangkat><pangkat>CAPEG II/A</pangkat><tmt_pkt>1989-03-01</tmt_pkt><no_skep>SKEP/508/III/1989</no_skep><tgl_skep>1989-03-11</tgl_skep></pangkat><pangkat><pangkat>PENGATUR MUDA II/A</pangkat><tmt_pkt>1990-05-01</tmt_pkt><no_skep>SKEP/624/IV/1990</no_skep><tgl_skep>1990-04-19</tgl_skep></pangkat><pangkat><pangkat>PENGATUR MUDA TK.I  II/B</pangkat><tmt_pkt>1992-04-01</tmt_pkt><no_skep>03-09/02762/KEP/IV/1992</no_skep><tgl_skep>1992-06-23</tgl_skep></pangkat><pangkat><pangkat>PENGATUR II/C</pangkat><tmt_pkt>1996-04-01</tmt_pkt><no_skep>03-09/00010/KEP/IV/1996</no_skep><tgl_skep>1996-04-23</tgl_skep></pangkat><pangkat><pangkat>PENGATUR TK.I II/D</pangkat><tmt_pkt>2000-04-01</tmt_pkt><no_skep>03-09-00/016/KEP/IV/2000</no_skep><tgl_skep>2000-06-12</tgl_skep></pangkat><pangkat><pangkat>PENATA MUDA III/A</pangkat><tmt_pkt>2004-04-01</tmt_pkt><no_skep>SKEP/84/II/2004</no_skep><tgl_skep>2004-02-20</tgl_skep></pangkat><pangkat><pangkat>PENATA MUDA TK.I III/B</pangkat><tmt_pkt>2008-04-01</tmt_pkt><no_skep>SKEP/148/III/2008</no_skep><tgl_skep>2008-03-10</tgl_skep></pangkat></riwayat_pangkat><riwayat_jabatan><jabatan><jabatan>HONOR BAG RUNGA</jabatan><tmt_jab>1988-04-01</tmt_jab><no_skep>SPRIN/927/VII/1988</no_skep><tgl_skep>1988-07-21</tgl_skep></jabatan><jabatan><jabatan>CAPEG BAG RUMGA</jabatan><tmt_jab>1989-01-01</tmt_jab><no_skep>SKEP/1745/XII/1989</no_skep><tgl_skep>1989-01-01</tgl_skep></jabatan><jabatan><jabatan>ANGGOTA BAG RUMGA</jabatan><tmt_jab>1989-03-28</tmt_jab><no_skep>SPRIN/499/III/1989</no_skep><tgl_skep>1989-03-28</tgl_skep></jabatan><jabatan><jabatan>TURMIN SUBBAG URDAL BAG RUMGA</jabatan><tmt_jab>1998-09-01</tmt_jab><no_skep>SKEP/1123/IX/1998</no_skep><tgl_skep>1998-09-14</tgl_skep></jabatan><jabatan><jabatan>BA STAF KAROUM</jabatan><tmt_jab>1999-05-04</tmt_jab><no_skep>SPRIN/17/V/1999</no_skep><tgl_skep>1999-05-04</tgl_skep></jabatan><jabatan><jabatan>TURMIN SUBBAG RENMINRO</jabatan><tmt_jab>2000-11-01</tmt_jab><no_skep>SKEP/1090/XI/2000</no_skep><tgl_skep>2000-11-10</tgl_skep></jabatan><jabatan><jabatan>PENGATUR ADM SUBBAG RENMINRO</jabatan><tmt_jab>2000-11-28</tmt_jab><no_skep>SPRIN/1184/XI/2000</no_skep><tgl_skep>2000-11-28</tgl_skep></jabatan><jabatan><jabatan>TUR URKAP/ANG SUBBAG RENMINRO BAGPAM</jabatan><tmt_jab>2001-04-01</tmt_jab><no_skep>SKEP/357/V/2001</no_skep><tgl_skep>2001-05-03</tgl_skep></jabatan><jabatan><jabatan>Anggota Subbag Minro Bagpam Roum Setjen Dephan</jabatan><tmt_jab>2006-08-01</tmt_jab><no_skep>SKEP/550/VIII/2006</no_skep><tgl_skep>2006-08-03</tgl_skep></jabatan><jabatan><jabatan>ANGGOTA SUBBAGMINRO BAGPAM ROUM SETJEN DEPHAN</jabatan><tmt_jab>2006-08-01</tmt_jab><no_skep>SKEP/550/VIII/2006</no_skep><tgl_skep>2006-08-03</tgl_skep></jabatan><jabatan><jabatan>Arsiparis Pelaksana Lanjutan Roum Setjen Dephan</jabatan><tmt_jab>2009-04-01</tmt_jab><no_skep>KEP MENHAN : KEP/253/XII/2009</no_skep><tgl_skep>2009-12-11</tgl_skep></jabatan><jabatan><jabatan>ANGGOTA SUBBAGWASFASBANG ROUM SETJEN KEMHAN</jabatan><tmt_jab>2011-10-28</tmt_jab><no_skep>KEP/820/X/2011</no_skep><tgl_skep>2011-10-31</tgl_skep></jabatan><jabatan><jabatan>PENGADMINISTRASI KAPUS SUBBAG TU PUS KONSTRUKSI BADAN RANAHAN KEMHAN</jabatan><tmt_jab>2012-02-01</tmt_jab><no_skep>KEP/66/II/2012</no_skep><tgl_skep>2012-02-02</tgl_skep></jabatan><jabatan><jabatan>PENGADMINISTRASI BIDRENKON PUS KONSTRUKSI BADAN RANAHAN KEMHAN</jabatan><tmt_jab>2012-11-05</tmt_jab><no_skep>KEP/919/XI/2012</no_skep><tgl_skep>2012-11-07</tgl_skep></jabatan></riwayat_jabatan><riwayat_pendidikan><pendidikan_umum><pendidikan><nama_dik>SEKOLAH DASAR</nama_dik><tahun_lulus>1979</tahun_lulus></pendidikan><pendidikan><nama_dik>SEKOLAH MENENGAH PERTAMA (SMP)</nama_dik><tahun_lulus>1982</tahun_lulus></pendidikan><pendidikan><nama_dik>SMEA</nama_dik><tahun_lulus>1986</tahun_lulus></pendidikan></pendidikan_umum><pendidikan_pembentukan><pendidikan><nama_dik>LATPRAJAB TK.II</nama_dik><tahun_lulus>1989</tahun_lulus></pendidikan><pendidikan><nama_dik>SUS MINU TK. III</nama_dik><tahun_lulus>1990</tahun_lulus></pendidikan><pendidikan><nama_dik>SUS MIN PERS</nama_dik><tahun_lulus>1992</tahun_lulus></pendidikan><pendidikan><nama_dik>UJIAN DINAS TK II</nama_dik><tahun_lulus>2002</tahun_lulus></pendidikan><pendidikan><nama_dik>DIK FUNG ARSIPARIS TKT TERAMPIL</nama_dik><tahun_lulus>2011</tahun_lulus></pendidikan></pendidikan_pembentukan></riwayat_pendidikan><riwayat_penugasan></riwayat_penugasan><riwayat_tanda_jasa></riwayat_tanda_jasa><riwayat_bahasa><bahasa><nama_bahasa>JAWA</nama_bahasa><keterangan>AKTIF</keterangan></bahasa><bahasa><nama_bahasa>INGGRIS</nama_bahasa><keterangan>PASIF</keterangan></bahasa><bahasa><nama_bahasa>INDONESIA</nama_bahasa><keterangan>AKTIF</keterangan></bahasa></riwayat_bahasa><riwayat_keluarga><keluarga><nama_keluarga>SAPTO MUJOKO</nama_keluarga><jenis_kelamin>LAKI-LAKI</jenis_kelamin><tgl_lahir>1965-07-17</tgl_lahir><hubungan>SUAMI</hubungan></keluarga><keluarga><nama_keluarga>SETO WURRY ANGGORONINGRUM</nama_keluarga><jenis_kelamin>PEREMPUAN</jenis_kelamin><tgl_lahir>1998-02-10</tgl_lahir><hubungan>ANAK</hubungan></keluarga></riwayat_keluarga></personil_kemhan>
