<personil_kemhan><nopeg>196204051999031001</nopeg><nip>030244350</nip><nrp_nip>196204051999031001</nrp_nip><nama>MUNTOHIRON</nama><tempat_lahir>Cilacap</tempat_lahir><tgl_lahir>1962-04-05</tgl_lahir><jenis_kelamin>LAKI-LAKI</jenis_kelamin><unit_organisasi>U.O. KEMHAN</unit_organisasi><jenis_personil>PNS</jenis_personil><pangkat>PENATA MUDA III/A</pangkat><pangkat_corps>PENATA MUDA III/A </pangkat_corps><tmt_pangkat>2015-04-01</tmt_pangkat><angkatan_korps>PNS</angkatan_korps><kategori_pangkat>III/A</kategori_pangkat><jabatan>PENGADMINISTRASI SUBBAG PERJANJIAN BAG YANKUM</jabatan><satker>ROKUM SETJEN KEMHAN</satker><kode_jabatan>ANGGOTA</kode_jabatan><tmt_jabatan>2015-05-08</tmt_jabatan><eselon_jabatan>99</eselon_jabatan><kategori>ORGANIK</kategori><tmt_tni>2000-10-01</tmt_tni><tmt_kemhan>1999-03-01</tmt_kemhan><agama>ISLAM</agama><file_foto_1>foto/196204051999031001.jpg</file_foto_1><file_foto_2>foto/030244350.jpg</file_foto_2><riwayat_pangkat><pangkat><pangkat>CAPEG II/A</pangkat><tmt_pkt>1999-03-01</tmt_pkt><no_skep>SKEP/375/V/1999</no_skep><tgl_skep>1999-05-01</tgl_skep></pangkat><pangkat><pangkat>PENGATUR MUDA II/A</pangkat><tmt_pkt>2000-09-01</tmt_pkt><no_skep>SKEP/534/VII/2000</no_skep><tgl_skep>2003-07-04</tgl_skep></pangkat><pangkat><pangkat>PENGATUR MUDA TK.I  II/B</pangkat><tmt_pkt>2003-04-01</tmt_pkt><no_skep>SKEP/821/V/2007</no_skep><tgl_skep>2003-05-27</tgl_skep></pangkat><pangkat><pangkat>PENGATUR II/C</pangkat><tmt_pkt>2007-04-01</tmt_pkt><no_skep>SKEP/174/III/2007</no_skep><tgl_skep>2007-03-09</tgl_skep></pangkat><pangkat><pangkat>PENGATUR TK.I II/D</pangkat><tmt_pkt>2011-04-01</tmt_pkt><no_skep>KEP/187/III/2011</no_skep><tgl_skep>2011-03-22</tgl_skep></pangkat><pangkat><pangkat>PENATA MUDA III/A</pangkat><tmt_pkt>2015-04-01</tmt_pkt><no_skep>KEP/313/III/2015</no_skep><tgl_skep>2015-03-26</tgl_skep></pangkat></riwayat_pangkat><riwayat_jabatan><jabatan><jabatan>TURMIN UMUM SUBBAG RENMINRO BAG YANKUM ROKUM</jabatan><tmt_jab>2001-03-01</tmt_jab><no_skep>SKEP/247/III/2001</no_skep><tgl_skep>2001-03-21</tgl_skep></jabatan><jabatan><jabatan>Anggota Subbag Minro Bag Yankum Rohukum Setjen Dephan</jabatan><tmt_jab>2007-09-01</tmt_jab><no_skep>SKEP/375/IX/2007</no_skep><tgl_skep>2007-09-20</tgl_skep></jabatan><jabatan><jabatan>OPERATOR FOTO COPY SUBBAGMINRO BAGYANKUM</jabatan><tmt_jab>2010-05-24</tmt_jab><no_skep>KEP/348/V/2010</no_skep><tgl_skep>2010-05-26</tgl_skep></jabatan><jabatan><jabatan>AGENDARIS SUBBAG TU BIRO BAG HATKUM  ROKUM SETJEN KEMHAN</jabatan><tmt_jab>2011-04-01</tmt_jab><no_skep>KEP/284/IV/2011</no_skep><tgl_skep>2011-04-19</tgl_skep></jabatan><jabatan><jabatan>OPERATOR KOMPUTER SUBBAG TU BIRO BAG HATKUM ROKUM SETJEN KEMHAN</jabatan><tmt_jab>2013-05-30</tmt_jab><no_skep>KEP/545/VI/2013</no_skep><tgl_skep>2013-06-07</tgl_skep></jabatan><jabatan><jabatan>OPERATOR KOMPUTER SUBBAG TU BIRO BAG HATKUM ROKUM SETJEN KEMHAN</jabatan><tmt_jab>2014-12-31</tmt_jab><no_skep>KEP/1485/XII/2014</no_skep><tgl_skep>2014-12-18</tgl_skep></jabatan><jabatan><jabatan>PENGADMINISTRASI SUBBAG PERJANJIAN BAG YANKUM ROKUM SETJEN KEMHAN</jabatan><tmt_jab>2015-05-08</tmt_jab><no_skep>KEP/449V/2015</no_skep><tgl_skep>2015-05-08</tgl_skep></jabatan></riwayat_jabatan><riwayat_pendidikan><pendidikan_umum><pendidikan><nama_dik>SEKOLAH DASAR</nama_dik><tahun_lulus>1976</tahun_lulus></pendidikan><pendidikan><nama_dik>SEKOLAH LANJUTAN TINGKAT PERTAMA (SLTP)</nama_dik><tahun_lulus>1980</tahun_lulus></pendidikan><pendidikan><nama_dik>SEKOLAH LANJUTAN TINGKAT ATAS (SLTA)</nama_dik><tahun_lulus>1985</tahun_lulus></pendidikan></pendidikan_umum><pendidikan_pembentukan><pendidikan><nama_dik>LATPRAJAB TK II</nama_dik><tahun_lulus>1999</tahun_lulus></pendidikan><pendidikan><nama_dik>TAR PPBN</nama_dik><tahun_lulus>1999</tahun_lulus></pendidikan><pendidikan><nama_dik>DIKLAT MINU TK II KEMHAN</nama_dik><tahun_lulus>2010</tahun_lulus></pendidikan><pendidikan><nama_dik>DIKLAT OPERATOR KOMPUTER TK. DASAR</nama_dik><tahun_lulus>2012</tahun_lulus></pendidikan><pendidikan><nama_dik>UJIAN DINAS</nama_dik><tahun_lulus>2013</tahun_lulus></pendidikan><pendidikan><nama_dik>DIKLAT TEKNIS ALIH GOLONGAN DARI GOL II KE GOL III BAGI PNS</nama_dik><tahun_lulus>2014</tahun_lulus></pendidikan></pendidikan_pembentukan></riwayat_pendidikan><riwayat_penugasan></riwayat_penugasan><riwayat_tanda_jasa><tanda_jasa><nama_tanda_jasa>SATYALANCANA KARYA SATYA X TAHUN</nama_tanda_jasa><no_skep>62/TK/TAHUN 2010</no_skep><tgl_skep>2010-12-01</tgl_skep></tanda_jasa></riwayat_tanda_jasa><riwayat_bahasa><bahasa><nama_bahasa>JAWA</nama_bahasa><keterangan>AKTIF</keterangan></bahasa><bahasa><nama_bahasa>INDONESIA</nama_bahasa><keterangan>AKTIF</keterangan></bahasa></riwayat_bahasa><riwayat_keluarga><keluarga><nama_keluarga>NURHADI</nama_keluarga><jenis_kelamin>LAKI-LAKI</jenis_kelamin><tgl_lahir>1989-01-06</tgl_lahir><hubungan>ANAK</hubungan></keluarga><keluarga><nama_keluarga>BUSTOMI</nama_keluarga><jenis_kelamin>LAKI-LAKI</jenis_kelamin><tgl_lahir>1995-10-07</tgl_lahir><hubungan>ANAK</hubungan></keluarga></riwayat_keluarga></personil_kemhan>
