<personil_kemhan><nopeg>198102062003122001</nopeg><nip>030248745</nip><nrp_nip>198102062003122001</nrp_nip><nama>FEBRIANI PURWANINGTYAS</nama><tempat_lahir>Jakarta</tempat_lahir><tgl_lahir>1981-02-06</tgl_lahir><jenis_kelamin>PEREMPUAN</jenis_kelamin><unit_organisasi>U.O. KEMHAN</unit_organisasi><jenis_personil>PNS</jenis_personil><pangkat>PENGATUR II/C</pangkat><pangkat_corps>PENGATUR II/C </pangkat_corps><tmt_pangkat>2012-04-01</tmt_pangkat><angkatan_korps>PNS</angkatan_korps><kategori_pangkat>II/C</kategori_pangkat><jabatan>AGENDARIS SUBBAGSAHLURJA BAGWATPEG</jabatan><satker>ROPEG SETJEN KEMHAN</satker><kode_jabatan>ANGGOTA</kode_jabatan><tmt_jabatan>2014-12-31</tmt_jabatan><eselon_jabatan>99</eselon_jabatan><kategori>ORGANIK</kategori><tmt_tni>2005-08-01</tmt_tni><tmt_kemhan>2003-12-01</tmt_kemhan><agama>ISLAM</agama><file_foto_1>foto/198102062003122001.jpg</file_foto_1><file_foto_2>foto/030248745.jpg</file_foto_2><riwayat_pangkat><pangkat><pangkat>CAPEG II/A</pangkat><tmt_pkt>2003-12-01</tmt_pkt><no_skep>SKEP/208/IV/2004</no_skep><tgl_skep>2003-12-01</tgl_skep></pangkat><pangkat><pangkat>PENGATUR MUDA II/A</pangkat><tmt_pkt>2005-08-01</tmt_pkt><no_skep>SKEP/657/VIII/2005</no_skep><tgl_skep>2005-08-01</tgl_skep></pangkat><pangkat><pangkat>PENGATUR MUDA TK.I  II/B</pangkat><tmt_pkt>2008-04-01</tmt_pkt><no_skep>SKEP/143/III/2008</no_skep><tgl_skep>2008-03-10</tgl_skep></pangkat><pangkat><pangkat>PENGATUR II/C</pangkat><tmt_pkt>2012-04-01</tmt_pkt><no_skep>SPRIN/232/III/2012</no_skep><tgl_skep>2012-03-27</tgl_skep></pangkat></riwayat_pangkat><riwayat_jabatan><jabatan><jabatan>ANGG BAG WATPEG ROPEG SETJEN DEPHAN</jabatan><tmt_jab>2004-05-21</tmt_jab><no_skep>SPRIN/103/V/2004</no_skep><tgl_skep>00000-00-00</tgl_skep></jabatan><jabatan><jabatan>ANGGOTA SUBBAGJAS BAGWATPEG ROPEG SETJEN DEPHAN</jabatan><tmt_jab>2006-03-01</tmt_jab><no_skep>SKEP/201/III/2006</no_skep><tgl_skep>2006-03-01</tgl_skep></jabatan><jabatan><jabatan>Anggota Subbag Jah Bag Watpeg Ropeg Setjen Dephan</jabatan><tmt_jab>2008-02-01</tmt_jab><no_skep>SKEP/50/II/2008</no_skep><tgl_skep>2008-02-01</tgl_skep></jabatan><jabatan><jabatan>Arsiparis Pelaksana Ropeg Setjen Dephan</jabatan><tmt_jab>2009-04-01</tmt_jab><no_skep>KEP MENHAN : KEP/253/XII/2009</no_skep><tgl_skep>2009-12-11</tgl_skep></jabatan><jabatan><jabatan>AGENDARIS BAGWATPEG ROPEG SETJEN KEMHAN</jabatan><tmt_jab>2011-04-01</tmt_jab><no_skep>Kep/281/IV/2011</no_skep><tgl_skep>2011-04-19</tgl_skep></jabatan><jabatan><jabatan>AGENDARIS SUBBAGSAHLURJA BAGWATPEG ROPEG SETJEN KEMHAN</jabatan><tmt_jab>2014-12-31</tmt_jab><no_skep>KEP/1485/XII/2014</no_skep><tgl_skep>2014-12-18</tgl_skep></jabatan></riwayat_jabatan><riwayat_pendidikan><pendidikan_umum><pendidikan><nama_dik>SEKOLAH DASAR</nama_dik><tahun_lulus>1993</tahun_lulus></pendidikan><pendidikan><nama_dik>SEKOLAH LANJUTAN TINGKAT PERTAMA (SLTP)</nama_dik><tahun_lulus>1996</tahun_lulus></pendidikan><pendidikan><nama_dik>SEKOLAH LANJUTAN TINGKAT ATAS (SLTA)</nama_dik><tahun_lulus>1999</tahun_lulus></pendidikan><pendidikan><nama_dik>SARJANA (S1)</nama_dik><tahun_lulus>2015</tahun_lulus></pendidikan></pendidikan_umum><pendidikan_pembentukan><pendidikan><nama_dik>LATPRAJAB  TK. II</nama_dik><tahun_lulus>2005</tahun_lulus></pendidikan><pendidikan><nama_dik>SUS ARSIPARIS TK TERAMPIL</nama_dik><tahun_lulus>2008</tahun_lulus></pendidikan><pendidikan><nama_dik>DIK BELA NEGARA</nama_dik><tahun_lulus>2013</tahun_lulus></pendidikan></pendidikan_pembentukan></riwayat_pendidikan><riwayat_penugasan></riwayat_penugasan><riwayat_tanda_jasa><tanda_jasa><nama_tanda_jasa>SATYALANCANA KARYA SATYA X TAHUN</nama_tanda_jasa><no_skep>119/TK/TAHUN 2014</no_skep><tgl_skep>2014-11-26</tgl_skep></tanda_jasa></riwayat_tanda_jasa><riwayat_bahasa></riwayat_bahasa><riwayat_keluarga><keluarga><nama_keluarga>MAT YUNIS SUBCHAN</nama_keluarga><jenis_kelamin>LAKI-LAKI</jenis_kelamin><tgl_lahir>1975-02-28</tgl_lahir><hubungan>SUAMI</hubungan></keluarga><keluarga><nama_keluarga>M. FAREL ILHAMSYAH</nama_keluarga><jenis_kelamin>LAKI-LAKI</jenis_kelamin><tgl_lahir>2011-06-28</tgl_lahir><hubungan>ANAK</hubungan></keluarga></riwayat_keluarga></personil_kemhan>
