<personil_kemhan><nopeg>197009301994031001</nopeg><nip>030228331</nip><nrp_nip>197009301994031001</nrp_nip><nama>EDY RIDWAN</nama><tempat_lahir>Jakarta</tempat_lahir><tgl_lahir>1970-09-30</tgl_lahir><jenis_kelamin>LAKI-LAKI</jenis_kelamin><unit_organisasi>U.O. KEMHAN</unit_organisasi><jenis_personil>PNS</jenis_personil><pangkat>PENGATUR MUDA II/A</pangkat><pangkat_corps>PENGATUR MUDA II/A </pangkat_corps><tmt_pangkat>2011-04-01</tmt_pangkat><angkatan_korps>PNS</angkatan_korps><kategori_pangkat>II/A</kategori_pangkat><jabatan>PETUGAS SATKAM REGU 3 PELETON C SUBBAG PAMPERSMAT BAGPAM</jabatan><satker>PUSKU KEMHAN</satker><kode_jabatan>ANGGOTA</kode_jabatan><tmt_jabatan>2014-12-31</tmt_jabatan><eselon_jabatan>99</eselon_jabatan><kategori>ORGANIK</kategori><tmt_tni>1995-07-01</tmt_tni><agama>ISLAM</agama><file_foto_1>foto/197009301994031001.jpg</file_foto_1><file_foto_2>foto/030228331.jpg</file_foto_2><riwayat_pangkat><pangkat><pangkat>CAPEG I/A</pangkat><tmt_pkt>1994-03-01</tmt_pkt><no_skep>SKEP/1254/VIII/1994</no_skep><tgl_skep>1994-08-29</tgl_skep></pangkat><pangkat><pangkat>JURU MUDA I/A</pangkat><tmt_pkt>1995-07-01</tmt_pkt><no_skep>SKEP/820/VI/1995</no_skep><tgl_skep>1995-06-15</tgl_skep></pangkat><pangkat><pangkat>JURU MUDA TK. I  I/B</pangkat><tmt_pkt>1998-10-01</tmt_pkt><no_skep>03-09/00029/KEP/1995</no_skep><tgl_skep>1998-10-01</tgl_skep></pangkat><pangkat><pangkat>JURU I/C</pangkat><tmt_pkt>2002-10-01</tmt_pkt><no_skep>SKEP/72/I/2003</no_skep><tgl_skep>2003-01-15</tgl_skep></pangkat><pangkat><pangkat>JURU TK.I  I/D</pangkat><tmt_pkt>2006-10-01</tmt_pkt><no_skep>SKEP/620/VIII/2006</no_skep><tgl_skep>2006-08-24</tgl_skep></pangkat><pangkat><pangkat>PENGATUR MUDA II/A</pangkat><tmt_pkt>2011-04-01</tmt_pkt><no_skep>KEP/187/III/2011</no_skep><tgl_skep>2011-03-22</tgl_skep></pangkat></riwayat_pangkat><riwayat_jabatan><jabatan><jabatan>ANGGOTA SATKAM SUBBAGRUMGA BAGRUMGA ROUM SETJEN DH</jabatan><tmt_jab>2000-10-01</tmt_jab><no_skep>SKEP/1004/X/2000</no_skep><tgl_skep>2000-10-04</tgl_skep></jabatan><jabatan><jabatan>TURKAMKAN SUBBAGPAMKAN BAGPAM</jabatan><tmt_jab>2001-03-01</tmt_jab><no_skep>SKEP/305/IV/2001</no_skep><tgl_skep>2001-04-03</tgl_skep></jabatan><jabatan><jabatan>Anggota Satkam Bagpam Roum Setjen Dephan</jabatan><tmt_jab>2007-02-01</tmt_jab><no_skep>SKEP/152/III/2007</no_skep><tgl_skep>2007-03-06</tgl_skep></jabatan><jabatan><jabatan>PENGAMAN SUBBAGPAMPERSMAT BAGPAM ROUM SETJEN KEMHAN</jabatan><tmt_jab>2010-07-27</tmt_jab><no_skep>KEP/553/VII/2010</no_skep><tgl_skep>2010-07-28</tgl_skep></jabatan><jabatan><jabatan>JURU BAYAR SUBBAGUM BAG TU  PUSKU KEMHAN</jabatan><tmt_jab>2011-07-15</tmt_jab><no_skep>SPRIN/180/VI/2011</no_skep><tgl_skep>2011-07-15</tgl_skep></jabatan><jabatan><jabatan>PETUGAS SATKAM REGU 3 PELETON C SUBBAG PAMPERSMAT BAGPAM PUSKU KEMHAN</jabatan><tmt_jab>2014-12-31</tmt_jab><no_skep>KEP/1484/XIV/2014</no_skep><tgl_skep>2014-12-18</tgl_skep></jabatan><jabatan><jabatan>Anggota Satkam Bagpam Roum Setjen Dephan</jabatan></jabatan><jabatan><jabatan>Anggota Subbag Pampersmat Bagpam Roum Setjen Dephan</jabatan></jabatan></riwayat_jabatan><riwayat_pendidikan><pendidikan_umum><pendidikan><nama_dik>SEKOLAH LANJUTAN TINGKAT PERTAMA (SLTP)</nama_dik><tahun_lulus>0</tahun_lulus></pendidikan><pendidikan><nama_dik>SEKOLAH DASAR</nama_dik><tahun_lulus>1984</tahun_lulus></pendidikan></pendidikan_umum><pendidikan_pembentukan><pendidikan><nama_dik>SUSSATKAM</nama_dik><tahun_lulus>2000</tahun_lulus></pendidikan></pendidikan_pembentukan></riwayat_pendidikan><riwayat_penugasan></riwayat_penugasan><riwayat_tanda_jasa></riwayat_tanda_jasa><riwayat_bahasa><bahasa><nama_bahasa>BETAWI</nama_bahasa><keterangan>AKTIF</keterangan></bahasa><bahasa><nama_bahasa>INDONESIA</nama_bahasa><keterangan>AKTIF</keterangan></bahasa></riwayat_bahasa><riwayat_keluarga><keluarga><nama_keluarga>IDA FARIDA</nama_keluarga><jenis_kelamin>PEREMPUAN</jenis_kelamin><tgl_lahir>1977-01-27</tgl_lahir><hubungan>ISTRI</hubungan></keluarga><keluarga><nama_keluarga>RIZKY DARMAWAN</nama_keluarga><jenis_kelamin>LAKI-LAKI</jenis_kelamin><tgl_lahir>1997-01-05</tgl_lahir><hubungan>ANAK</hubungan></keluarga><keluarga><nama_keluarga>DELVIRA AULIA</nama_keluarga><jenis_kelamin>PEREMPUAN</jenis_kelamin><tgl_lahir>2001-12-06</tgl_lahir><hubungan>ANAK</hubungan></keluarga><keluarga><nama_keluarga>ANDIKA RIZKY PRATAMA</nama_keluarga><jenis_kelamin>LAKI-LAKI</jenis_kelamin><tgl_lahir>2009-05-12</tgl_lahir><hubungan>ANAK</hubungan></keluarga></riwayat_keluarga></personil_kemhan>
