<personil_kemhan><nopeg>3920565030972</nopeg><nip>3920565030972</nip><nrp_nip>3920565030972</nrp_nip><nama>KODIM</nama><tempat_lahir>Duri</tempat_lahir><tgl_lahir>1972-09-10</tgl_lahir><jenis_kelamin>LAKI-LAKI</jenis_kelamin><unit_organisasi>U.O. KEMHAN</unit_organisasi><jenis_personil>TNI</jenis_personil><pangkat>SERTU</pangkat><pangkat_corps>SERTU </pangkat_corps><tmt_pangkat>2012-10-01</tmt_pangkat><angkatan_korps>TNI AD</angkatan_korps><kategori_pangkat>SERTU</kategori_pangkat><jabatan>PENGEMUDI WAKIL REKTOR II BIDUM DAN KU SUBBAG RUMGA LOG DAN RUMGA ROUM</jabatan><satker>UNHAN KEMHAN</satker><kode_jabatan>ANGGOTA</kode_jabatan><tmt_jabatan>2014-03-27</tmt_jabatan><eselon_jabatan>99</eselon_jabatan><kategori>ORGANIK</kategori><tmt_tni>1992-09-19</tmt_tni><tmt_kemhan>1998-04-01</tmt_kemhan><agama>ISLAM</agama><file_foto_1>foto/3920565030972.jpg</file_foto_1><file_foto_2>foto/3920565030972.jpg</file_foto_2><riwayat_pangkat><pangkat><pangkat>PRADA</pangkat><tmt_pkt>1992-09-19</tmt_pkt><no_skep>SKEP/6545-21/IX/1992</no_skep><tgl_skep>1992-09-01</tgl_skep></pangkat><pangkat><pangkat>PRATU</pangkat><tmt_pkt>1995-10-01</tmt_pkt><no_skep>SKEP/242-11/IX/1995</no_skep><tgl_skep>1995-09-21</tgl_skep></pangkat><pangkat><pangkat>PRAKA</pangkat><tmt_pkt>2000-04-01</tmt_pkt><no_skep>SKEP/799-21/III/2000</no_skep><tgl_skep>2000-03-14</tgl_skep></pangkat><pangkat><pangkat>KOPDA</pangkat><tmt_pkt>2004-04-01</tmt_pkt><no_skep>SKEP/14-2004</no_skep><tgl_skep>2004-03-31</tgl_skep></pangkat><pangkat><pangkat>SERDA</pangkat><tmt_pkt>2007-07-23</tmt_pkt><no_skep>KEP/677-21/VII/2007</no_skep><tgl_skep>2007-07-12</tgl_skep></pangkat><pangkat><pangkat>SERTU</pangkat><tmt_pkt>2012-10-01</tmt_pkt><no_skep>KEP/630/IX/2012</no_skep><tgl_skep>2012-09-20</tgl_skep></pangkat></riwayat_pangkat><riwayat_jabatan><jabatan><jabatan>TA DEPHANKAM(TA YONARMED 13/KOSTRAD/BP DEPPERTAMBE</jabatan><tmt_jab>1899-12-30</tmt_jab><tgl_skep>1899-12-30</tgl_skep></jabatan><jabatan><jabatan>TA MUDI SUBBAG YANUM BAG RUMGA</jabatan><tmt_jab>1899-12-30</tmt_jab><tgl_skep>1899-12-30</tgl_skep></jabatan><jabatan><jabatan>TA SETJEN DEPHANKAM</jabatan><tmt_jab>1998-06-01</tmt_jab><no_skep>SKEP/404/V/1998</no_skep><tgl_skep>1998-05-28</tgl_skep></jabatan><jabatan><jabatan>ANGG SUBBAG YANUMURDAL BAGRUMGA</jabatan><tmt_jab>2001-03-01</tmt_jab><no_skep>SPRIN/12/IV/2001</no_skep><tgl_skep>2001-04-16</tgl_skep></jabatan><jabatan><jabatan>ANGG SUBBAG YANUMURDAL BAGRUMGA ROUM</jabatan><tmt_jab>2001-03-01</tmt_jab><no_skep>SKEP/297/IV/2001</no_skep><tgl_skep>2001-04-03</tgl_skep></jabatan><jabatan><jabatan>Anggota Subbag Minro Bag Hublem Rohumas Setjen Dephan</jabatan><tmt_jab>2007-08-30</tmt_jab><no_skep>KEP/168/VIII/2007</no_skep><tgl_skep>2007-08-30</tgl_skep></jabatan><jabatan><jabatan>PENGEMUDI DIRJAKSTRA DITJEN STRAHAN KEMHAN</jabatan><tmt_jab>2011-04-01</tmt_jab><no_skep>kep/479/VI/2011</no_skep><tgl_skep>2011-06-05</tgl_skep></jabatan><jabatan><jabatan>PENGEMUDI SESDITJEN SUBBAG RUMGA BAGUM SET DITJEN STRAHAN KEMHAN</jabatan><tmt_jab>2012-05-15</tmt_jab><no_skep>KEP/386/V/2012</no_skep><tgl_skep>2012-05-21</tgl_skep></jabatan><jabatan><jabatan>PENGEMUDI SESDITJEN SUBBAGRUMGA BAGUM SET DITJEN POTHAN KEMHAN</jabatan><tmt_jab>2012-11-05</tmt_jab><no_skep>KEP/919/XI/2012</no_skep><tgl_skep>2012-11-07</tgl_skep></jabatan><jabatan><jabatan>ANGGOTA UNHAN KEMHAN</jabatan><tmt_jab>2013-08-01</tmt_jab><no_skep>KEP/</no_skep><tgl_skep>2013-08-01</tgl_skep></jabatan><jabatan><jabatan>PENGEMUDI WAKIL REKTOR II BIDUM DAN KU SUBBAG RUMGA LOG DAN RUMGA ROUM UNHAN KEMHAN</jabatan><tmt_jab>2014-03-27</tmt_jab><no_skep>KEP/302/III/2014</no_skep><tgl_skep>2014-03-28</tgl_skep></jabatan></riwayat_jabatan><riwayat_pendidikan><pendidikan_umum><pendidikan><nama_dik>SEKOLAH DASAR</nama_dik><tahun_lulus>1985</tahun_lulus></pendidikan><pendidikan><nama_dik>SEKOLAH LANJUTAN TINGKAT PERTAMA (SLTP)</nama_dik><tahun_lulus>1988</tahun_lulus></pendidikan><pendidikan><nama_dik>SEKOLAH LANJUTAN TINGKAT ATAS (SLTA)</nama_dik><tahun_lulus>1991</tahun_lulus></pendidikan></pendidikan_umum><pendidikan_pembentukan><pendidikan><nama_dik>SECATA</nama_dik><tahun_lulus>1992</tahun_lulus></pendidikan><pendidikan><nama_dik>SUSJURTA</nama_dik><tahun_lulus>1992</tahun_lulus></pendidikan><pendidikan><nama_dik>SECABA REG</nama_dik><tahun_lulus>2007</tahun_lulus></pendidikan></pendidikan_pembentukan></riwayat_pendidikan><riwayat_penugasan></riwayat_penugasan><riwayat_tanda_jasa><tanda_jasa><nama_tanda_jasa>SATYALANCANA KESETIAAN VIII TAHUN</nama_tanda_jasa><no_skep>SKEP/170/VII/2004</no_skep><tgl_skep>2004-07-08</tgl_skep></tanda_jasa></riwayat_tanda_jasa><riwayat_bahasa><bahasa><nama_bahasa>JAWA</nama_bahasa><keterangan>AKTIF</keterangan></bahasa></riwayat_bahasa><riwayat_keluarga><keluarga><nama_keluarga>PUJI PANULARSIH</nama_keluarga><jenis_kelamin>PEREMPUAN</jenis_kelamin><tgl_lahir>1973-01-24</tgl_lahir><hubungan>ISTRI</hubungan></keluarga><keluarga><nama_keluarga>IQBAL LANANG PRAKHASA</nama_keluarga><jenis_kelamin>LAKI-LAKI</jenis_kelamin><tgl_lahir>2000-06-28</tgl_lahir><hubungan>ANAK</hubungan></keluarga><keluarga><nama_keluarga>MUHAMMAD RAFLI RADITYA</nama_keluarga><jenis_kelamin>LAKI-LAKI</jenis_kelamin><tgl_lahir>2004-07-21</tgl_lahir><hubungan>ANAK</hubungan></keluarga></riwayat_keluarga></personil_kemhan>
