<personil_kemhan><nopeg>197805071999032002</nopeg><nip>030244371</nip><nrp_nip>197805071999032002</nrp_nip><nama>MEIKE SUSILOWATI</nama><tempat_lahir>Jakarta</tempat_lahir><tgl_lahir>1978-05-07</tgl_lahir><jenis_kelamin>PEREMPUAN</jenis_kelamin><unit_organisasi>U.O. KEMHAN</unit_organisasi><jenis_personil>PNS</jenis_personil><pangkat>PENATA MUDA III/A</pangkat><pangkat_corps>PENATA MUDA III/A </pangkat_corps><tmt_pangkat>2015-10-01</tmt_pangkat><angkatan_korps>PNS</angkatan_korps><kategori_pangkat>III/A</kategori_pangkat><jabatan>PENGADMINISTRASI SUBBAG LAHDAFOR BAGINDUK PNS</jabatan><satker>ROPEG SETJEN KEMHAN</satker><kode_jabatan>ANGGOTA</kode_jabatan><tmt_jabatan>2015-11-20</tmt_jabatan><eselon_jabatan>99</eselon_jabatan><kategori>ORGANIK</kategori><tmt_tni>2000-09-01</tmt_tni><tmt_kemhan>1999-03-01</tmt_kemhan><agama>ISLAM</agama><file_foto_1>foto/197805071999032002.jpg</file_foto_1><file_foto_2>foto/030244371.jpg</file_foto_2><riwayat_pangkat><pangkat><pangkat>CAPEG II/A</pangkat><tmt_pkt>1999-03-01</tmt_pkt><no_skep>SKEP/386/V/1999</no_skep><tgl_skep>1999-05-01</tgl_skep></pangkat><pangkat><pangkat>PENGATUR MUDA II/A</pangkat><tmt_pkt>2000-09-01</tmt_pkt><no_skep>SKEP/542/VII/2000</no_skep><tgl_skep>2000-07-04</tgl_skep></pangkat><pangkat><pangkat>PENGATUR MUDA TK.I  II/B</pangkat><tmt_pkt>2003-04-01</tmt_pkt><no_skep>SKEP/504/IV/2003</no_skep><tgl_skep>2003-04-22</tgl_skep></pangkat><pangkat><pangkat>PENGATUR II/C</pangkat><tmt_pkt>2007-04-01</tmt_pkt><no_skep>SKEP/174/III/2007</no_skep><tgl_skep>2007-03-09</tgl_skep></pangkat><pangkat><pangkat>PENGATUR TK.I II/D</pangkat><tmt_pkt>2011-04-01</tmt_pkt><no_skep>KEP/201/III/2011</no_skep><tgl_skep>2011-03-25</tgl_skep></pangkat><pangkat><pangkat>PENATA MUDA III/A</pangkat><tmt_pkt>2015-10-01</tmt_pkt><no_skep>KEP/841/IX/2015</no_skep><tgl_skep>2015-09-10</tgl_skep></pangkat></riwayat_pangkat><riwayat_jabatan><jabatan><jabatan>TUR URUSAN BINJAS SUBBAGPERS BAGUM SET BPPIT DEPHA</jabatan><tmt_jab>2000-03-01</tmt_jab><no_skep>SKEP/114/II/2000</no_skep><tgl_skep>2000-02-24</tgl_skep></jabatan><jabatan><jabatan>TURTIK/OPR KOMP SUBBAGRUMGA BAGUM SET BALITBANG DH</jabatan><tmt_jab>2001-03-01</tmt_jab><no_skep>SKEP/273/III/2001</no_skep><tgl_skep>2001-03-27</tgl_skep></jabatan><jabatan><jabatan>TURTIH BINJAS SUBBAGBINJAS BAGWATPEG ROPEG</jabatan><tmt_jab>2001-06-01</tmt_jab><no_skep>SKEP/404/VI/2001</no_skep><tgl_skep>2001-06-07</tgl_skep></jabatan><jabatan><jabatan>ANGGOTA SUBBAGJAS BAGWATPEG ROPEG SETJEN DEPHAN</jabatan><tmt_jab>2006-03-01</tmt_jab><no_skep>SKEP/201/III/2006</no_skep><tgl_skep>2006-03-27</tgl_skep></jabatan><jabatan><jabatan>Arsiparis Pelaksana Ropeg Setjen Dephan</jabatan><tmt_jab>2009-04-01</tmt_jab><no_skep>KEP MENHAN : KEP/253/XII/2009</no_skep><tgl_skep>2009-12-11</tgl_skep></jabatan><jabatan><jabatan>OPERATOR KOMPUTER BAGWATPEG ROPEG SETJEN KEMHAN</jabatan><tmt_jab>2011-04-01</tmt_jab><no_skep>Kep/281/IV/2011</no_skep><tgl_skep>2011-04-19</tgl_skep></jabatan><jabatan><jabatan>AGENDARIS SUBBAGMINGAKPLIN PNS BAG INDUK PNS ROPEG SETJEN KEMHAN</jabatan><tmt_jab>2014-12-31</tmt_jab><no_skep>KEP/1485/XII/2014</no_skep><tgl_skep>2014-12-18</tgl_skep></jabatan><jabatan><jabatan>PENGADMINISTRASI SUBBAG LAHDAFOR BAGINDUK PNS ROPEG SETJEN KEMHAN</jabatan><tmt_jab>2015-11-20</tmt_jab><no_skep>KEP/1146/XI/2015</no_skep><tgl_skep>2015-11-27</tgl_skep></jabatan></riwayat_jabatan><riwayat_pendidikan><pendidikan_umum><pendidikan><nama_dik>SEKOLAH DASAR</nama_dik><tahun_lulus>1990</tahun_lulus></pendidikan><pendidikan><nama_dik>SEKOLAH LANJUTAN TINGKAT PERTAMA (SLTP)</nama_dik><tahun_lulus>1993</tahun_lulus></pendidikan><pendidikan><nama_dik>SEKOLAH LANJUTAN TINGKAT ATAS (SLTA)</nama_dik><tahun_lulus>1996</tahun_lulus></pendidikan></pendidikan_umum><pendidikan_pembentukan><pendidikan><nama_dik>LATPRAJAB TK II</nama_dik><tahun_lulus>1999</tahun_lulus></pendidikan><pendidikan><nama_dik>SUS MINU TK. II</nama_dik><tahun_lulus>2002</tahun_lulus></pendidikan><pendidikan><nama_dik>ARSIPARIS TK. TERAMPIL</nama_dik><tahun_lulus>2011</tahun_lulus></pendidikan><pendidikan><nama_dik>DIK BELA NEGARA</nama_dik><tahun_lulus>2013</tahun_lulus></pendidikan><pendidikan><nama_dik>DIKLAT TEKNIS ALIH GOLONGAN</nama_dik><tahun_lulus>2015</tahun_lulus></pendidikan></pendidikan_pembentukan></riwayat_pendidikan><riwayat_penugasan></riwayat_penugasan><riwayat_tanda_jasa><tanda_jasa><nama_tanda_jasa>SATYALANCANA KARYA SATYA X TAHUN</nama_tanda_jasa></tanda_jasa></riwayat_tanda_jasa><riwayat_bahasa><bahasa><nama_bahasa>JAWA</nama_bahasa><keterangan>AKTIF</keterangan></bahasa></riwayat_bahasa><riwayat_keluarga><keluarga><nama_keluarga>SUDIRMAN</nama_keluarga><jenis_kelamin>LAKI-LAKI</jenis_kelamin><tgl_lahir>1968-10-05</tgl_lahir><hubungan>SUAMI</hubungan></keluarga><keluarga><nama_keluarga>ALIFA SHALIHA M.</nama_keluarga><jenis_kelamin>PEREMPUAN</jenis_kelamin><tgl_lahir>2003-08-16</tgl_lahir><hubungan>ANAK</hubungan></keluarga><keluarga><nama_keluarga>M. ATHARUL DHIYAULHAQQI</nama_keluarga><jenis_kelamin>LAKI-LAKI</jenis_kelamin><tgl_lahir>2007-09-02</tgl_lahir><hubungan>ANAK</hubungan></keluarga></riwayat_keluarga></personil_kemhan>
