<personil_kemhan><nopeg>195902041982031001</nopeg><nip>030161935</nip><nrp_nip>195902041982031001</nrp_nip><nama>NASIMAN</nama><tempat_lahir>Tangerang</tempat_lahir><tgl_lahir>1959-02-04</tgl_lahir><jenis_kelamin>LAKI-LAKI</jenis_kelamin><unit_organisasi>U.O. KEMHAN</unit_organisasi><jenis_personil>PNS</jenis_personil><pangkat>PENATA MUDA TK.I III/B</pangkat><pangkat_corps>PENATA MUDA TK.I III/B </pangkat_corps><tmt_pangkat>2009-04-01</tmt_pangkat><angkatan_korps>PNS</angkatan_korps><sumber_pa_gol_3>UJIAN DINAS</sumber_pa_gol_3><tmt_pa_gol_3>2005-03-01</tmt_pa_gol_3><kategori_pangkat>III/B</kategori_pangkat><jabatan>PENGOLAH BAHAN PERENCANA PAMINFO SUBBIDPAMINFO BIDINFOSAN</jabatan><satker>PUSDATIN KEMHAN</satker><kode_jabatan>ANGGOTA</kode_jabatan><tmt_jabatan>2014-12-31</tmt_jabatan><eselon_jabatan>99</eselon_jabatan><kategori>ORGANIK</kategori><tmt_tni>1983-06-01</tmt_tni><agama>ISLAM</agama><file_foto_1>foto/195902041982031001.jpg</file_foto_1><file_foto_2>foto/030161935.jpg</file_foto_2><riwayat_pangkat><pangkat><pangkat>CAPEG I/B</pangkat><tmt_pkt>1982-04-01</tmt_pkt><no_skep>SKEP/1137/VII/1982</no_skep><tgl_skep>1982-07-20</tgl_skep></pangkat><pangkat><pangkat>JURU MUDA TK. I  I/B</pangkat><tmt_pkt>1983-06-01</tmt_pkt><no_skep>SKEP/1535/V/1983</no_skep><tgl_skep>1983-05-17</tgl_skep></pangkat><pangkat><pangkat>JURU I/C</pangkat><tmt_pkt>1986-04-01</tmt_pkt><no_skep>SKEP/173/21/XI/1986</no_skep><tgl_skep>1986-11-22</tgl_skep></pangkat><pangkat><pangkat>PENGATUR MUDA II/A</pangkat><tmt_pkt>1989-04-01</tmt_pkt><no_skep>SKEP/077/22/IX/1989</no_skep><tgl_skep>1989-09-26</tgl_skep></pangkat><pangkat><pangkat>PENGATUR MUDA TK.I  II/B</pangkat><tmt_pkt>1993-04-01</tmt_pkt><no_skep>03-09/01473/KEP/IV/1993</no_skep><tgl_skep>1993-03-22</tgl_skep></pangkat><pangkat><pangkat>PENGATUR II/C</pangkat><tmt_pkt>1997-04-01</tmt_pkt><no_skep>03-09/00007/KEP/IV/1997</no_skep><tgl_skep>1997-03-04</tgl_skep></pangkat><pangkat><pangkat>PENGATUR TK.I II/D</pangkat><tmt_pkt>2001-04-01</tmt_pkt><no_skep>03.09.72/006/KEP/IV/2001</no_skep><tgl_skep>2001-04-09</tgl_skep></pangkat><pangkat><pangkat>PENATA MUDA III/A</pangkat><tmt_pkt>2005-04-01</tmt_pkt><no_skep>SKEP/160/III/2005</no_skep><tgl_skep>2005-04-14</tgl_skep></pangkat><pangkat><pangkat>PENATA MUDA TK.I III/B</pangkat><tmt_pkt>2009-04-01</tmt_pkt><no_skep>SKEP/34/III/2009</no_skep><tgl_skep>2009-03-11</tgl_skep></pangkat></riwayat_pangkat><riwayat_jabatan><jabatan><jabatan>JURTIK TAUD SOPS HANKAM</jabatan><tmt_jab>1977-10-01</tmt_jab><no_skep>SPRIN/87/V/78/OPS</no_skep><tgl_skep>1978-05-26</tgl_skep></jabatan><jabatan><jabatan>PEMB. AGENDARIS STAF WAAS OPS HANKAM</jabatan><tmt_jab>1982-05-01</tmt_jab><no_skep>SPRIN/114/VI/82/OPS</no_skep><tgl_skep>1982-06-21</tgl_skep></jabatan><jabatan><jabatan>AGENDARIS WAASOPS HANKAM</jabatan><tmt_jab>1983-06-01</tmt_jab><no_skep>SKET/177/VI/188/OPS</no_skep><tgl_skep>1988-11-12</tgl_skep></jabatan><jabatan><jabatan>SPRI GUBERNUR SULAWESI UTARA</jabatan><tmt_jab>1995-11-07</tmt_jab><no_skep>SPRIN/3512/XI/1995</no_skep><tgl_skep>2000-11-27</tgl_skep></jabatan><jabatan><jabatan>TURMIN SUBBAGMIN SEKJEN BAGTU SEKJEN ROTU SETJEN</jabatan><tmt_jab>2001-04-01</tmt_jab><no_skep>SKEP/339/IV/2001</no_skep><tgl_skep>2001-04-26</tgl_skep></jabatan><jabatan><jabatan>ANGG. SUBBAGBANUM BAGMIN SEKJEN ROTU SETJEN</jabatan><tmt_jab>2006-03-01</tmt_jab><no_skep>SPRIN/52/IV/2006</no_skep><tgl_skep>2006-03-24</tgl_skep></jabatan><jabatan><jabatan>PENGOLAH BAHAN DUK WAMEN SUBBAG DUK WAMEN BAG TU DAN DUK WAMEN  ROTU SETJEN KEMHAN</jabatan><tmt_jab>2011-04-01</tmt_jab><no_skep>Kep/282/IV/2011</no_skep><tgl_skep>2011-04-19</tgl_skep></jabatan><jabatan><jabatan>PENGOLAH BAHAN PERENCANA PAMINFO SUBBIDPAMINFO BIDINFOSAN PUSDATIN KEMHAN</jabatan><tmt_jab>2014-12-31</tmt_jab><no_skep>KEP/1511/XII/2014</no_skep><tgl_skep>2014-12-18</tgl_skep></jabatan></riwayat_jabatan><riwayat_pendidikan><pendidikan_umum><pendidikan><nama_dik>SEKOLAH DASAR</nama_dik><tahun_lulus>1972</tahun_lulus></pendidikan><pendidikan><nama_dik>SEKOLAH LANJUTAN TINGKAT PERTAMA (SLTP)</nama_dik><tahun_lulus>1975</tahun_lulus></pendidikan><pendidikan><nama_dik>SEKOLAH LANJUTAN TINGKAT ATAS (SLTA)</nama_dik><tahun_lulus>1988</tahun_lulus></pendidikan></pendidikan_umum><pendidikan_pembentukan><pendidikan><nama_dik>LATPRAJAB TK I</nama_dik><tahun_lulus>1982</tahun_lulus></pendidikan><pendidikan><nama_dik>PENATARAN ADMINISTRASI KEPEGAWAIAN</nama_dik><tahun_lulus>2000</tahun_lulus></pendidikan><pendidikan><nama_dik>PENATARAN TATA NASKAH DAN TATA KEARSIPAN </nama_dik><tahun_lulus>2002</tahun_lulus></pendidikan></pendidikan_pembentukan></riwayat_pendidikan><riwayat_penugasan></riwayat_penugasan><riwayat_tanda_jasa><tanda_jasa><nama_tanda_jasa>SATYALANCANA KARYA SATYA XX TAHUN</nama_tanda_jasa><no_skep>KEPPRES RI NO.095/TK/TH</no_skep><tgl_skep>2006-11-23</tgl_skep></tanda_jasa></riwayat_tanda_jasa><riwayat_bahasa><bahasa><nama_bahasa>BETAWI</nama_bahasa><keterangan>AKTIF</keterangan></bahasa><bahasa><nama_bahasa>INGGRIS</nama_bahasa><keterangan>PASIF</keterangan></bahasa></riwayat_bahasa><riwayat_keluarga><keluarga><nama_keluarga>MARIYAM</nama_keluarga><jenis_kelamin>PEREMPUAN</jenis_kelamin><tgl_lahir>1965-11-10</tgl_lahir><hubungan>ISTRI</hubungan></keluarga><keluarga><nama_keluarga>AJA ARDIANSYAH</nama_keluarga><jenis_kelamin>LAKI-LAKI</jenis_kelamin><tgl_lahir>1977-10-01</tgl_lahir><hubungan>ANAK</hubungan></keluarga><keluarga><nama_keluarga>AVID FIRMANSYAH</nama_keluarga><jenis_kelamin>LAKI-LAKI</jenis_kelamin><tgl_lahir>1983-06-03</tgl_lahir><hubungan>ANAK</hubungan></keluarga><keluarga><nama_keluarga>ADE ANGGA. L</nama_keluarga><jenis_kelamin>LAKI-LAKI</jenis_kelamin><tgl_lahir>1988-11-04</tgl_lahir><hubungan>ANAK</hubungan></keluarga></riwayat_keluarga></personil_kemhan>
