<personil_kemhan><nopeg>21990199400880</nopeg><nip>21990199400880</nip><nrp_nip>21990199400880</nrp_nip><nama>FITRI MEGAWANI</nama><tempat_lahir>Medan</tempat_lahir><tgl_lahir>1980-08-14</tgl_lahir><jenis_kelamin>PEREMPUAN</jenis_kelamin><unit_organisasi>U.O. KEMHAN</unit_organisasi><jenis_personil>TNI</jenis_personil><pangkat>SERMA</pangkat><pangkat_corps>SERMA (K)</pangkat_corps><tmt_pangkat>2013-10-01</tmt_pangkat><angkatan_korps>TNI AD</angkatan_korps><kategori_pangkat>SERMA</kategori_pangkat><jabatan>PEMBANTU SPRI SEKJEN SUBBAG DUK SEKJEN BAG DUKMIN SEKJEN</jabatan><satker>ROTU SETJEN KEMHAN</satker><kode_jabatan>ANGGOTA</kode_jabatan><tmt_jabatan>2014-12-31</tmt_jabatan><eselon_jabatan>99</eselon_jabatan><kategori>ORGANIK</kategori><tmt_tni>1999-02-22</tmt_tni><tmt_kemhan>2002-10-01</tmt_kemhan><agama>ISLAM</agama><file_foto_1>foto/21990199400880.jpg</file_foto_1><file_foto_2>foto/21990199400880.jpg</file_foto_2><riwayat_pangkat><pangkat><pangkat>SERDA</pangkat><tmt_pkt>1999-02-22</tmt_pkt><no_skep>SKEP/430-21/II/1999</no_skep><tgl_skep>1999-02-08</tgl_skep></pangkat><pangkat><pangkat>SERTU</pangkat><tmt_pkt>2003-04-01</tmt_pkt><no_skep>SKEP/561-21/III/2003</no_skep><tgl_skep>2003-03-20</tgl_skep></pangkat><pangkat><pangkat>SERKA</pangkat><tmt_pkt>2008-10-01</tmt_pkt><no_skep>KEP/973-33/IX/2008</no_skep><tgl_skep>2008-09-11</tgl_skep></pangkat><pangkat><pangkat>SERMA</pangkat><tmt_pkt>2013-10-01</tmt_pkt><no_skep>KEP/269012-33/IX/2013</no_skep><tgl_skep>2013-09-03</tgl_skep></pangkat></riwayat_pangkat><riwayat_jabatan><jabatan><jabatan>BA DITKUMAD</jabatan><tmt_jab>1999-08-04</tmt_jab><no_skep>SKEP/782-21/VII/1999</no_skep><tgl_skep>1999-07-19</tgl_skep></jabatan><jabatan><jabatan>BAMIN BANPRI POKBANPRI DITKUMAD</jabatan><tmt_jab>2001-09-01</tmt_jab><no_skep>SKEP/30-22/IX/2001</no_skep><tgl_skep>2001-09-18</tgl_skep></jabatan><jabatan><jabatan>BA MABES TNI</jabatan><tmt_jab>2002-09-02</tmt_jab><no_skep>SKEP/3766-21/VIII/2002</no_skep><tgl_skep>2002-08-19</tgl_skep></jabatan><jabatan><jabatan>TURMIN SUBBAG RENMINRO BAGYANKUM ROKUM SETJEN DEPHAN</jabatan><tmt_jab>2002-10-01</tmt_jab><no_skep>SKEP/1691/IX/2002</no_skep><tgl_skep>2002-09-07</tgl_skep></jabatan><jabatan><jabatan>TURMIN KAROKUM SUBBAG RENMINRO ROKUM SETJEN DEPHAN</jabatan><tmt_jab>2003-10-13</tmt_jab><no_skep>SPRIN/058/X/2003</no_skep><tgl_skep>2003-10-01</tgl_skep></jabatan><jabatan><jabatan>TUR BAG KUMINT BIRO HUKUM SETJEN DEPHAN</jabatan><tmt_jab>2004-02-10</tmt_jab><no_skep>SPRIN/07/II/2004</no_skep><tgl_skep>2004-02-01</tgl_skep></jabatan><jabatan><jabatan>TURMIN SUBBAG RENMINRO BAG YANKUM ROKUM SETJEN DEPHAN</jabatan><tmt_jab>2005-05-23</tmt_jab><no_skep>SPRIN/027/V/2005</no_skep><tgl_skep>2005-05-01</tgl_skep></jabatan><jabatan><jabatan>Anggota Subbag Minro Bag Yankum Rohukum Setjen Dephan</jabatan><tmt_jab>2008-01-02</tmt_jab><no_skep>SKEP/23/I/2008</no_skep><tgl_skep>2008-01-18</tgl_skep></jabatan><jabatan><jabatan>SEKRETARIS PRIBADI KAROKUM</jabatan><tmt_jab>2010-05-24</tmt_jab><no_skep>KEP/348/V/2010</no_skep><tgl_skep>2010-05-26</tgl_skep></jabatan><jabatan><jabatan>PEMBANTU SPRI WAMEN SUBBAGDUK WAMEN BAG TU &amp; DUK WAMEN ROTU SETJEN KEMHAN</jabatan><tmt_jab>2011-04-01</tmt_jab><no_skep>KEP/282/IV/2011</no_skep><tgl_skep>2011-04-19</tgl_skep></jabatan><jabatan><jabatan>PEMBANTU SPRI SEKJEN SUBBAG DUK SEKJEN BAG DUKMIN SEKJEN ROTU SETJEN KEMHAN</jabatan><tmt_jab>2014-12-31</tmt_jab><no_skep>KEP/1485/XII/2014</no_skep><tgl_skep>2014-12-18</tgl_skep></jabatan><jabatan><jabatan>OPERATOR KOMPUTER SUBBAGDUKMIN SEKJEN BAG DUKMIN SEKJEN ROTU SETJEN KEMHAN</jabatan><tmt_jab>2015-05-08</tmt_jab><no_skep>KEP/449/V/2015</no_skep><tgl_skep>2015-05-08</tgl_skep></jabatan></riwayat_jabatan><riwayat_pendidikan><pendidikan_umum><pendidikan><nama_dik>SEKOLAH DASAR</nama_dik><tahun_lulus>1992</tahun_lulus></pendidikan><pendidikan><nama_dik>SEKOLAH LANJUTAN TINGKAT PERTAMA (SLTP)</nama_dik><tahun_lulus>1995</tahun_lulus></pendidikan><pendidikan><nama_dik>SEKOLAH LANJUTAN TINGKAT ATAS (SLTA)</nama_dik><tahun_lulus>1998</tahun_lulus></pendidikan><pendidikan><nama_dik>SARJANA (S1)</nama_dik><tahun_lulus>2014</tahun_lulus></pendidikan></pendidikan_umum><pendidikan_pembentukan><pendidikan><nama_dik>SECABA PK WANITA TNI AD</nama_dik><tahun_lulus>1999</tahun_lulus></pendidikan><pendidikan><nama_dik>SECABA PK THP II CAB KUM</nama_dik><tahun_lulus>1999</tahun_lulus></pendidikan><pendidikan><nama_dik>SUSJURBA ETIKA/PROTOKOL</nama_dik><tahun_lulus>2001</tahun_lulus></pendidikan><pendidikan><nama_dik>TAR TAKAH DAN KEARSIPAN</nama_dik><tahun_lulus>2002</tahun_lulus></pendidikan><pendidikan><nama_dik>SUS OPERATOR KOMPUTER</nama_dik><tahun_lulus>2003</tahun_lulus></pendidikan></pendidikan_pembentukan></riwayat_pendidikan><riwayat_penugasan></riwayat_penugasan><riwayat_tanda_jasa></riwayat_tanda_jasa><riwayat_bahasa><bahasa><nama_bahasa>INGGRIS</nama_bahasa><keterangan>PASIF</keterangan></bahasa><bahasa><nama_bahasa>INDONESIA</nama_bahasa><keterangan>AKTIF</keterangan></bahasa></riwayat_bahasa><riwayat_keluarga></riwayat_keluarga></personil_kemhan>
