<personil_kemhan><nopeg>030181739</nopeg><nip>030181739</nip><nrp_nip>030181739</nrp_nip><nama>WAHYONO</nama><tempat_lahir>Yogyakarta,</tempat_lahir><tgl_lahir>1959-11-19</tgl_lahir><jenis_kelamin>LAKI-LAKI</jenis_kelamin><unit_organisasi>U.O. KEMHAN</unit_organisasi><jenis_personil>PNS</jenis_personil><pangkat>PENGATUR MUDA II/A</pangkat><pangkat_corps>PENGATUR MUDA II/A </pangkat_corps><tmt_pangkat>2002-04-01</tmt_pangkat><angkatan_korps>PNS</angkatan_korps><kategori_pangkat>II/A</kategori_pangkat><jabatan>Anggota Subbag Pampersmat Bagpam</jabatan><satker>ROUM SETJEN KEMHAN</satker><kode_jabatan>ANGGOTA</kode_jabatan><tmt_jabatan>2006-08-01</tmt_jabatan><eselon_jabatan>99</eselon_jabatan><kategori>ORGANIK</kategori><agama>ISLAM</agama><file_foto_1>foto/030181739.jpg</file_foto_1><file_foto_2>foto/030181739.jpg</file_foto_2><riwayat_pangkat><pangkat><pangkat>JURU MUDA I/A</pangkat></pangkat><pangkat><pangkat>JURU MUDA TK. I  I/B</pangkat></pangkat><pangkat><pangkat>JURU I/C</pangkat></pangkat><pangkat><pangkat>JURU TK.I  I/D</pangkat></pangkat><pangkat><pangkat>PENGATUR MUDA II/A</pangkat></pangkat></riwayat_pangkat><riwayat_jabatan><jabatan><jabatan>TURMIN RUMGA SUBBAGRENMINRO ROUM</jabatan><tmt_jab>1998-09-01</tmt_jab><no_skep>SKEP/1122/IX/1998</no_skep><tgl_skep>1998-09-14</tgl_skep></jabatan><jabatan><jabatan>JURU YAN SUBBAGRENMINRO BAGPAM</jabatan><tmt_jab>2002-01-01</tmt_jab><tgl_skep>1899-12-30</tgl_skep></jabatan><jabatan><jabatan>Anggota Subbag Pampersmat Bagpam Roum Setjen Dephan</jabatan><tmt_jab>2006-08-01</tmt_jab><tgl_skep>2006-08-01</tgl_skep></jabatan></riwayat_jabatan><riwayat_pendidikan><pendidikan_umum><pendidikan><nama_dik>SEKOLAH LANJUTAN TINGKAT PERTAMA (SLTP)</nama_dik><tahun_lulus>0</tahun_lulus></pendidikan><pendidikan><nama_dik>SEKOLAH DASAR</nama_dik><tahun_lulus>1972</tahun_lulus></pendidikan></pendidikan_umum><pendidikan_pembentukan></pendidikan_pembentukan></riwayat_pendidikan><riwayat_penugasan></riwayat_penugasan><riwayat_tanda_jasa></riwayat_tanda_jasa><riwayat_bahasa><bahasa><nama_bahasa>JAWA</nama_bahasa><keterangan>AKTIF</keterangan></bahasa></riwayat_bahasa><riwayat_keluarga><keluarga><nama_keluarga>SUPARSIH</nama_keluarga><jenis_kelamin>PEREMPUAN</jenis_kelamin></keluarga><keluarga><nama_keluarga>SIDIQ WAHYU NUGROHO</nama_keluarga><jenis_kelamin>LAKI-LAKI</jenis_kelamin></keluarga></riwayat_keluarga></personil_kemhan>
