<personil_kemhan><nopeg>31798</nopeg><nip>31798</nip><nrp_nip>31798</nrp_nip><nama>KUSWANTO</nama><gelar>S.H. M.Si.</gelar><tempat_lahir>Purworejo</tempat_lahir><tgl_lahir>1964-12-02</tgl_lahir><jenis_kelamin>LAKI-LAKI</jenis_kelamin><unit_organisasi>U.O. KEMHAN</unit_organisasi><jenis_personil>TNI</jenis_personil><pangkat>KOLONEL</pangkat><pangkat_corps>KOLONEL CKU</pangkat_corps><tmt_pangkat>2013-04-01</tmt_pangkat><angkatan_korps>TNI AD</angkatan_korps><sumber_pa_gol_3>AKABRI</sumber_pa_gol_3><tmt_pa_gol_3>1988-07-26</tmt_pa_gol_3><kategori_pangkat>KOLONEL</kategori_pangkat><jabatan>ANGGOTA</jabatan><satker>UNHAN KEMHAN</satker><kode_jabatan>ANGGOTA</kode_jabatan><tmt_jabatan>2016-01-01</tmt_jabatan><eselon_jabatan>99</eselon_jabatan><kategori>ORGANIK</kategori><tmt_tni>1988-07-26</tmt_tni><tmt_kemhan>2006-06-07</tmt_kemhan><agama>ISLAM</agama><file_foto_1>foto/31798.jpg</file_foto_1><file_foto_2>foto/31798.jpg</file_foto_2><riwayat_pangkat><pangkat><pangkat>LETDA</pangkat><tmt_pkt>1988-07-26</tmt_pkt><no_skep>KEPPRES/46/ABRI/1988</no_skep><tgl_skep>1988-07-23</tgl_skep></pangkat><pangkat><pangkat>LETTU</pangkat><tmt_pkt>1994-10-01</tmt_pkt><no_skep>SKEP/363/IX/1994</no_skep><tgl_skep>1994-09-23</tgl_skep></pangkat><pangkat><pangkat>KAPTEN</pangkat><tmt_pkt>1996-10-01</tmt_pkt><no_skep>SKEP/322/IX/1996</no_skep><tgl_skep>1996-09-17</tgl_skep></pangkat><pangkat><pangkat>MAYOR</pangkat><tmt_pkt>2001-04-01</tmt_pkt><no_skep>SKEP/62/III/2001</no_skep><tgl_skep>2001-03-27</tgl_skep></pangkat><pangkat><pangkat>LETKOL</pangkat><tmt_pkt>2004-10-01</tmt_pkt><no_skep>SKEP/305/IX/2004</no_skep><tgl_skep>2004-09-16</tgl_skep></pangkat><pangkat><pangkat>KOLONEL</pangkat><tmt_pkt>2013-04-01</tmt_pkt><no_skep>KEPPRES NOMOR 11/TNI/TAHUN 2013</no_skep><tgl_skep>2013-03-21</tgl_skep></pangkat></riwayat_pangkat><riwayat_jabatan><jabatan><jabatan>PAMA KUDAM /SLW</jabatan><tmt_jab>1988-08-01</tmt_jab><no_skep>SKEP/332/VIII/1988</no_skep><tgl_skep>1899-12-30</tgl_skep></jabatan><jabatan><jabatan>PAURSIL PEKAS GAB-26</jabatan><tmt_jab>1988-10-01</tmt_jab><no_skep>SKEP/278/03/XII/1988</no_skep><tgl_skep>1899-12-30</tgl_skep></jabatan><jabatan><jabatan>PAURBUK PEKAS GAB-26</jabatan><tmt_jab>1989-11-01</tmt_jab><no_skep>SKEP/492-03/XII/1989</no_skep><tgl_skep>1899-12-30</tgl_skep></jabatan><jabatan><jabatan>PAPEKAS GAB - 29</jabatan><tmt_jab>1990-09-01</tmt_jab><no_skep>SKEP/299-03/IX/1990</no_skep><tgl_skep>1899-12-30</tgl_skep></jabatan><jabatan><jabatan>PAUR PERS TUUD</jabatan><tmt_jab>1992-03-01</tmt_jab><no_skep>SKEP/172-03/IV/1992</no_skep><tgl_skep>1899-12-30</tgl_skep></jabatan><jabatan><jabatan>PAUR DALOPS SIDALKU</jabatan><tmt_jab>1994-08-01</tmt_jab><no_skep>SPRIN/133/VIII/1994</no_skep><tgl_skep>1899-12-30</tgl_skep></jabatan><jabatan><jabatan>PAMASIS STHM DITKUM</jabatan><tmt_jab>1994-10-22</tmt_jab><no_skep>SPRIN/1770/X/1994</no_skep><tgl_skep>1899-12-30</tgl_skep></jabatan><jabatan><jabatan>PAMA KUDAM III/SLW</jabatan><tmt_jab>1999-03-23</tmt_jab><no_skep>SPRIN/95/III/1999</no_skep><tgl_skep>1899-12-30</tgl_skep></jabatan><jabatan><jabatan>KASI DALKU KUDAM III/SLW</jabatan><tmt_jab>1999-05-01</tmt_jab><no_skep>SPRIN/95/V/1999</no_skep><tgl_skep>1899-12-30</tgl_skep></jabatan><jabatan><jabatan>PSB TK.I/REN SUBBAG RENMINRO ROHUMAS KERMALUGRI</jabatan><tmt_jab>2000-06-07</tmt_jab><no_skep>SKEP/381/VI/2000</no_skep><tgl_skep>2000-06-07</tgl_skep></jabatan><jabatan><jabatan>PS KASUBBAG PROT BAGMINPROT ROHUMAS SETJEN DEPHAN</jabatan><tmt_jab>2001-04-01</tmt_jab><no_skep>SKEP/301/IV/2001</no_skep><tgl_skep>2001-04-03</tgl_skep></jabatan><jabatan><jabatan>KASUBBAG RENMINRO ROHUMAS</jabatan><tmt_jab>2001-08-03</tmt_jab><no_skep>SKEP/500/VIII/2001</no_skep><tgl_skep>2001-08-03</tgl_skep></jabatan><jabatan><jabatan>KASUBBAG SUN BAG ANEV SET ITJEN DEPHAN</jabatan><tmt_jab>2007-02-01</tmt_jab><no_skep>SKEP/84/II/2007</no_skep><tgl_skep>2007-02-13</tgl_skep></jabatan><jabatan><jabatan>Auditor Ahli Madya Gol. V Itku Itjen Dephan</jabatan><tmt_jab>2009-03-30</tmt_jab><no_skep>KEP MENHAN NO: KEP/48/III/2009</no_skep><tgl_skep>2009-03-30</tgl_skep></jabatan><jabatan><jabatan>Kasubbid Bendahara/Pekas Bid Kudep Pusku Dephan</jabatan><tmt_jab>2010-03-30</tmt_jab><no_skep>KEP MENHAN NO : KEP/193/III/2010</no_skep><tgl_skep>2010-03-30</tgl_skep></jabatan><jabatan><jabatan>KASUBBID PERBENDAHARAAN BID KUKEM PUSKU KEMHAN</jabatan><tmt_jab>2010-09-28</tmt_jab><no_skep>KEP/685/IX/2010</no_skep><tgl_skep>2010-09-28</tgl_skep></jabatan><jabatan><jabatan>ANALIS MADYA BIDDALKU PUSKU KEMHAN PUSKU KEMHAN</jabatan><tmt_jab>2012-09-03</tmt_jab><no_skep>KEP/711/IX/2012</no_skep><tgl_skep>2012-09-05</tgl_skep></jabatan><jabatan><jabatan>ANALIS MADYA BIDDALKU PUSKU KEMHAN PUSKU KEMHAN</jabatan><tmt_jab>2014-12-31</tmt_jab><no_skep>KEP/1509/XII/2014</no_skep><tgl_skep>2014-12-18</tgl_skep></jabatan><jabatan><jabatan>ANGGOTA UNHAN KEMHAN</jabatan><tmt_jab>2016-01-01</tmt_jab><tgl_skep>2016-01-01</tgl_skep></jabatan><jabatan><jabatan> PUSKU KEMHAN</jabatan></jabatan></riwayat_jabatan><riwayat_pendidikan><pendidikan_umum><pendidikan><nama_dik>SEKOLAH DASAR</nama_dik><tahun_lulus>1977</tahun_lulus></pendidikan><pendidikan><nama_dik>SEKOLAH LANJUTAN TINGKAT PERTAMA (SLTP)</nama_dik><tahun_lulus>1981</tahun_lulus></pendidikan><pendidikan><nama_dik>SEKOLAH LANJUTAN TINGKAT ATAS (SLTA)</nama_dik><tahun_lulus>1984</tahun_lulus></pendidikan><pendidikan><nama_dik>SARJANA (S1)</nama_dik><tahun_lulus>1998</tahun_lulus></pendidikan><pendidikan><nama_dik>PASCA SARJANA (S2)</nama_dik><tahun_lulus>2011</tahun_lulus></pendidikan></pendidikan_umum><pendidikan_pembentukan><pendidikan><nama_dik>SUS SARCAB</nama_dik><tahun_lulus>1988</tahun_lulus></pendidikan><pendidikan><nama_dik>AKABRI</nama_dik><tahun_lulus>1988</tahun_lulus></pendidikan><pendidikan><nama_dik>TAR LITSUS</nama_dik><tahun_lulus>1992</tahun_lulus></pendidikan><pendidikan><nama_dik>BINTAL KOMANDO</nama_dik><tahun_lulus>1993</tahun_lulus></pendidikan><pendidikan><nama_dik>TAR BINLATSAT</nama_dik><tahun_lulus>1996</tahun_lulus></pendidikan><pendidikan><nama_dik>TAR P-4 25 JAM</nama_dik><tahun_lulus>1996</tahun_lulus></pendidikan><pendidikan><nama_dik>SUS DAS JEMEN</nama_dik><tahun_lulus>1999</tahun_lulus></pendidikan><pendidikan><nama_dik>SUS LAPA KU</nama_dik><tahun_lulus>2000</tahun_lulus></pendidikan><pendidikan><nama_dik>SUS HUMAS &amp; JURNALISTIK</nama_dik><tahun_lulus>2002</tahun_lulus></pendidikan><pendidikan><nama_dik>SUS PA MANAJEMEN</nama_dik><tahun_lulus>2002</tahun_lulus></pendidikan><pendidikan><nama_dik>SUS KNIBI</nama_dik><tahun_lulus>2003</tahun_lulus></pendidikan><pendidikan><nama_dik>SUSKATJEMEN EKSEKUTIF INFORMATION AND TECHNOLOGY WARFARE</nama_dik><tahun_lulus>2005</tahun_lulus></pendidikan><pendidikan><nama_dik>SUS PA BENWAN HANKAM</nama_dik><tahun_lulus>2005</tahun_lulus></pendidikan><pendidikan><nama_dik>SUSKATJEMEN EKSEKUTIF NATIONAL SECURITY CONSEPT </nama_dik><tahun_lulus>2005</tahun_lulus></pendidikan><pendidikan><nama_dik>SUS WASRIK</nama_dik><tahun_lulus>2007</tahun_lulus></pendidikan><pendidikan><nama_dik>WORKSHOP ESL. IV GEL. IV TGL. 1 s.d. 2 OKT 2007</nama_dik><tahun_lulus>2007</tahun_lulus></pendidikan><pendidikan><nama_dik>Barang dan Jasa Tingkat Ahli</nama_dik><tahun_lulus>2013</tahun_lulus></pendidikan></pendidikan_pembentukan></riwayat_pendidikan><riwayat_penugasan></riwayat_penugasan><riwayat_tanda_jasa><tanda_jasa><nama_tanda_jasa>SATYALANCANA KESETIAAN VIII TAHUN</nama_tanda_jasa><no_skep>SKEP/146/IV/1997</no_skep><tgl_skep>1997-04-01</tgl_skep></tanda_jasa><tanda_jasa><nama_tanda_jasa>SATYALANCANA KESETIAAN XVI TAHUN</nama_tanda_jasa><no_skep>SKEP/124/VI/2005</no_skep><tgl_skep>2005-06-03</tgl_skep></tanda_jasa><tanda_jasa><nama_tanda_jasa>SATYALANCANA KESETIAAN XXIV TAHUN</nama_tanda_jasa><no_skep>KEPPRES/49/TK/2013</no_skep><tgl_skep>2013-07-10</tgl_skep></tanda_jasa><tanda_jasa><nama_tanda_jasa>BINTANG KARTIKA EKA PAKSI NARARYA</nama_tanda_jasa><no_skep>KEPPRES/14/TK/2014</no_skep><tgl_skep>2014-04-21</tgl_skep></tanda_jasa></riwayat_tanda_jasa><riwayat_bahasa><bahasa><nama_bahasa>JAWA</nama_bahasa><keterangan>AKTIF</keterangan></bahasa><bahasa><nama_bahasa>SUNDA</nama_bahasa><keterangan>PASIF</keterangan></bahasa><bahasa><nama_bahasa>INGGRIS</nama_bahasa><keterangan>PASIF</keterangan></bahasa><bahasa><nama_bahasa>INDONESIA</nama_bahasa><keterangan>AKTIF</keterangan></bahasa></riwayat_bahasa><riwayat_keluarga><keluarga><nama_keluarga>NUNUNG ENDAH W. S.Sos</nama_keluarga><jenis_kelamin>PEREMPUAN</jenis_kelamin><tgl_lahir>1972-04-04</tgl_lahir><hubungan>ISTRI</hubungan></keluarga><keluarga><nama_keluarga>INTAN PERMATA SARI</nama_keluarga><jenis_kelamin>LAKI-LAKI</jenis_kelamin><tgl_lahir>2003-01-23</tgl_lahir><hubungan>ANAK</hubungan></keluarga><keluarga><nama_keluarga>MEGA PUSPITASARI</nama_keluarga><jenis_kelamin>PEREMPUAN</jenis_kelamin><tgl_lahir>2004-01-29</tgl_lahir><hubungan>ANAK</hubungan></keluarga><keluarga><nama_keluarga>ARJUNA SATRIO WIBOWO</nama_keluarga><jenis_kelamin>LAKI-LAKI</jenis_kelamin><tgl_lahir>2007-01-24</tgl_lahir><hubungan>ANAK</hubungan></keluarga><keluarga><nama_keluarga>KARTIKA DEWI KENCANA</nama_keluarga><jenis_kelamin>PEREMPUAN</jenis_kelamin><tgl_lahir>2011-01-06</tgl_lahir><hubungan>ANAK</hubungan></keluarga></riwayat_keluarga></personil_kemhan>
