<personil_kemhan><nopeg>196112121983032001</nopeg><nip>030170356</nip><nrp_nip>196112121983032001</nrp_nip><nama>SRI SUYATI</nama><tempat_lahir>Cepu</tempat_lahir><tgl_lahir>1961-12-12</tgl_lahir><jenis_kelamin>PEREMPUAN</jenis_kelamin><unit_organisasi>U.O. KEMHAN</unit_organisasi><jenis_personil>PNS</jenis_personil><pangkat>PENATA MUDA TK.I III/B</pangkat><pangkat_corps>PENATA MUDA TK.I III/B </pangkat_corps><tmt_pangkat>2002-04-01</tmt_pangkat><angkatan_korps>PNS</angkatan_korps><sumber_pa_gol_3>UJIAN DINAS</sumber_pa_gol_3><tmt_pa_gol_3>1998-04-01</tmt_pa_gol_3><kategori_pangkat>III/B</kategori_pangkat><jabatan>PENGOLAH MINU SUBBAG TU BIRO BAG HATKUM</jabatan><satker>ROKUM SETJEN KEMHAN</satker><kode_jabatan>ANGGOTA</kode_jabatan><tmt_jabatan>2014-12-31</tmt_jabatan><eselon_jabatan>99</eselon_jabatan><kategori>ORGANIK</kategori><tmt_tni>1984-03-01</tmt_tni><tmt_kemhan>1983-03-01</tmt_kemhan><agama>ISLAM</agama><file_foto_1>foto/196112121983032001.jpg</file_foto_1><file_foto_2>foto/030170356.jpg</file_foto_2><riwayat_pangkat><pangkat><pangkat>HONORER</pangkat><tmt_pkt>1981-08-01</tmt_pkt><no_skep>KEP/KKM/05/X/1981</no_skep><tgl_skep>1981-10-10</tgl_skep></pangkat><pangkat><pangkat>CAPEG II/A</pangkat><tmt_pkt>1983-03-01</tmt_pkt><no_skep>SKEP/1024/III/1983</no_skep><tgl_skep>1983-03-19</tgl_skep></pangkat><pangkat><pangkat>PENGATUR MUDA II/A</pangkat><tmt_pkt>1984-03-01</tmt_pkt><no_skep>SKEP/36/17/11/1984</no_skep><tgl_skep>1984-02-23</tgl_skep></pangkat><pangkat><pangkat>PENGATUR MUDA TK.I  II/B</pangkat><tmt_pkt>1986-04-01</tmt_pkt><no_skep>SKEP/1227/VIII/1986</no_skep><tgl_skep>1986-08-08</tgl_skep></pangkat><pangkat><pangkat>PENGATUR II/C</pangkat><tmt_pkt>1990-04-01</tmt_pkt><no_skep>SKEP/938/V/1990</no_skep><tgl_skep>1990-05-28</tgl_skep></pangkat><pangkat><pangkat>PENGATUR TK.I II/D</pangkat><tmt_pkt>1994-04-01</tmt_pkt><no_skep>03-09/00787/KEP/IV/1994</no_skep><tgl_skep>1994-02-15</tgl_skep></pangkat><pangkat><pangkat>PENATA MUDA III/A</pangkat><tmt_pkt>1998-04-01</tmt_pkt><no_skep>SKEP/170/IV/1998</no_skep><tgl_skep>1998-04-09</tgl_skep></pangkat><pangkat><pangkat>PENATA MUDA TK.I III/B</pangkat><tmt_pkt>2002-04-01</tmt_pkt><no_skep>SKEP/626/VII/2002</no_skep><tgl_skep>2002-07-03</tgl_skep></pangkat></riwayat_pangkat><riwayat_jabatan><jabatan><jabatan>PSB SUBBAG TK III/SAH ABRI SUBBAG SAHLURJA BAG PERS ROUM</jabatan><tmt_jab>1995-07-01</tmt_jab><no_skep>SKEP/1063/VIII/1995</no_skep><tgl_skep>1995-08-16</tgl_skep></jabatan><jabatan><jabatan>PSB SUBBAG TK II/HIB KAM SUBBAG WATJAH BAG PERS ROUM SETJEN DEPHAN</jabatan><tmt_jab>1996-11-01</tmt_jab><no_skep>SKEP/1362/XII/1996</no_skep><tgl_skep>1996-12-09</tgl_skep></jabatan><jabatan><jabatan>PSB TKII/TASAMINKAM SUBBAGBINJAH BAGWATPEG ROPEG</jabatan><tmt_jab>2001-03-01</tmt_jab><no_skep>SKEP/282/III/2001</no_skep><tgl_skep>2001-03-28</tgl_skep></jabatan><jabatan><jabatan>ANALIS KEPEGAWAIAN PELAKSANA LANJUTAN ROPEG</jabatan><tmt_jab>2001-12-01</tmt_jab><no_skep>SKEP/1017/XII/2001</no_skep><tgl_skep>2001-12-24</tgl_skep></jabatan><jabatan><jabatan>Anggota Subbabinjah Bagwatpeg Ropeg Setjen Dephan</jabatan><tmt_jab>2005-03-01</tmt_jab><no_skep>SKEP/205/III/2005</no_skep><tgl_skep>2005-03-22</tgl_skep></jabatan><jabatan><jabatan>ANGGOTA SUBBAGJAH BAGWATPEG ROPEG SETJEN DEPHAN</jabatan><tmt_jab>2006-03-01</tmt_jab><no_skep>SKEP/201/III/2006</no_skep><tgl_skep>2006-03-27</tgl_skep></jabatan><jabatan><jabatan>PENGOLAH PERAWATAN SUBBAGJAH BAGWATPEG ROPEG SETJEN KEMHAN</jabatan><tmt_jab>2010-05-17</tmt_jab><no_skep>KEP/321/V/2010</no_skep><tgl_skep>2010-05-17</tgl_skep></jabatan><jabatan><jabatan>PENGOLAH BAHAN BADAN HUKUM SUBBAG BAKUM BAG YANKUM ROKUM SETJEN KEMHAN</jabatan><tmt_jab>2011-04-01</tmt_jab><no_skep>KEP/284/IV/2011</no_skep><tgl_skep>2011-04-19</tgl_skep></jabatan><jabatan><jabatan>PENGADMINISTRASI KEPEGAWAIAN SUBBAG TU BIRO BAGHATKUM ROKUM SETJEN KEMHAN</jabatan><tmt_jab>2011-06-16</tmt_jab><no_skep>SPRIN/78/VI/2011</no_skep><tgl_skep>2011-06-16</tgl_skep></jabatan><jabatan><jabatan>PENGOLAH BHN DIL TK.II DAN III SUBBAG DIL TK.II DAN III BAG BANKUM ROKUM SETJEN KEMHAN</jabatan><tmt_jab>2013-05-30</tmt_jab><no_skep>KEP/545/VI/2013</no_skep><tgl_skep>2013-06-07</tgl_skep></jabatan><jabatan><jabatan>PENGOLAH MINU SUBBAG TU BIRO BAG HATKUM ROKUM SETJEN KEMHAN</jabatan><tmt_jab>2014-12-31</tmt_jab><no_skep>KEP/1485/XII/2014</no_skep><tgl_skep>2014-12-18</tgl_skep></jabatan></riwayat_jabatan><riwayat_pendidikan><pendidikan_umum><pendidikan><nama_dik>SEKOLAH DASAR</nama_dik><tahun_lulus>1973</tahun_lulus></pendidikan><pendidikan><nama_dik>SEKOLAH MENENGAH PERTAMA (SMP)</nama_dik><tahun_lulus>1976</tahun_lulus></pendidikan><pendidikan><nama_dik>SMEA</nama_dik><tahun_lulus>1980</tahun_lulus></pendidikan></pendidikan_umum><pendidikan_pembentukan><pendidikan><nama_dik>SUS MENGETIK</nama_dik><tahun_lulus>1980</tahun_lulus></pendidikan><pendidikan><nama_dik>TAR P4 TERPADU</nama_dik><tahun_lulus>1980</tahun_lulus></pendidikan><pendidikan><nama_dik>LATPRAJAB TK II</nama_dik><tahun_lulus>1983</tahun_lulus></pendidikan><pendidikan><nama_dik>UJIAN DINAS TK II</nama_dik><tahun_lulus>1996</tahun_lulus></pendidikan><pendidikan><nama_dik>TAR PPBN</nama_dik><tahun_lulus>1996</tahun_lulus></pendidikan><pendidikan><nama_dik>ADUM</nama_dik><tahun_lulus>1999</tahun_lulus></pendidikan><pendidikan><nama_dik>DIKLATKER TATABOGA</nama_dik><tahun_lulus>2007</tahun_lulus></pendidikan></pendidikan_pembentukan></riwayat_pendidikan><riwayat_penugasan></riwayat_penugasan><riwayat_tanda_jasa><tanda_jasa><nama_tanda_jasa>SATYALANCANA KARYA SATYA X TAHUN</nama_tanda_jasa><no_skep>KEPPRES RI NOMOR 063/TK/TAHUN 2002</no_skep><tgl_skep>2002-09-23</tgl_skep></tanda_jasa><tanda_jasa><nama_tanda_jasa>SATYALANCANA KARYA SATYA XX TAHUN</nama_tanda_jasa><no_skep>KEPPRES RI NOMOR 028/TK/TAHUN 2006</no_skep><tgl_skep>2006-06-01</tgl_skep></tanda_jasa></riwayat_tanda_jasa><riwayat_bahasa><bahasa><nama_bahasa>JAWA</nama_bahasa><keterangan>AKTIF</keterangan></bahasa></riwayat_bahasa><riwayat_keluarga><keluarga><nama_keluarga>EDY MULYONO</nama_keluarga><jenis_kelamin>LAKI-LAKI</jenis_kelamin><tgl_lahir>1960-12-11</tgl_lahir><hubungan>SUAMI</hubungan></keluarga><keluarga><nama_keluarga>ERI MARSUDI</nama_keluarga><jenis_kelamin>LAKI-LAKI</jenis_kelamin><tgl_lahir>1984-05-19</tgl_lahir><hubungan>ANAK</hubungan></keluarga><keluarga><nama_keluarga>ELIA OKTARINA</nama_keluarga><jenis_kelamin>PEREMPUAN</jenis_kelamin><tgl_lahir>1985-10-02</tgl_lahir><hubungan>ANAK</hubungan></keluarga><keluarga><nama_keluarga>ERIO MARYONO</nama_keluarga><jenis_kelamin>LAKI-LAKI</jenis_kelamin><tgl_lahir>1992-03-09</tgl_lahir><hubungan>ANAK</hubungan></keluarga></riwayat_keluarga></personil_kemhan>
