<personil_kemhan><nopeg>196905061998032001</nopeg><nip>030241372</nip><nrp_nip>196905061998032001</nrp_nip><nama>TITI INDRIATI</nama><gelar>S.I.P., M.Si</gelar><tempat_lahir>Purwokerto</tempat_lahir><tgl_lahir>1969-05-06</tgl_lahir><jenis_kelamin>PEREMPUAN</jenis_kelamin><unit_organisasi>U.O. KEMHAN</unit_organisasi><jenis_personil>PNS</jenis_personil><pangkat>PENATA TK.I III/D</pangkat><pangkat_corps>PENATA TK.I III/D </pangkat_corps><tmt_pangkat>2012-04-01</tmt_pangkat><angkatan_korps>PNS</angkatan_korps><sumber_pa_gol_3>CAPEG SARJANA</sumber_pa_gol_3><tmt_pa_gol_3>1999-09-01</tmt_pa_gol_3><kategori_pangkat>III/D</kategori_pangkat><jabatan>KASUBBAG TU BIRO BAG ADABANGPEG</jabatan><satker>ROPEG SETJEN KEMHAN</satker><kode_jabatan>STRUKTURAL</kode_jabatan><tmt_jabatan>2014-12-31</tmt_jabatan><eselon_jabatan>IV</eselon_jabatan><kategori>ORGANIK</kategori><tmt_tni>1999-09-01</tmt_tni><tmt_kemhan>1998-03-01</tmt_kemhan><agama>ISLAM</agama><file_foto_1>foto/196905061998032001.jpg</file_foto_1><file_foto_2>foto/030241372.jpg</file_foto_2><riwayat_pangkat><pangkat><pangkat>CAPEG III/A</pangkat><tmt_pkt>1998-03-01</tmt_pkt><no_skep>SKEP/110/IX/1998</no_skep><tgl_skep>1998-09-09</tgl_skep></pangkat><pangkat><pangkat>PENATA MUDA III/A</pangkat><tmt_pkt>1999-09-01</tmt_pkt><no_skep>SKEP/961/VII/1999</no_skep><tgl_skep>1999-08-09</tgl_skep></pangkat><pangkat><pangkat>PENATA MUDA TK.I III/B</pangkat><tmt_pkt>2002-04-01</tmt_pkt><no_skep>SKEP/625/VII/2002</no_skep><tgl_skep>2002-04-03</tgl_skep></pangkat><pangkat><pangkat>PENATA III/C</pangkat><tmt_pkt>2008-04-01</tmt_pkt><no_skep>SKEP/148/III/2008</no_skep><tgl_skep>2008-03-10</tgl_skep></pangkat><pangkat><pangkat>PENATA TK.I III/D</pangkat><tmt_pkt>2012-04-01</tmt_pkt><no_skep>SPRIN/232/III/2012</no_skep><tgl_skep>2012-03-27</tgl_skep></pangkat></riwayat_pangkat><riwayat_jabatan><jabatan><jabatan>PELAKSANA TUGAS BENDAHARA</jabatan><tmt_jab>1899-12-30</tmt_jab><no_skep>SPRIN/478/V/1999</no_skep><tgl_skep>1999-05-12</tgl_skep></jabatan><jabatan><jabatan>ANGGGOTA PRIMKOP SETJEN DEPHAN</jabatan><tmt_jab>1999-09-01</tmt_jab><no_skep>SKEP/961/VIII/1999</no_skep><tgl_skep>1999-08-09</tgl_skep></jabatan><jabatan><jabatan>TUR PEMBUKUAN PRIMKOP SETJEN DEPHAN</jabatan><tmt_jab>2001-10-01</tmt_jab><no_skep>SKEP/851/X/2001</no_skep><tgl_skep>2001-10-02</tgl_skep></jabatan><jabatan><jabatan>AJUN ARSIPARIS MADYA</jabatan><tmt_jab>2001-12-01</tmt_jab><no_skep>SKEP/1056/XII/2001</no_skep><tgl_skep>2001-12-31</tgl_skep></jabatan><jabatan><jabatan>SEKRETARIS PRIMKOP SETJEN DEPHAN</jabatan><tmt_jab>2002-07-01</tmt_jab><no_skep>SKEP/146/VII/2002</no_skep><tgl_skep>2002-07-01</tgl_skep></jabatan><jabatan><jabatan>PELAKSANA TUGAS KA.PRIMKOP SETJEN DEPHAN</jabatan><tmt_jab>2003-05-20</tmt_jab><no_skep>SPRIN/125/V/2003</no_skep><tgl_skep>2003-05-20</tgl_skep></jabatan><jabatan><jabatan>ANGGOTA SUBBAGMINRO BAGADABANGPEG ROPEG SETJEN DEPHAN</jabatan><tmt_jab>2005-10-14</tmt_jab><no_skep>SPRIN/404/X/2005</no_skep><tgl_skep>2005-10-14</tgl_skep></jabatan><jabatan><jabatan>Anggota Subbag Minro Bag Adabangpeg Ropeg Setjen Dephan</jabatan><tmt_jab>2006-03-01</tmt_jab><no_skep>SKEP/201/III/2006</no_skep><tgl_skep>2006-03-01</tgl_skep></jabatan><jabatan><jabatan>PENGOLAH PROGJAGAR SUBBAGMINRO BAGADABANGPEG ROPEG SETJEN KEMHAN</jabatan><tmt_jab>2010-05-17</tmt_jab><no_skep>Kep Menhan Nomor : KEP/321/V/2010</no_skep><tgl_skep>2010-05-17</tgl_skep></jabatan><jabatan><jabatan>PENYUSUN BAHAN PROGLAP SUBBAG TU BIRO BAGADABANGPEG ROPEG SETJEN KEMHAN</jabatan><tmt_jab>2011-04-01</tmt_jab><no_skep>Kep/281/IV/2011</no_skep><tgl_skep>2011-04-19</tgl_skep></jabatan><jabatan><jabatan>KASUBBAG TU BIRO BAG ADABANGPEG ROPEG SETJEN KEMHAN</jabatan><tmt_jab>2011-11-14</tmt_jab><no_skep>KEP/874/XI/2011</no_skep><tgl_skep>2011-11-18</tgl_skep></jabatan><jabatan><jabatan>KASUBBAG TU BIRO BAG ADABANGPEG ROPEG SETJEN KEMHAN</jabatan><tmt_jab>2014-12-31</tmt_jab><no_skep>KEP/1483/XII/2014</no_skep><tgl_skep>2014-12-18</tgl_skep></jabatan><jabatan><jabatan>KASUBBAG TU BIRO BAG ADABANGPEG ROPEG SETJEN KEMHAN</jabatan><tmt_jab>2014-12-31</tmt_jab><no_skep>KEP/</no_skep><tgl_skep>2014-12-31</tgl_skep></jabatan></riwayat_jabatan><riwayat_pendidikan><pendidikan_umum><pendidikan><nama_dik>SEKOLAH DASAR</nama_dik><tahun_lulus>1982</tahun_lulus></pendidikan><pendidikan><nama_dik>SEKOLAH LANJUTAN TINGKAT PERTAMA (SLTP)</nama_dik><tahun_lulus>1985</tahun_lulus></pendidikan><pendidikan><nama_dik>SEKOLAH LANJUTAN TINGKAT ATAS (SLTA)</nama_dik><tahun_lulus>1988</tahun_lulus></pendidikan><pendidikan><nama_dik>SARJANA (S1)</nama_dik><tahun_lulus>1995</tahun_lulus></pendidikan><pendidikan><nama_dik>PASCA SARJANA (S2)</nama_dik><tahun_lulus>2012</tahun_lulus></pendidikan></pendidikan_umum><pendidikan_pembentukan><pendidikan><nama_dik>LATPRAJAB TK.III</nama_dik><tahun_lulus>1999</tahun_lulus></pendidikan><pendidikan><nama_dik>SUS PA MINU HKM</nama_dik><tahun_lulus>2001</tahun_lulus></pendidikan><pendidikan><nama_dik>SUS STATISTIK</nama_dik><tahun_lulus>2002</tahun_lulus></pendidikan><pendidikan><nama_dik>SUS KNIBI</nama_dik><tahun_lulus>2003</tahun_lulus></pendidikan><pendidikan><nama_dik>SUS KIBI</nama_dik><tahun_lulus>2004</tahun_lulus></pendidikan><pendidikan><nama_dik>ADUM</nama_dik><tahun_lulus>2004</tahun_lulus></pendidikan><pendidikan><nama_dik>SUS ARSIPARIS TK. II</nama_dik><tahun_lulus>2006</tahun_lulus></pendidikan><pendidikan><nama_dik>Assessment Center</nama_dik><tahun_lulus>2013</tahun_lulus></pendidikan><pendidikan><nama_dik>DIK LAT PIM TK III</nama_dik><tahun_lulus>2014</tahun_lulus></pendidikan></pendidikan_pembentukan></riwayat_pendidikan><riwayat_penugasan></riwayat_penugasan><riwayat_tanda_jasa><tanda_jasa><nama_tanda_jasa>SATYALANCANA KARYA SATYA X TAHUN</nama_tanda_jasa></tanda_jasa></riwayat_tanda_jasa><riwayat_bahasa><bahasa><nama_bahasa>JAWA</nama_bahasa><keterangan>AKTIF</keterangan></bahasa><bahasa><nama_bahasa>INGGRIS</nama_bahasa><keterangan>AKTIF</keterangan></bahasa><bahasa><nama_bahasa>INDONESIA</nama_bahasa><keterangan>AKTIF</keterangan></bahasa></riwayat_bahasa><riwayat_keluarga><keluarga><nama_keluarga>JOHANES KLAU, S.H</nama_keluarga><jenis_kelamin>LAKI-LAKI</jenis_kelamin><tgl_lahir>1954-05-27</tgl_lahir><hubungan>SUAMI</hubungan></keluarga><keluarga><nama_keluarga>DON BOSCO DARMA PUTRA</nama_keluarga><jenis_kelamin>LAKI-LAKI</jenis_kelamin><tgl_lahir>1990-01-27</tgl_lahir><hubungan>ANAK</hubungan></keluarga><keluarga><nama_keluarga>INGBERT IVONA KARTIKA</nama_keluarga><jenis_kelamin>PEREMPUAN</jenis_kelamin><tgl_lahir>1991-06-16</tgl_lahir><hubungan>ANAK</hubungan></keluarga></riwayat_keluarga></personil_kemhan>
