<personil_kemhan><nopeg>593095</nopeg><nip>593095</nip><nrp_nip>593095</nrp_nip><nama>IWAN HERMAWAN</nama><tempat_lahir>Bandung</tempat_lahir><tgl_lahir>1961-10-04</tgl_lahir><jenis_kelamin>LAKI-LAKI</jenis_kelamin><unit_organisasi>U.O. KEMHAN</unit_organisasi><jenis_personil>TNI</jenis_personil><pangkat>MAYOR</pangkat><pangkat_corps>MAYOR CBA</pangkat_corps><tmt_pangkat>2005-04-01</tmt_pangkat><angkatan_korps>TNI AD</angkatan_korps><sumber_pa_gol_3>SECAPA</sumber_pa_gol_3><tmt_pa_gol_3>1993-12-01</tmt_pa_gol_3><kategori_pangkat>MAYOR</kategori_pangkat><jabatan>ANALIS MUDA BID INVENTORI DITMAT</jabatan><satker>DITJEN KUATHAN KEMHAN</satker><kode_jabatan>ANGGOTA</kode_jabatan><tmt_jabatan>2015-07-13</tmt_jabatan><eselon_jabatan>99</eselon_jabatan><kategori>ORGANIK</kategori><tmt_tni>1981-12-01</tmt_tni><tmt_kemhan>2006-06-01</tmt_kemhan><agama>ISLAM</agama><file_foto_1>foto/593095.jpg</file_foto_1><file_foto_2>foto/593095.jpg</file_foto_2><riwayat_pangkat><pangkat><pangkat>SERDA</pangkat><tmt_pkt>1981-12-21</tmt_pkt><no_skep>SKEP/01-21/4/II/1982</no_skep><tgl_skep>1982-02-15</tgl_skep></pangkat><pangkat><pangkat>SERTU</pangkat><tmt_pkt>1985-10-01</tmt_pkt><no_skep>SKEP/IV-I/VII/4/XI/1985</no_skep><tgl_skep>1985-11-04</tgl_skep></pangkat><pangkat><pangkat>SERKA</pangkat><tmt_pkt>1990-04-01</tmt_pkt><no_skep>SKEP/150-07/IV/1990</no_skep><tgl_skep>1990-04-30</tgl_skep></pangkat><pangkat><tmt_pkt>1992-09-26</tmt_pkt><no_skep>SKEP/7025-21/XI/1992</no_skep><tgl_skep>1992-09-14</tgl_skep></pangkat><pangkat><pangkat>LETDA</pangkat><tmt_pkt>1993-12-01</tmt_pkt><no_skep>SKEP/467/XII/1993</no_skep><tgl_skep>1993-12-01</tgl_skep></pangkat><pangkat><pangkat>LETTU</pangkat><tmt_pkt>1997-04-01</tmt_pkt><no_skep>SKEP/123/III/1997</no_skep><tgl_skep>1997-04-01</tgl_skep></pangkat><pangkat><pangkat>KAPTEN</pangkat><tmt_pkt>2000-04-01</tmt_pkt><no_skep>SKEP/149/III/2000</no_skep><tgl_skep>2000-04-01</tgl_skep></pangkat><pangkat><pangkat>MAYOR</pangkat><tmt_pkt>2005-04-01</tmt_pkt><no_skep>SKEP/101/III/2005</no_skep><tgl_skep>2005-04-01</tgl_skep></pangkat></riwayat_pangkat><riwayat_jabatan><jabatan><jabatan>BAHARWAT</jabatan><tmt_jab>1982-09-01</tmt_jab><no_skep>SKEP/09/IX/1982</no_skep><tgl_skep>1982-09-01</tgl_skep></jabatan><jabatan><jabatan>DAN KMC TIM BANTIS DAM VII/WRB</jabatan><tmt_jab>1986-06-30</tmt_jab><no_skep>SKEP/178/VI/1986</no_skep><tgl_skep>1986-06-30</tgl_skep></jabatan><jabatan><jabatan>DAN LCM TIM BANUM DAM VII/WRB</jabatan><tmt_jab>1990-12-01</tmt_jab><no_skep>SKEP/313/XII/1990</no_skep><tgl_skep>1990-12-01</tgl_skep></jabatan><jabatan><jabatan>BATI MABES TNI</jabatan><tmt_jab>1992-09-26</tmt_jab><no_skep>SKEP/378/IX/1992</no_skep><tgl_skep>1992-09-26</tgl_skep></jabatan><jabatan><jabatan>DAN UNIT A SATANG MABES TNI</jabatan><tmt_jab>1992-10-01</tmt_jab><no_skep>SKEP/598/X/1992</no_skep><tgl_skep>1992-10-01</tgl_skep></jabatan><jabatan><jabatan>DAN UNIT B SATANG MABES TNI</jabatan><tmt_jab>1995-06-01</tmt_jab><no_skep>SKEP/422/VI/1995</no_skep><tgl_skep>1995-06-01</tgl_skep></jabatan><jabatan><jabatan>PAUR ANG SATANG MABES TNI</jabatan><tmt_jab>1998-06-01</tmt_jab><no_skep>SKEP/401/V/1998</no_skep><tgl_skep>1998-06-01</tgl_skep></jabatan><jabatan><jabatan>Tenaga Fungsional Gol. VI Roum Setjen Dephan</jabatan><tmt_jab>2006-07-04</tmt_jab><no_skep>SPRIN/944/VII/2006</no_skep><tgl_skep>2006-07-04</tgl_skep></jabatan><jabatan><jabatan>Tenaga Fungsional Gol. VI Roum Setjen Dephan</jabatan><tmt_jab>2006-07-04</tmt_jab><no_skep>SPRIN/944/VII/2006</no_skep><tgl_skep>2006-07-04</tgl_skep></jabatan><jabatan><jabatan>Ps. Kasubbag Yanum Urdal Bagrumga Roum Setjen Dephan</jabatan><tmt_jab>2010-07-26</tmt_jab><no_skep>KEP/574/VIII/2010</no_skep><tgl_skep>2010-08-06</tgl_skep></jabatan><jabatan><jabatan>PAMEN ROUM SETJEN KEMHAN</jabatan><tmt_jab>2010-09-28</tmt_jab><no_skep>KEP/681/IX/2010</no_skep><tgl_skep>2010-09-28</tgl_skep></jabatan><jabatan><jabatan>PENYUSUN BAHAN LUHKUM PRIVAT SUBBAG LUHKUM PRIVAT BAGLUHKUM ROKUM SETJEN KEMHAN</jabatan><tmt_jab>2011-04-01</tmt_jab><no_skep>KEP/284/IV/2011</no_skep><tgl_skep>2011-04-19</tgl_skep></jabatan><jabatan><jabatan>ANALIS MUDA BID STANDLAIKKOD SUBDIT STANDLAIKKOD DIT MAT DITJEN KUATHAN KEMHAN</jabatan><tmt_jab>2011-07-11</tmt_jab><no_skep>KEP/549/VII/2011</no_skep><tgl_skep>2011-07-22</tgl_skep></jabatan><jabatan><jabatan>ANALIS MUDA BID RENMAT DITMAT DITJEN KUATHAN KEMHAN</jabatan><tmt_jab>2014-12-31</tmt_jab><no_skep>KEP/1499/XII/2014</no_skep><tgl_skep>2014-12-18</tgl_skep></jabatan><jabatan><jabatan>ANALIS MUDA BID INVENTORI DITMAT DITJEN KUATHAN KEMHAN</jabatan><tmt_jab>2015-07-13</tmt_jab><no_skep>KEP/675/VII/2015</no_skep><tgl_skep>2015-07-27</tgl_skep></jabatan></riwayat_jabatan><riwayat_pendidikan><pendidikan_umum><pendidikan><nama_dik>SEKOLAH DASAR</nama_dik><tahun_lulus>1973</tahun_lulus></pendidikan><pendidikan><nama_dik>SEKOLAH LANJUTAN TINGKAT PERTAMA (SLTP)</nama_dik><tahun_lulus>1976</tahun_lulus></pendidikan><pendidikan><nama_dik>SEKOLAH LANJUTAN TINGKAT ATAS (SLTA)</nama_dik><tahun_lulus>1980</tahun_lulus></pendidikan></pendidikan_umum><pendidikan_pembentukan><pendidikan><nama_dik>SECABA</nama_dik><tahun_lulus>1982</tahun_lulus></pendidikan><pendidikan><nama_dik>SUSJURBA AIR MESIN KAPAL</nama_dik><tahun_lulus>1982</tahun_lulus></pendidikan><pendidikan><nama_dik>SUSJURBA AIR DEK</nama_dik><tahun_lulus>1985</tahun_lulus></pendidikan><pendidikan><nama_dik>SECAPA REG</nama_dik><tahun_lulus>1992</tahun_lulus></pendidikan><pendidikan><nama_dik>SUSJURPA ANGMOR</nama_dik><tahun_lulus>1995</tahun_lulus></pendidikan><pendidikan><nama_dik>SELAPA</nama_dik><tahun_lulus>2002</tahun_lulus></pendidikan><pendidikan><nama_dik>SUSJEMEN ADA BENMATHAN</nama_dik><tahun_lulus>2010</tahun_lulus></pendidikan><pendidikan><nama_dik>DIKLAT TEKNIS SUBSTANTIF SPESIALISASI PENATAUSAHAAN BARANG MILIK NEGARA TK.III</nama_dik><tahun_lulus>2014</tahun_lulus></pendidikan></pendidikan_pembentukan></riwayat_pendidikan><riwayat_penugasan></riwayat_penugasan><riwayat_tanda_jasa><tanda_jasa><nama_tanda_jasa>SATYALANCANA KESETIAAN VIII TAHUN</nama_tanda_jasa><no_skep>SKEP/447/VIII/1997</no_skep><tgl_skep>1997-08-07</tgl_skep></tanda_jasa><tanda_jasa><nama_tanda_jasa>SATYALANCANA KESETIAAN XVI TAHUN</nama_tanda_jasa><no_skep>SKEP/151/III/1999</no_skep><tgl_skep>1999-03-11</tgl_skep></tanda_jasa><tanda_jasa><nama_tanda_jasa>SATYALENCANA DHARMANUSA</nama_tanda_jasa><no_skep>KEPPRES NO.12/TK/2008</no_skep><tgl_skep>2008-01-01</tgl_skep></tanda_jasa></riwayat_tanda_jasa><riwayat_bahasa><bahasa><nama_bahasa>SUNDA</nama_bahasa><keterangan>AKTIF</keterangan></bahasa><bahasa><nama_bahasa>INGGRIS</nama_bahasa><keterangan>PASIF</keterangan></bahasa><bahasa><nama_bahasa>AMBON</nama_bahasa><keterangan>PASIF</keterangan></bahasa><bahasa><nama_bahasa>MAKASAR</nama_bahasa><keterangan>PASIF</keterangan></bahasa></riwayat_bahasa><riwayat_keluarga><keluarga><nama_keluarga>KASTUTI</nama_keluarga><jenis_kelamin>PEREMPUAN</jenis_kelamin><tgl_lahir>1969-04-06</tgl_lahir><hubungan>ISTRI</hubungan></keluarga><keluarga><nama_keluarga>SINGGIH DARMAWAN</nama_keluarga><jenis_kelamin>LAKI-LAKI</jenis_kelamin><tgl_lahir>1989-05-21</tgl_lahir><hubungan>ANAK</hubungan></keluarga><keluarga><nama_keluarga>PRASAJA SUMANTRI</nama_keluarga><jenis_kelamin>LAKI-LAKI</jenis_kelamin><tgl_lahir>1992-09-13</tgl_lahir><hubungan>ANAK</hubungan></keluarga><keluarga><nama_keluarga>ARMY WICAKSANA</nama_keluarga><jenis_kelamin>LAKI-LAKI</jenis_kelamin><tgl_lahir>1996-02-25</tgl_lahir><hubungan>ANAK</hubungan></keluarga><keluarga><nama_keluarga>FADHIL YORA PARAMA ARTA</nama_keluarga><jenis_kelamin>LAKI-LAKI</jenis_kelamin><tgl_lahir>2006-09-23</tgl_lahir><hubungan>ANAK</hubungan></keluarga></riwayat_keluarga></personil_kemhan>
