<personil_kemhan><nopeg>196405141989031001</nopeg><nip>030199627</nip><nrp_nip>196405141989031001</nrp_nip><nama>PALGUNENDRO</nama><tempat_lahir>Jakarta</tempat_lahir><tgl_lahir>1964-05-14</tgl_lahir><jenis_kelamin>LAKI-LAKI</jenis_kelamin><unit_organisasi>U.O. KEMHAN</unit_organisasi><jenis_personil>PNS</jenis_personil><pangkat>PENATA MUDA TK.I III/B</pangkat><pangkat_corps>PENATA MUDA TK.I III/B </pangkat_corps><tmt_pangkat>2015-04-01</tmt_pangkat><angkatan_korps>PNS</angkatan_korps><sumber_pa_gol_3>UJIAN DINAS</sumber_pa_gol_3><tmt_pa_gol_3>2011-04-01</tmt_pa_gol_3><kategori_pangkat>III/B</kategori_pangkat><jabatan>PENGADMINISTRASI BAHAN RENLAKLUHKUM SUBBAGRENLAKLUHKUM BAGLUHKUM</jabatan><satker>ROKUM SETJEN KEMHAN</satker><kode_jabatan>ANGGOTA</kode_jabatan><tmt_jabatan>2014-12-31</tmt_jabatan><eselon_jabatan>99</eselon_jabatan><kategori>ORGANIK</kategori><tmt_tni>1990-05-01</tmt_tni><tmt_kemhan>1989-03-01</tmt_kemhan><agama>ISLAM</agama><file_foto_1>foto/196405141989031001.jpg</file_foto_1><file_foto_2>foto/030199627.jpg</file_foto_2><riwayat_pangkat><pangkat><pangkat>CAPEG II/A</pangkat><tmt_pkt>1989-03-01</tmt_pkt><no_skep>SKEP/610/III/1989</no_skep><tgl_skep>1989-03-21</tgl_skep></pangkat><pangkat><pangkat>PENGATUR MUDA II/A</pangkat><tmt_pkt>1990-05-01</tmt_pkt><no_skep>SKEP/439/IV/1990</no_skep><tgl_skep>1990-04-06</tgl_skep></pangkat><pangkat><pangkat>PENGATUR MUDA TK.I  II/B</pangkat><tmt_pkt>1993-04-01</tmt_pkt><no_skep>03-09/01309/KEP/IV/1993</no_skep><tgl_skep>1993-03-17</tgl_skep></pangkat><pangkat><pangkat>PENGATUR II/C</pangkat><tmt_pkt>1997-04-01</tmt_pkt><no_skep>03-09/00003/KEP/IV/1997</no_skep><tgl_skep>1997-04-04</tgl_skep></pangkat><pangkat><pangkat>PENGATUR TK.I II/D</pangkat><tmt_pkt>2002-10-01</tmt_pkt><no_skep>SKEP/27/I/2003</no_skep><tgl_skep>2003-01-09</tgl_skep></pangkat><pangkat><pangkat>PENATA MUDA III/A</pangkat><tmt_pkt>2011-04-01</tmt_pkt><no_skep>KEP/188/III/2011</no_skep><tgl_skep>2011-03-22</tgl_skep></pangkat><pangkat><pangkat>PENATA MUDA TK.I III/B</pangkat><tmt_pkt>2015-04-01</tmt_pkt><no_skep>KEP/313/III/2015</no_skep><tgl_skep>2015-03-26</tgl_skep></pangkat></riwayat_pangkat><riwayat_jabatan><jabatan><jabatan>ANGG BAG KEPEG ROUM SETJEN DEPHANKAM</jabatan><tmt_jab>1989-03-01</tmt_jab><no_skep>SPRIN/499/III/1989</no_skep><tgl_skep>1989-03-01</tgl_skep></jabatan><jabatan><jabatan>OPR.KOMP BAGPERS ROUM SETJEN DEPHAN</jabatan><tmt_jab>1990-06-01</tmt_jab><no_skep>SPRIN/976/VI/1990</no_skep><tgl_skep>1990-06-01</tgl_skep></jabatan><jabatan><jabatan>OPR.KOMP BAGPERS ROUM SETJEN DEPHAN</jabatan><tmt_jab>1998-09-01</tmt_jab><no_skep>SKEP/1121/IX/1998</no_skep><tgl_skep>1998-09-01</tgl_skep></jabatan><jabatan><jabatan>TURTIK/OPRKOMP SUBBAGBINJAH BAGWATPEG</jabatan><tmt_jab>2001-03-01</tmt_jab><no_skep>SKEP/278/III/2001</no_skep><tgl_skep>2001-03-28</tgl_skep></jabatan><jabatan><jabatan>Anggota Subbag Jah Bag Watpeg Ropeg Setjen Dephan</jabatan><tmt_jab>2006-03-01</tmt_jab><no_skep>SKEP/201/III/2006</no_skep><tgl_skep>2006-03-27</tgl_skep></jabatan><jabatan><jabatan>PETUGAS ADMINISTRASI SUBBAGJAH BAGWATPEG ROPEG SETJEN KEMHAN</jabatan><tmt_jab>2010-05-17</tmt_jab><no_skep>KEP/321/V/2010</no_skep><tgl_skep>2010-05-17</tgl_skep></jabatan><jabatan><jabatan>PENGADMINISTRASI SUBBAG LUHKUM PUBLIK BAG LUHKUM ROKUM SETJEN KEMHAN</jabatan><tmt_jab>2011-04-01</tmt_jab><no_skep>KEP/284/IV/2011</no_skep><tgl_skep>2011-04-19</tgl_skep></jabatan><jabatan><jabatan>PENGADMINISTRASI BAHAN RENLAKLUHKUM SUBBAGRENLAKLUHKUM BAGLUHKUM ROKUM SETJEN KEMHAN</jabatan><tmt_jab>2014-12-31</tmt_jab><no_skep>KEP/1485/XII/2014</no_skep><tgl_skep>2014-12-18</tgl_skep></jabatan></riwayat_jabatan><riwayat_pendidikan><pendidikan_umum><pendidikan><nama_dik>SEKOLAH DASAR</nama_dik><tahun_lulus>1979</tahun_lulus></pendidikan><pendidikan><nama_dik>SEKOLAH LANJUTAN TINGKAT PERTAMA (SLTP)</nama_dik><tahun_lulus>1982</tahun_lulus></pendidikan><pendidikan><nama_dik>SEKOLAH LANJUTAN TINGKAT ATAS (SLTA)</nama_dik><tahun_lulus>1985</tahun_lulus></pendidikan></pendidikan_umum><pendidikan_pembentukan><pendidikan><nama_dik>SUS MENGETIK FIZI</nama_dik><tahun_lulus>1986</tahun_lulus></pendidikan><pendidikan><nama_dik>LATPRAJAB TK II</nama_dik><tahun_lulus>1989</tahun_lulus></pendidikan><pendidikan><nama_dik>SUS MIKRO KOMPUTER</nama_dik><tahun_lulus>1990</tahun_lulus></pendidikan><pendidikan><nama_dik>SUS APLIKASI KOMPUTER</nama_dik><tahun_lulus>1992</tahun_lulus></pendidikan><pendidikan><nama_dik>LAT APLIKASI SISINFO HANKAMNEG ON-LINE</nama_dik><tahun_lulus>1999</tahun_lulus></pendidikan><pendidikan><nama_dik>LAT CALON PENATAR HANKAMNEG ON-LINE</nama_dik><tahun_lulus>1999</tahun_lulus></pendidikan><pendidikan><nama_dik>LAT MICROSOFT OFFICE+ACROBAT READER ROPEG</nama_dik><tahun_lulus>2007</tahun_lulus></pendidikan><pendidikan><nama_dik>UDIN</nama_dik><tahun_lulus>2010</tahun_lulus></pendidikan></pendidikan_pembentukan></riwayat_pendidikan><riwayat_penugasan></riwayat_penugasan><riwayat_tanda_jasa></riwayat_tanda_jasa><riwayat_bahasa><bahasa><nama_bahasa>JAWA</nama_bahasa><keterangan>AKTIF</keterangan></bahasa></riwayat_bahasa><riwayat_keluarga><keluarga><nama_keluarga>SURAYA</nama_keluarga><jenis_kelamin>PEREMPUAN</jenis_kelamin><tgl_lahir>1972-04-30</tgl_lahir><hubungan>ISTRI</hubungan></keluarga><keluarga><nama_keluarga>IRA RAHAYU</nama_keluarga><jenis_kelamin>PEREMPUAN</jenis_kelamin><tgl_lahir>1995-07-26</tgl_lahir><hubungan>ANAK</hubungan></keluarga><keluarga><nama_keluarga>BIMO PRASETYO</nama_keluarga><jenis_kelamin>LAKI-LAKI</jenis_kelamin><tgl_lahir>1999-11-18</tgl_lahir><hubungan>ANAK</hubungan></keluarga><keluarga><nama_keluarga>INDIRA CHAIRANI</nama_keluarga><jenis_kelamin>PEREMPUAN</jenis_kelamin><tgl_lahir>2008-02-01</tgl_lahir><hubungan>ANAK</hubungan></keluarga></riwayat_keluarga></personil_kemhan>
