<personil_kemhan><nopeg>196005291982032001</nopeg><nip>030159350</nip><nrp_nip>196005291982032001</nrp_nip><nama>EKO INDUN INDRIYATI</nama><gelar>S.E</gelar><tempat_lahir>Jakarta</tempat_lahir><tgl_lahir>1960-05-29</tgl_lahir><jenis_kelamin>PEREMPUAN</jenis_kelamin><unit_organisasi>U.O. KEMHAN</unit_organisasi><jenis_personil>PNS</jenis_personil><pangkat>PENATA TK.I III/D</pangkat><pangkat_corps>PENATA TK.I III/D </pangkat_corps><tmt_pangkat>2011-04-01</tmt_pangkat><angkatan_korps>PNS</angkatan_korps><sumber_pa_gol_3>UJIAN DINAS</sumber_pa_gol_3><tmt_pa_gol_3>2008-04-01</tmt_pa_gol_3><kategori_pangkat>III/D</kategori_pangkat><jabatan>PENYUSUN BAHAN INFORMASI PUBLIK SUBBID INFORMASI</jabatan><satker>PUSKOMPUBLIK KEMHAN</satker><kode_jabatan>ANGGOTA</kode_jabatan><tmt_jabatan>2012-08-01</tmt_jabatan><eselon_jabatan>99</eselon_jabatan><kategori>ORGANIK</kategori><tmt_tni>1983-06-01</tmt_tni><tmt_kemhan>1982-03-01</tmt_kemhan><agama>ISLAM</agama><file_foto_1>foto/196005291982032001.jpg</file_foto_1><file_foto_2>foto/030159350.jpg</file_foto_2><riwayat_pangkat><pangkat><pangkat>CAPEG II/A</pangkat><tmt_pkt>1982-03-01</tmt_pkt><no_skep>SKEP/775/VI/1982</no_skep><tgl_skep>1982-06-04</tgl_skep></pangkat><pangkat><pangkat>PENGATUR MUDA II/A</pangkat><tmt_pkt>1983-06-01</tmt_pkt><no_skep>SKEP/1773/V/1983</no_skep><tgl_skep>1983-05-31</tgl_skep></pangkat><pangkat><pangkat>PENGATUR MUDA TK.I  II/B</pangkat><tmt_pkt>1986-04-01</tmt_pkt><no_skep>SKEP/1423/IX/1986</no_skep><tgl_skep>1986-09-15</tgl_skep></pangkat><pangkat><pangkat>PENGATUR II/C</pangkat><tmt_pkt>1990-04-01</tmt_pkt><no_skep>SKEP/2266/XI/1990</no_skep><tgl_skep>1990-11-14</tgl_skep></pangkat><pangkat><pangkat>PENGATUR TK.I II/D</pangkat><tmt_pkt>1994-04-01</tmt_pkt><no_skep>03-0900767/KEP/IV/1994</no_skep><tgl_skep>1994-02-15</tgl_skep></pangkat><pangkat><pangkat>PENATA MUDA III/A</pangkat><tmt_pkt>1998-04-01</tmt_pkt><no_skep>SKEP/23/IV/1998</no_skep><tgl_skep>1998-04-22</tgl_skep></pangkat><pangkat><pangkat>PENATA MUDA TK.I III/B</pangkat><tmt_pkt>2002-04-01</tmt_pkt><no_skep>SKEP/823/VII/2002</no_skep><tgl_skep>2002-07-30</tgl_skep></pangkat><pangkat><pangkat>PENATA III/C</pangkat><tmt_pkt>2007-04-01</tmt_pkt><no_skep>SKEP/153/III/2007</no_skep><tgl_skep>2007-03-06</tgl_skep></pangkat><pangkat><pangkat>PENATA TK.I III/D</pangkat><tmt_pkt>2011-04-01</tmt_pkt><no_skep>KEP/225/III/2011</no_skep><tgl_skep>2011-03-31</tgl_skep></pangkat></riwayat_pangkat><riwayat_jabatan><jabatan><jabatan>ANGGOTA ROHUMAS KERMALUGRI SETJEN</jabatan><tmt_jab>1980-06-01</tmt_jab><no_skep>SKEP/315/VI/80/KERSIN</no_skep><tgl_skep>1980-06-10</tgl_skep></jabatan><jabatan><jabatan>PEMB SUBBAG TKII/SIAPBRA SUBBAGTUK OPINI BAGPATUMSIAR ROHUMAS</jabatan><tmt_jab>2001-03-01</tmt_jab><no_skep>SKEP/260/III/2001</no_skep><tgl_skep>2001-03-22</tgl_skep></jabatan><jabatan><jabatan>AJUN PRANATA KOMPUTER MADYA</jabatan><tmt_jab>2001-12-01</tmt_jab><no_skep>SKEP/1052/XII/2001</no_skep><tgl_skep>2001-12-31</tgl_skep></jabatan><jabatan><jabatan>Anggota Subbag Minro Bag Hublem Rohumas Setjen Dephan</jabatan><tmt_jab>2006-05-01</tmt_jab><no_skep>SKEP/309/V/2006</no_skep><tgl_skep>2006-05-05</tgl_skep></jabatan><jabatan><jabatan>Kasubbag Penerbitan Dokbittaka Rohumas Setjen Dephan</jabatan><tmt_jab>2008-12-01</tmt_jab><no_skep>SKEP MENHAN NO : KEP/43/XII/2008</no_skep><tgl_skep>2008-12-05</tgl_skep></jabatan><jabatan><jabatan>Kasubbag Dok Bag Dok Bittaka Rohumas Setjen Dephan</jabatan><tmt_jab>2010-03-05</tmt_jab><no_skep>KEP MENHAN NO : KEP/128/III/2010</no_skep><tgl_skep>2010-03-04</tgl_skep></jabatan><jabatan><jabatan>KASUBBID INFO BID KERMAINFO PUSKOMPUBLIK KEMHAN</jabatan><tmt_jab>2010-09-28</tmt_jab><no_skep>KEP/685/IX/2010</no_skep><tgl_skep>2010-09-30</tgl_skep></jabatan><jabatan><jabatan>PENYUSUN BAHAN INFORMASI PUBLIK SUBBID INFORMASI PUSKOMPUBLIK KEMHAN</jabatan><tmt_jab>2012-08-01</tmt_jab><no_skep>KEP/606/VII/2012</no_skep><tgl_skep>2012-07-27</tgl_skep></jabatan><jabatan><jabatan>PENYUSUN BAHAN INFORMASI PUBLIK SUBBID INFORMASI BID KERMAINFO PUSKOM PUBLIK KEMHAN</jabatan><tmt_jab>2014-12-31</tmt_jab><no_skep>KEP/1510/XII/2014</no_skep><tgl_skep>2014-12-18</tgl_skep></jabatan><jabatan><jabatan>PENYUSUN BAHAN INFORMASI PUBLIK SUBBID INFORMASI BIDKERMAINFO</jabatan><no_skep>KEP/1510/XII/2014</no_skep><tgl_skep>2014-12-18</tgl_skep></jabatan></riwayat_jabatan><riwayat_pendidikan><pendidikan_umum><pendidikan><nama_dik>SEKOLAH DASAR</nama_dik><tahun_lulus>1972</tahun_lulus></pendidikan><pendidikan><nama_dik>SEKOLAH LANJUTAN TINGKAT PERTAMA (SLTP)</nama_dik><tahun_lulus>1975</tahun_lulus></pendidikan><pendidikan><nama_dik>SEKOLAH LANJUTAN TINGKAT ATAS (SLTA)</nama_dik><tahun_lulus>1980</tahun_lulus></pendidikan><pendidikan><nama_dik>ASMI</nama_dik><tahun_lulus>1984</tahun_lulus></pendidikan><pendidikan><nama_dik>SARJANA (S1)</nama_dik><tahun_lulus>2005</tahun_lulus></pendidikan></pendidikan_umum><pendidikan_pembentukan><pendidikan><nama_dik>LATPRAJAB TK I</nama_dik><tahun_lulus>1983</tahun_lulus></pendidikan><pendidikan><nama_dik>SEPADA</nama_dik><tahun_lulus>1993</tahun_lulus></pendidikan><pendidikan><nama_dik>SUS MIKRO KOMPUTER</nama_dik><tahun_lulus>1995</tahun_lulus></pendidikan><pendidikan><nama_dik>ADUM</nama_dik><tahun_lulus>2000</tahun_lulus></pendidikan><pendidikan><nama_dik>SUS PA MINU HKM</nama_dik><tahun_lulus>2000</tahun_lulus></pendidikan><pendidikan><nama_dik>DIKLAT FUNGSIONAL ANALIS MADYA HANNEG ANGK. I</nama_dik><tahun_lulus>2013</tahun_lulus></pendidikan></pendidikan_pembentukan></riwayat_pendidikan><riwayat_penugasan></riwayat_penugasan><riwayat_tanda_jasa><tanda_jasa><nama_tanda_jasa>SATYALANCANA KARYA SATYA X TAHUN</nama_tanda_jasa><no_skep>KEPPRES/065/TK/THN 2001</no_skep><tgl_skep>2001-07-19</tgl_skep></tanda_jasa><tanda_jasa><nama_tanda_jasa>SATYALANCANA KARYA SATYA XX TAHUN</nama_tanda_jasa><no_skep>KEPPRES/084/TK/TAHUN 2003</no_skep><tgl_skep>2003-10-31</tgl_skep></tanda_jasa><tanda_jasa><nama_tanda_jasa>SATYALANCANA KARYA SATYA XXX TAHUN</nama_tanda_jasa><no_skep>KEPPRES/104/TK/TAHUN 2013</no_skep><tgl_skep>2013-12-30</tgl_skep></tanda_jasa></riwayat_tanda_jasa><riwayat_bahasa><bahasa><nama_bahasa>JAWA</nama_bahasa></bahasa></riwayat_bahasa><riwayat_keluarga></riwayat_keluarga></personil_kemhan>
