<personil_kemhan><nopeg>197610042005011001</nopeg><nip>030249196</nip><nrp_nip>197610042005011001</nrp_nip><nama>WILLY RICHARD</nama><gelar>S.Komp., M.MSI</gelar><tempat_lahir>LATUHALAT</tempat_lahir><tgl_lahir>1976-10-04</tgl_lahir><jenis_kelamin>LAKI-LAKI</jenis_kelamin><unit_organisasi>U.O. KEMHAN</unit_organisasi><jenis_personil>PNS</jenis_personil><pangkat>PENATA III/C</pangkat><pangkat_corps>PENATA III/C </pangkat_corps><tmt_pangkat>2013-04-01</tmt_pangkat><angkatan_korps>PNS</angkatan_korps><sumber_pa_gol_3>CAPEG SARJANA</sumber_pa_gol_3><tmt_pa_gol_3>2005-01-01</tmt_pa_gol_3><kategori_pangkat>III/C</kategori_pangkat><jabatan>KASUBBAG LAHDAFOR BAG INDUK PNS</jabatan><satker>ROPEG SETJEN KEMHAN</satker><kode_jabatan>STRUKTURAL</kode_jabatan><tmt_jabatan>2015-02-06</tmt_jabatan><eselon_jabatan>IV</eselon_jabatan><kategori>ORGANIK</kategori><tmt_tni>2005-11-01</tmt_tni><tmt_kemhan>2005-01-01</tmt_kemhan><agama>PROTESTAN</agama><file_foto_1>foto/197610042005011001.jpg</file_foto_1><file_foto_2>foto/030249196.jpg</file_foto_2><riwayat_pangkat><pangkat><pangkat>CAPEG III/A</pangkat><tmt_pkt>2005-04-20</tmt_pkt><no_skep>SKEP/301/M/IV/2005</no_skep><tgl_skep>2005-01-01</tgl_skep></pangkat><pangkat><pangkat>PENATA MUDA III/A</pangkat><tmt_pkt>2005-11-01</tmt_pkt><no_skep>SKEP/994/XI/2005</no_skep><tgl_skep>2005-11-01</tgl_skep></pangkat><pangkat><pangkat>PENATA MUDA TK.I III/B</pangkat><tmt_pkt>2009-04-01</tmt_pkt><no_skep>KEP MENHAN NOMOR : KEP/34/III/2009</no_skep><tgl_skep>2009-04-01</tgl_skep></pangkat><pangkat><pangkat>PENATA III/C</pangkat><tmt_pkt>2013-04-01</tmt_pkt><no_skep>KEP/279/III/2013</no_skep><tgl_skep>2013-03-27</tgl_skep></pangkat></riwayat_pangkat><riwayat_jabatan><jabatan><jabatan>Anggota Subbag Liputpub Bag Bra Rohumas Setjen Dephan</jabatan><tmt_jab>2005-05-01</tmt_jab><no_skep>SKEP MENHAN NO : SKEP/392/V/2005</no_skep><tgl_skep>2005-05-01</tgl_skep></jabatan><jabatan><jabatan>Pranata Komputer Pertama Rohumas Setjen Dephan</jabatan><tmt_jab>2010-06-28</tmt_jab><no_skep>KEP/443/VI/2010</no_skep><tgl_skep>2010-06-30</tgl_skep></jabatan><jabatan><jabatan>REPORTER SUBBIDLIPUTPUB BIDBRA PUSKOM PUBLIK PUSKOMPUBLIK KEMHAN</jabatan><tmt_jab>2011-04-01</tmt_jab><no_skep>KEP/296/IV/2011</no_skep><tgl_skep>2011-04-19</tgl_skep></jabatan><jabatan><jabatan>REPORTER SUBBIDLIPUTPUB BIDBRA  PUSKOMPUBLIK KEMHAN</jabatan><tmt_jab>2011-04-01</tmt_jab><no_skep>SPRIN/68/VI/2011</no_skep><tgl_skep>2011-04-13</tgl_skep></jabatan><jabatan><jabatan>REPORTER SUBBIDLIPUTPUB BIDBRA</jabatan><tmt_jab>2011-04-01</tmt_jab><no_skep>KEP/296/VI/2011</no_skep><tgl_skep>2011-06-19</tgl_skep></jabatan><jabatan><jabatan>PENGOLAH BAHAN HUBMEDMAS SUBBID HUBMEDMAS BIDBRA PUSKOMPUBLIK KEMHAN</jabatan><tmt_jab>2012-09-27</tmt_jab><no_skep>KEP/799/IX/2012</no_skep><tgl_skep>2012-09-28</tgl_skep></jabatan><jabatan><jabatan>PENYUSUN BAHAN HUBMEDMAS SUBBID HUBMEDMAS BIDBRA PUSKOMPUBLIK KEMHAN</jabatan><tmt_jab>2013-05-30</tmt_jab><no_skep>KEP/545/VI/2013</no_skep><tgl_skep>2013-06-07</tgl_skep></jabatan><jabatan><jabatan>PENYUSUN BAHAN LAHDAFOR SUBBAGLAHDAFOR BAGINDUK PNS ROPEG SETJEN KEMHAN</jabatan><tmt_jab>2014-03-17</tmt_jab><no_skep>KEP/253/III/2014</no_skep><tgl_skep>2014-03-18</tgl_skep></jabatan><jabatan><jabatan>PENYUSUN BAHAN LAHDAFOR SUBBAGLAHDAFOR BAG INDUK PNS ROPEG SETJEN KEMHAN</jabatan><tmt_jab>2014-12-31</tmt_jab><no_skep>KEP/1485/XII/2014</no_skep><tgl_skep>2014-12-10</tgl_skep></jabatan><jabatan><jabatan>KASUBBAG LAHDAFOR BAG INDUK PNS ROPEG SETJEN KEMHAN</jabatan><tmt_jab>2015-02-06</tmt_jab><no_skep>KEP/136/II/2015</no_skep><tgl_skep>2015-02-10</tgl_skep></jabatan></riwayat_jabatan><riwayat_pendidikan><pendidikan_umum><pendidikan><nama_dik>SEKOLAH DASAR</nama_dik><tahun_lulus>1989</tahun_lulus></pendidikan><pendidikan><nama_dik>SEKOLAH LANJUTAN TINGKAT PERTAMA (SLTP)</nama_dik><tahun_lulus>1992</tahun_lulus></pendidikan><pendidikan><nama_dik>SEKOLAH LANJUTAN TINGKAT ATAS (SLTA)</nama_dik><tahun_lulus>1995</tahun_lulus></pendidikan><pendidikan><nama_dik>SARJANA MUDA (D.III)</nama_dik><tahun_lulus>1998</tahun_lulus></pendidikan><pendidikan><nama_dik>SARJANA (S1)</nama_dik><tahun_lulus>2000</tahun_lulus></pendidikan><pendidikan><nama_dik>PASCA SARJANA (S2)</nama_dik><tahun_lulus>2006</tahun_lulus></pendidikan></pendidikan_umum><pendidikan_pembentukan><pendidikan><nama_dik>LATPRAJAB TK. III</nama_dik><tahun_lulus>2005</tahun_lulus></pendidikan><pendidikan><nama_dik>PENGEMBANGAN SPESIALIS WORKSHOP VISUAL FOXPRO</nama_dik><tahun_lulus>2006</tahun_lulus></pendidikan><pendidikan><nama_dik>SUS MINU TK. III</nama_dik><tahun_lulus>2008</tahun_lulus></pendidikan><pendidikan><nama_dik>SUSMINU APLIKASI</nama_dik><tahun_lulus>2008</tahun_lulus></pendidikan><pendidikan><nama_dik>LINUX FUNDAMENTAL &amp; SYSTEM ADMINISTRATION</nama_dik><tahun_lulus>2008</tahun_lulus></pendidikan><pendidikan><nama_dik>DIK LAT PIM TK IV</nama_dik><tahun_lulus>2009</tahun_lulus></pendidikan><pendidikan><nama_dik>WORKSHOP INDONESIA GO OPEN SOURCE (IGOS)</nama_dik><tahun_lulus>2009</tahun_lulus></pendidikan><pendidikan><nama_dik>CYBER PUBLIC RELATIONS STRATEGI DAN IMPLEMENTASI</nama_dik><tahun_lulus>2010</tahun_lulus></pendidikan><pendidikan><nama_dik>WORKSHOP MINDEF EXECUTIVE MANAGEMENT IBM I</nama_dik><tahun_lulus>2010</tahun_lulus></pendidikan><pendidikan><nama_dik>WORKSHOP MINDEF EXECUTIVE MANAGEMENT IBM II</nama_dik><tahun_lulus>2010</tahun_lulus></pendidikan><pendidikan><nama_dik>WORKSHOP INDONESIA GO OPEN SOURCE (IGOS)</nama_dik><tahun_lulus>2010</tahun_lulus></pendidikan><pendidikan><nama_dik>KIBI</nama_dik><tahun_lulus>2010</tahun_lulus></pendidikan><pendidikan><nama_dik>PELATIHAN CHEF INFORMATION OFFICER (CIO)</nama_dik><tahun_lulus>2010</tahun_lulus></pendidikan><pendidikan><nama_dik>CERTIFIED ETHICAL HACKING (CEH)</nama_dik><tahun_lulus>2011</tahun_lulus></pendidikan><pendidikan><nama_dik>SUSJEMEN HAN</nama_dik><tahun_lulus>2012</tahun_lulus></pendidikan><pendidikan><nama_dik>EMPOWERING CAPACITY OF CAPABILITES THROUGH CERTIFIED TRAINING (OPTIMIZATION)</nama_dik><tahun_lulus>2013</tahun_lulus></pendidikan><pendidikan><nama_dik>PENDIDIKAN BELA NEGARA</nama_dik><tahun_lulus>2013</tahun_lulus></pendidikan><pendidikan><nama_dik>SECURITY ASSESMENT TRAINING</nama_dik><tahun_lulus>2013</tahun_lulus></pendidikan><pendidikan><nama_dik>PELATIHAN DIGITAL FORENSIK</nama_dik><tahun_lulus>2013</tahun_lulus></pendidikan><pendidikan><nama_dik>DIKLAT SANDIMAN</nama_dik><tahun_lulus>2014</tahun_lulus></pendidikan></pendidikan_pembentukan></riwayat_pendidikan><riwayat_penugasan></riwayat_penugasan><riwayat_tanda_jasa></riwayat_tanda_jasa><riwayat_bahasa><bahasa><nama_bahasa>INGGRIS</nama_bahasa><keterangan>AKTIF</keterangan></bahasa></riwayat_bahasa><riwayat_keluarga><keluarga><nama_keluarga>CLARA ELIZABETH HANRITHA</nama_keluarga><jenis_kelamin>PEREMPUAN</jenis_kelamin><tgl_lahir>1979-04-05</tgl_lahir><hubungan>ISTRI</hubungan></keluarga><keluarga><nama_keluarga>GRACE BELLA MARTHARETHA HUNILA</nama_keluarga><jenis_kelamin>PEREMPUAN</jenis_kelamin><tgl_lahir>2009-10-19</tgl_lahir><hubungan>ANAK</hubungan></keluarga><keluarga><nama_keluarga>JOSEPH RUWA JOHNAS HUNILA</nama_keluarga><jenis_kelamin>LAKI-LAKI</jenis_kelamin><tgl_lahir>2011-06-07</tgl_lahir><hubungan>ANAK</hubungan></keluarga></riwayat_keluarga></personil_kemhan>
