<personil_kemhan><nopeg>196310181988031009</nopeg><nip>030196091</nip><nrp_nip>196310181988031009</nrp_nip><nama>SULAEMAN</nama><tempat_lahir>Jakarta</tempat_lahir><tgl_lahir>1963-10-18</tgl_lahir><jenis_kelamin>LAKI-LAKI</jenis_kelamin><unit_organisasi>U.O. KEMHAN</unit_organisasi><jenis_personil>PNS</jenis_personil><pangkat>PENATA MUDA TK.I III/B</pangkat><pangkat_corps>PENATA MUDA TK.I III/B </pangkat_corps><tmt_pangkat>2007-04-01</tmt_pangkat><angkatan_korps>PNS</angkatan_korps><tmt_pa_gol_3>2003-04-01</tmt_pa_gol_3><kategori_pangkat>III/B</kategori_pangkat><jabatan>KOORDINATOR PEMADAM KEBAKARAN SUBBAG PAMPERSMAT BAGPAM</jabatan><satker>ROUM SETJEN KEMHAN</satker><kode_jabatan>ANGGOTA</kode_jabatan><tmt_jabatan>2014-12-31</tmt_jabatan><eselon_jabatan>99</eselon_jabatan><kategori>ORGANIK</kategori><tmt_tni>1989-12-01</tmt_tni><agama>ISLAM</agama><file_foto_1>foto/196310181988031009.jpg</file_foto_1><file_foto_2>foto/030196091.jpg</file_foto_2><riwayat_pangkat><pangkat><pangkat>CAPEG II/B</pangkat><tmt_pkt>1988-03-01</tmt_pkt><no_skep>Skep/052/17/VI/1988</no_skep><tgl_skep>1988-06-08</tgl_skep></pangkat><pangkat><pangkat>PENGATUR MUDA II/A</pangkat><tmt_pkt>1989-12-01</tmt_pkt><no_skep>Skep/076/18/XI/1989</no_skep><tgl_skep>1989-11-13</tgl_skep></pangkat><pangkat><pangkat>PENGATUR MUDA TK.I  II/B</pangkat><tmt_pkt>1991-04-01</tmt_pkt><no_skep>03.09/01856/Kep/IV/1991</no_skep><tgl_skep>1991-09-02</tgl_skep></pangkat><pangkat><pangkat>PENGATUR II/C</pangkat><tmt_pkt>1995-04-01</tmt_pkt><no_skep>03.09/02994/Kep/IV/1995</no_skep><tgl_skep>1995-03-17</tgl_skep></pangkat><pangkat><pangkat>PENGATUR TK.I II/D</pangkat><tmt_pkt>1999-04-01</tmt_pkt><no_skep>03.09.00/06/Kep/IV/1999</no_skep><tgl_skep>1999-03-22</tgl_skep></pangkat><pangkat><pangkat>PENATA MUDA III/A</pangkat><tmt_pkt>2003-04-01</tmt_pkt><no_skep>SKEP/615/V/2003</no_skep><tgl_skep>2003-05-05</tgl_skep></pangkat><pangkat><pangkat>PENATA MUDA TK.I III/B</pangkat><tmt_pkt>2007-04-01</tmt_pkt><no_skep>SKEP/153/III/2007</no_skep><tgl_skep>2007-04-06</tgl_skep></pangkat></riwayat_pangkat><riwayat_jabatan><jabatan><jabatan>PENGATUR TASKAR SUBBAGURDAL BAGRUMGA ROUM SETJEN</jabatan><tmt_jab>2000-08-01</tmt_jab><no_skep>SKEP/687/VIII/2000</no_skep><tgl_skep>2000-08-11</tgl_skep></jabatan><jabatan><jabatan>PEMADAM KEBAKARAN SUBBAGYANUM URDAL BAGRUMGA ROUM</jabatan><tmt_jab>2001-03-01</tmt_jab><no_skep>SKEP/296/IV/2001</no_skep><tgl_skep>2001-04-03</tgl_skep></jabatan><jabatan><jabatan>PEMADAM KEBAKARAN SUBBAGYANUM URDAL BAGRUMGA ROUM</jabatan><tmt_jab>2001-05-17</tmt_jab><no_skep>SPRIN/87/V/2001</no_skep><tgl_skep>2001-05-17</tgl_skep></jabatan><jabatan><jabatan>Anggota Subbag Pampersmat Bagpam Roum Setjen Dephan</jabatan><tmt_jab>2006-03-01</tmt_jab><tgl_skep>2006-03-01</tgl_skep></jabatan><jabatan><jabatan>Komandan Regu Pemadam Kebakaran Subbagpampersmat Bagpam</jabatan><tmt_jab>2010-07-27</tmt_jab><no_skep>KEP/553/VII/2010</no_skep><tgl_skep>2010-07-28</tgl_skep></jabatan><jabatan><jabatan>KOORDINATOR PEMADAM KEBAKARAN SUBBAG PAMPERSMAT BAGPAM ROUM SETJEN KEMHAN ROUM SETJEN KEMHAN</jabatan><tmt_jab>2011-04-01</tmt_jab><no_skep>Kep/285/IV/2011528168</no_skep><tgl_skep>2011-04-19</tgl_skep></jabatan><jabatan><jabatan>KOORDINATOR PEMADAM KEBAKARAN SUBBAG PAMPERSMAT BAGPAM ROUM SETJEN KEMHAN</jabatan><tmt_jab>2014-12-31</tmt_jab><no_skep>KEP/1484/XIV/2014</no_skep><tgl_skep>2014-12-18</tgl_skep></jabatan></riwayat_jabatan><riwayat_pendidikan><pendidikan_umum><pendidikan><nama_dik>SEKOLAH DASAR</nama_dik><tahun_lulus>1976</tahun_lulus></pendidikan><pendidikan><nama_dik>SEKOLAH LANJUTAN TINGKAT PERTAMA (SLTP)</nama_dik><tahun_lulus>1979</tahun_lulus></pendidikan><pendidikan><nama_dik>SMEA</nama_dik><tahun_lulus>1982</tahun_lulus></pendidikan></pendidikan_umum><pendidikan_pembentukan><pendidikan><nama_dik>LAT PEMADAM KEBAKARAN</nama_dik><tahun_lulus>1990</tahun_lulus></pendidikan><pendidikan><nama_dik>SUS OPERATOR KOMPUTER</nama_dik><tahun_lulus>2003</tahun_lulus></pendidikan></pendidikan_pembentukan></riwayat_pendidikan><riwayat_penugasan></riwayat_penugasan><riwayat_tanda_jasa><tanda_jasa><nama_tanda_jasa>SATYALANCANA KARYA SATYA XX TAHUN</nama_tanda_jasa><no_skep>Kepres No 8/TK/Tahun 2012</no_skep><tgl_skep>2012-02-08</tgl_skep></tanda_jasa></riwayat_tanda_jasa><riwayat_bahasa><bahasa><nama_bahasa>INGGRIS</nama_bahasa><keterangan>PASIF</keterangan></bahasa><bahasa><nama_bahasa>INDONESIA</nama_bahasa><keterangan>AKTIF</keterangan></bahasa></riwayat_bahasa><riwayat_keluarga><keluarga><nama_keluarga>Masnun</nama_keluarga><jenis_kelamin>PEREMPUAN</jenis_kelamin><tgl_lahir>1965-12-15</tgl_lahir><hubungan>ISTRI</hubungan></keluarga><keluarga><nama_keluarga>Ach. Asri S</nama_keluarga><jenis_kelamin>LAKI-LAKI</jenis_kelamin><tgl_lahir>1991-09-03</tgl_lahir><hubungan>ANAK</hubungan></keluarga><keluarga><nama_keluarga>Ach. Nopiayansah</nama_keluarga><jenis_kelamin>LAKI-LAKI</jenis_kelamin><tgl_lahir>1994-11-07</tgl_lahir><hubungan>ANAK</hubungan></keluarga><keluarga><nama_keluarga>Tria Handayani</nama_keluarga><jenis_kelamin>PEREMPUAN</jenis_kelamin><tgl_lahir>2000-01-28</tgl_lahir><hubungan>ANAK</hubungan></keluarga><keluarga><nama_keluarga>Abdullah M. Irfan</nama_keluarga><jenis_kelamin>LAKI-LAKI</jenis_kelamin><tgl_lahir>2006-06-02</tgl_lahir><hubungan>ANAK</hubungan></keluarga></riwayat_keluarga></personil_kemhan>
