<personil_kemhan><nopeg>197311302002121001</nopeg><nip>030247500</nip><nrp_nip>197311302002121001</nrp_nip><nama>BIERLI</nama><gelar>S.H.</gelar><tempat_lahir>Jakarta</tempat_lahir><tgl_lahir>1973-11-30</tgl_lahir><jenis_kelamin>LAKI-LAKI</jenis_kelamin><unit_organisasi>U.O. KEMHAN</unit_organisasi><jenis_personil>PNS</jenis_personil><pangkat>PENATA TK.I III/D</pangkat><pangkat_corps>PENATA TK.I III/D </pangkat_corps><tmt_pangkat>2015-04-01</tmt_pangkat><angkatan_korps>PNS</angkatan_korps><sumber_pa_gol_3>CAPEG SARJANA</sumber_pa_gol_3><tmt_pa_gol_3>2002-12-01</tmt_pa_gol_3><kategori_pangkat>III/D</kategori_pangkat><jabatan>KASUBBAG ANJAB BAG LEM</jabatan><satker>ROREN SETJEN KEMHAN</satker><kode_jabatan>STRUKTURAL</kode_jabatan><tmt_jabatan>2014-12-31</tmt_jabatan><eselon_jabatan>IV</eselon_jabatan><kategori>ORGANIK</kategori><tmt_tni>2004-09-01</tmt_tni><tmt_kemhan>2002-12-01</tmt_kemhan><agama>ISLAM</agama><file_foto_1>foto/197311302002121001.jpg</file_foto_1><file_foto_2>foto/030247500.jpg</file_foto_2><riwayat_pangkat><pangkat><pangkat>PENATA MUDA III/A</pangkat><tmt_pkt>2002-12-01</tmt_pkt><no_skep>SKEP/1020/VI/2003</no_skep><tgl_skep>2003-06-16</tgl_skep></pangkat><pangkat><pangkat>CAPEG III/A</pangkat><tmt_pkt>2002-12-01</tmt_pkt><no_skep>SKEP/1020/VI/2003</no_skep><tgl_skep>2003-06-16</tgl_skep></pangkat><pangkat><pangkat>PENATA MUDA TK.I III/B</pangkat><tmt_pkt>2007-04-01</tmt_pkt><no_skep>SKEP/153/III/2007</no_skep><tgl_skep>2007-03-06</tgl_skep></pangkat><pangkat><pangkat>PENATA III/C</pangkat><tmt_pkt>2011-04-01</tmt_pkt><no_skep>KEP/188/III/2011</no_skep><tgl_skep>2011-03-22</tgl_skep></pangkat><pangkat><pangkat>PENATA TK.I III/D</pangkat><tmt_pkt>2015-04-01</tmt_pkt><no_skep>KEP/312/III/2015</no_skep><tgl_skep>2015-03-26</tgl_skep></pangkat></riwayat_pangkat><riwayat_jabatan><jabatan><jabatan>Anggota Subbag Anjab Bag Lem Roren Setjen Dephan</jabatan><tmt_jab>2003-07-01</tmt_jab><no_skep>SPRIN/76/VII/2003</no_skep><tgl_skep>2003-07-14</tgl_skep></jabatan><jabatan><jabatan>PENYUSUN BAHAN ANALISIS JABATAN BAGLEM ROREN SETJEN KEMHAN</jabatan><tmt_jab>2010-06-17</tmt_jab><no_skep>KEP/417/VI/2010</no_skep><tgl_skep>2010-06-24</tgl_skep></jabatan><jabatan><jabatan>PENYUSUN BAHAN ANJAB SUBBAG ANJAB BAGLEM  ROREN SETJEN KEMHAN</jabatan><tmt_jab>2011-04-01</tmt_jab><no_skep>KEP/283/IV/2011</no_skep><tgl_skep>2011-04-19</tgl_skep></jabatan><jabatan><jabatan>KASUBBAG STANDKOMJAB BAG LEM ROREN SETJEN KEMHAN</jabatan><tmt_jab>2011-07-11</tmt_jab><no_skep>KEP/549/VII/2011</no_skep><tgl_skep>2011-07-22</tgl_skep></jabatan><jabatan><jabatan>KASUBBAG ANJAB BAG LEM ROREN SETJEN KEMHAN</jabatan><tmt_jab>2012-08-01</tmt_jab><no_skep>KEP/606/VII/2012</no_skep><tgl_skep>2012-07-27</tgl_skep></jabatan><jabatan><jabatan>KASUBBAG ANJAB BAG LEM ROREN SETJEN KEMHAN</jabatan><tmt_jab>2014-12-31</tmt_jab><no_skep>KEP/1483/XII/2014</no_skep><tgl_skep>2014-12-18</tgl_skep></jabatan></riwayat_jabatan><riwayat_pendidikan><pendidikan_umum><pendidikan><nama_dik>SEKOLAH DASAR</nama_dik><tahun_lulus>1986</tahun_lulus></pendidikan><pendidikan><nama_dik>SEKOLAH MENENGAH PERTAMA (SMP)</nama_dik><tahun_lulus>1989</tahun_lulus></pendidikan><pendidikan><nama_dik>SEKOLAH MENENGAH ATAS (SMA)</nama_dik><tahun_lulus>1992</tahun_lulus></pendidikan><pendidikan><nama_dik>SARJANA HUKUM</nama_dik><tahun_lulus>1998</tahun_lulus></pendidikan></pendidikan_umum><pendidikan_pembentukan><pendidikan><nama_dik>DIKLAT PRAJAB TK. III</nama_dik><tahun_lulus>2003</tahun_lulus></pendidikan><pendidikan><nama_dik>SUSMINU TK. III</nama_dik><tahun_lulus>2004</tahun_lulus></pendidikan><pendidikan><nama_dik>DIK LAT PIM TK IV</nama_dik><tahun_lulus>2007</tahun_lulus></pendidikan><pendidikan><nama_dik>SUS TERAMPIL KOMPUTER</nama_dik><tahun_lulus>2007</tahun_lulus></pendidikan><pendidikan><nama_dik>KIBI I DEPHAN</nama_dik><tahun_lulus>2008</tahun_lulus></pendidikan><pendidikan><nama_dik>SUSDASJEMEN PERTAHANAN ANGK. IV (KEP/802/V/2011)</nama_dik><tahun_lulus>2011</tahun_lulus></pendidikan><pendidikan><nama_dik>DIKLAT BELA NEGARA bagi PNS KEMHAN TGL. 3 MARET S.D. 1 APRIL</nama_dik><tahun_lulus>2014</tahun_lulus></pendidikan></pendidikan_pembentukan></riwayat_pendidikan><riwayat_penugasan></riwayat_penugasan><riwayat_tanda_jasa><tanda_jasa><nama_tanda_jasa>SATYALANCANA KARYA SATYA X TAHUN</nama_tanda_jasa><no_skep>KEPPRES RI NO. 104/TK/TAHUN 2013</no_skep><tgl_skep>2013-12-30</tgl_skep></tanda_jasa></riwayat_tanda_jasa><riwayat_bahasa><bahasa><nama_bahasa>PALEMBANG</nama_bahasa><keterangan>AKTIF</keterangan></bahasa><bahasa><nama_bahasa>INGGRIS</nama_bahasa><keterangan>AKTIF</keterangan></bahasa></riwayat_bahasa><riwayat_keluarga><keluarga><nama_keluarga>Sri Narti</nama_keluarga><jenis_kelamin>PEREMPUAN</jenis_kelamin><tgl_lahir>1970-05-09</tgl_lahir><hubungan>ISTRI</hubungan></keluarga></riwayat_keluarga></personil_kemhan>
