<personil_kemhan><nopeg>197505172006042001</nopeg><nip>030250317</nip><nrp_nip>197505172006042001</nrp_nip><nama>ENDAH WAHYUNINGSIH</nama><tempat_lahir>Kediri</tempat_lahir><tgl_lahir>1975-05-17</tgl_lahir><jenis_kelamin>PEREMPUAN</jenis_kelamin><unit_organisasi>U.O. KEMHAN</unit_organisasi><jenis_personil>PNS</jenis_personil><pangkat>PENGATUR MUDA II/A</pangkat><pangkat_corps>PENGATUR MUDA II/A </pangkat_corps><tmt_pangkat>2014-04-01</tmt_pangkat><angkatan_korps>PNS</angkatan_korps><kategori_pangkat>II/A</kategori_pangkat><jabatan>AGENDARIS SUBBAG TU DIREKTORAT PERATURAN PERUU</jabatan><satker>DITJEN STRAHAN KEMHAN</satker><kode_jabatan>ANGGOTA</kode_jabatan><tmt_jabatan>2014-12-31</tmt_jabatan><eselon_jabatan>99</eselon_jabatan><kategori>ORGANIK</kategori><tmt_tni>2007-09-01</tmt_tni><agama>ISLAM</agama><file_foto_1>foto/197505172006042001.jpg</file_foto_1><file_foto_2>foto/030250317.jpg</file_foto_2><riwayat_pangkat><pangkat><pangkat>CAPEG II/A</pangkat><tmt_pkt>2006-04-01</tmt_pkt><no_skep>SKEP/372/M/V/2006</no_skep><tgl_skep>2006-05-23</tgl_skep></pangkat><pangkat><pangkat>JURU I/C</pangkat><tmt_pkt>2007-09-01</tmt_pkt><no_skep>SKEP/686/IX/2007</no_skep><tgl_skep>2007-09-04</tgl_skep></pangkat><pangkat><pangkat>JURU I/C</pangkat><tmt_pkt>2008-09-01</tmt_pkt><no_skep>SKEP/471/IX/2008</no_skep><tgl_skep>2008-09-22</tgl_skep></pangkat><pangkat><pangkat>JURU TK.I  I/D</pangkat><tmt_pkt>2010-04-01</tmt_pkt><no_skep>KEP/153/III/2010</no_skep><tgl_skep>2010-03-12</tgl_skep></pangkat><pangkat><pangkat>PENGATUR MUDA II/A</pangkat><tmt_pkt>2014-04-01</tmt_pkt><no_skep>SPRIN/273/III/2014</no_skep><tgl_skep>2014-03-27</tgl_skep></pangkat></riwayat_pangkat><riwayat_jabatan><jabatan><jabatan>ANGGOTA PRIMKOP SETJEN DEPHAN</jabatan><tmt_jab>2006-04-01</tmt_jab><no_skep>SKEP/472/VII/2006</no_skep><tgl_skep>2006-07-04</tgl_skep></jabatan><jabatan><jabatan>Anggota Subbag Jah Bag Watpeg Ropeg Setjen Dephan</jabatan><tmt_jab>2006-04-01</tmt_jab><no_skep>SKEP/372/M/V/2006</no_skep><tgl_skep>2006-05-23</tgl_skep></jabatan><jabatan><jabatan>KURIR SUBBAGMINRO BAGADABANGPEG ROPEG SETJEN KEMHAN</jabatan><tmt_jab>2010-05-17</tmt_jab><no_skep>Kep Menhan Nomor : KEP/321/V/2010</no_skep><tgl_skep>2010-05-17</tgl_skep></jabatan><jabatan><jabatan>KURIR SUBBAG TU BAGUM SET DITJEN STRAHAN KEMHAN</jabatan><tmt_jab>2011-06-16</tmt_jab><no_skep>SPRIN/78/VI/2011</no_skep><tgl_skep>2011-06-16</tgl_skep></jabatan><jabatan><jabatan>AGENDARIS SUBDIT PERATURAN KUMHAN DIT KUMSTRAHAN DITJEN STRAHAN KEMHAN</jabatan><tmt_jab>2011-09-21</tmt_jab><no_skep>KEP/716/IX/2011</no_skep><tgl_skep>2011-09-26</tgl_skep></jabatan><jabatan><jabatan>AGENDARIS SUBBAG TU DIT KUMSTRAHAN DITJEN STRAHAN KEMHAN</jabatan><tmt_jab>2012-04-09</tmt_jab><no_skep>KEP/275/IV/2012</no_skep><tgl_skep>2012-04-12</tgl_skep></jabatan><jabatan><jabatan>AGENDARIS SUBBAG TU DIREKTORAT PERATURAN PERUU DITJEN STRAHAN KEMHAN</jabatan><tmt_jab>2014-12-31</tmt_jab><no_skep>KEP/1494/XII/2014</no_skep><tgl_skep>2014-12-18</tgl_skep></jabatan></riwayat_jabatan><riwayat_pendidikan><pendidikan_umum><pendidikan><nama_dik>SEKOLAH DASAR</nama_dik><tahun_lulus>1998</tahun_lulus></pendidikan><pendidikan><nama_dik>SEKOLAH LANJUTAN TINGKAT PERTAMA (SLTP)</nama_dik><tahun_lulus>2001</tahun_lulus></pendidikan></pendidikan_umum><pendidikan_pembentukan><pendidikan><nama_dik>LATPRAJAB TK.I</nama_dik><tahun_lulus>2006</tahun_lulus></pendidikan><pendidikan><nama_dik>DIKLAT PSAK 27</nama_dik><tahun_lulus>2007</tahun_lulus></pendidikan><pendidikan><nama_dik>PELATIHAN MANAJEMEN KOPERASI</nama_dik><tahun_lulus>2009</tahun_lulus></pendidikan></pendidikan_pembentukan></riwayat_pendidikan><riwayat_penugasan></riwayat_penugasan><riwayat_tanda_jasa></riwayat_tanda_jasa><riwayat_bahasa><bahasa><nama_bahasa>JAWA</nama_bahasa><keterangan>AKTIF</keterangan></bahasa><bahasa><nama_bahasa>INDONESIA</nama_bahasa><keterangan>AKTIF</keterangan></bahasa></riwayat_bahasa><riwayat_keluarga><keluarga><nama_keluarga>SUDIYO</nama_keluarga><jenis_kelamin>LAKI-LAKI</jenis_kelamin><tgl_lahir>1974-04-06</tgl_lahir><hubungan>SUAMI</hubungan></keluarga><keluarga><nama_keluarga>ZAKYA MARCELLIA RAMDHANA</nama_keluarga><jenis_kelamin>PEREMPUAN</jenis_kelamin><tgl_lahir>2003-11-14</tgl_lahir><hubungan>ANAK</hubungan></keluarga><keluarga><nama_keluarga>WILDAN PRASETYO</nama_keluarga><jenis_kelamin>LAKI-LAKI</jenis_kelamin><tgl_lahir>2008-08-11</tgl_lahir><hubungan>ANAK</hubungan></keluarga></riwayat_keluarga></personil_kemhan>
