<personil_kemhan><nopeg>197111062006041001</nopeg><nip>030250299</nip><nrp_nip>197111062006041001</nrp_nip><nama>DWI RIYANTO</nama><tempat_lahir>JAKARTA</tempat_lahir><tgl_lahir>1971-11-06</tgl_lahir><jenis_kelamin>LAKI-LAKI</jenis_kelamin><unit_organisasi>U.O. KEMHAN</unit_organisasi><jenis_personil>PNS</jenis_personil><pangkat>PENGATUR II/C</pangkat><pangkat_corps>PENGATUR II/C </pangkat_corps><tmt_pangkat>2014-10-01</tmt_pangkat><angkatan_korps>PNS</angkatan_korps><kategori_pangkat>II/C</kategori_pangkat><jabatan>AGENDARIS SUBBAG MIN WAMEN BAG DUKMIN WAMEN</jabatan><satker>ROTU SETJEN KEMHAN</satker><kode_jabatan>ANGGOTA</kode_jabatan><tmt_jabatan>2014-12-31</tmt_jabatan><eselon_jabatan>99</eselon_jabatan><kategori>ORGANIK</kategori><tmt_tni>2007-09-01</tmt_tni><agama>ISLAM</agama><file_foto_1>foto/197111062006041001.jpg</file_foto_1><file_foto_2>foto/030250299.jpg</file_foto_2><riwayat_pangkat><pangkat><pangkat>CAPEG II/A</pangkat><tmt_pkt>2006-04-20</tmt_pkt><no_skep>SKEP/372/M/IV/2006</no_skep><tgl_skep>2006-05-23</tgl_skep></pangkat><pangkat><pangkat>PENGATUR MUDA II/A</pangkat><tmt_pkt>2007-09-01</tmt_pkt><no_skep>SKEP/686/IX/2007</no_skep><tgl_skep>2007-09-04</tgl_skep></pangkat><pangkat><pangkat>PENGATUR MUDA TK.I  II/B</pangkat><tmt_pkt>2010-04-01</tmt_pkt><no_skep>KEP/634/IX/2010</no_skep><tgl_skep>2010-09-07</tgl_skep></pangkat><pangkat><pangkat>PENGATUR II/C</pangkat><tmt_pkt>2014-10-01</tmt_pkt><no_skep>KEP/1123/IX/2014</no_skep><tgl_skep>2014-09-25</tgl_skep></pangkat></riwayat_pangkat><riwayat_jabatan><jabatan><jabatan>ANGGOTA  ROTU SETJEN KEMHAN</jabatan><tmt_jab>2006-04-01</tmt_jab><no_skep>SKEP/472/VII/2006</no_skep><tgl_skep>2006-07-05</tgl_skep></jabatan><jabatan><jabatan>ANGGOTA SUBBAGMIN BAGMINU ROTU SETJEN KEMHAN</jabatan><tmt_jab>2006-07-12</tmt_jab><no_skep>SPRIN/120/VII/2006</no_skep><tgl_skep>2006-07-13</tgl_skep></jabatan><jabatan><jabatan>AGENDARIS SUBBAGMIN SEKJEN BAGMIN SEKJEN ROTU SETJEN KEMHAN</jabatan><tmt_jab>2010-07-19</tmt_jab><no_skep>SPRIN/269/IX/2010</no_skep><tgl_skep>2010-09-14</tgl_skep></jabatan><jabatan><jabatan>PENGEMUDI SAHLI SUBBAG TU SAHLI BAG TU DAN DUKMEN  ROTU SETJEN KEMHAN</jabatan><tmt_jab>2011-04-19</tmt_jab><no_skep>KEP/282/IV/2011</no_skep><tgl_skep>2011-04-01</tgl_skep></jabatan><jabatan><jabatan>PRAMU KANTOR SUBBAG TU BIRO BAG TU DAN DUK SEKJEN  ROTU SETJEN KEMHAN</jabatan><tmt_jab>2013-09-24</tmt_jab><no_skep>KEP/961/IX/2013</no_skep><tgl_skep>2011-04-01</tgl_skep></jabatan><jabatan><jabatan>PRAMU KANTOR SUBBAG DUK WAMEN BAG TU DAN DUK WAMEN ROTU SETJEN KEMHAN ROTU SETJEN KEMHAN</jabatan><tmt_jab>2013-12-24</tmt_jab><no_skep>KEP/1401/XII/2013</no_skep><tgl_skep>2013-12-23</tgl_skep></jabatan><jabatan><jabatan>AGENDARIS SUBBAG MIN WAMEN BAG DUKMIN WAMEN ROTU SETJEN KEMHAN</jabatan><tmt_jab>2014-12-31</tmt_jab><no_skep>KEP/1485/XII/2014</no_skep><tgl_skep>2014-12-18</tgl_skep></jabatan></riwayat_jabatan><riwayat_pendidikan><pendidikan_umum><pendidikan><nama_dik>SEKOLAH DASAR</nama_dik><tahun_lulus>1984</tahun_lulus></pendidikan><pendidikan><nama_dik>SEKOLAH LANJUTAN TINGKAT PERTAMA (SLTP)</nama_dik><tahun_lulus>1987</tahun_lulus></pendidikan><pendidikan><nama_dik>SEKOLAH LANJUTAN TINGKAT ATAS (SLTA)</nama_dik><tahun_lulus>1990</tahun_lulus></pendidikan></pendidikan_umum><pendidikan_pembentukan><pendidikan><nama_dik>LATPRAJAB TK II</nama_dik><tahun_lulus>2006</tahun_lulus></pendidikan><pendidikan><nama_dik>TAR KESEKRETARIATAN</nama_dik><tahun_lulus>2006</tahun_lulus></pendidikan></pendidikan_pembentukan></riwayat_pendidikan><riwayat_penugasan></riwayat_penugasan><riwayat_tanda_jasa></riwayat_tanda_jasa><riwayat_bahasa><bahasa><nama_bahasa>JAWA</nama_bahasa><keterangan>AKTIF</keterangan></bahasa><bahasa><nama_bahasa>SUNDA</nama_bahasa><keterangan>PASIF</keterangan></bahasa><bahasa><nama_bahasa>BETAWI</nama_bahasa><keterangan>AKTIF</keterangan></bahasa><bahasa><nama_bahasa>INGGRIS</nama_bahasa><keterangan>PASIF</keterangan></bahasa></riwayat_bahasa><riwayat_keluarga><keluarga><nama_keluarga>Wiwi Koryawati</nama_keluarga><jenis_kelamin>PEREMPUAN</jenis_kelamin><tgl_lahir>1964-09-28</tgl_lahir><hubungan>ISTRI</hubungan></keluarga><keluarga><nama_keluarga>Dimas Arif Fadillah</nama_keluarga><jenis_kelamin>LAKI-LAKI</jenis_kelamin><tgl_lahir>1998-03-03</tgl_lahir><hubungan>ANAK</hubungan></keluarga></riwayat_keluarga></personil_kemhan>
