<personil_kemhan><nopeg>197604112001121001</nopeg><nip>030245364</nip><nrp_nip>197604112001121001</nrp_nip><nama>DWINANTO WIBOWO</nama><tempat_lahir>Jakarta</tempat_lahir><tgl_lahir>1976-04-11</tgl_lahir><jenis_kelamin>LAKI-LAKI</jenis_kelamin><unit_organisasi>U.O. KEMHAN</unit_organisasi><jenis_personil>PNS</jenis_personil><pangkat>PENGATUR TK.I II/D</pangkat><pangkat_corps>PENGATUR TK.I II/D </pangkat_corps><tmt_pangkat>2014-04-01</tmt_pangkat><angkatan_korps>PNS</angkatan_korps><kategori_pangkat>II/C</kategori_pangkat><jabatan>OPERATOR KOMPUTER SUBDIT PERATURAN</jabatan><satker>DIT KUMSTRA DITJEN STRAHAN KEMHAN</satker><kode_jabatan>ANGGOTA</kode_jabatan><tmt_jabatan>2011-03-07</tmt_jabatan><eselon_jabatan>99</eselon_jabatan><kategori>ORGANIK</kategori><tmt_tni>2003-07-01</tmt_tni><tmt_kemhan>2001-12-01</tmt_kemhan><agama>ISLAM</agama><file_foto_1>foto/197604112001121001.jpg</file_foto_1><file_foto_2>foto/030245364.jpg</file_foto_2><riwayat_pangkat><pangkat><pangkat>CAPEG II/A</pangkat><tmt_pkt>2001-12-01</tmt_pkt><no_skep>SKEP/559/V/2002</no_skep><tgl_skep>2002-05-31</tgl_skep></pangkat><pangkat><pangkat>PENGATUR MUDA II/A</pangkat><tmt_pkt>2003-07-01</tmt_pkt><no_skep>SKEP/1237/VII/2003</no_skep><tgl_skep>2003-07-18</tgl_skep></pangkat><pangkat><pangkat>PENGATUR MUDA TK.I  II/B</pangkat><tmt_pkt>2006-04-01</tmt_pkt><no_skep>SKEP/156/III/2006</no_skep><tgl_skep>2006-03-09</tgl_skep></pangkat><pangkat><pangkat>PENGATUR II/C</pangkat><tmt_pkt>2010-04-01</tmt_pkt><no_skep>KEP/153/III/2010</no_skep><tgl_skep>2010-03-12</tgl_skep></pangkat><pangkat><pangkat>PENGATUR TK.I II/D</pangkat><tmt_pkt>2014-04-01</tmt_pkt><no_skep>SPRIN/273/III/2014</no_skep><tgl_skep>2014-03-27</tgl_skep></pangkat></riwayat_pangkat><riwayat_jabatan><jabatan><jabatan>Anggota Biro Hukum Setjen Dephan</jabatan><tmt_jab>2002-06-28</tmt_jab><no_skep>SPRIN/272/VI/2002</no_skep><tgl_skep>2002-06-28</tgl_skep></jabatan><jabatan><jabatan>Turtik/Opr. Komp. Bag Yankum Rokum Setjen Dephan</jabatan><tmt_jab>2002-07-18</tmt_jab><no_skep>SPRIN/31/VII/2002</no_skep><tgl_skep>2002-07-18</tgl_skep></jabatan><jabatan><jabatan>Turtik/Opr. Komp. Tafung Gol.IV Rokum Setjen Dephan</jabatan><tmt_jab>2004-10-18</tmt_jab><no_skep>SPRIN/55/X/2004</no_skep><tgl_skep>2004-10-18</tgl_skep></jabatan><jabatan><jabatan>Turtik/Opr. Komp. Kabag Yankum Rokum Setjen Dephan</jabatan><tmt_jab>2005-02-04</tmt_jab><no_skep>SPRIN/008/II/2005</no_skep><tgl_skep>2005-02-04</tgl_skep></jabatan><jabatan><jabatan>Anggota Subbag Minro Bag Yankum Biro Hukum Setjen Dephan</jabatan><tmt_jab>2007-09-01</tmt_jab><no_skep>SKEP/735/IX/2007</no_skep><tgl_skep>2007-09-20</tgl_skep></jabatan><jabatan><jabatan>Anggota Subbag Ren Undang Bag Undang Rohukum Setjen Dephan</jabatan><tmt_jab>2010-02-11</tmt_jab><no_skep>SPRIN/09/II/2010</no_skep><tgl_skep>2010-02-11</tgl_skep></jabatan><jabatan><jabatan>OPERATOR KOMPUTER  BAG UNDANG</jabatan><tmt_jab>2010-05-24</tmt_jab><no_skep>KEP/348/V/2010</no_skep><tgl_skep>2010-05-26</tgl_skep></jabatan><jabatan><jabatan>OPERATOR KOMPUTER SUBDIT PERATURAN  DIT KUMSTRA DITJEN STRAHAN KEMHAN</jabatan><tmt_jab>2011-03-07</tmt_jab><no_skep>KEP MENHAN NOMOR : KEP/150/III/2011</no_skep><tgl_skep>2011-03-09</tgl_skep></jabatan></riwayat_jabatan><riwayat_pendidikan><pendidikan_umum><pendidikan><nama_dik>SEKOLAH DASAR</nama_dik><tahun_lulus>1988</tahun_lulus></pendidikan><pendidikan><nama_dik>SEKOLAH LANJUTAN TINGKAT PERTAMA (SLTP)</nama_dik><tahun_lulus>1991</tahun_lulus></pendidikan><pendidikan><nama_dik>SEKOLAH LANJUTAN TINGKAT ATAS (SLTA)</nama_dik><tahun_lulus>1994</tahun_lulus></pendidikan></pendidikan_umum><pendidikan_pembentukan><pendidikan><nama_dik>LATPRAJAB TK II</nama_dik><tahun_lulus>2003</tahun_lulus></pendidikan><pendidikan><nama_dik>SUS OPR KOMPUTER</nama_dik><tahun_lulus>2006</tahun_lulus></pendidikan><pendidikan><nama_dik>DIKLAT BELA NEGARA ANGKATAN II</nama_dik><tahun_lulus>2013</tahun_lulus></pendidikan></pendidikan_pembentukan></riwayat_pendidikan><riwayat_penugasan></riwayat_penugasan><riwayat_tanda_jasa></riwayat_tanda_jasa><riwayat_bahasa><bahasa><nama_bahasa>JAWA</nama_bahasa><keterangan>AKTIF</keterangan></bahasa><bahasa><nama_bahasa>INDONESIA</nama_bahasa><keterangan>AKTIF</keterangan></bahasa></riwayat_bahasa><riwayat_keluarga><keluarga><nama_keluarga>NURHAYATI</nama_keluarga><jenis_kelamin>PEREMPUAN</jenis_kelamin><tgl_lahir>1979-07-07</tgl_lahir><hubungan>ISTRI</hubungan></keluarga><keluarga><nama_keluarga>RIZKI MAULANA WIBOWO</nama_keluarga><jenis_kelamin>LAKI-LAKI</jenis_kelamin><tgl_lahir>1998-05-29</tgl_lahir><hubungan>ANAK</hubungan></keluarga><keluarga><nama_keluarga>AURA ANAYA MAULIDINA</nama_keluarga><jenis_kelamin>PEREMPUAN</jenis_kelamin><tgl_lahir>2009-03-16</tgl_lahir><hubungan>ANAK</hubungan></keluarga></riwayat_keluarga></personil_kemhan>
