<personil_kemhan><nopeg>196904121990032001</nopeg><nip>030205101</nip><nrp_nip>196904121990032001</nrp_nip><nama>SUKINAH</nama><tempat_lahir>Wonogiri</tempat_lahir><tgl_lahir>1969-04-12</tgl_lahir><jenis_kelamin>PEREMPUAN</jenis_kelamin><unit_organisasi>U.O. KEMHAN</unit_organisasi><jenis_personil>PNS</jenis_personil><pangkat>PENATA MUDA TK.I III/B</pangkat><pangkat_corps>PENATA MUDA TK.I III/B </pangkat_corps><tmt_pangkat>2010-10-01</tmt_pangkat><angkatan_korps>PNS</angkatan_korps><sumber_pa_gol_3>UJIAN DINAS</sumber_pa_gol_3><tmt_pa_gol_3>2006-10-01</tmt_pa_gol_3><kategori_pangkat>III/B</kategori_pangkat><jabatan>PENGOLAH BAHAN MINLUGRI SUBBAGBANG BAGADABANGPEG</jabatan><satker>ROPEG SETJEN KEMHAN</satker><kode_jabatan>ANGGOTA</kode_jabatan><tmt_jabatan>2014-12-31</tmt_jabatan><eselon_jabatan>99</eselon_jabatan><kategori>ORGANIK</kategori><tmt_tni>1992-02-01</tmt_tni><tmt_kemhan>1990-03-01</tmt_kemhan><agama>ISLAM</agama><file_foto_1>foto/196904121990032001.jpg</file_foto_1><file_foto_2>foto/030205101.jpg</file_foto_2><riwayat_pangkat><pangkat><pangkat>CAPEG II/A</pangkat><tmt_pkt>1990-03-01</tmt_pkt><no_skep>SKEP/353/IV/1990</no_skep><tgl_skep>1990-04-04</tgl_skep></pangkat><pangkat><pangkat>PENGATUR MUDA II/A</pangkat><tmt_pkt>1992-01-01</tmt_pkt><no_skep>SKEP/2484/XII/1991</no_skep><tgl_skep>1991-12-26</tgl_skep></pangkat><pangkat><pangkat>PENGATUR MUDA TK.I  II/B</pangkat><tmt_pkt>1994-10-01</tmt_pkt><no_skep>03-09/00666/KEP/X/1994</no_skep><tgl_skep>1994-08-23</tgl_skep></pangkat><pangkat><pangkat>PENGATUR II/C</pangkat><tmt_pkt>1998-10-01</tmt_pkt><no_skep>03-09/00029/KEP/X/1998</no_skep><tgl_skep>1998-11-04</tgl_skep></pangkat><pangkat><pangkat>PENGATUR TK.I II/D</pangkat><tmt_pkt>2002-10-01</tmt_pkt><no_skep>SKEP/18/I/2003</no_skep><tgl_skep>2003-01-09</tgl_skep></pangkat><pangkat><pangkat>PENATA MUDA III/A</pangkat><tmt_pkt>2006-10-01</tmt_pkt><no_skep>SKEP/619/VIII/2006</no_skep><tgl_skep>2006-08-24</tgl_skep></pangkat><pangkat><pangkat>PENATA MUDA TK.I III/B</pangkat><tmt_pkt>2010-10-01</tmt_pkt><no_skep>KEP MENHAN NOMOR : 642/IX/2010</no_skep><tgl_skep>2010-09-14</tgl_skep></pangkat></riwayat_pangkat><riwayat_jabatan><jabatan><jabatan>ANGG BAGRUMGA ROUM SETJEN DEPHAN</jabatan><tmt_jab>1990-03-01</tmt_jab><no_skep>SKEP/353/IV/1990</no_skep><tgl_skep>1990-04-04</tgl_skep></jabatan><jabatan><jabatan>ANGG SUBBAG WATJAH BAGPERS ROUM SETJEN</jabatan><tmt_jab>1993-07-01</tmt_jab><no_skep>SPRIN/1416/VII/1993</no_skep><tgl_skep>1993-07-12</tgl_skep></jabatan><jabatan><jabatan>TURMIN IDIOLOGI SUBBAG WATJAH BAGPERS ROUM</jabatan><tmt_jab>1998-09-01</tmt_jab><no_skep>SKEP/112/IX/1998</no_skep><tgl_skep>1998-09-01</tgl_skep></jabatan><jabatan><jabatan>TURMINKAT PNS SUBBAG MUTASI BAGPERS ROUM SETJEN DEPHAN</jabatan><tmt_jab>1998-12-01</tmt_jab><no_skep>SKEP/35/1/1999</no_skep><tgl_skep>1998-01-26</tgl_skep></jabatan><jabatan><jabatan>TURMIN SUBBAGKAT BAGBINKARPEG ROPEG</jabatan><tmt_jab>2001-03-01</tmt_jab><no_skep>SKEP/278/III/2001</no_skep><tgl_skep>2001-03-28</tgl_skep></jabatan><jabatan><jabatan>ANGGOTA SUBBAGKAT BAGKARPEG ROPEG SETJEN DEPHAN</jabatan><tmt_jab>2006-03-01</tmt_jab><no_skep>SKEP/201/III/2006</no_skep><tgl_skep>2006-03-01</tgl_skep></jabatan><jabatan><jabatan>PENGOLAH KEPANGKATAN TNI SUBBAGKAT BAGKARPEG ROPEG SETJEN KEMHAN</jabatan><tmt_jab>2010-05-17</tmt_jab><no_skep>Kep Menhan Nomor : KEP/321/V/2010</no_skep><tgl_skep>2010-05-17</tgl_skep></jabatan><jabatan><jabatan>PENYUSUN BAHAN KAT TNI DAN PNS SUBBAGKAT BAGKARPEG ROPEG SETJEN KEMHAN</jabatan><tmt_jab>2011-04-01</tmt_jab><no_skep>Kep/281/IV/2011</no_skep><tgl_skep>2011-04-19</tgl_skep></jabatan><jabatan><jabatan>PENGOLAH BAHAN MINLUGRI SUBBAG BANG BAGADABANGPEG ROPEG SETJEN KEMHAN</jabatan><tmt_jab>2013-10-30</tmt_jab><no_skep>KEP/1200/XI/2013</no_skep><tgl_skep>2013-11-15</tgl_skep></jabatan><jabatan><jabatan>PENGOLAH BAHAN MINLUGRI SUBBAGBANG BAGADABANGPEG ROPEG SETJEN KEMHAN</jabatan><tmt_jab>2014-12-31</tmt_jab><no_skep>KEP/1485/XII/2014</no_skep><tgl_skep>2014-12-18</tgl_skep></jabatan></riwayat_jabatan><riwayat_pendidikan><pendidikan_umum><pendidikan><nama_dik>SEKOLAH DASAR</nama_dik><tahun_lulus>1982</tahun_lulus></pendidikan><pendidikan><nama_dik>SEKOLAH MENENGAH PERTAMA (SMP)</nama_dik><tahun_lulus>1985</tahun_lulus></pendidikan><pendidikan><nama_dik>SEKOLAH MENENGAH ATAS (SMA)</nama_dik><tahun_lulus>1988</tahun_lulus></pendidikan></pendidikan_umum><pendidikan_pembentukan><pendidikan><nama_dik>LAT PRAJAB</nama_dik><tahun_lulus>1991</tahun_lulus></pendidikan><pendidikan><nama_dik>SUS ARSIP ANGKATAN IV</nama_dik><tahun_lulus>1992</tahun_lulus></pendidikan><pendidikan><nama_dik>SUS OPERATOR KOMPUTER</nama_dik><tahun_lulus>1996</tahun_lulus></pendidikan><pendidikan><nama_dik>UJIAN DINAS TK.I</nama_dik><tahun_lulus>2005</tahun_lulus></pendidikan></pendidikan_pembentukan></riwayat_pendidikan><riwayat_penugasan></riwayat_penugasan><riwayat_tanda_jasa><tanda_jasa><nama_tanda_jasa>SATYALANCANA KARYA SATYA XX TAHUN</nama_tanda_jasa><no_skep>62/TK/TAHUN 2010</no_skep><tgl_skep>2010-12-01</tgl_skep></tanda_jasa></riwayat_tanda_jasa><riwayat_bahasa><bahasa><nama_bahasa>JAWA</nama_bahasa><keterangan>AKTIF</keterangan></bahasa></riwayat_bahasa><riwayat_keluarga><keluarga><nama_keluarga>SUNARYA</nama_keluarga><jenis_kelamin>LAKI-LAKI</jenis_kelamin><tgl_lahir>1963-12-09</tgl_lahir><hubungan>SUAMI</hubungan></keluarga><keluarga><nama_keluarga>MILA SYEHIRA HUTAMI</nama_keluarga><jenis_kelamin>PEREMPUAN</jenis_kelamin><tgl_lahir>2000-04-15</tgl_lahir><hubungan>ANAK</hubungan></keluarga><keluarga><nama_keluarga>MIRA SYEHIKA HUTAMI</nama_keluarga><jenis_kelamin>PEREMPUAN</jenis_kelamin><tgl_lahir>2000-04-15</tgl_lahir><hubungan>ANAK</hubungan></keluarga></riwayat_keluarga></personil_kemhan>
