<personil_kemhan><nopeg>33093</nopeg><nip>33093</nip><nrp_nip>33093</nrp_nip><nama>HARY AGUS SUNARTO</nama><gelar>Drs.</gelar><tempat_lahir>Ponorogo</tempat_lahir><tgl_lahir>1962-08-20</tgl_lahir><jenis_kelamin>LAKI-LAKI</jenis_kelamin><unit_organisasi>U.O. KEMHAN</unit_organisasi><jenis_personil>TNI</jenis_personil><pangkat>KOLONEL</pangkat><pangkat_corps>KOLONEL INF</pangkat_corps><tmt_pangkat>2011-10-01</tmt_pangkat><angkatan_korps>TNI AD</angkatan_korps><sumber_pa_gol_3>SEPAMILWA</sumber_pa_gol_3><tmt_pa_gol_3>1986-06-18</tmt_pa_gol_3><kategori_pangkat>KOLONEL</kategori_pangkat><jabatan>KAPUS PENELITIAN BELA NEGARA LEMBAGA PENELITIAN DAN PENGABDIAN KEPADA MASYARAKAT</jabatan><satker>UNHAN KEMHAN</satker><kode_jabatan>FUNGSIONAL</kode_jabatan><tmt_jabatan>2013-04-01</tmt_jabatan><eselon_jabatan>99</eselon_jabatan><kategori>ORGANIK</kategori><tmt_tni>1986-06-18</tmt_tni><tmt_kemhan>2003-10-15</tmt_kemhan><agama>ISLAM</agama><file_foto_1>foto/33093.jpg</file_foto_1><file_foto_2>foto/33093.jpg</file_foto_2><riwayat_pangkat><pangkat><pangkat>LETTU</pangkat><tmt_pkt>1986-06-18</tmt_pkt><no_skep>SKEP/44/ABRI/1986</no_skep><tgl_skep>1986-06-16</tgl_skep></pangkat><pangkat><pangkat>KAPTEN</pangkat><tmt_pkt>1993-10-01</tmt_pkt><no_skep>SKEP/100/III/1993</no_skep><tgl_skep>1993-03-20</tgl_skep></pangkat><pangkat><pangkat>MAYOR</pangkat><tmt_pkt>1997-10-01</tmt_pkt><no_skep>SKEP/494/IX/1997</no_skep><tgl_skep>1997-09-26</tgl_skep></pangkat><pangkat><pangkat>LETKOL</pangkat><tmt_pkt>2003-10-01</tmt_pkt><no_skep>SKEP/292/IX/2003</no_skep><tgl_skep>2003-09-16</tgl_skep></pangkat><pangkat><pangkat>KOLONEL</pangkat><tmt_pkt>2011-10-01</tmt_pkt><no_skep>KEPPRES 61/TNI/TAHUN 2011</no_skep><tgl_skep>2011-09-19</tgl_skep></pangkat></riwayat_pangkat><riwayat_jabatan><jabatan><jabatan>PAMA KODAM IV/DIP</jabatan><tmt_jab>1986-06-01</tmt_jab><no_skep>SKEP/527/VI/1986</no_skep><tgl_skep>1986-06-07</tgl_skep></jabatan><jabatan><jabatan>PAURTIH SITIH JASDAM IV/DIP</jabatan><tmt_jab>1987-03-01</tmt_jab><no_skep>SKEP/J/49/1987</no_skep><tgl_skep>1987-03-13</tgl_skep></jabatan><jabatan><jabatan>KAJASREM 071/WK DAM IV/DIP</jabatan><tmt_jab>1991-09-01</tmt_jab><no_skep>SKEP/J/252/-04/1991</no_skep><tgl_skep>1991-10-07</tgl_skep></jabatan><jabatan><jabatan>PS. KATIM JASMIL SDIRUM RINDAM VI/TPR</jabatan><tmt_jab>1996-07-27</tmt_jab><no_skep>SKEP/259/VII/1996</no_skep><tgl_skep>1996-07-25</tgl_skep></jabatan><jabatan><jabatan>DAN DENMA RINDAM VI/TPR</jabatan><tmt_jab>1996-10-26</tmt_jab><no_skep>SPRIN/329/X/1996</no_skep><tgl_skep>1996-10-26</tgl_skep></jabatan><jabatan><jabatan>KASI MINDIK SDIRDIK RINDAM VI/TPR</jabatan><tmt_jab>1997-06-10</tmt_jab><no_skep>SPRIN/098/VI/1997</no_skep><tgl_skep>1997-06-04</tgl_skep></jabatan><jabatan><jabatan>PASIOPSDIK RINDAM VI/TPR</jabatan><tmt_jab>1999-03-01</tmt_jab><no_skep>SPRIN/012/III/1999</no_skep><tgl_skep>1999-03-27</tgl_skep></jabatan><jabatan><jabatan>PS KASDIM 1014/PBN REM 102/PJG</jabatan><tmt_jab>1999-05-01</tmt_jab><no_skep>SPRIN/61/V/1999</no_skep><tgl_skep>1999-05-01</tgl_skep></jabatan><jabatan><jabatan>KASDIM 1014/PBN REM 102/PJG</jabatan><tmt_jab>1999-12-14</tmt_jab><no_skep>SKEP/704/XII/2001</no_skep><tgl_skep>1999-12-30</tgl_skep></jabatan><jabatan><jabatan>KASIPERS REM 102/PJG DAM VI/TPR</jabatan><tmt_jab>2001-09-01</tmt_jab><no_skep>SKEP/229/IX/2001</no_skep><tgl_skep>2001-09-04</tgl_skep></jabatan><jabatan><jabatan>PAMEN MABES TNI</jabatan><tmt_jab>2003-06-01</tmt_jab><no_skep>SKEP/147/VII/2003</no_skep><tgl_skep>2003-06-01</tgl_skep></jabatan><jabatan><jabatan>PAMEN DEPHAN RI</jabatan><tmt_jab>2003-09-01</tmt_jab><no_skep>SKEP/311/X/2003-PANG TNI</no_skep><tgl_skep>2003-09-01</tgl_skep></jabatan><jabatan><jabatan>KASUBBAGBINJAS BAGWATPEG ROPEG</jabatan><tmt_jab>2003-10-15</tmt_jab><no_skep>SKEP/1512/X/2003</no_skep><tgl_skep>2003-10-23</tgl_skep></jabatan><jabatan><jabatan>KASUBBAGJAS BAGWATPEG ROPEG</jabatan><tmt_jab>2006-01-01</tmt_jab><no_skep>SKEP/1097/XII/2005</no_skep><tgl_skep>2005-12-28</tgl_skep></jabatan><jabatan><jabatan>Kasubbag Yanum Urdal Bagrumga Roum Setjen Dephan</jabatan><tmt_jab>2007-07-14</tmt_jab><no_skep>SPRIN/1148/VIII/2007</no_skep><tgl_skep>2007-07-14</tgl_skep></jabatan><jabatan><jabatan>Kasubbag Sahlurja Bag Karpeg Ropeg Setjen Dephan</jabatan><tmt_jab>2010-07-26</tmt_jab><no_skep>KEP MENHAN NOMOR : KEP/574/VIII/2010</no_skep><tgl_skep>2010-08-06</tgl_skep></jabatan><jabatan><jabatan>KASUBBAG JAB B  BAG KARPEG ROPEG SETJEN KEMHAN</jabatan><tmt_jab>2010-09-28</tmt_jab><no_skep>KEP MENHAN NOMOR : KEP/681/IX/2010</no_skep><tgl_skep>2010-09-28</tgl_skep></jabatan><jabatan><jabatan>ANALIS MADYA BID ADABANGPEG ROPEG SETJEN KEMHAN</jabatan><tmt_jab>2011-10-01</tmt_jab><no_skep>KEP/164/III/2011</no_skep><tgl_skep>2011-03-10</tgl_skep></jabatan><jabatan><jabatan>KAPUS PENELITIAN BELA NEGARA LEMBAGA PENELITIAN DAN PENGABDIAN KEPADA MASYARAKAT UNHAN KEMHAN</jabatan><tmt_jab>2013-04-01</tmt_jab><no_skep>KEP/358/IV/2013</no_skep><tgl_skep>2013-04-12</tgl_skep></jabatan></riwayat_jabatan><riwayat_pendidikan><pendidikan_umum><pendidikan><nama_dik>SEKOLAH DASAR</nama_dik><tahun_lulus>1974</tahun_lulus></pendidikan><pendidikan><nama_dik>SEKOLAH LANJUTAN TINGKAT PERTAMA (SLTP)</nama_dik><tahun_lulus>1977</tahun_lulus></pendidikan><pendidikan><nama_dik>SEKOLAH LANJUTAN TINGKAT ATAS (SLTA)</nama_dik><tahun_lulus>1981</tahun_lulus></pendidikan><pendidikan><nama_dik>SARJANA (S1)</nama_dik><tahun_lulus>1985</tahun_lulus></pendidikan></pendidikan_umum><pendidikan_pembentukan><pendidikan><nama_dik>SEPA WAMIL</nama_dik><tahun_lulus>1986</tahun_lulus></pendidikan><pendidikan><nama_dik>SUS JUR PA JASMIL</nama_dik><tahun_lulus>1988</tahun_lulus></pendidikan><pendidikan><nama_dik>SEKALIHPA</nama_dik><tahun_lulus>1990</tahun_lulus></pendidikan><pendidikan><nama_dik>SUS LAPA 1</nama_dik><tahun_lulus>1993</tahun_lulus></pendidikan><pendidikan><nama_dik>SUS LAPA 2</nama_dik><tahun_lulus>1996</tahun_lulus></pendidikan><pendidikan><nama_dik>TAR PHH</nama_dik><tahun_lulus>1998</tahun_lulus></pendidikan><pendidikan><nama_dik>TAR PHH &amp; UU NO. 9</nama_dik><tahun_lulus>1999</tahun_lulus></pendidikan><pendidikan><nama_dik>WORKSHOP ESL. IV GEL. III TGL. 26 s.d. 27 SEP 2007</nama_dik><tahun_lulus>2007</tahun_lulus></pendidikan><pendidikan><nama_dik>SUSFUNGLITBANGHAN</nama_dik><tahun_lulus>2008</tahun_lulus></pendidikan><pendidikan><nama_dik>WORKSHOP SISHANNEG ESL. III</nama_dik><tahun_lulus>2011</tahun_lulus></pendidikan></pendidikan_pembentukan></riwayat_pendidikan><riwayat_penugasan><penugasan><negara>SINGAPORE</negara><tahun>2010</tahun><uraian>English Communication Skills Course</uraian></penugasan></riwayat_penugasan><riwayat_tanda_jasa><tanda_jasa><nama_tanda_jasa>SATYALANCANA DWIDYA SISTHA</nama_tanda_jasa><tgl_skep>1990-01-01</tgl_skep></tanda_jasa><tanda_jasa><nama_tanda_jasa>SATYALANCANA KESETIAAN VIII TAHUN</nama_tanda_jasa><tgl_skep>1998-04-22</tgl_skep></tanda_jasa><tanda_jasa><nama_tanda_jasa>SATYALANCANA KESETIAAN XVI TAHUN</nama_tanda_jasa><tgl_skep>2004-02-19</tgl_skep></tanda_jasa><tanda_jasa><nama_tanda_jasa>SATYALANCANA KESETIAAN XXIV TAHUN</nama_tanda_jasa><no_skep>KEPPRES RI 12/TK/TAHUN 2011</no_skep><tgl_skep>2011-03-09</tgl_skep></tanda_jasa><tanda_jasa><nama_tanda_jasa>BINTANG KARTIKA EKA PAKSI NARARYA</nama_tanda_jasa><no_skep>KEPPRES RI NO. 19/TK/TAHUN 2012</no_skep><tgl_skep>2012-04-10</tgl_skep></tanda_jasa></riwayat_tanda_jasa><riwayat_bahasa><bahasa><nama_bahasa>JAWA</nama_bahasa><keterangan>AKTIF</keterangan></bahasa><bahasa><nama_bahasa>INGGRIS</nama_bahasa><keterangan>PASIF</keterangan></bahasa></riwayat_bahasa><riwayat_keluarga><keluarga><nama_keluarga>A. SETIYATININGSIH</nama_keluarga><jenis_kelamin>PEREMPUAN</jenis_kelamin><tgl_lahir>1969-08-10</tgl_lahir><hubungan>ISTRI</hubungan></keluarga><keluarga><nama_keluarga>RYESTA DERRY PERMADI</nama_keluarga><jenis_kelamin>LAKI-LAKI</jenis_kelamin><tgl_lahir>1991-04-20</tgl_lahir><hubungan>ANAK</hubungan></keluarga><keluarga><nama_keluarga>DEVA RAMA RYESTA</nama_keluarga><jenis_kelamin>LAKI-LAKI</jenis_kelamin><tgl_lahir>1998-12-01</tgl_lahir><hubungan>ANAK</hubungan></keluarga><keluarga><nama_keluarga>ELSA MAYA RYESTA</nama_keluarga><jenis_kelamin>PEREMPUAN</jenis_kelamin><tgl_lahir>2005-11-28</tgl_lahir><hubungan>ANAK</hubungan></keluarga></riwayat_keluarga></personil_kemhan>
