<personil_kemhan><nopeg>196111241993031001</nopeg><nip>030222783</nip><nrp_nip>196111241993031001</nrp_nip><nama>BAMBANG SUPRIYADI</nama><tempat_lahir>Sala</tempat_lahir><tgl_lahir>1961-11-24</tgl_lahir><jenis_kelamin>LAKI-LAKI</jenis_kelamin><unit_organisasi>U.O. KEMHAN</unit_organisasi><jenis_personil>PNS</jenis_personil><pangkat>PENATA MUDA TK.I III/B</pangkat><pangkat_corps>PENATA MUDA TK.I III/B </pangkat_corps><tmt_pangkat>2013-04-01</tmt_pangkat><angkatan_korps>PNS</angkatan_korps><sumber_pa_gol_3>UJIAN DINAS</sumber_pa_gol_3><tmt_pa_gol_3>2009-04-01</tmt_pa_gol_3><kategori_pangkat>III/B</kategori_pangkat><jabatan>PENGADMINISTRASI SURAT MASUK DAN KELUAR SUBBAG MIN SEKJEN BAG DUKMIN SEKJEN ROTU SETJEN KEMHAN</jabatan><satker>ROTU SETJEN KEMHAN</satker><kode_jabatan>ANGGOTA</kode_jabatan><tmt_jabatan>2011-04-01</tmt_jabatan><eselon_jabatan>99</eselon_jabatan><kategori>ORGANIK</kategori><tmt_tni>1994-07-01</tmt_tni><agama>PROTESTAN</agama><file_foto_1>foto/196111241993031001.jpg</file_foto_1><file_foto_2>foto/030222783.jpg</file_foto_2><riwayat_pangkat><pangkat><pangkat>CAPEG II/A</pangkat><tmt_pkt>1993-03-01</tmt_pkt><no_skep>SKEP/1802/VII/1993</no_skep><tgl_skep>1993-07-03</tgl_skep></pangkat><pangkat><pangkat>PENGATUR MUDA II/A</pangkat><tmt_pkt>1994-07-01</tmt_pkt><no_skep>SKEP/645/VI/1994</no_skep><tgl_skep>1994-06-17</tgl_skep></pangkat><pangkat><pangkat>PENGATUR MUDA TK.I  II/B</pangkat><tmt_pkt>1996-04-01</tmt_pkt><no_skep>03-09/00007/KEP/IV/1996</no_skep><tgl_skep>1996-04-18</tgl_skep></pangkat><pangkat><pangkat>PENGATUR II/C</pangkat><tmt_pkt>2000-04-01</tmt_pkt><no_skep>03-09.00/017/KEP/IV/2000</no_skep><tgl_skep>2000-06-12</tgl_skep></pangkat><pangkat><pangkat>PENGATUR TK.I II/D</pangkat><tmt_pkt>2004-04-01</tmt_pkt><no_skep>SKEP/98/II/2004</no_skep><tgl_skep>2004-02-26</tgl_skep></pangkat><pangkat><pangkat>PENATA MUDA III/A</pangkat><tmt_pkt>2009-04-01</tmt_pkt><no_skep>KEP MENHAN NOMOR : KEP/34/III/2009</no_skep><tgl_skep>2009-03-11</tgl_skep></pangkat><pangkat><pangkat>PENATA MUDA TK.I III/B</pangkat><tmt_pkt>2013-04-01</tmt_pkt><no_skep>KEP/278/III/2013</no_skep><tgl_skep>2013-03-27</tgl_skep></pangkat></riwayat_pangkat><riwayat_jabatan><jabatan><jabatan>ANGG SUBBAGMINU BAG TU ROUM</jabatan><tmt_jab>1899-12-30</tmt_jab><tgl_skep>1899-12-30</tgl_skep></jabatan><jabatan><jabatan>PENGATUR PEMB TATA NASKAH</jabatan><tmt_jab>1899-12-30</tmt_jab><tgl_skep>1899-12-30</tgl_skep></jabatan><jabatan><jabatan>ANGG SUBBAG MINU BAG TU ROUM</jabatan><tmt_jab>1993-06-24</tmt_jab><no_skep>SPRIN/1286/VI/1993</no_skep><tgl_skep>1899-12-30</tgl_skep></jabatan><jabatan><jabatan>PB TATA NASKAH SUBBAGMINU TU ROUM</jabatan><tmt_jab>1998-09-01</tmt_jab><no_skep>SKEP/1122/IX/1998</no_skep><tgl_skep>1998-09-14</tgl_skep></jabatan><jabatan><jabatan>ANGG SUBBAG MINU BAG TU ROUM</jabatan><tmt_jab>1998-09-28</tmt_jab><no_skep>SPRIN/987/IX/1998</no_skep><tgl_skep>1899-12-30</tgl_skep></jabatan><jabatan><jabatan>TURMIN PENILAIAN DOK SUBBAGMINU BAG TU UM ROTU</jabatan><tmt_jab>2001-03-01</tmt_jab><no_skep>SKEP/250/III/2001</no_skep><tgl_skep>2001-03-21</tgl_skep></jabatan><jabatan><jabatan>ANGG.SUBBAG RENMINRO BAG TU SEKJEN KEMHAN</jabatan><tmt_jab>2004-04-01</tmt_jab><no_skep>SKEP/260/V/2004</no_skep><tgl_skep>2004-04-01</tgl_skep></jabatan><jabatan><jabatan>Anggota Subbag Banum bag Min Sekjen Rotu Setjen Dephan</jabatan><tmt_jab>2006-03-01</tmt_jab><no_skep>SKEP/192/III/2006</no_skep><tgl_skep>2006-03-21</tgl_skep></jabatan><jabatan><jabatan>Arsiparis Pelaksana Lanjutan Rotu Setjen Dephan</jabatan><tmt_jab>2009-03-01</tmt_jab><no_skep>SPRIN/418/IIX/2009</no_skep><tgl_skep>2009-11-03</tgl_skep></jabatan><jabatan><jabatan>PENGADMINISTRASI SURAT MASUK DAN KELUAR SUBBAG MIN SEKJEN BAG DUKMIN SEKJEN ROTU SETJEN KEMHAN ROTU SETJEN KEMHAN</jabatan><tmt_jab>2011-04-01</tmt_jab><no_skep>KEP/282/IV/2011</no_skep><tgl_skep>2011-04-19</tgl_skep></jabatan><jabatan><jabatan>PENGADMINISTRASI SURAT MASUK DAN KELUAR SUBBAG MIN SEKJEN BAG DUKMIN SEKJEN ROTU SETJEN KEMHAN</jabatan><no_skep>KEP/1485/XII/2014</no_skep><tgl_skep>2014-12-18</tgl_skep></jabatan></riwayat_jabatan><riwayat_pendidikan><pendidikan_umum><pendidikan><nama_dik>SEKOLAH DASAR</nama_dik><tahun_lulus>1973</tahun_lulus></pendidikan><pendidikan><nama_dik>SEKOLAH LANJUTAN TINGKAT PERTAMA (SLTP)</nama_dik><tahun_lulus>1976</tahun_lulus></pendidikan><pendidikan><nama_dik>SEKOLAH LANJUTAN TINGKAT ATAS (SLTA)</nama_dik><tahun_lulus>1980</tahun_lulus></pendidikan></pendidikan_umum><pendidikan_pembentukan><pendidikan><nama_dik>LATPRAJAB TK II</nama_dik><tahun_lulus>1994</tahun_lulus></pendidikan><pendidikan><nama_dik>SUS MIKRO KOMPUTER</nama_dik><tahun_lulus>1999</tahun_lulus></pendidikan><pendidikan><nama_dik>SUS SEKRETARIATAN</nama_dik><tahun_lulus>2006</tahun_lulus></pendidikan><pendidikan><nama_dik>UJIAN DINAS TK. I</nama_dik><tahun_lulus>2008</tahun_lulus></pendidikan></pendidikan_pembentukan></riwayat_pendidikan><riwayat_penugasan></riwayat_penugasan><riwayat_tanda_jasa><tanda_jasa><nama_tanda_jasa>SATYALANCANA KARYA SATYA X TAHUN</nama_tanda_jasa><no_skep>KEPPRES RI NOMOR:095/TK/TAHUN 2006</no_skep><tgl_skep>2006-11-23</tgl_skep></tanda_jasa><tanda_jasa><nama_tanda_jasa>SATYALANCANA KARYA SATYA XX TAHUN</nama_tanda_jasa><no_skep>KEPPRES RI NOMOR:104/TK/TAHUN 2013</no_skep><tgl_skep>2013-12-30</tgl_skep></tanda_jasa></riwayat_tanda_jasa><riwayat_bahasa><bahasa><nama_bahasa>JAWA</nama_bahasa><keterangan>AKTIF</keterangan></bahasa><bahasa><nama_bahasa>INGGRIS</nama_bahasa><keterangan>PASIF</keterangan></bahasa><bahasa><nama_bahasa>INDONESIA</nama_bahasa><keterangan>AKTIF</keterangan></bahasa></riwayat_bahasa><riwayat_keluarga><keluarga><nama_keluarga>TRI INDARWATI</nama_keluarga><jenis_kelamin>PEREMPUAN</jenis_kelamin><tgl_lahir>1960-05-02</tgl_lahir><hubungan>ISTRI</hubungan></keluarga><keluarga><nama_keluarga>RYAN ENDAR CHRISTIADI</nama_keluarga><jenis_kelamin>LAKI-LAKI</jenis_kelamin><tgl_lahir>1985-04-16</tgl_lahir><hubungan>ANAK</hubungan></keluarga><keluarga><nama_keluarga>RYKI FEBIAN CHRISTIADI</nama_keluarga><jenis_kelamin>LAKI-LAKI</jenis_kelamin><tgl_lahir>1995-02-06</tgl_lahir><hubungan>ANAK</hubungan></keluarga><keluarga><nama_keluarga>RENATA INTAN CHRISMAYADI</nama_keluarga><jenis_kelamin>PEREMPUAN</jenis_kelamin><tgl_lahir>2000-12-07</tgl_lahir><hubungan>ANAK</hubungan></keluarga></riwayat_keluarga></personil_kemhan>
