<personil_kemhan><nopeg>196208121992021001</nopeg><nip>030215279</nip><nrp_nip>196208121992021001</nrp_nip><nama>AGUS SUPARMAN</nama><tempat_lahir>Jakarta</tempat_lahir><tgl_lahir>1962-08-12</tgl_lahir><jenis_kelamin>LAKI-LAKI</jenis_kelamin><unit_organisasi>U.O. KEMHAN</unit_organisasi><jenis_personil>PNS</jenis_personil><pangkat>PENGATUR II/C</pangkat><pangkat_corps>PENGATUR II/C </pangkat_corps><tmt_pangkat>2012-04-01</tmt_pangkat><angkatan_korps>PNS</angkatan_korps><kategori_pangkat>II/C</kategori_pangkat><jabatan>OPERATOR MESIN CETAK SUBBAG PRODGANDA BAG MINU</jabatan><satker>ROTU SETJEN KEMHAN</satker><kode_jabatan>ANGGOTA</kode_jabatan><tmt_jabatan>2014-12-31</tmt_jabatan><eselon_jabatan>99</eselon_jabatan><kategori>ORGANIK</kategori><tmt_tni>1993-02-01</tmt_tni><tmt_kemhan>1993-02-01</tmt_kemhan><agama>ISLAM</agama><file_foto_1>foto/196208121992021001.jpg</file_foto_1><file_foto_2>foto/030215279.jpg</file_foto_2><riwayat_pangkat><pangkat><pangkat>CAPEG I/B</pangkat><tmt_pkt>1992-02-01</tmt_pkt><no_skep>SKEP/30/III/1992</no_skep><tgl_skep>1992-03-31</tgl_skep></pangkat><pangkat><pangkat>JURU MUDA TK. I  I/B</pangkat><tmt_pkt>1993-02-01</tmt_pkt><no_skep>SKEP/51/IV/1993</no_skep><tgl_skep>1993-04-10</tgl_skep></pangkat><pangkat><pangkat>JURU I/C</pangkat><tmt_pkt>1996-04-01</tmt_pkt><no_skep>03-09/0020/SKEP/IV/1996</no_skep><tgl_skep>1996-05-07</tgl_skep></pangkat><pangkat><pangkat>JURU TK.I  I/D</pangkat><tmt_pkt>2000-04-01</tmt_pkt><no_skep>03-09.00/016/KEP/IV/2000</no_skep><tgl_skep>2000-06-12</tgl_skep></pangkat><pangkat><pangkat>PENGATUR MUDA II/A</pangkat><tmt_pkt>2004-04-01</tmt_pkt><no_skep>SKEP/98/II/2004</no_skep><tgl_skep>2004-02-26</tgl_skep></pangkat><pangkat><pangkat>PENGATUR MUDA TK.I  II/B</pangkat><tmt_pkt>2008-04-01</tmt_pkt><no_skep>SKEP/143/III/2008</no_skep><tgl_skep>2008-03-06</tgl_skep></pangkat><pangkat><pangkat>PENGATUR II/C</pangkat><tmt_pkt>2012-04-01</tmt_pkt><no_skep>KEP/210/III/2012</no_skep><tgl_skep>2012-03-22</tgl_skep></pangkat></riwayat_pangkat><riwayat_jabatan><jabatan><jabatan>TABAN KIMA BABINKAR ABRI</jabatan><tmt_jab>1992-03-01</tmt_jab><no_skep>SPRIN/89/III/1992</no_skep><tgl_skep>1992-03-31</tgl_skep></jabatan><jabatan><jabatan>TABAN TONWAT KIMA BABINKAR ABRI</jabatan><tmt_jab>1996-04-01</tmt_jab><no_skep>SPRIN/147/VI/1996</no_skep><tgl_skep>1996-05-03</tgl_skep></jabatan><jabatan><jabatan>KURIR TU SUBBAG RENMINRO ROHUBANLEN</jabatan><tmt_jab>1999-09-09</tmt_jab><no_skep>SPRIN/77/IX/1999</no_skep><tgl_skep>1999-10-22</tgl_skep></jabatan><jabatan><jabatan>JURU PELAYAN STAF AHLI SUBBAG DUKUMPIM BAG BANUMPIM ROTU</jabatan><tmt_jab>2001-05-31</tmt_jab><no_skep>SKEP/357/V/2001</no_skep><tgl_skep>2001-04-01</tgl_skep></jabatan><jabatan><jabatan>TURYAN SA BAG BANUMPIN ROTU</jabatan><tmt_jab>2002-04-01</tmt_jab><no_skep>SPRIN/98/II/2004</no_skep><tgl_skep>1899-12-30</tgl_skep></jabatan><jabatan><jabatan>Anggota Subbag Banum Men Bagbanumpim Rotu Setjen Dephan</jabatan><tmt_jab>2006-03-01</tmt_jab><no_skep>SKEP/192/III/2006</no_skep><tgl_skep>2006-03-01</tgl_skep></jabatan><jabatan><jabatan>AGENDARIS SUBBAG BANUMMEN BAG TU DUK SEKJEN  ROTU SETJEN KEMHAN</jabatan><tmt_jab>2010-07-19</tmt_jab><no_skep>KEP/516/VII/2010</no_skep><tgl_skep>2010-07-27</tgl_skep></jabatan><jabatan><jabatan>PETUGAS POS KEMHAN BAG TAKAHDISSIP  ROTU SETJEN KEMHAN</jabatan><tmt_jab>2011-04-01</tmt_jab><no_skep>KEP/282/VI/2011</no_skep><tgl_skep>2011-04-19</tgl_skep></jabatan><jabatan><jabatan>OPERATOR MESIN CETAK SUBBAG PRODGANDA BAG MINU ROTU SETJEN KEMHAN</jabatan><tmt_jab>2014-12-31</tmt_jab><no_skep>KEP/1485/XII/2014</no_skep><tgl_skep>2014-12-18</tgl_skep></jabatan></riwayat_jabatan><riwayat_pendidikan><pendidikan_umum><pendidikan><nama_dik>SEKOLAH DASAR</nama_dik><tahun_lulus>1975</tahun_lulus></pendidikan><pendidikan><nama_dik>SEKOLAH MENENGAH PERTAMA (SMP)</nama_dik><tahun_lulus>1979</tahun_lulus></pendidikan><pendidikan><nama_dik>SEKOLAH MENENGAH ATAS (SMA)</nama_dik><tahun_lulus>1982</tahun_lulus></pendidikan><pendidikan><nama_dik>SARJANA MUDA (D.III)</nama_dik><tahun_lulus>1987</tahun_lulus></pendidikan></pendidikan_umum><pendidikan_pembentukan><pendidikan><nama_dik>LATPRAJAB TK I</nama_dik><tahun_lulus>1992</tahun_lulus></pendidikan><pendidikan><nama_dik>PENGEMBANGAN MOTIVASI BERPRESTASI</nama_dik><tahun_lulus>1992</tahun_lulus></pendidikan><pendidikan><nama_dik>USAHA MANDIRI</nama_dik><tahun_lulus>1992</tahun_lulus></pendidikan><pendidikan><nama_dik>KEWIRAAN (BELA NEGARA)</nama_dik><tahun_lulus>1995</tahun_lulus></pendidikan><pendidikan><nama_dik>TAR P-4</nama_dik><tahun_lulus>1996</tahun_lulus></pendidikan></pendidikan_pembentukan></riwayat_pendidikan><riwayat_penugasan></riwayat_penugasan><riwayat_tanda_jasa><tanda_jasa><nama_tanda_jasa>SATYALANCANA KARYA SATYA X TAHUN</nama_tanda_jasa><no_skep>095/TK/TAHUN 2006</no_skep><tgl_skep>2006-11-23</tgl_skep></tanda_jasa><tanda_jasa><nama_tanda_jasa>SATYALANCANA KARYA SATYA XX TAHUN</nama_tanda_jasa><no_skep>104/TK/TAHUN 2013</no_skep><tgl_skep>2013-12-30</tgl_skep></tanda_jasa></riwayat_tanda_jasa><riwayat_bahasa><bahasa><nama_bahasa>SUNDA</nama_bahasa><keterangan>AKTIF</keterangan></bahasa><bahasa><nama_bahasa>INDONESIA</nama_bahasa><keterangan>AKTIF</keterangan></bahasa></riwayat_bahasa><riwayat_keluarga><keluarga><nama_keluarga>NUR JAYUTI</nama_keluarga><jenis_kelamin>PEREMPUAN</jenis_kelamin><tgl_lahir>1966-06-05</tgl_lahir><hubungan>ISTRI</hubungan></keluarga><keluarga><nama_keluarga>ALMIRA AULIA</nama_keluarga><jenis_kelamin>PEREMPUAN</jenis_kelamin><tgl_lahir>1992-05-01</tgl_lahir><hubungan>ANAK</hubungan></keluarga><keluarga><nama_keluarga>NUR ULIMA EVAN</nama_keluarga><jenis_kelamin>PEREMPUAN</jenis_kelamin><tgl_lahir>1999-07-05</tgl_lahir><hubungan>ANAK</hubungan></keluarga></riwayat_keluarga></personil_kemhan>
