<personil_kemhan><nopeg>21950280280573</nopeg><nip>21950280280573</nip><nrp_nip>21950280280573</nrp_nip><nama>ABD MANAN</nama><tempat_lahir>Semarang</tempat_lahir><tgl_lahir>1973-05-10</tgl_lahir><jenis_kelamin>LAKI-LAKI</jenis_kelamin><unit_organisasi>U.O. KEMHAN</unit_organisasi><jenis_personil>TNI</jenis_personil><pangkat>KAPTEN</pangkat><pangkat_corps>KAPTEN CHB</pangkat_corps><tmt_pangkat>2014-04-01</tmt_pangkat><angkatan_korps>TNI AD</angkatan_korps><sumber_pa_gol_3>SECAPA REG</sumber_pa_gol_3><tmt_pa_gol_3>2010-04-19</tmt_pa_gol_3><kategori_pangkat>KAPTEN</kategori_pangkat><jabatan>PENGOLAH BAHAN ANSIS SUBBAG ANSIS BAG ANEVDAKLAN SET</jabatan><satker>ITJEN KEMHAN</satker><kode_jabatan>FUNGSIONAL</kode_jabatan><tmt_jabatan>2014-12-31</tmt_jabatan><eselon_jabatan>99</eselon_jabatan><kategori>ORGANIK</kategori><tmt_tni>1995-03-17</tmt_tni><tmt_kemhan>2002-04-22</tmt_kemhan><agama>ISLAM</agama><file_foto_1>foto/21950280280573.jpg</file_foto_1><file_foto_2>foto/21950280280573.jpg</file_foto_2><riwayat_pangkat><pangkat><pangkat>SERDA</pangkat><tmt_pkt>1995-03-17</tmt_pkt><no_skep>SKEP/1062-21/II/1995</no_skep><tgl_skep>1995-03-17</tgl_skep></pangkat><pangkat><pangkat>SERTU</pangkat><tmt_pkt>1999-10-01</tmt_pkt><no_skep>SKEP/3085-21/VIII/1999</no_skep><tgl_skep>1999-10-01</tgl_skep></pangkat><pangkat><pangkat>SERKA</pangkat><tmt_pkt>2004-04-01</tmt_pkt><no_skep>SKEP/2007-21/2003</no_skep><tgl_skep>2003-10-01</tgl_skep></pangkat><pangkat><pangkat>LETDA</pangkat><tmt_pkt>2006-12-09</tmt_pkt><no_skep>KEPPRES NO 71/TH 2006</no_skep><tgl_skep>2006-12-01</tgl_skep></pangkat><pangkat><pangkat>LETTU</pangkat><tmt_pkt>2010-04-01</tmt_pkt><no_skep>SPRIN/759/III/TH 2010</no_skep><tgl_skep>2010-03-24</tgl_skep></pangkat><pangkat><pangkat>KAPTEN</pangkat><tmt_pkt>2014-04-01</tmt_pkt><no_skep>KEP/III/2014</no_skep><tgl_skep>2014-03-31</tgl_skep></pangkat></riwayat_pangkat><riwayat_jabatan><jabatan><jabatan>DANRU KAWAT KIMIA YONIF 742/SWY</jabatan><tmt_jab>1999-10-01</tmt_jab><no_skep>SKEP/97-09/X/1999</no_skep><tgl_skep>1999-10-01</tgl_skep></jabatan><jabatan><jabatan>BATON KOUR LIMA YONIF 742/SWY</jabatan><tmt_jab>2000-02-01</tmt_jab><no_skep>SKEP/102-09/II/2000</no_skep><tgl_skep>2000-02-25</tgl_skep></jabatan><jabatan><jabatan>DAN SI WAT LIMA YONIF 742/SWY</jabatan><tmt_jab>2001-02-01</tmt_jab><no_skep>SKEP/119-09/II/2001</no_skep><tgl_skep>2001-02-28</tgl_skep></jabatan><jabatan><jabatan>BA SUBBAGKAT BAGBINKARPEG ROPEG</jabatan><tmt_jab>2002-04-01</tmt_jab><no_skep>SKEP/367/IV/2002</no_skep><tgl_skep>2002-04-02</tgl_skep></jabatan><jabatan><jabatan>TURTIK/OPR KOMPUTER SUBBAGKAT BAGBINKARPEG</jabatan><tmt_jab>2003-03-01</tmt_jab><no_skep>SKEP/430/III/2003</no_skep><tgl_skep>2003-03-27</tgl_skep></jabatan><jabatan><jabatan>TURMIN SUBBAGKAT BAGBINKARPEG ROPEG SETJEN DEPHAN</jabatan><tmt_jab>2005-01-17</tmt_jab><no_skep>SPRIN/02/I/2005</no_skep><tgl_skep>2005-01-17</tgl_skep></jabatan><jabatan><jabatan>ANGGOTA SUBBAGKAT BAGKARPEG ROPEG SETJEN DEPHAN</jabatan><tmt_jab>2006-09-01</tmt_jab><no_skep>SKEP/667/IX/2006</no_skep><tgl_skep>2006-09-01</tgl_skep></jabatan><jabatan><jabatan>PEMROSES ADM PERSONEL SUBBAG BAGBINKAR BAGPERS ROUM SETTANA LEMHANNAS RI</jabatan><tmt_jab>2011-01-24</tmt_jab><no_skep>SKEP/145/I/2011</no_skep><tgl_skep>2011-01-31</tgl_skep></jabatan><jabatan><jabatan>PENGOLAH BAHAN ANALISA SISTEM SUBBAG ANALISIS BAGANEV SET ITJEN KEMHAN</jabatan><tmt_jab>2011-09-28</tmt_jab><no_skep>KEP/729/IX/2011</no_skep><tgl_skep>2011-09-29</tgl_skep></jabatan><jabatan><jabatan>PENGOLAH BAHAN ANSIS SUBBAG ANSIS BAG ANEVDAKLAN SET ITJEN KEMHAN</jabatan><tmt_jab>2014-12-31</tmt_jab><no_skep>KEP/1490/XII/2014</no_skep><tgl_skep>2014-12-18</tgl_skep></jabatan></riwayat_jabatan><riwayat_pendidikan><pendidikan_umum><pendidikan><nama_dik>SEKOLAH DASAR</nama_dik><tahun_lulus>1983</tahun_lulus></pendidikan><pendidikan><nama_dik>SEKOLAH MENENGAH PERTAMA (SMP)</nama_dik><tahun_lulus>1990</tahun_lulus></pendidikan><pendidikan><nama_dik>SEKOLAH LANJUTAN TINGKAT ATAS (SLTA)</nama_dik><tahun_lulus>1993</tahun_lulus></pendidikan></pendidikan_umum><pendidikan_pembentukan><pendidikan><nama_dik>SECABA PK</nama_dik><tahun_lulus>1995</tahun_lulus></pendidikan><pendidikan><nama_dik>TAR TIH IF</nama_dik><tahun_lulus>1998</tahun_lulus></pendidikan><pendidikan><nama_dik>TAR TIH BDM</nama_dik><tahun_lulus>1999</tahun_lulus></pendidikan><pendidikan><nama_dik>SECAPA REG</nama_dik><tahun_lulus>2006</tahun_lulus></pendidikan><pendidikan><nama_dik>SUS PATIH IF</nama_dik><tahun_lulus>2007</tahun_lulus></pendidikan><pendidikan><nama_dik>SESARCABHUB</nama_dik><tahun_lulus>2007</tahun_lulus></pendidikan><pendidikan><nama_dik>SUSDASJEMEN HAN ANGK. VI TA. 2013</nama_dik><tahun_lulus>2013</tahun_lulus></pendidikan></pendidikan_pembentukan></riwayat_pendidikan><riwayat_penugasan></riwayat_penugasan><riwayat_tanda_jasa><tanda_jasa><nama_tanda_jasa>SATYALANCANA KESETIAAN VIII TAHUN</nama_tanda_jasa><no_skep>SKEP/125/VI/2005</no_skep><tgl_skep>2005-06-03</tgl_skep></tanda_jasa><tanda_jasa><nama_tanda_jasa>SATYALANCANA KESETIAAN XVI TAHUN</nama_tanda_jasa><no_skep>KEPPRES RI NO. 79/TK/TAHUN 2012</no_skep><tgl_skep>2012-09-18</tgl_skep></tanda_jasa></riwayat_tanda_jasa><riwayat_bahasa><bahasa><nama_bahasa>JAWA</nama_bahasa><keterangan>AKTIF</keterangan></bahasa><bahasa><nama_bahasa>INDONESIA</nama_bahasa><keterangan>AKTIF</keterangan></bahasa></riwayat_bahasa><riwayat_keluarga><keluarga><nama_keluarga>NURHIDAYAH, S.E.</nama_keluarga><jenis_kelamin>PEREMPUAN</jenis_kelamin><tgl_lahir>1973-07-18</tgl_lahir><hubungan>ISTRI</hubungan></keluarga><keluarga><nama_keluarga>SITI MURSYIDA PUTRI MANAN</nama_keluarga><jenis_kelamin>PEREMPUAN</jenis_kelamin><tgl_lahir>2002-04-24</tgl_lahir><hubungan>ANAK</hubungan></keluarga><keluarga><nama_keluarga>DINDA NUR HALIZHA PUTRI MANAN</nama_keluarga><jenis_kelamin>PEREMPUAN</jenis_kelamin><tgl_lahir>2006-06-14</tgl_lahir><hubungan>ANAK</hubungan></keluarga><keluarga><nama_keluarga>AFIFAH LAILATUL ISTIANAH PUTRI MANAN</nama_keluarga><jenis_kelamin>PEREMPUAN</jenis_kelamin><tgl_lahir>2008-03-31</tgl_lahir><hubungan>ANAK</hubungan></keluarga></riwayat_keluarga></personil_kemhan>
