<personil_kemhan><nopeg>196301061984021001</nopeg><nip>030176592</nip><nrp_nip>196301061984021001</nrp_nip><nama>KASTARI</nama><tempat_lahir>Sale</tempat_lahir><tgl_lahir>1963-01-06</tgl_lahir><jenis_kelamin>LAKI-LAKI</jenis_kelamin><unit_organisasi>U.O. KEMHAN</unit_organisasi><jenis_personil>PNS</jenis_personil><pangkat>PENATA MUDA III/A</pangkat><pangkat_corps>PENATA MUDA III/A </pangkat_corps><tmt_pangkat>2012-04-01</tmt_pangkat><angkatan_korps>PNS</angkatan_korps><sumber_pa_gol_3>UJIAN DINAS</sumber_pa_gol_3><tmt_pa_gol_3>2012-04-01</tmt_pa_gol_3><kategori_pangkat>III/A</kategori_pangkat><jabatan>PENGADMINISTRASI TU SUBBAG TU BIRO BAG HATKUM</jabatan><satker>ROKUM SETJEN KEMHAN</satker><kode_jabatan>ANGGOTA</kode_jabatan><tmt_jabatan>2014-12-31</tmt_jabatan><eselon_jabatan>99</eselon_jabatan><kategori>ORGANIK</kategori><tmt_tni>1984-02-01</tmt_tni><tmt_kemhan>1985-12-16</tmt_kemhan><agama>ISLAM</agama><file_foto_1>foto/196301061984021001.jpg</file_foto_1><file_foto_2>foto/030176592.jpg</file_foto_2><riwayat_pangkat><pangkat><pangkat>CAPEG I/A</pangkat><tmt_pkt>1984-02-01</tmt_pkt><no_skep>SKEP/209/15/III/1984</no_skep><tgl_skep>1984-03-14</tgl_skep></pangkat><pangkat><pangkat>JURU MUDA I/A</pangkat><tmt_pkt>1985-11-01</tmt_pkt><no_skep>SKEP/512/17/X/1985</no_skep><tgl_skep>1985-10-25</tgl_skep></pangkat><pangkat><pangkat>JURU MUDA TK. I  I/B</pangkat><tmt_pkt>1988-10-01</tmt_pkt><no_skep>SKEP/323/II/1989</no_skep><tgl_skep>1989-02-18</tgl_skep></pangkat><pangkat><pangkat>JURU I/C</pangkat><tmt_pkt>1992-10-01</tmt_pkt><no_skep>03-09/01032/KEP/X/1992</no_skep><tgl_skep>1992-10-15</tgl_skep></pangkat><pangkat><pangkat>PENGATUR MUDA II/A</pangkat><tmt_pkt>1994-10-01</tmt_pkt><no_skep>03-09/00648/KEP/X/1994</no_skep><tgl_skep>1994-08-23</tgl_skep></pangkat><pangkat><pangkat>PENGATUR MUDA TK.I  II/B</pangkat><tmt_pkt>1998-10-01</tmt_pkt><no_skep>03-09/00041/KEP/X/1998</no_skep><tgl_skep>1998-12-11</tgl_skep></pangkat><pangkat><pangkat>PENGATUR II/C</pangkat><tmt_pkt>2002-10-01</tmt_pkt><no_skep>SKEP/20/I/2003</no_skep><tgl_skep>2003-01-09</tgl_skep></pangkat><pangkat><pangkat>PENGATUR TK.I II/D</pangkat><tmt_pkt>2006-10-01</tmt_pkt><no_skep>SKEP/620/VIII/2006</no_skep><tgl_skep>2006-08-24</tgl_skep></pangkat><pangkat><pangkat>PENATA MUDA III/A</pangkat><tmt_pkt>2012-04-01</tmt_pkt><no_skep>KEP/207/III/2012</no_skep><tgl_skep>2012-03-22</tgl_skep></pangkat></riwayat_pangkat><riwayat_jabatan><jabatan><jabatan>Honorer Pelayan Denma Kostranas</jabatan><tmt_jab>1982-11-01</tmt_jab><no_skep>SKEP/36/XI/1982</no_skep><tgl_skep>1982-11-12</tgl_skep></jabatan><jabatan><jabatan>Pelayan Denma Kostranas</jabatan><tmt_jab>1984-02-01</tmt_jab><no_skep>SKEP/209/15/III/1984</no_skep><tgl_skep>1984-03-14</tgl_skep></jabatan><jabatan><jabatan>Pelayan Biro Hukum Dephankam</jabatan><tmt_jab>1986-02-01</tmt_jab><no_skep>SPRIN/297/IV/1986</no_skep><tgl_skep>1986-04-05</tgl_skep></jabatan><jabatan><jabatan>STAF SUBBAG RENMINRO ROKUM</jabatan><tmt_jab>1994-11-08</tmt_jab><no_skep>SPRIN/046/XI/1994</no_skep><tgl_skep>1994-11-08</tgl_skep></jabatan><jabatan><jabatan>PENGATUR URKAP DAN ANGG SUBBAG RENMINRO ROKUM SETJEN DEPHANKAM</jabatan><tmt_jab>1998-09-01</tmt_jab><no_skep>SKEP/1137/IX/1998  17-09-1998</no_skep><tgl_skep>1998-09-17</tgl_skep></jabatan><jabatan><jabatan>TURMIN SUBBAG DOKINFOKUM BAG UNDANG ROKUM</jabatan><tmt_jab>2001-03-01</tmt_jab><no_skep>SKEP/247/III/2001</no_skep><tgl_skep>2001-03-21</tgl_skep></jabatan><jabatan><jabatan>Anggota Subbag Terapkum Bag Undang Biro Hukum Setjen Dephan</jabatan><tmt_jab>2007-09-01</tmt_jab><no_skep>SKEP/735/IX/2007</no_skep><tgl_skep>2007-09-27</tgl_skep></jabatan><jabatan><jabatan>Anggota Subbag LautUdara BgKumint Rohukum Setjen Dephan</jabatan><tmt_jab>2010-02-11</tmt_jab><no_skep>SPRIN/09/II/2010</no_skep><tgl_skep>2010-02-11</tgl_skep></jabatan><jabatan><jabatan>AGENDARIS KUMLADARA SUBBAGKUMLADARA BAGKUMINT</jabatan><tmt_jab>2010-05-24</tmt_jab><no_skep>KEP/348/V/2010</no_skep><tgl_skep>2010-05-26</tgl_skep></jabatan><jabatan><jabatan>AGENDARIS SUBBAG TU BIRO BAG HATKUM ROKUM SETJEN KEMHAN</jabatan><tmt_jab>2011-04-01</tmt_jab><no_skep>KEP/284/IV/2011</no_skep><tgl_skep>2011-04-19</tgl_skep></jabatan><jabatan><jabatan>PETUGAS GUDANG SUBBAG TU BIRO BAG HATKUM ROKUM SETJEN KEMHAN</jabatan><tmt_jab>2011-04-01</tmt_jab><no_skep>KEP/284/IV/2011</no_skep><tgl_skep>2011-04-19</tgl_skep></jabatan><jabatan><jabatan>PENGADMINISTRASI TU SUBBAG TU BIRO BAGHATKUM ROKUM SETJEN KEMHAN</jabatan><tmt_jab>2012-07-16</tmt_jab><no_skep>KEP/571/VII/2012</no_skep><tgl_skep>2012-07-16</tgl_skep></jabatan><jabatan><jabatan>PENGADMINISTRASI TU SUBBAG TU BIRO BAG HATKUM ROKUM SETJEN KEMHAN</jabatan><tmt_jab>2014-12-31</tmt_jab><no_skep>KEP/1485/XII/2014</no_skep><tgl_skep>2014-12-18</tgl_skep></jabatan></riwayat_jabatan><riwayat_pendidikan><pendidikan_umum><pendidikan><nama_dik>SEKOLAH DASAR</nama_dik><tahun_lulus>1977</tahun_lulus></pendidikan><pendidikan><nama_dik>SEKOLAH LANJUTAN TINGKAT PERTAMA (SLTP)</nama_dik><tahun_lulus>1984</tahun_lulus></pendidikan><pendidikan><nama_dik>SEKOLAH LANJUTAN TINGKAT ATAS (SLTA)</nama_dik><tahun_lulus>1993</tahun_lulus></pendidikan></pendidikan_umum><pendidikan_pembentukan><pendidikan><nama_dik>TAR P-4 17 JAM</nama_dik><tahun_lulus>1988</tahun_lulus></pendidikan><pendidikan><nama_dik>LATPRAJAB TK I</nama_dik><tahun_lulus>1995</tahun_lulus></pendidikan><pendidikan><nama_dik>BIMTEK PENGELOLA DOKINFOKUM TK DASAR (BPHN)</nama_dik><tahun_lulus>2001</tahun_lulus></pendidikan><pendidikan><nama_dik>DIKLAT MINU TK II KEMHAN</nama_dik><tahun_lulus>2010</tahun_lulus></pendidikan><pendidikan><nama_dik>Ujian Dinas Tk. I</nama_dik><tahun_lulus>2011</tahun_lulus></pendidikan></pendidikan_pembentukan></riwayat_pendidikan><riwayat_penugasan></riwayat_penugasan><riwayat_tanda_jasa><tanda_jasa><nama_tanda_jasa>SATYALANCANA KARYA SATYA X TAHUN</nama_tanda_jasa><no_skep>KEPPRES RI NOMOR 040/TK/TAHUN 2003</no_skep><tgl_skep>2003-07-31</tgl_skep></tanda_jasa><tanda_jasa><nama_tanda_jasa>SATYALANCANA KARYA SATYA XX TAHUN</nama_tanda_jasa><no_skep>KEPPRES RI NOMOR 022/TK/TAHUN 2008</no_skep><tgl_skep>2008-06-24</tgl_skep></tanda_jasa></riwayat_tanda_jasa><riwayat_bahasa><bahasa><nama_bahasa>JAWA</nama_bahasa><keterangan>AKTIF</keterangan></bahasa><bahasa><nama_bahasa>INDONESIA</nama_bahasa><keterangan>AKTIF</keterangan></bahasa></riwayat_bahasa><riwayat_keluarga><keluarga><nama_keluarga>SUGINI</nama_keluarga><jenis_kelamin>PEREMPUAN</jenis_kelamin><tgl_lahir>1963-02-01</tgl_lahir><hubungan>ISTRI</hubungan></keluarga><keluarga><nama_keluarga>AGUS SAPUTRO</nama_keluarga><jenis_kelamin>LAKI-LAKI</jenis_kelamin><tgl_lahir>1985-05-05</tgl_lahir><hubungan>ANAK</hubungan></keluarga><keluarga><nama_keluarga>BUDI PURWANTO</nama_keluarga><jenis_kelamin>LAKI-LAKI</jenis_kelamin><tgl_lahir>1987-07-23</tgl_lahir><hubungan>ANAK</hubungan></keluarga><keluarga><nama_keluarga>NITA LESTARI</nama_keluarga><jenis_kelamin>PEREMPUAN</jenis_kelamin><tgl_lahir>1992-08-16</tgl_lahir><hubungan>ANAK</hubungan></keluarga></riwayat_keluarga></personil_kemhan>
