<personil_kemhan><nopeg>196312171988091001</nopeg><nip>030196883</nip><nrp_nip>196312171988091001</nrp_nip><nama>ENDANG RUSMANA</nama><tempat_lahir>Jakarta</tempat_lahir><tgl_lahir>1963-12-17</tgl_lahir><jenis_kelamin>LAKI-LAKI</jenis_kelamin><unit_organisasi>U.O. KEMHAN</unit_organisasi><jenis_personil>PNS</jenis_personil><pangkat>PENATA MUDA TK.I III/B</pangkat><pangkat_corps>PENATA MUDA TK.I III/B </pangkat_corps><tmt_pangkat>2012-10-01</tmt_pangkat><angkatan_korps>PNS</angkatan_korps><sumber_pa_gol_3>UJIAN DINAS</sumber_pa_gol_3><tmt_pa_gol_3>2004-10-01</tmt_pa_gol_3><kategori_pangkat>III/B</kategori_pangkat><jabatan>PENGADMINISTRASI SI MAT SUBDIT MATFASKES DITKES</jabatan><satker>DITJEN KUATHAN KEMHAN</satker><kode_jabatan>ANGGOTA</kode_jabatan><tmt_jabatan>2014-12-31</tmt_jabatan><eselon_jabatan>99</eselon_jabatan><kategori>ORGANIK</kategori><tmt_tni>1989-09-01</tmt_tni><tmt_kemhan>1988-09-01</tmt_kemhan><agama>ISLAM</agama><file_foto_1>foto/196312171988091001.jpg</file_foto_1><file_foto_2>foto/030196883.jpg</file_foto_2><riwayat_pangkat><pangkat><pangkat>HONORER</pangkat><tmt_pkt>1987-12-31</tmt_pkt><no_skep>SPRIN/1176/XII/1987</no_skep><tgl_skep>1988-01-01</tgl_skep></pangkat><pangkat><pangkat>CAPEG I/B</pangkat><tmt_pkt>1988-09-01</tmt_pkt><no_skep>SKEP/1391/IX/1988</no_skep><tgl_skep>1988-08-01</tgl_skep></pangkat><pangkat><pangkat>JURU MUDA TK. I  I/B</pangkat><tmt_pkt>1989-08-09</tmt_pkt><no_skep>SKEP/1457/VIII/1989</no_skep><tgl_skep>1989-09-01</tgl_skep></pangkat><pangkat><pangkat>JURU I/C</pangkat><tmt_pkt>1991-09-02</tmt_pkt><no_skep>03.09/01595/KEP/IX/1991</no_skep><tgl_skep>1991-03-01</tgl_skep></pangkat><pangkat><pangkat>PENGATUR MUDA II/A</pangkat><tmt_pkt>1992-10-15</tmt_pkt><no_skep>03.09/01074/KEP/X/1992</no_skep><tgl_skep>1992-10-01</tgl_skep></pangkat><pangkat><pangkat>PENGATUR MUDA TK.I  II/B</pangkat><tmt_pkt>1996-10-01</tmt_pkt><no_skep>03-09/00011/KEP/X/1996</no_skep><tgl_skep>1996-09-09</tgl_skep></pangkat><pangkat><pangkat>PENGATUR II/C</pangkat><tmt_pkt>2000-10-01</tmt_pkt><no_skep>03.09.00/012/KEP/X/2000</no_skep><tgl_skep>2001-01-16</tgl_skep></pangkat><pangkat><pangkat>PENGATUR TK.I II/D</pangkat><tmt_pkt>2004-10-01</tmt_pkt><no_skep>SKEP/550/VIII/2004</no_skep><tgl_skep>2004-08-16</tgl_skep></pangkat><pangkat><pangkat>PENATA MUDA III/A</pangkat><tmt_pkt>2008-10-01</tmt_pkt><no_skep>SKEP/429/VIII/2008</no_skep><tgl_skep>2008-08-21</tgl_skep></pangkat><pangkat><pangkat>PENATA MUDA TK.I III/B</pangkat><tmt_pkt>2012-10-01</tmt_pkt><no_skep>KEP/704/IX/2012</no_skep><tgl_skep>2012-09-04</tgl_skep></pangkat></riwayat_pangkat><riwayat_jabatan><jabatan><jabatan>STAF KABAG PERS ROUM SETJEN</jabatan><tmt_jab>1994-02-01</tmt_jab><no_skep>SPRIN/245/II/94</no_skep><tgl_skep>1994-02-01</tgl_skep></jabatan><jabatan><jabatan>TURMIN HENTI TNI SUBBAGSAHLURJA BAGPERS ROUM SETJEN</jabatan><tmt_jab>1998-09-14</tmt_jab><no_skep>SKEP/1121/IX/1998</no_skep><tgl_skep>1998-09-14</tgl_skep></jabatan><jabatan><jabatan>ANGG SUBBAG SAHLURJA BAG ROPEG</jabatan><tmt_jab>2001-03-01</tmt_jab><no_skep>SKEP/278/III/2001</no_skep><tgl_skep>2001-03-28</tgl_skep></jabatan><jabatan><jabatan>Anggota Subbag Sahlurja Bag Karpeg Ropeg Setjen Dephan</jabatan><tmt_jab>2006-03-01</tmt_jab><tgl_skep>2006-03-01</tgl_skep></jabatan><jabatan><jabatan>ANGGOTA SUBBAGSAHLURJA BAGKARPEG</jabatan><tmt_jab>2006-03-01</tmt_jab><no_skep>SKEP/201/III/2006</no_skep><tgl_skep>2006-03-27</tgl_skep></jabatan><jabatan><jabatan>Anggota Subbag UM Bag TU Pusrehabcat Dephan</jabatan><tmt_jab>2008-02-01</tmt_jab><no_skep>SKEP/50/II/2008</no_skep><tgl_skep>2008-02-01</tgl_skep></jabatan><jabatan><jabatan>Anggota Subbid Kesum Bid Rehabmedik Pusrehab Dephan</jabatan><tmt_jab>2008-09-24</tmt_jab><no_skep>SKEP/508/X/2008</no_skep><tgl_skep>2008-10-17</tgl_skep></jabatan><jabatan><jabatan>Anggota Subbid Kesum Bid Rehabmedik Pusrehabcat Dephan</jabatan><tmt_jab>2008-09-24</tmt_jab><no_skep>SKEP/508/X/2008</no_skep><tgl_skep>2008-10-17</tgl_skep></jabatan><jabatan><jabatan>ANGGOTA SUBBAG UM BAG TU PUSREHABCAT DEPHAN</jabatan><tmt_jab>2009-10-26</tmt_jab><no_skep>SPRIN/328/X/2009</no_skep><tgl_skep>2009-10-22</tgl_skep></jabatan><jabatan><jabatan>Anggota Subbag UM Bag TU Pusrehab Dephan</jabatan><tmt_jab>2009-10-26</tmt_jab><no_skep>SPRIN/328/X/2009</no_skep><tgl_skep>2009-10-22</tgl_skep></jabatan><jabatan><jabatan>PENGELOLA DAFTAR KEBUTUHAN MATFAS SUBBAGUM BAG TU PUSREHAB KEMHAN</jabatan><tmt_jab>2010-08-09</tmt_jab><no_skep>KEP/598/VIII/2010</no_skep><tgl_skep>2010-08-12</tgl_skep></jabatan><jabatan><jabatan>ANGGOTA PUSREHAB KEMHAN</jabatan><tmt_jab>2011-07-04</tmt_jab><no_skep>SPRIN/263/IX/2011</no_skep><tgl_skep>2011-09-13</tgl_skep></jabatan><jabatan><jabatan>PENGADMINISTRASI SUBDIT MATFASKES DIT KES DITJEN KUATHAN KEMHAN</jabatan><tmt_jab>2012-02-01</tmt_jab><no_skep>KEP/66/II/2012</no_skep><tgl_skep>2012-02-02</tgl_skep></jabatan><jabatan><jabatan>PENGADMINISTRASI SI MAT SUBDIT MATFASKES DITKES DITJEN KUATHAN KEMHAN</jabatan><tmt_jab>2014-12-31</tmt_jab><no_skep>KEP/1500/XII/2014</no_skep><tgl_skep>2014-12-18</tgl_skep></jabatan></riwayat_jabatan><riwayat_pendidikan><pendidikan_umum><pendidikan><nama_dik>SEKOLAH DASAR</nama_dik><tahun_lulus>1979</tahun_lulus></pendidikan><pendidikan><nama_dik>SEKOLAH LANJUTAN TINGKAT PERTAMA (SLTP)</nama_dik><tahun_lulus>1982</tahun_lulus></pendidikan><pendidikan><nama_dik>SEKOLAH LANJUTAN TINGKAT ATAS (SLTA)</nama_dik><tahun_lulus>1992</tahun_lulus></pendidikan></pendidikan_umum><pendidikan_pembentukan><pendidikan><nama_dik>SUS MIKRO KOMPUTER</nama_dik><tahun_lulus>1997</tahun_lulus></pendidikan><pendidikan><nama_dik>UDIN</nama_dik><tahun_lulus>2007</tahun_lulus></pendidikan></pendidikan_pembentukan></riwayat_pendidikan><riwayat_penugasan></riwayat_penugasan><riwayat_tanda_jasa><tanda_jasa><nama_tanda_jasa>SATYALANCANA KARYA SATYA X TAHUN</nama_tanda_jasa><no_skep>023/TK/TAHUN 2007</no_skep><tgl_skep>2007-06-07</tgl_skep></tanda_jasa><tanda_jasa><nama_tanda_jasa>SATYALANCANA KARYA SATYA XX TAHUN</nama_tanda_jasa><no_skep>27/TK/TAHUN 2010</no_skep><tgl_skep>2010-07-20</tgl_skep></tanda_jasa></riwayat_tanda_jasa><riwayat_bahasa><bahasa><nama_bahasa>SUNDA</nama_bahasa><keterangan>AKTIF</keterangan></bahasa></riwayat_bahasa><riwayat_keluarga><keluarga><nama_keluarga>JAIMAH</nama_keluarga><jenis_kelamin>PEREMPUAN</jenis_kelamin><tgl_lahir>1968-11-08</tgl_lahir><hubungan>ISTRI</hubungan></keluarga><keluarga><nama_keluarga>TRI EKA WULANDARI</nama_keluarga><jenis_kelamin>PEREMPUAN</jenis_kelamin><tgl_lahir>1990-08-31</tgl_lahir><hubungan>ANAK</hubungan></keluarga><keluarga><nama_keluarga>ENDRA SUKMA</nama_keluarga><jenis_kelamin>LAKI-LAKI</jenis_kelamin><tgl_lahir>1996-06-06</tgl_lahir><hubungan>ANAK</hubungan></keluarga></riwayat_keluarga></personil_kemhan>
