<personil_kemhan><nopeg>196610011987031003</nopeg><nip>030188990</nip><nrp_nip>196610011987031003</nrp_nip><nama>SLAMET SUPRIADI</nama><tempat_lahir>Jakarta</tempat_lahir><tgl_lahir>1966-10-01</tgl_lahir><jenis_kelamin>LAKI-LAKI</jenis_kelamin><unit_organisasi>U.O. KEMHAN</unit_organisasi><jenis_personil>PNS</jenis_personil><pangkat>PENGATUR II/C</pangkat><pangkat_corps>PENGATUR II/C </pangkat_corps><tmt_pangkat>2010-04-01</tmt_pangkat><angkatan_korps>PNS</angkatan_korps><kategori_pangkat>II/C</kategori_pangkat><jabatan>PRAMU KANTOR SUBBAG MIN SAHLI DAN STAF KHUSUS MENTERI BAG DUKMINMEN</jabatan><satker>ROTU SETJEN KEMHAN</satker><kode_jabatan>ANGGOTA</kode_jabatan><tmt_jabatan>2014-12-31</tmt_jabatan><eselon_jabatan>99</eselon_jabatan><kategori>ORGANIK</kategori><tmt_tni>1988-04-01</tmt_tni><agama>ISLAM</agama><file_foto_1>foto/196610011987031003.jpg</file_foto_1><file_foto_2>foto/030188990.jpg</file_foto_2><riwayat_pangkat><pangkat><pangkat>CAPEG I/B</pangkat><tmt_pkt>1987-03-01</tmt_pkt><no_skep>SKEP/018/V/1987</no_skep><tgl_skep>1987-05-07</tgl_skep></pangkat><pangkat><pangkat>JURU I/C</pangkat><tmt_pkt>1988-04-01</tmt_pkt><no_skep>SKEP/57/IV/1988</no_skep><tgl_skep>1988-04-19</tgl_skep></pangkat><pangkat><pangkat>JURU TK.I  I/D</pangkat><tmt_pkt>2000-04-01</tmt_pkt><no_skep>016/KEP/IV/2000</no_skep><tgl_skep>2000-06-12</tgl_skep></pangkat><pangkat><pangkat>PENGATUR MUDA II/A</pangkat><tmt_pkt>2000-04-01</tmt_pkt><no_skep>03.09.00/016/KEP/IV/2000</no_skep><tgl_skep>2000-06-12</tgl_skep></pangkat><pangkat><pangkat>PENGATUR MUDA TK.I  II/B</pangkat><tmt_pkt>2005-10-01</tmt_pkt><no_skep>SKEP/715/VIII/2005</no_skep><tgl_skep>2005-08-25</tgl_skep></pangkat><pangkat><pangkat>PENGATUR II/C</pangkat><tmt_pkt>2010-04-01</tmt_pkt><no_skep>KEP/153/III/2010</no_skep><tgl_skep>2010-03-12</tgl_skep></pangkat></riwayat_pangkat><riwayat_jabatan><jabatan><jabatan>TABAN TON URDAL KIMIA BBA</jabatan><tmt_jab>1999-09-01</tmt_jab><no_skep>SKEP/995/VIII/1999</no_skep><tgl_skep>1999-08-23</tgl_skep></jabatan><jabatan><jabatan>TURMINGIAT SA SUBBAG DUKUMPIM ROTU</jabatan><tmt_jab>2001-04-01</tmt_jab><no_skep>SKEP/357/V/2001</no_skep><tgl_skep>2001-05-03</tgl_skep></jabatan><jabatan><jabatan>TURYAN TU SA MENHAN SUBBAG RENMINRO BAG TU SEKJEN ROTU</jabatan><tmt_jab>2002-04-01</tmt_jab><tgl_skep>1899-12-30</tgl_skep></jabatan><jabatan><jabatan>Anggota Subbag Banum Sahli Bagbanumpim Rotu Setjen Dephan</jabatan><tmt_jab>2006-03-01</tmt_jab><tgl_skep>2006-03-01</tgl_skep></jabatan><jabatan><jabatan>PETUGAS KERUMAHTANGAAN SUBBAG TU SAHLI BAG TU DUKMEN ROTU SETJEN KEMHAN</jabatan><tmt_jab>2010-07-19</tmt_jab><no_skep>SPRIN/269/IX/2010</no_skep><tgl_skep>2010-09-14</tgl_skep></jabatan><jabatan><jabatan>PRAMU KANTOR SUBBAG TU SAHLI BAG TU DAN DUKMEN SETJEN KEMHAN  ROTU SETJEN KEMHAN</jabatan><tmt_jab>2011-04-01</tmt_jab><no_skep>Kep/282/IV/2011</no_skep><tgl_skep>2011-04-19</tgl_skep></jabatan><jabatan><jabatan>PRAMU KANTOR SUBBAG MIN SAHLI DAN STAF KHUSUS MENTERI BAG DUKMINMEN ROTU SETJEN KEMHAN</jabatan><tmt_jab>2014-12-31</tmt_jab><no_skep>KEP/1485/XII/2014</no_skep><tgl_skep>2014-12-18</tgl_skep></jabatan></riwayat_jabatan><riwayat_pendidikan><pendidikan_umum><pendidikan><nama_dik>SEKOLAH DASAR</nama_dik><tahun_lulus>1980</tahun_lulus></pendidikan><pendidikan><nama_dik>SEKOLAH MENENGAH PERTAMA (SMP)</nama_dik><tahun_lulus>1983</tahun_lulus></pendidikan></pendidikan_umum><pendidikan_pembentukan><pendidikan><nama_dik>LATPRAJAB TK I</nama_dik><tahun_lulus>0</tahun_lulus></pendidikan><pendidikan><nama_dik>PENATARAN P4</nama_dik><tahun_lulus>1994</tahun_lulus></pendidikan></pendidikan_pembentukan></riwayat_pendidikan><riwayat_penugasan></riwayat_penugasan><riwayat_tanda_jasa><tanda_jasa><nama_tanda_jasa>SATYALANCANA KARYA SATYA X TAHUN</nama_tanda_jasa><no_skep>KEPPRES RI 063/TK/2002</no_skep><tgl_skep>2002-09-23</tgl_skep></tanda_jasa><tanda_jasa><nama_tanda_jasa>SATYALANCANA KARYA SATYA XX TAHUN</nama_tanda_jasa><no_skep>KEPPRES RI 063/TK/2007</no_skep><tgl_skep>2007-10-31</tgl_skep></tanda_jasa></riwayat_tanda_jasa><riwayat_bahasa><bahasa><nama_bahasa>BETAWI</nama_bahasa><keterangan>AKTIF</keterangan></bahasa></riwayat_bahasa><riwayat_keluarga><keluarga><nama_keluarga>NUR DAWIYAH</nama_keluarga><jenis_kelamin>PEREMPUAN</jenis_kelamin><tgl_lahir>1988-01-30</tgl_lahir><hubungan>ISTRI</hubungan></keluarga><keluarga><nama_keluarga>SAFRIDA TANTIA AURELIA</nama_keluarga><jenis_kelamin>PEREMPUAN</jenis_kelamin><tgl_lahir>2005-04-12</tgl_lahir><hubungan>ANAK</hubungan></keluarga><keluarga><nama_keluarga>RESTU DEWA PRATAMA </nama_keluarga><jenis_kelamin>LAKI-LAKI</jenis_kelamin><tgl_lahir>2009-06-20</tgl_lahir><hubungan>ANAK</hubungan></keluarga><keluarga><nama_keluarga>REZA ADITHIA</nama_keluarga><jenis_kelamin>LAKI-LAKI</jenis_kelamin><tgl_lahir>2010-12-11</tgl_lahir><hubungan>ANAK</hubungan></keluarga><keluarga><nama_keluarga>MUTIARA SUPRIADI</nama_keluarga><jenis_kelamin>PEREMPUAN</jenis_kelamin><tgl_lahir>2015-07-13</tgl_lahir><hubungan>ANAK</hubungan></keluarga></riwayat_keluarga></personil_kemhan>
