<personil_kemhan><nopeg>196708261989021001</nopeg><nip>030199063</nip><nrp_nip>196708261989021001</nrp_nip><nama>AGUS KURNIA</nama><gelar>S.Sos</gelar><tempat_lahir>Jakarta</tempat_lahir><tgl_lahir>1967-08-26</tgl_lahir><jenis_kelamin>LAKI-LAKI</jenis_kelamin><unit_organisasi>U.O. KEMHAN</unit_organisasi><jenis_personil>PNS</jenis_personil><pangkat>PENATA TK.I III/D</pangkat><pangkat_corps>PENATA TK.I III/D </pangkat_corps><tmt_pangkat>2015-04-01</tmt_pangkat><angkatan_korps>PNS</angkatan_korps><sumber_pa_gol_3>PENYESUAIAN IJASAH</sumber_pa_gol_3><tmt_pa_gol_3>2003-04-01</tmt_pa_gol_3><kategori_pangkat>III/D</kategori_pangkat><jabatan>PERBENDAHARAAN TK II SUBBAGUM BAG TU</jabatan><satker>PUSDATIN KEMHAN</satker><kode_jabatan>ANGGOTA</kode_jabatan><tmt_jabatan>2015-02-27</tmt_jabatan><eselon_jabatan>99</eselon_jabatan><kategori>ORGANIK</kategori><tmt_tni>1990-05-01</tmt_tni><tmt_kemhan>1989-02-01</tmt_kemhan><agama>ISLAM</agama><file_foto_1>foto/196708261989021001.jpg</file_foto_1><file_foto_2>foto/030199063.jpg</file_foto_2><riwayat_pangkat><pangkat><pangkat>CAPEG II/A</pangkat><tmt_pkt>1989-02-01</tmt_pkt><no_skep>SKEP/416/III/1989</no_skep><tgl_skep>1989-03-09</tgl_skep></pangkat><pangkat><pangkat>PENGATUR MUDA II/A</pangkat><tmt_pkt>1990-05-01</tmt_pkt><no_skep>SKEP/635/IV/1990</no_skep><tgl_skep>1990-04-06</tgl_skep></pangkat><pangkat><pangkat>PENGATUR MUDA TK.I  II/B</pangkat><tmt_pkt>1993-10-01</tmt_pkt><no_skep>03-09.00/00739/KEP/X/1993</no_skep><tgl_skep>1993-04-07</tgl_skep></pangkat><pangkat><pangkat>PENGATUR II/C</pangkat><tmt_pkt>1997-10-01</tmt_pkt><no_skep>03-09/00001/KEP/X/1997</no_skep><tgl_skep>1997-10-08</tgl_skep></pangkat><pangkat><pangkat>PENGATUR TK.I II/D</pangkat><tmt_pkt>2001-10-01</tmt_pkt><no_skep>SKEP/106/II/2002</no_skep><tgl_skep>2002-02-07</tgl_skep></pangkat><pangkat><pangkat>PENATA MUDA III/A</pangkat><tmt_pkt>2003-04-01</tmt_pkt><no_skep>SKEP/1001/VI/2003</no_skep><tgl_skep>2003-06-09</tgl_skep></pangkat><pangkat><pangkat>PENATA MUDA TK.I III/B</pangkat><tmt_pkt>2007-04-01</tmt_pkt><no_skep>SKEP/153/III/2007</no_skep><tgl_skep>2007-03-06</tgl_skep></pangkat><pangkat><pangkat>PENATA III/C</pangkat><tmt_pkt>2011-04-01</tmt_pkt><no_skep>KEP/188/III/2011</no_skep><tgl_skep>2011-03-22</tgl_skep></pangkat><pangkat><pangkat>PENATA TK.I III/D</pangkat><tmt_pkt>2015-04-01</tmt_pkt><no_skep>KEP/315/III/2015</no_skep><tgl_skep>2015-03-26</tgl_skep></pangkat></riwayat_pangkat><riwayat_jabatan><jabatan><jabatan>TURKAM  BAGRUMGA ROUM SETJEN DEPHAN</jabatan><tmt_jab>1998-09-01</tmt_jab><no_skep>SKEP/1123/IX/1998</no_skep><tgl_skep>1998-09-14</tgl_skep></jabatan><jabatan><jabatan>TURMIN SUBBAGKATJAB BAGINBIN PNS ROPEG</jabatan><tmt_jab>2001-03-01</tmt_jab><no_skep>SKEP/278/III/2001</no_skep><tgl_skep>2001-03-28</tgl_skep></jabatan><jabatan><jabatan>TURMIN SUBBAGBINDATADA BAGIN BIN PNS</jabatan><tmt_jab>2003-03-01</tmt_jab><no_skep>SKEP/403/III/2003</no_skep><tgl_skep>2003-03-12</tgl_skep></jabatan><jabatan><jabatan>Anggota Subbag Lahtada Bag Induk PNS Ropeg Setjen Dephan</jabatan><tmt_jab>2006-03-01</tmt_jab><no_skep>SKEP/201/III/2006</no_skep><tgl_skep>2006-03-01</tgl_skep></jabatan><jabatan><jabatan>PENGOLAH DATA PEGAWAI SUBBAGLAHTADA BAG INDUK PNS</jabatan><tmt_jab>2010-05-17</tmt_jab><no_skep>Kep Menhan Nomor : KEP/321/V/2010</no_skep><tgl_skep>2010-05-17</tgl_skep></jabatan><jabatan><jabatan>PENYUSUN BAHAN LAHDAFOR SUBBAGLAHDAFOR BAGINDUK PNS ROPEG SETJEN KEMHAN</jabatan><tmt_jab>2011-04-01</tmt_jab><no_skep>Kep/281/IV/2011</no_skep><tgl_skep>2011-04-19</tgl_skep></jabatan><jabatan><jabatan>PENYUSUN BAHAN SISTEM APLIKASI SUBBAGSISKA BAG TU PUSDATIN KEMHAN</jabatan><tmt_jab>2014-02-12</tmt_jab><no_skep>KEP/145/II/2014</no_skep><tgl_skep>2014-02-11</tgl_skep></jabatan><jabatan><jabatan>PENYUSUN EVLAP SUBBAG PROGLAP BAG TU PUSDATIN KEMHAN</jabatan><tmt_jab>2014-12-31</tmt_jab><no_skep>Kep/1511/XII/2014</no_skep><tgl_skep>2014-12-18</tgl_skep></jabatan><jabatan><jabatan>PERBENDAHARAAN TK II SUBBAGUM BAG TU PUSDATIN KEMHAN</jabatan><tmt_jab>2015-02-27</tmt_jab><no_skep>KEP/193/II/2015</no_skep><tgl_skep>2015-02-27</tgl_skep></jabatan></riwayat_jabatan><riwayat_pendidikan><pendidikan_umum><pendidikan><nama_dik>SEKOLAH DASAR</nama_dik><tahun_lulus>1980</tahun_lulus></pendidikan><pendidikan><nama_dik>SEKOLAH LANJUTAN TINGKAT PERTAMA (SLTP)</nama_dik><tahun_lulus>1983</tahun_lulus></pendidikan><pendidikan><nama_dik>SEKOLAH LANJUTAN TINGKAT ATAS (SLTA)</nama_dik><tahun_lulus>1986</tahun_lulus></pendidikan><pendidikan><nama_dik>SARJANA (S1)</nama_dik><tahun_lulus>2003</tahun_lulus></pendidikan></pendidikan_umum><pendidikan_pembentukan><pendidikan><nama_dik>LATPRAJAB TK II</nama_dik><tahun_lulus>1989</tahun_lulus></pendidikan><pendidikan><nama_dik>SUS OPERATOR KOMPUTER</nama_dik><tahun_lulus>1994</tahun_lulus></pendidikan><pendidikan><nama_dik>SUS PROGRAMER</nama_dik><tahun_lulus>1994</tahun_lulus></pendidikan><pendidikan><nama_dik>DIK LAT PIM TK IV</nama_dik><tahun_lulus>2003</tahun_lulus></pendidikan><pendidikan><nama_dik>SUS WEB DESIGN</nama_dik><tahun_lulus>2004</tahun_lulus></pendidikan><pendidikan><nama_dik>WORKSHOP VISUAL FOXPRO</nama_dik><tahun_lulus>2006</tahun_lulus></pendidikan><pendidikan><nama_dik>SUSDAS JEMENHAN</nama_dik><tahun_lulus>2008</tahun_lulus></pendidikan><pendidikan><nama_dik>WORKSHOP ANJAB, ABK DAN EVJAB</nama_dik><tahun_lulus>2012</tahun_lulus></pendidikan><pendidikan><nama_dik>WORKSHOP SISFOHANNEG KEMHAN</nama_dik><tahun_lulus>2013</tahun_lulus></pendidikan><pendidikan><nama_dik>BIMTEK BID ANALISIS KEBUTUHAN DIKLAT -TRAINING NEEDS ASSESSMENT</nama_dik><tahun_lulus>2013</tahun_lulus></pendidikan><pendidikan><nama_dik>DIKLAT TEKNIS ADM JAB PENYUSUN &amp; JAB SETINGKAT</nama_dik><tahun_lulus>2014</tahun_lulus></pendidikan></pendidikan_pembentukan></riwayat_pendidikan><riwayat_penugasan></riwayat_penugasan><riwayat_tanda_jasa><tanda_jasa><nama_tanda_jasa>SATYALANCANA KARYA SATYA X TAHUN</nama_tanda_jasa><no_skep>063/TK/TAHUN/2002</no_skep><tgl_skep>2002-01-01</tgl_skep></tanda_jasa></riwayat_tanda_jasa><riwayat_bahasa><bahasa><nama_bahasa>JAWA</nama_bahasa><keterangan>AKTIF</keterangan></bahasa><bahasa><nama_bahasa>INGGRIS</nama_bahasa><keterangan>PASIF</keterangan></bahasa></riwayat_bahasa><riwayat_keluarga><keluarga><nama_keluarga>RITA VERY</nama_keluarga><jenis_kelamin>PEREMPUAN</jenis_kelamin><tgl_lahir>1963-08-17</tgl_lahir><hubungan>ISTRI</hubungan></keluarga><keluarga><nama_keluarga>DIKKY PRASETYO DWIAJIE</nama_keluarga><jenis_kelamin>LAKI-LAKI</jenis_kelamin><tgl_lahir>2003-07-06</tgl_lahir><hubungan>ANAK</hubungan></keluarga></riwayat_keluarga></personil_kemhan>
