<personil_kemhan><nopeg>196103111983031001</nopeg><nip>030174566</nip><nrp_nip>196103111983031001</nrp_nip><nama>NANO</nama><tempat_lahir>Jakarta</tempat_lahir><tgl_lahir>1961-05-02</tgl_lahir><jenis_kelamin>LAKI-LAKI</jenis_kelamin><unit_organisasi>U.O. KEMHAN</unit_organisasi><jenis_personil>PNS</jenis_personil><pangkat>PENGATUR MUDA II/A</pangkat><pangkat_corps>PENGATUR MUDA II/A </pangkat_corps><tmt_pangkat>1999-10-01</tmt_pangkat><angkatan_korps>PNS</angkatan_korps><kategori_pangkat>II/A</kategori_pangkat><jabatan>PENGEMUDI POOL SUBBAGUM BAG TU</jabatan><satker>PUSKOMPUBLIK KEMHAN</satker><kode_jabatan>ANGGOTA</kode_jabatan><tmt_jabatan>2011-04-01</tmt_jabatan><eselon_jabatan>99</eselon_jabatan><kategori>ORGANIK</kategori><tmt_tni>1984-07-01</tmt_tni><agama>ISLAM</agama><file_foto_1>foto/196103111983031001.jpg</file_foto_1><file_foto_2>foto/030174566.jpg</file_foto_2><riwayat_pangkat><pangkat><pangkat>CAPEG I/A</pangkat><tmt_pkt>1983-03-01</tmt_pkt><no_skep>SKEP/2380/VII/1983</no_skep><tgl_skep>1983-07-27</tgl_skep></pangkat><pangkat><pangkat>JURU MUDA I/A</pangkat><tmt_pkt>1984-07-01</tmt_pkt><no_skep>SKEP/639/17/III/1984</no_skep><tgl_skep>1984-03-01</tgl_skep></pangkat><pangkat><pangkat>JURU MUDA TK. I  I/B</pangkat><tmt_pkt>1987-10-01</tmt_pkt><no_skep>SKEP/17/VI/1988/PEN</no_skep><tgl_skep>1987-06-03</tgl_skep></pangkat><pangkat><pangkat>JURU I/C</pangkat><tmt_pkt>1990-10-01</tmt_pkt><tgl_skep>1990-06-01</tgl_skep></pangkat><pangkat><pangkat>JURU TK.I  I/D</pangkat><tmt_pkt>1995-10-01</tmt_pkt><no_skep>BAKN/03-09/00001/KEP/X/1995</no_skep><tgl_skep>1995-08-31</tgl_skep></pangkat><pangkat><pangkat>PENGATUR MUDA II/A</pangkat><tmt_pkt>1999-10-01</tmt_pkt><no_skep>BAKN/03-09.72/014/KEP/X/1999</no_skep><tgl_skep>1999-09-22</tgl_skep></pangkat></riwayat_pangkat><riwayat_jabatan><jabatan><jabatan>TUR MEDMAS SUBBAG MEDMAS BAGBRA ROHUMAS</jabatan><tmt_jab>0201-08-01</tmt_jab><no_skep>SKEP/15/VIII/2001/PEN</no_skep><tgl_skep>2001-08-21</tgl_skep></jabatan><jabatan><jabatan>TUR MEDMASSUBBAGMEDMAS BAGBRA ROHUMAS</jabatan><tmt_jab>2001-07-01</tmt_jab><no_skep>SKEP/481/VII/2001</no_skep><tgl_skep>2001-07-23</tgl_skep></jabatan><jabatan><jabatan>PENGEMUDI POOL SUBBAGUM BAG TU  PUSKOMPUBLIK KEMHAN</jabatan><tmt_jab>2011-04-01</tmt_jab><no_skep>SPRIN/68/VI/2011</no_skep><tgl_skep>2011-06-13</tgl_skep></jabatan><jabatan><jabatan>PENGEMUDI POOL SUBBAG UMUM BAG TU PUSKOM PUBLIK KEMHAN</jabatan><tmt_jab>2014-12-31</tmt_jab><no_skep>KEP/1510/XII/2014</no_skep><tgl_skep>2014-12-18</tgl_skep></jabatan><jabatan><jabatan>Anggota Subbag Prod Bag Bra Rohumas Setjen Dephan</jabatan></jabatan></riwayat_jabatan><riwayat_pendidikan><pendidikan_umum><pendidikan><nama_dik>SEKOLAH DASAR</nama_dik><tahun_lulus>0</tahun_lulus></pendidikan><pendidikan><nama_dik>SEKOLAH LANJUTAN TINGKAT PERTAMA (SLTP)</nama_dik><tahun_lulus>0</tahun_lulus></pendidikan></pendidikan_umum><pendidikan_pembentukan></pendidikan_pembentukan></riwayat_pendidikan><riwayat_penugasan></riwayat_penugasan><riwayat_tanda_jasa><tanda_jasa><nama_tanda_jasa>SATYALANCANA KARYA SATYA XX TAHUN</nama_tanda_jasa><no_skep>KEPPRES/033/TK/THN.2009</no_skep><tgl_skep>2009-07-24</tgl_skep></tanda_jasa></riwayat_tanda_jasa><riwayat_bahasa></riwayat_bahasa><riwayat_keluarga><keluarga><nama_keluarga>RUSMIYATI</nama_keluarga><jenis_kelamin>PEREMPUAN</jenis_kelamin><tgl_lahir>1965-06-16</tgl_lahir><hubungan>ISTRI</hubungan></keluarga><keluarga><nama_keluarga>EFRY IRYANSYAH</nama_keluarga><jenis_kelamin>LAKI-LAKI</jenis_kelamin><tgl_lahir>1987-05-22</tgl_lahir><hubungan>ANAK</hubungan></keluarga><keluarga><nama_keluarga>DWI RIDWANSYAH</nama_keluarga><jenis_kelamin>LAKI-LAKI</jenis_kelamin><tgl_lahir>1992-07-14</tgl_lahir><hubungan>ANAK</hubungan></keluarga></riwayat_keluarga></personil_kemhan>
