<personil_kemhan><nopeg>197808252002122001</nopeg><nip>030247520</nip><nrp_nip>197808252002122001</nrp_nip><nama>ANIE INDRAWATI</nama><tempat_lahir>Jakarta</tempat_lahir><tgl_lahir>1978-08-25</tgl_lahir><jenis_kelamin>PEREMPUAN</jenis_kelamin><unit_organisasi>U.O. KEMHAN</unit_organisasi><jenis_personil>PNS</jenis_personil><pangkat>PENGATUR TK.I II/D</pangkat><pangkat_corps>PENGATUR TK.I II/D </pangkat_corps><tmt_pangkat>2015-04-01</tmt_pangkat><angkatan_korps>PNS</angkatan_korps><kategori_pangkat>II/C</kategori_pangkat><jabatan>JURU BAYAR SUBBAG PENDIDIK BAGKUM DAN KEPEGAWAIAN ROUM </jabatan><satker>UNHAN KEMHAN</satker><kode_jabatan>FUNGSIONAL</kode_jabatan><tmt_jabatan>2014-12-31</tmt_jabatan><eselon_jabatan>99</eselon_jabatan><kategori>ORGANIK</kategori><tmt_tni>2002-12-01</tmt_tni><tmt_kemhan>2002-11-01</tmt_kemhan><agama>ISLAM</agama><file_foto_1>foto/197808252002122001.jpg</file_foto_1><file_foto_2>foto/030247520.jpg</file_foto_2><riwayat_pangkat><pangkat><pangkat>CAPEG II/B</pangkat><tmt_pkt>2002-12-01</tmt_pkt><no_skep>skep/1021/VI/2003</no_skep><tgl_skep>2003-06-16</tgl_skep></pangkat><pangkat><pangkat>PENGATUR MUDA II/A</pangkat><tmt_pkt>2004-09-01</tmt_pkt><no_skep>SKEP/600/VIII/2004</no_skep><tgl_skep>2004-08-27</tgl_skep></pangkat><pangkat><pangkat>PENGATUR MUDA TK.I  II/B</pangkat><tmt_pkt>2007-04-01</tmt_pkt><no_skep>SKEP/174/III/2007</no_skep><tgl_skep>2007-03-09</tgl_skep></pangkat><pangkat><pangkat>PENGATUR II/C</pangkat><tmt_pkt>2011-04-01</tmt_pkt><no_skep>KEP/187/III/2011</no_skep><tgl_skep>2011-03-22</tgl_skep></pangkat><pangkat><pangkat>PENGATUR TK.I II/D</pangkat><tmt_pkt>2015-04-01</tmt_pkt><no_skep>SPRIN/256/III/2015</no_skep><tgl_skep>2015-03-30</tgl_skep></pangkat></riwayat_pangkat><riwayat_jabatan><jabatan><jabatan>TURMIN BAGLEM ROORTALA</jabatan><tmt_jab>2005-06-01</tmt_jab><no_skep>SKEP/454/VI/2005</no_skep><tgl_skep>2005-06-06</tgl_skep></jabatan><jabatan><jabatan>ANGGOTA SUBBAG MINRO BAGLEM ROREN</jabatan><tmt_jab>2006-02-01</tmt_jab><no_skep>SKEP/91/II/2006</no_skep><tgl_skep>2006-02-23</tgl_skep></jabatan><jabatan><jabatan>Anggota Subbag Minro Bag Lem Roren Setjen Dephan</jabatan><tmt_jab>2006-02-01</tmt_jab><tgl_skep>2006-02-01</tgl_skep></jabatan><jabatan><jabatan>Anggota Subbag Anlem Bag Lem Roren Setjen Dephan</jabatan><tmt_jab>2006-02-01</tmt_jab><tgl_skep>2006-02-01</tgl_skep></jabatan><jabatan><jabatan>JURU BAYAR SUBBAG TENAGA PENDIDIK BAG HUKUM DAN KEPEGAWAIAN BIRO UMUM ROREN SETJEN KEMHAN</jabatan><tmt_jab>2013-03-15</tmt_jab><no_skep>KEP/237/III/2013</no_skep><tgl_skep>2013-03-18</tgl_skep></jabatan><jabatan><jabatan>JURU BAYAR SUBBAG TENAGA PENDIDIK BAG HUKUM DAN KEPEGAWAIAN ROUM UNHAN KEMHAN</jabatan><tmt_jab>2013-04-01</tmt_jab><no_skep>KEP</no_skep></jabatan><jabatan><jabatan>JURU BAYAR SUBBAG PENDIDIK BAGKUM DAN KEPEGAWAIAN ROUM  UNHAN KEMHAN</jabatan><tmt_jab>2014-12-31</tmt_jab><no_skep>Kep/1492/XII/2014</no_skep><tgl_skep>2014-12-18</tgl_skep></jabatan></riwayat_jabatan><riwayat_pendidikan><pendidikan_umum><pendidikan><nama_dik>SEKOLAH DASAR</nama_dik><tahun_lulus>1991</tahun_lulus></pendidikan><pendidikan><nama_dik>SEKOLAH MENENGAH PERTAMA (SMP)</nama_dik><tahun_lulus>1994</tahun_lulus></pendidikan><pendidikan><nama_dik>SEKOLAH MENENGAH ATAS (SMA)</nama_dik><tahun_lulus>1997</tahun_lulus></pendidikan><pendidikan><nama_dik>SARJANA MUDA (D.III)</nama_dik><tahun_lulus>2000</tahun_lulus></pendidikan><pendidikan><nama_dik>SARJANA (S1)</nama_dik><tahun_lulus>2013</tahun_lulus></pendidikan></pendidikan_umum><pendidikan_pembentukan><pendidikan><nama_dik>SUS OPERATOR KOMPUTER</nama_dik><tahun_lulus>2004</tahun_lulus></pendidikan><pendidikan><nama_dik>LATPRAJAB</nama_dik><tahun_lulus>2004</tahun_lulus></pendidikan><pendidikan><nama_dik>SUS MINU TK. II DEPHAN</nama_dik><tahun_lulus>2006</tahun_lulus></pendidikan><pendidikan><nama_dik>LOKAKARYA KEHUMASAN</nama_dik><tahun_lulus>2008</tahun_lulus></pendidikan><pendidikan><nama_dik>SUSJUYAR</nama_dik><tahun_lulus>2009</tahun_lulus></pendidikan></pendidikan_pembentukan></riwayat_pendidikan><riwayat_penugasan></riwayat_penugasan><riwayat_tanda_jasa></riwayat_tanda_jasa><riwayat_bahasa><bahasa><nama_bahasa>JAWA</nama_bahasa><keterangan>AKTIF</keterangan></bahasa></riwayat_bahasa><riwayat_keluarga><keluarga><nama_keluarga>BAMBANG SUBIANTORO</nama_keluarga><jenis_kelamin>LAKI-LAKI</jenis_kelamin><tgl_lahir>1972-01-28</tgl_lahir><hubungan>SUAMI</hubungan></keluarga><keluarga><nama_keluarga>DESVITA AULIA SUBIANTI</nama_keluarga><jenis_kelamin>PEREMPUAN</jenis_kelamin><tgl_lahir>2004-12-15</tgl_lahir><hubungan>ANAK</hubungan></keluarga><keluarga><nama_keluarga>RAKHA PUTRA ADICANDRA</nama_keluarga><jenis_kelamin>LAKI-LAKI</jenis_kelamin><tgl_lahir>2008-03-22</tgl_lahir><hubungan>ANAK</hubungan></keluarga></riwayat_keluarga></personil_kemhan>
