<personil_kemhan><nopeg>196812311990031001</nopeg><nip>030205361</nip><nrp_nip>196812311990031001</nrp_nip><nama>TOMI</nama><tempat_lahir>Bogor</tempat_lahir><tgl_lahir>1968-12-31</tgl_lahir><jenis_kelamin>LAKI-LAKI</jenis_kelamin><unit_organisasi>U.O. KEMHAN</unit_organisasi><jenis_personil>PNS</jenis_personil><pangkat>PENATA MUDA TK.I III/B</pangkat><pangkat_corps>PENATA MUDA TK.I III/B </pangkat_corps><tmt_pangkat>2009-04-01</tmt_pangkat><angkatan_korps>PNS</angkatan_korps><sumber_pa_gol_3>UJIAN DINAS</sumber_pa_gol_3><kategori_pangkat>III/B</kategori_pangkat><jabatan>PENGOLAH</jabatan><satker>KEMHAN</satker><kode_jabatan>ANGGOTA</kode_jabatan><tmt_jabatan>2014-09-25</tmt_jabatan><eselon_jabatan>99</eselon_jabatan><kategori>ORGANIK</kategori><tmt_tni>1991-08-01</tmt_tni><agama>ISLAM</agama><file_foto_1>foto/196812311990031001.jpg</file_foto_1><file_foto_2>foto/030205361.jpg</file_foto_2><riwayat_pangkat><pangkat><pangkat>CAPEG II/A</pangkat><tmt_pkt>1990-03-01</tmt_pkt><no_skep>SKEP/517/IV/1990</no_skep><tgl_skep>1990-03-16</tgl_skep></pangkat><pangkat><pangkat>PENGATUR MUDA II/A</pangkat><tmt_pkt>1991-08-01</tmt_pkt><no_skep>SKEP/1332/17/VII/1991</no_skep><tgl_skep>1991-07-29</tgl_skep></pangkat><pangkat><pangkat>PENGATUR MUDA TK.I  II/B</pangkat><tmt_pkt>1993-04-01</tmt_pkt><no_skep>03-09/00328/KEP/IV/1993</no_skep><tgl_skep>1993-03-13</tgl_skep></pangkat><pangkat><pangkat>PENGATUR II/C</pangkat><tmt_pkt>1997-04-01</tmt_pkt><no_skep>03-09/00004/KEP/IV/1997</no_skep><tgl_skep>1997-03-04</tgl_skep></pangkat><pangkat><pangkat>PENGATUR TK.I II/D</pangkat><tmt_pkt>2001-04-01</tmt_pkt><no_skep>03-09.73/018/KEP/IV/2001</no_skep><tgl_skep>2001-05-31</tgl_skep></pangkat><pangkat><pangkat>PENATA MUDA III/A</pangkat><tmt_pkt>2005-04-01</tmt_pkt><no_skep>SKEP/160/III/2005</no_skep><tgl_skep>2005-03-14</tgl_skep></pangkat><pangkat><pangkat>PENATA MUDA TK.I III/B</pangkat><tmt_pkt>2009-04-01</tmt_pkt><no_skep>KEP MENHAN NOMOR : KEP/34/III/2009</no_skep><tgl_skep>2009-04-01</tgl_skep></pangkat></riwayat_pangkat><riwayat_jabatan><jabatan><jabatan>STAF URDAL RUMGA SBBGUM BAGRENMIN PUSINFOLAHTA</jabatan><tmt_jab>1990-07-28</tmt_jab><no_skep>SPRIN/149/VII/1990</no_skep><tgl_skep>1990-07-28</tgl_skep></jabatan><jabatan><jabatan>PENGATUR/PENGAWAS&amp;PEMELIHARAAN AIR FAS BAG RENMIN</jabatan><tmt_jab>1998-10-01</tmt_jab><no_skep>SKEP/1259/XI/1998</no_skep><tgl_skep>1998-11-05</tgl_skep></jabatan><jabatan><jabatan>ANGGOTA SATKAM SUBBAGURDAL BAGRUMGA ROUM SETJEN DH</jabatan><tmt_jab>2000-10-01</tmt_jab><no_skep>SKEP/1004/X/2000</no_skep><tgl_skep>2000-10-04</tgl_skep></jabatan><jabatan><jabatan>Anggota Subbag Minro Bagpam Roum Setjen Dephan</jabatan><tmt_jab>2000-10-01</tmt_jab><tgl_skep>2000-10-01</tgl_skep></jabatan><jabatan><jabatan>TURKAMKAN SUBBAGPAMKAN BAGPAM ROUM SETJEN DH</jabatan><tmt_jab>2001-03-01</tmt_jab><no_skep>SKEP/305/IV/2001</no_skep><tgl_skep>2001-04-03</tgl_skep></jabatan><jabatan><jabatan>ANGGOTA DITKERSIN DITJEN STRAHAN DEPHAN</jabatan><tmt_jab>2001-03-01</tmt_jab><no_skep>SKEP/295/IV/2001</no_skep><tgl_skep>2001-04-03</tgl_skep></jabatan><jabatan><jabatan>TURKAMKAN SUBBAGPAMKAN BAGPAM</jabatan><tmt_jab>2001-03-01</tmt_jab><no_skep>SKEP/305/IV/2001</no_skep><tgl_skep>2001-04-03</tgl_skep></jabatan><jabatan><jabatan>Anggota Satkam Bagpam Roum Setjen Dephan</jabatan><tmt_jab>2007-02-01</tmt_jab><no_skep>SKEP/152/III/2007</no_skep><tgl_skep>2007-03-06</tgl_skep></jabatan><jabatan><jabatan>Pengaman Subbagpampersmat Bagpam Roum Setjen Kemhan</jabatan><tmt_jab>2010-07-27</tmt_jab><no_skep>KEP/553/VII/2010</no_skep><tgl_skep>2010-07-28</tgl_skep></jabatan><jabatan><jabatan>PENGADMINISTRASI KEPEGAWAIAN SUBBAG TU PUSLITBANG STRAHAN BALITBANG KEMHAN</jabatan><tmt_jab>2012-07-13</tmt_jab><no_skep>KEP/558/VII/2012</no_skep><tgl_skep>2012-07-12</tgl_skep></jabatan><jabatan><jabatan>PENGOLAH BAHAN LITBANG DAGRI SUBBID DAGRI BID LINGSTRA  PUSLITBANG STRAHAN BALITBANG KEMHAN</jabatan><tmt_jab>2013-05-03</tmt_jab><no_skep>KEP/423/V/2013</no_skep><tgl_skep>2013-05-03</tgl_skep></jabatan><jabatan><jabatan>PENGADMINISTRASI UNHAN KEMHAN</jabatan><tmt_jab>2014-01-01</tmt_jab><tgl_skep>2014-01-01</tgl_skep></jabatan><jabatan><jabatan>PENGADMINISTRASI UNHAN KEMHAN</jabatan><tmt_jab>2014-01-01</tmt_jab><tgl_skep>2014-01-01</tgl_skep></jabatan><jabatan><jabatan> UNHAN KEMHAN</jabatan><tmt_jab>2014-09-24</tmt_jab></jabatan><jabatan><jabatan>PENGOLAH KEMHAN</jabatan><tmt_jab>2014-09-25</tmt_jab><no_skep>KEP/1126/IX/2014</no_skep><tgl_skep>2014-09-25</tgl_skep></jabatan></riwayat_jabatan><riwayat_pendidikan><pendidikan_umum><pendidikan><nama_dik>SEKOLAH DASAR</nama_dik><tahun_lulus>1982</tahun_lulus></pendidikan><pendidikan><nama_dik>SEKOLAH MENENGAH PERTAMA (SMP)</nama_dik><tahun_lulus>1985</tahun_lulus></pendidikan><pendidikan><nama_dik>SEKOLAH LANJUTAN TINGKAT ATAS (SLTA)</nama_dik><tahun_lulus>1988</tahun_lulus></pendidikan></pendidikan_umum><pendidikan_pembentukan><pendidikan><nama_dik>SUS HAR AC</nama_dik><tahun_lulus>0</tahun_lulus></pendidikan><pendidikan><nama_dik>LATPRAJAB TK II</nama_dik><tahun_lulus>1990</tahun_lulus></pendidikan><pendidikan><nama_dik>SUS MIKRO KOMPUTER</nama_dik><tahun_lulus>1997</tahun_lulus></pendidikan><pendidikan><nama_dik>SUSHAR AC KULKAS</nama_dik><tahun_lulus>1998</tahun_lulus></pendidikan><pendidikan><nama_dik>SUS SATKAM</nama_dik><tahun_lulus>2000</tahun_lulus></pendidikan></pendidikan_pembentukan></riwayat_pendidikan><riwayat_penugasan></riwayat_penugasan><riwayat_tanda_jasa><tanda_jasa><nama_tanda_jasa>SATYALANCANA KARYA SATYA X TAHUN</nama_tanda_jasa><no_skep>023/TK/TH 2007</no_skep><tgl_skep>2007-06-07</tgl_skep></tanda_jasa><tanda_jasa><nama_tanda_jasa>SATYALANCANA KARYA SATYA XX TAHUN</nama_tanda_jasa><no_skep>62/TK/2010</no_skep><tgl_skep>2010-12-01</tgl_skep></tanda_jasa></riwayat_tanda_jasa><riwayat_bahasa><bahasa><nama_bahasa>SUNDA</nama_bahasa><keterangan>AKTIF</keterangan></bahasa><bahasa><nama_bahasa>INDONESIA</nama_bahasa><keterangan>AKTIF</keterangan></bahasa></riwayat_bahasa><riwayat_keluarga><keluarga><nama_keluarga>SA.AMAH</nama_keluarga><jenis_kelamin>PEREMPUAN</jenis_kelamin><tgl_lahir>1971-07-07</tgl_lahir><hubungan>ISTRI</hubungan></keluarga><keluarga><nama_keluarga>TIKA LARASWATI</nama_keluarga><jenis_kelamin>PEREMPUAN</jenis_kelamin><tgl_lahir>1992-08-29</tgl_lahir><hubungan>ANAK</hubungan></keluarga><keluarga><nama_keluarga>AMELIA</nama_keluarga><jenis_kelamin>PEREMPUAN</jenis_kelamin><tgl_lahir>1996-07-15</tgl_lahir><hubungan>ANAK</hubungan></keluarga><keluarga><nama_keluarga>MAULINA</nama_keluarga><jenis_kelamin>PEREMPUAN</jenis_kelamin><tgl_lahir>2000-06-18</tgl_lahir><hubungan>ISTRI</hubungan></keluarga></riwayat_keluarga></personil_kemhan>
