<personil_kemhan><nopeg>197209042005012001</nopeg><nip>030249223</nip><nrp_nip>197209042005012001</nrp_nip><nama>FADLAN SURYANI</nama><tempat_lahir>PALEMBANG</tempat_lahir><tgl_lahir>1972-09-04</tgl_lahir><jenis_kelamin>PEREMPUAN</jenis_kelamin><unit_organisasi>U.O. KEMHAN</unit_organisasi><jenis_personil>PNS</jenis_personil><pangkat>PENGATUR II/C</pangkat><pangkat_corps>PENGATUR II/C </pangkat_corps><tmt_pangkat>2012-10-01</tmt_pangkat><angkatan_korps>PNS</angkatan_korps><kategori_pangkat>II/C</kategori_pangkat><jabatan>ARSIPARIS PELAKSANA</jabatan><satker>ROTU SETJEN KEMHAN</satker><kode_jabatan>FUNGSIONAL</kode_jabatan><tmt_jabatan>2014-12-31</tmt_jabatan><eselon_jabatan>99</eselon_jabatan><kategori>ORGANIK</kategori><tmt_tni>2007-10-01</tmt_tni><tmt_kemhan>2005-01-01</tmt_kemhan><agama>ISLAM</agama><file_foto_1>foto/197209042005012001.jpg</file_foto_1><file_foto_2>foto/030249223.jpg</file_foto_2><riwayat_pangkat><pangkat><pangkat>CAPEG II/A</pangkat><tmt_pkt>2005-01-01</tmt_pkt><no_skep>SKEP/301/M/IV/2005</no_skep><tgl_skep>00000-00-00</tgl_skep></pangkat><pangkat><pangkat>PENGATUR MUDA II/A</pangkat><tmt_pkt>2006-10-01</tmt_pkt><no_skep>SKEP/758/X/2006</no_skep><tgl_skep>2006-10-04</tgl_skep></pangkat><pangkat><pangkat>PENGATUR MUDA TK.I  II/B</pangkat><tmt_pkt>2009-04-01</tmt_pkt><no_skep>Kep. Menhan No. Kep/28/III/2009</no_skep><tgl_skep>2009-03-05</tgl_skep></pangkat><pangkat><pangkat>PENGATUR II/C</pangkat><tmt_pkt>2012-10-01</tmt_pkt><no_skep>Kep/685/XII/2012</no_skep><tgl_skep>2012-08-29</tgl_skep></pangkat><pangkat></pangkat></riwayat_pangkat><riwayat_jabatan><jabatan><jabatan>TURMIN PADA BIRO TATA USAHA</jabatan><tmt_jab>2005-05-01</tmt_jab><no_skep>SKEP/393/V/2005</no_skep><tgl_skep>2005-05-01</tgl_skep></jabatan><jabatan><jabatan>Anggota Subbag Ardok Bag Minu Rotu Setjen Dephan</jabatan><tmt_jab>2006-03-01</tmt_jab><no_skep>SPRIN/52/IV/2006</no_skep><tgl_skep>2006-03-01</tgl_skep></jabatan><jabatan><jabatan>ARSIPARIS PELAKSANA ROTU SETJEN KEMHAN</jabatan><tmt_jab>2009-04-01</tmt_jab><no_skep>Kep/685/XII/2012</no_skep><tgl_skep>2009-04-01</tgl_skep></jabatan><jabatan><jabatan>ARSIPARIS PELAKSANA ROTU SETJEN KEMHAN</jabatan><tmt_jab>2014-12-31</tmt_jab><no_skep>KEP/1488/XII/2014</no_skep><tgl_skep>2014-12-18</tgl_skep></jabatan></riwayat_jabatan><riwayat_pendidikan><pendidikan_umum><pendidikan><nama_dik>SEKOLAH DASAR</nama_dik><tahun_lulus>0</tahun_lulus></pendidikan><pendidikan><nama_dik>SEKOLAH LANJUTAN TINGKAT PERTAMA (SLTP)</nama_dik><tahun_lulus>0</tahun_lulus></pendidikan><pendidikan><nama_dik>SEKOLAH LANJUTAN TINGKAT ATAS (SLTA)</nama_dik><tahun_lulus>0</tahun_lulus></pendidikan></pendidikan_umum><pendidikan_pembentukan><pendidikan><nama_dik>PENATARAN KESEKRETARIATAN</nama_dik><tahun_lulus>2006</tahun_lulus></pendidikan><pendidikan><nama_dik>LATPRAJAB GOL II</nama_dik><tahun_lulus>2006</tahun_lulus></pendidikan><pendidikan><nama_dik>SUS VISUAL FOX PRO PUSDATIN</nama_dik><tahun_lulus>2007</tahun_lulus></pendidikan><pendidikan><nama_dik>WORKSHOP SISTEM DATA BASE</nama_dik><tahun_lulus>2008</tahun_lulus></pendidikan><pendidikan><nama_dik>PELATIHAN PENYETARAAN ARSIPARIS TK TERAMPIL</nama_dik><tahun_lulus>2011</tahun_lulus></pendidikan><pendidikan><nama_dik>DIK BELA NEGARA</nama_dik><tahun_lulus>2014</tahun_lulus></pendidikan></pendidikan_pembentukan></riwayat_pendidikan><riwayat_penugasan><penugasan><negara>INDONESIA</negara><tahun>2011</tahun><uraian>Sosialisasi Permenhan Nomor 30 Tahun 2010</uraian></penugasan></riwayat_penugasan><riwayat_tanda_jasa></riwayat_tanda_jasa><riwayat_bahasa></riwayat_bahasa><riwayat_keluarga><keluarga><nama_keluarga>DWI JAYANTO</nama_keluarga><jenis_kelamin>LAKI-LAKI</jenis_kelamin><tgl_lahir>1978-01-26</tgl_lahir><hubungan>SUAMI</hubungan></keluarga><keluarga><nama_keluarga>JUNIKA ANGGI PRATIWI</nama_keluarga><jenis_kelamin>PEREMPUAN</jenis_kelamin><tgl_lahir>2007-06-15</tgl_lahir><hubungan>ANAK</hubungan></keluarga><keluarga><nama_keluarga>ABDEEL BARKHAIRUL ZACKY</nama_keluarga><jenis_kelamin>LAKI-LAKI</jenis_kelamin><tgl_lahir>2012-09-06</tgl_lahir><hubungan>ANAK</hubungan></keluarga></riwayat_keluarga></personil_kemhan>
