<personil_kemhan><nopeg>10982/P</nopeg><nip>10982/P</nip><nrp_nip>10982/P</nrp_nip><nama>AGUS SISWOYO</nama><tempat_lahir>Jakarta</tempat_lahir><tgl_lahir>1960-03-21</tgl_lahir><jenis_kelamin>LAKI-LAKI</jenis_kelamin><unit_organisasi>U.O. KEMHAN</unit_organisasi><jenis_personil>TNI</jenis_personil><pangkat>MAYOR</pangkat><pangkat_corps>MAYOR LAUT (E)</pangkat_corps><tmt_pangkat>2007-10-01</tmt_pangkat><angkatan_korps>TNI AL</angkatan_korps><sumber_pa_gol_3>SECAPA</sumber_pa_gol_3><kategori_pangkat>MAYOR</kategori_pangkat><jabatan>PENYUSUN BAHAN PROTOKOL SI PROTOKOL SUBDIT PROTJIN</jabatan><satker>DIT KERSIN DITJEN STRAHAN KEMHAN</satker><kode_jabatan>ANGGOTA</kode_jabatan><tmt_jabatan>2014-12-31</tmt_jabatan><eselon_jabatan>99</eselon_jabatan><kategori>ORGANIK</kategori><tmt_tni>1981-01-01</tmt_tni><tmt_kemhan>2001-03-01</tmt_kemhan><agama>ISLAM</agama><file_foto_1>foto/10982P.jpg</file_foto_1><file_foto_2>foto/10982P.jpg</file_foto_2><riwayat_pangkat><pangkat><pangkat>SERDA</pangkat><tmt_pkt>1982-01-01</tmt_pkt><no_skep>SKEP/9/I/1982</no_skep><tgl_skep>1982-01-07</tgl_skep></pangkat><pangkat><pangkat>LETDA</pangkat><tmt_pkt>1993-08-14</tmt_pkt><no_skep>KEPPRES/67/ABRI/1993</no_skep><tgl_skep>1993-12-01</tgl_skep></pangkat><pangkat><pangkat>LETTU</pangkat><tmt_pkt>1997-10-01</tmt_pkt><no_skep>SKEP/2685/IX/1997</no_skep><tgl_skep>1997-09-01</tgl_skep></pangkat><pangkat><pangkat>KAPTEN</pangkat><tmt_pkt>2000-10-01</tmt_pkt><no_skep>SKEP/1491/IX/2000</no_skep><tgl_skep>2000-09-25</tgl_skep></pangkat><pangkat><pangkat>MAYOR</pangkat><tmt_pkt>2007-10-01</tmt_pkt><no_skep>SKEP/194/IX/2007</no_skep><tgl_skep>2007-09-20</tgl_skep></pangkat></riwayat_pangkat><riwayat_jabatan><jabatan><jabatan>DANTIM 3/I/DISANDI BIA</jabatan><tmt_jab>1994-06-01</tmt_jab><no_skep>SKEP/056/VI/1994</no_skep><tgl_skep>1994-06-30</tgl_skep></jabatan><jabatan><jabatan>KAUR PROD BAGSIS DISSANDI BIA</jabatan><tmt_jab>1998-05-01</tmt_jab><no_skep>SKEP/133/V/1998</no_skep><tgl_skep>1998-05-20</tgl_skep></jabatan><jabatan><jabatan>KAURPROD BAGSIS DISSANDI BAIS TNI</jabatan><tmt_jab>1999-09-01</tmt_jab><no_skep>SKEP/242/IX/1999</no_skep><tgl_skep>1999-09-29</tgl_skep></jabatan><jabatan><jabatan>PSB TK.I/PAMVIP SUBBAG PAMVIP BAGPAM ROUM</jabatan><tmt_jab>2001-05-01</tmt_jab><no_skep>SKEP/394/V/2001</no_skep><tgl_skep>2001-05-30</tgl_skep></jabatan><jabatan><jabatan>AGEN MUDA GOL. VI PADA ROUM</jabatan><tmt_jab>2001-12-01</tmt_jab><no_skep>SKEP/1059/XII/2001</no_skep><tgl_skep>2001-12-31</tgl_skep></jabatan><jabatan><jabatan>Tenaga Fungsional Gol. VI Roum Setjen Dephan</jabatan><tmt_jab>2005-03-01</tmt_jab><no_skep>SKEP/183/III/2005</no_skep><tgl_skep>2005-03-16</tgl_skep></jabatan><jabatan><jabatan>PENYUSUN BAHAN PROTOKOL SI PROTOKOL SUBDIT PROTOKOL DAN PERIJINAN DIT KERSIN DITJEN STRAHAN KEMHAN</jabatan><tmt_jab>2012-03-14</tmt_jab><no_skep>KEP/189/III/2012</no_skep><tgl_skep>2012-03-15</tgl_skep></jabatan><jabatan><jabatan>PENYUSUN BAHAN PROTOKOL SI PROTOKOL SUBDIT PROTJIN DIT KERSIN DITJEN STRAHAN KEMHAN</jabatan><tmt_jab>2014-12-31</tmt_jab><no_skep>KEP/1494/XII/2014</no_skep><tgl_skep>2014-12-18</tgl_skep></jabatan></riwayat_jabatan><riwayat_pendidikan><pendidikan_umum><pendidikan><nama_dik>SEKOLAH DASAR</nama_dik><tahun_lulus>1972</tahun_lulus></pendidikan><pendidikan><nama_dik>SEKOLAH MENENGAH PERTAMA (SMP)</nama_dik><tahun_lulus>1975</tahun_lulus></pendidikan><pendidikan><nama_dik>SEKOLAH MENENGAH ATAS (SMA)</nama_dik><tahun_lulus>1978</tahun_lulus></pendidikan></pendidikan_umum><pendidikan_pembentukan><pendidikan><nama_dik>SECABA</nama_dik><tahun_lulus>1981</tahun_lulus></pendidikan><pendidikan><nama_dik>SUS BA SANDI SINTELSTRAT</nama_dik><tahun_lulus>1983</tahun_lulus></pendidikan><pendidikan><nama_dik>SECAPA REG</nama_dik><tahun_lulus>1991</tahun_lulus></pendidikan><pendidikan><nama_dik>SUSPA SANDI ABRI</nama_dik><tahun_lulus>1993</tahun_lulus></pendidikan><pendidikan><nama_dik>APLIKASI DIKLAPA I</nama_dik><tahun_lulus>2000</tahun_lulus></pendidikan></pendidikan_pembentukan></riwayat_pendidikan><riwayat_penugasan><penugasan><negara>INDONESIA</negara><tahun>1987</tahun><uraian>PATKOR MALINDO XIV SELAT MALAKA</uraian></penugasan><penugasan><negara>SINGAPORE</negara><tahun>1988</tahun><uraian>LAT &quot;SEA EAGLE II&quot; BERSAMA</uraian></penugasan></riwayat_penugasan><riwayat_tanda_jasa><tanda_jasa><nama_tanda_jasa>SATYALANCANA KESETIAAN VIII TAHUN</nama_tanda_jasa><no_skep>SKEP/497/II/1992</no_skep><tgl_skep>1992-02-04</tgl_skep></tanda_jasa><tanda_jasa><nama_tanda_jasa>SATYALANCANA KESETIAAN XVI TAHUN</nama_tanda_jasa><no_skep>SKEP/933/VI/99</no_skep><tgl_skep>1999-06-18</tgl_skep></tanda_jasa><tanda_jasa><nama_tanda_jasa>SATYALANCANA KESETIAAN XXIV TAHUN</nama_tanda_jasa><no_skep>KEP/1409/XII/2007</no_skep><tgl_skep>2007-12-03</tgl_skep></tanda_jasa><tanda_jasa><nama_tanda_jasa>BINTANG JALASENA NARARYA</nama_tanda_jasa><no_skep>KEPPRES RI/049/TK/2008</no_skep><tgl_skep>2008-11-10</tgl_skep></tanda_jasa><tanda_jasa><nama_tanda_jasa>BINTANG YUDHA DHARMA NARARYA</nama_tanda_jasa><no_skep>KEPRES RI NO. 067/TK/TAHUN 2009</no_skep><tgl_skep>2009-12-17</tgl_skep></tanda_jasa><tanda_jasa><nama_tanda_jasa>SATYALANCANA KESETIAAN XXXII TAHUN</nama_tanda_jasa><no_skep>64/TK/TAHUN 2015</no_skep><tgl_skep>2015-06-19</tgl_skep></tanda_jasa></riwayat_tanda_jasa><riwayat_bahasa><bahasa><nama_bahasa>JAWA</nama_bahasa><keterangan>PASIF</keterangan></bahasa><bahasa><nama_bahasa>INGGRIS</nama_bahasa><keterangan>PASIF</keterangan></bahasa><bahasa><nama_bahasa>ARAB</nama_bahasa><keterangan>PASIF</keterangan></bahasa></riwayat_bahasa><riwayat_keluarga><keluarga><nama_keluarga>EKA VITRIYANI</nama_keluarga><jenis_kelamin>PEREMPUAN</jenis_kelamin><tgl_lahir>1967-01-12</tgl_lahir><hubungan>ISTRI</hubungan></keluarga><keluarga><nama_keluarga>M. WAHYU S.H</nama_keluarga><jenis_kelamin>LAKI-LAKI</jenis_kelamin><tgl_lahir>1989-11-10</tgl_lahir><hubungan>ANAK</hubungan></keluarga><keluarga><nama_keluarga>ANNISA T.S</nama_keluarga><jenis_kelamin>PEREMPUAN</jenis_kelamin><tgl_lahir>1992-05-24</tgl_lahir><hubungan>ANAK</hubungan></keluarga></riwayat_keluarga></personil_kemhan>
