<personil_kemhan><nopeg>514462</nopeg><nip>514462</nip><nrp_nip>514462</nrp_nip><nama>HENRY TRI SULISTIJO</nama><tempat_lahir>Magetan</tempat_lahir><tgl_lahir>1970-04-30</tgl_lahir><jenis_kelamin>LAKI-LAKI</jenis_kelamin><unit_organisasi>U.O. KEMHAN</unit_organisasi><jenis_personil>TNI</jenis_personil><pangkat>KOPKA</pangkat><pangkat_corps>KOPKA </pangkat_corps><tmt_pangkat>2009-04-01</tmt_pangkat><angkatan_korps>TNI AU</angkatan_korps><kategori_pangkat>KOPKA</kategori_pangkat><jabatan>PENGEMUDI KABADIKLAT KEMHAN SUBBAG RUMGA BAG UM</jabatan><satker>SET BADIKLAT KEMHAN</satker><kode_jabatan>ANGGOTA</kode_jabatan><tmt_jabatan>2012-01-01</tmt_jabatan><eselon_jabatan>99</eselon_jabatan><kategori>ORGANIK</kategori><tmt_tni>1991-07-01</tmt_tni><tmt_kemhan>2006-06-01</tmt_kemhan><agama>ISLAM</agama><file_foto_1>foto/514462.jpg</file_foto_1><file_foto_2>foto/514462.jpg</file_foto_2><riwayat_pangkat><pangkat><pangkat>KOPKA</pangkat><tmt_pkt>2009-04-01</tmt_pkt><no_skep>STR/3/2009</no_skep><tgl_skep>2009-03-27</tgl_skep></pangkat><pangkat><pangkat>KOPTU</pangkat></pangkat></riwayat_pangkat><riwayat_jabatan><jabatan><jabatan>Anggota Subbag Rumga Bag Um Set Badiklat Dephan</jabatan><tmt_jab>2006-06-01</tmt_jab><tgl_skep>2006-06-01</tgl_skep></jabatan><jabatan><jabatan>PENGEMUDI KABADIKLAT KEMHAN SUBBAG RUMGA BAG UM SET BADIKLAT KEMHAN</jabatan><tmt_jab>2012-01-01</tmt_jab><no_skep>KEP</no_skep><tgl_skep>2012-01-01</tgl_skep></jabatan></riwayat_jabatan><riwayat_pendidikan><pendidikan_umum></pendidikan_umum><pendidikan_pembentukan></pendidikan_pembentukan></riwayat_pendidikan><riwayat_penugasan></riwayat_penugasan><riwayat_tanda_jasa></riwayat_tanda_jasa><riwayat_bahasa></riwayat_bahasa><riwayat_keluarga></riwayat_keluarga></personil_kemhan>
