<personil_kemhan><nopeg>196608181996031001</nopeg><nip>030230635</nip><nrp_nip>196608181996031001</nrp_nip><nama>DARMADI</nama><tempat_lahir>Karanganyar</tempat_lahir><tgl_lahir>1966-08-18</tgl_lahir><jenis_kelamin>LAKI-LAKI</jenis_kelamin><unit_organisasi>U.O. KEMHAN</unit_organisasi><jenis_personil>PNS</jenis_personil><pangkat>PENATA MUDA TK.I III/B</pangkat><pangkat_corps>PENATA MUDA TK.I III/B </pangkat_corps><tmt_pangkat>2015-04-01</tmt_pangkat><angkatan_korps>PNS</angkatan_korps><sumber_pa_gol_3>REGULAR</sumber_pa_gol_3><tmt_pa_gol_3>2011-04-01</tmt_pa_gol_3><kategori_pangkat>III/B</kategori_pangkat><jabatan>ARSIPARIS PELAKSANA LANJUTAN</jabatan><satker>PUSREHAB KEMHAN</satker><kode_jabatan>FUNGSIONAL</kode_jabatan><tmt_jabatan>2014-12-31</tmt_jabatan><eselon_jabatan>99</eselon_jabatan><kategori>ORGANIK</kategori><tmt_tni>1997-06-01</tmt_tni><tmt_kemhan>1996-03-01</tmt_kemhan><agama>ISLAM</agama><file_foto_1>foto/196608181996031001.jpg</file_foto_1><file_foto_2>foto/030230635.jpg</file_foto_2><riwayat_pangkat><pangkat><pangkat>CAPEG II/A</pangkat><tmt_pkt>1996-03-01</tmt_pkt><no_skep>SKEP/1127/X/1996</no_skep><tgl_skep>1996-10-01</tgl_skep></pangkat><pangkat><pangkat>PENGATUR MUDA II/A</pangkat><tmt_pkt>1997-06-01</tmt_pkt><no_skep>SKEP/571/V/1997</no_skep><tgl_skep>1997-05-15</tgl_skep></pangkat><pangkat><pangkat>PENGATUR MUDA TK.I  II/B</pangkat><tmt_pkt>2000-04-01</tmt_pkt><no_skep>BAKN/03-09.73/016/KEP/IV/</no_skep><tgl_skep>2000-05-23</tgl_skep></pangkat><pangkat><pangkat>PENGATUR II/C</pangkat><tmt_pkt>2004-04-01</tmt_pkt><no_skep>SKEP/129/III/2004</no_skep><tgl_skep>2004-03-02</tgl_skep></pangkat><pangkat><pangkat>PENGATUR TK.I II/D</pangkat><tmt_pkt>2008-04-01</tmt_pkt><no_skep>SKEP/143/III/2008</no_skep><tgl_skep>2008-03-10</tgl_skep></pangkat><pangkat><pangkat>PENATA MUDA III/A</pangkat><tmt_pkt>2011-10-01</tmt_pkt><no_skep>KEP/717/IX/2011</no_skep><tgl_skep>2011-09-26</tgl_skep></pangkat><pangkat><pangkat>PENATA MUDA TK.I III/B</pangkat><tmt_pkt>2015-04-01</tmt_pkt><no_skep>SPRIN/256/III/2015</no_skep><tgl_skep>2015-03-30</tgl_skep></pangkat></riwayat_pangkat><riwayat_jabatan><jabatan><jabatan>PENGEMUDI REKTOR UPN VETERAN JAKARTA (BP)</jabatan><tmt_jab>1996-03-01</tmt_jab><no_skep>SKEP/1127/X/1996</no_skep><tgl_skep>1996-10-01</tgl_skep></jabatan><jabatan><jabatan>PENGEMUDI SUBBAGRENMINRO BAGADABANGPEG ROPEG SETJE</jabatan><tmt_jab>2001-03-01</tmt_jab><no_skep>SKEP/278/III/2001</no_skep><tgl_skep>2001-03-28</tgl_skep></jabatan><jabatan><jabatan>PENGEMUDI REKTOR UPN VETERAN JAKARTA</jabatan><tmt_jab>2001-10-01</tmt_jab><no_skep>SKEP/851/X/2001</no_skep><tgl_skep>2001-10-02</tgl_skep></jabatan><jabatan><jabatan>ANGGOTA ROPEG DPB UPN JAKARTA</jabatan><tmt_jab>2003-09-01</tmt_jab><tgl_skep>2003-09-01</tgl_skep></jabatan><jabatan><jabatan>ANGGOTA SUBBAGMINRO BAGADABANGPEG ROPEG SETJEN DEPHAN</jabatan><tmt_jab>2006-03-01</tmt_jab><no_skep>SKEP/201/III/2006</no_skep><tgl_skep>2006-03-27</tgl_skep></jabatan><jabatan><jabatan>Anggota Subbag Minro Bag Adabangpeg Ropeg Setjen Dephan</jabatan><tmt_jab>2007-09-01</tmt_jab><no_skep>SKEP/735/IX/2007</no_skep><tgl_skep>2007-09-20</tgl_skep></jabatan><jabatan><jabatan>Arsiparis Pelaksana Ropeg Setjen Dephan</jabatan><tmt_jab>2009-04-01</tmt_jab><no_skep>KEP MENHAN : KEP/253/XII/2009</no_skep><tgl_skep>2009-12-11</tgl_skep></jabatan><jabatan><jabatan>ARSIPARIS PELAKSANA SUBBAG TU BIRO BAGADABANGPEG ROPEG SETJEN KEMHAN</jabatan><tmt_jab>2010-05-01</tmt_jab><tgl_skep>2010-05-01</tgl_skep></jabatan><jabatan><jabatan>ARSIPARIS PELAKSANA LANJUTAN ROPEG SETJEN KEMHAN</jabatan><tmt_jab>2011-04-01</tmt_jab><no_skep>KEP/216/III/2011</no_skep><tgl_skep>2011-03-29</tgl_skep></jabatan><jabatan><jabatan>ARSIPARIS PELAKSANA LANJUTAN PUSREHAB KEMHAN</jabatan><tmt_jab>2011-04-01</tmt_jab><no_skep>SPRIN/189/VI/2011</no_skep><tgl_skep>2011-06-30</tgl_skep></jabatan><jabatan><jabatan>ARSIPARIS PELAKSANA LANJUTAN PUSREHAB KEMHAN</jabatan><tmt_jab>2011-04-01</tmt_jab><no_skep>KEP/298/IV/2011</no_skep><tgl_skep>2011-04-19</tgl_skep></jabatan><jabatan><jabatan>ARSIPARIS PELAKSANA LANJUTAN PUSREHAB KEMHAN</jabatan><tmt_jab>2014-12-31</tmt_jab><no_skep>KEP/1539/XII/2014</no_skep><tgl_skep>2014-12-31</tgl_skep></jabatan></riwayat_jabatan><riwayat_pendidikan><pendidikan_umum><pendidikan><nama_dik>SEKOLAH DASAR</nama_dik><tahun_lulus>1980</tahun_lulus></pendidikan><pendidikan><nama_dik>TSANAWIYAH</nama_dik><tahun_lulus>1983</tahun_lulus></pendidikan><pendidikan><nama_dik>SEKOLAH MENENGAH ATAS (SMA)</nama_dik><tahun_lulus>1987</tahun_lulus></pendidikan></pendidikan_umum><pendidikan_pembentukan><pendidikan><nama_dik>Latprajab Tk. II</nama_dik><tahun_lulus>1997</tahun_lulus></pendidikan><pendidikan><nama_dik>SUS KOM</nama_dik><tahun_lulus>2010</tahun_lulus></pendidikan><pendidikan><nama_dik>DIKLATKER OTOMOTIF</nama_dik><tahun_lulus>2010</tahun_lulus></pendidikan><pendidikan><nama_dik>Dik Arsiparis Jarak Jauh</nama_dik><tahun_lulus>2011</tahun_lulus></pendidikan></pendidikan_pembentukan></riwayat_pendidikan><riwayat_penugasan></riwayat_penugasan><riwayat_tanda_jasa><tanda_jasa><nama_tanda_jasa>SATYALANCANA KARYA SATYA X TAHUN</nama_tanda_jasa><no_skep>KEPPRES RI NO : 054/TK/TAHUN 2008</no_skep><tgl_skep>2008-11-28</tgl_skep></tanda_jasa></riwayat_tanda_jasa><riwayat_bahasa><bahasa><nama_bahasa>JAWA</nama_bahasa><keterangan>AKTIF</keterangan></bahasa><bahasa><nama_bahasa>INGGRIS</nama_bahasa><keterangan>PASIF</keterangan></bahasa></riwayat_bahasa><riwayat_keluarga><keluarga><nama_keluarga>MARYANAH</nama_keluarga><jenis_kelamin>PEREMPUAN</jenis_kelamin><tgl_lahir>1968-12-12</tgl_lahir><hubungan>ISTRI</hubungan></keluarga><keluarga><nama_keluarga>YATI</nama_keluarga><jenis_kelamin>PEREMPUAN</jenis_kelamin><tgl_lahir>1982-11-13</tgl_lahir><hubungan>ANAK</hubungan></keluarga></riwayat_keluarga></personil_kemhan>
