<personil_kemhan><nopeg>198202092002121001</nopeg><nip>030247574</nip><nrp_nip>198202092002121001</nrp_nip><nama>HARTANTO</nama><gelar>S.Pd</gelar><tempat_lahir>Jakarta</tempat_lahir><tgl_lahir>1982-02-09</tgl_lahir><jenis_kelamin>LAKI-LAKI</jenis_kelamin><unit_organisasi>U.O. KEMHAN</unit_organisasi><jenis_personil>PNS</jenis_personil><pangkat>PENATA MUDA III/A</pangkat><pangkat_corps>PENATA MUDA III/A </pangkat_corps><tmt_pangkat>2013-04-01</tmt_pangkat><angkatan_korps>PNS</angkatan_korps><kategori_pangkat>III/A</kategori_pangkat><jabatan>PENGADMINISTRASI WABKU SUBBAG TU BIRO BAGPAM </jabatan><satker>ROUM SETJEN KEMHAN</satker><kode_jabatan>ANGGOTA</kode_jabatan><tmt_jabatan>2014-12-31</tmt_jabatan><eselon_jabatan>99</eselon_jabatan><kategori>ORGANIK</kategori><tmt_tni>2004-09-01</tmt_tni><tmt_kemhan>2003-12-01</tmt_kemhan><agama>ISLAM</agama><file_foto_1>foto/198202092002121001.jpg</file_foto_1><file_foto_2>foto/030247574.jpg</file_foto_2><riwayat_pangkat><pangkat><pangkat>CAPEG II/B</pangkat><tmt_pkt>2002-12-01</tmt_pkt><no_skep>SKEP/1021/VI/2003</no_skep><tgl_skep>2002-12-01</tgl_skep></pangkat><pangkat><pangkat>PENGATUR MUDA II/A</pangkat><tmt_pkt>2004-09-01</tmt_pkt><no_skep>SPRIN/679/IX/2004</no_skep><tgl_skep>2004-09-01</tgl_skep></pangkat><pangkat><pangkat>PENGATUR MUDA TK.I  II/B</pangkat><tmt_pkt>2007-04-01</tmt_pkt><no_skep>SKEP/174/III/2007</no_skep><tgl_skep>2007-03-09</tgl_skep></pangkat><pangkat><pangkat>PENGATUR II/C</pangkat><tmt_pkt>2010-10-01</tmt_pkt><no_skep>KEP MENHAN NOMOR : KEP/643/IX/2010</no_skep><tgl_skep>2010-09-14</tgl_skep></pangkat><pangkat><pangkat>PENATA MUDA III/A</pangkat><tmt_pkt>2013-04-01</tmt_pkt><no_skep>SPRIN/208/III/2013</no_skep><tgl_skep>2013-03-28</tgl_skep></pangkat><pangkat></pangkat></riwayat_pangkat><riwayat_jabatan><jabatan><jabatan>ANGGOTA SUBBAG RENMINRO BAG PAM</jabatan><tmt_jab>2004-09-01</tmt_jab><no_skep>SKEP/600/VIII/2004</no_skep><tgl_skep>2004-08-27</tgl_skep></jabatan><jabatan><jabatan>Anggota Subbag Minro Bagpam Roum Setjen Dephan</jabatan><tmt_jab>2006-08-01</tmt_jab><no_skep>SKEP/550/VIII/2006</no_skep><tgl_skep>2006-08-03</tgl_skep></jabatan><jabatan><jabatan>Arsiparis Pelaksana Roum Setjen Dephan</jabatan><tmt_jab>2009-04-01</tmt_jab><no_skep>KEP MENHAN NOMOR : KEP/274/XII/2009</no_skep><tgl_skep>2009-12-22</tgl_skep></jabatan><jabatan><jabatan>OPERATOR KOMPUTER ROUM SETJEN KEMHAN</jabatan><tmt_jab>2011-04-01</tmt_jab><no_skep>KEP/285/IV/2011</no_skep><tgl_skep>2011-04-19</tgl_skep></jabatan><jabatan><jabatan>ANGGOTA BIRO UMUM ROUM SETJEN KEMHAN</jabatan><tmt_jab>2012-11-30</tmt_jab><tgl_skep>2012-11-30</tgl_skep></jabatan><jabatan><jabatan>PENGADMINISTRASI WABKU SUBBAG TU BIRO BAGPAM  ROUM SETJEN KEMHAN</jabatan><tmt_jab>2014-12-31</tmt_jab><no_skep>KEP/1484/XIV/2014</no_skep><tgl_skep>2014-12-18</tgl_skep></jabatan></riwayat_jabatan><riwayat_pendidikan><pendidikan_umum><pendidikan><nama_dik>SEKOLAH DASAR</nama_dik><tahun_lulus>1994</tahun_lulus></pendidikan><pendidikan><nama_dik>SEKOLAH LANJUTAN TINGKAT PERTAMA (SLTP)</nama_dik><tahun_lulus>1997</tahun_lulus></pendidikan><pendidikan><nama_dik>STM (MESIN)</nama_dik><tahun_lulus>2000</tahun_lulus></pendidikan><pendidikan><nama_dik>SARJANA MUDA (D.III)</nama_dik><tahun_lulus>2005</tahun_lulus></pendidikan><pendidikan><nama_dik>SARJANA (S1)</nama_dik><tahun_lulus>2010</tahun_lulus></pendidikan></pendidikan_umum><pendidikan_pembentukan><pendidikan><nama_dik>SUS INTERNET</nama_dik><tahun_lulus>2005</tahun_lulus></pendidikan></pendidikan_pembentukan></riwayat_pendidikan><riwayat_penugasan></riwayat_penugasan><riwayat_tanda_jasa></riwayat_tanda_jasa><riwayat_bahasa><bahasa><nama_bahasa>JAWA</nama_bahasa><keterangan>PASIF</keterangan></bahasa><bahasa><nama_bahasa>INGGRIS</nama_bahasa><keterangan>PASIF</keterangan></bahasa><bahasa><nama_bahasa>ARAB</nama_bahasa><keterangan>PASIF</keterangan></bahasa><bahasa><nama_bahasa>INDONESIA</nama_bahasa><keterangan>AKTIF</keterangan></bahasa></riwayat_bahasa><riwayat_keluarga><keluarga><nama_keluarga>DWI NOPIYANTI</nama_keluarga><jenis_kelamin>PEREMPUAN</jenis_kelamin><tgl_lahir>1982-11-14</tgl_lahir><hubungan>ISTRI</hubungan></keluarga><keluarga><nama_keluarga>GHOZI FATIH ELFADHL</nama_keluarga><jenis_kelamin>LAKI-LAKI</jenis_kelamin><tgl_lahir>2009-06-23</tgl_lahir><hubungan>ANAK</hubungan></keluarga><keluarga><nama_keluarga>ARKANUN NAUFIL HILMI</nama_keluarga><jenis_kelamin>LAKI-LAKI</jenis_kelamin><tgl_lahir>2012-06-05</tgl_lahir><hubungan>ANAK</hubungan></keluarga></riwayat_keluarga></personil_kemhan>
