<personil_kemhan><nopeg>197211241992031001</nopeg><nip>030217287</nip><nrp_nip>197211241992031001</nrp_nip><nama>HERMIN PURNOMO</nama><gelar>S.E.</gelar><tempat_lahir>Jakarta</tempat_lahir><tgl_lahir>1972-11-24</tgl_lahir><jenis_kelamin>LAKI-LAKI</jenis_kelamin><unit_organisasi>U.O. KEMHAN</unit_organisasi><jenis_personil>PNS</jenis_personil><pangkat>PENATA III/C</pangkat><pangkat_corps>PENATA III/C </pangkat_corps><tmt_pangkat>2012-10-01</tmt_pangkat><angkatan_korps>PNS</angkatan_korps><sumber_pa_gol_3>PENYESUAIAN IJASAH</sumber_pa_gol_3><tmt_pa_gol_3>2004-10-01</tmt_pa_gol_3><kategori_pangkat>III/C</kategori_pangkat><jabatan>PENYUSUN BAHAN RENLAKLUHKUM SUBBAGRENLAKLUHKUM BAGLUHKUM</jabatan><satker>ROKUM SETJEN KEMHAN</satker><kode_jabatan>ANGGOTA</kode_jabatan><tmt_jabatan>2014-12-31</tmt_jabatan><eselon_jabatan>99</eselon_jabatan><kategori>ORGANIK</kategori><tmt_tni>1993-06-01</tmt_tni><tmt_kemhan>1992-03-01</tmt_kemhan><agama>ISLAM</agama><file_foto_1>foto/197211241992031001.jpg</file_foto_1><file_foto_2>foto/030217287.jpg</file_foto_2><riwayat_pangkat><pangkat><pangkat>CAPEG II/A</pangkat><tmt_pkt>1992-03-01</tmt_pkt><no_skep>SKEP/648/VI/1992</no_skep><tgl_skep>1992-06-08</tgl_skep></pangkat><pangkat><pangkat>PENGATUR MUDA II/A</pangkat><tmt_pkt>1993-06-01</tmt_pkt><no_skep>SKEP/1447/V/1993</no_skep><tgl_skep>1992-05-26</tgl_skep></pangkat><pangkat><pangkat>PENGATUR MUDA TK.I  II/B</pangkat><tmt_pkt>1996-04-01</tmt_pkt><no_skep>03-09/00007/KEP/IV/1996</no_skep><tgl_skep>1996-04-18</tgl_skep></pangkat><pangkat><pangkat>PENGATUR II/C</pangkat><tmt_pkt>2000-04-01</tmt_pkt><no_skep>03-09/00017/KEP/IV/2000</no_skep><tgl_skep>2000-06-11</tgl_skep></pangkat><pangkat><pangkat>PENATA MUDA III/A</pangkat><tmt_pkt>2004-10-01</tmt_pkt><no_skep>SKEP/577/VIII/2004</no_skep><tgl_skep>2004-07-18</tgl_skep></pangkat><pangkat><pangkat>PENATA MUDA TK.I III/B</pangkat><tmt_pkt>2008-10-01</tmt_pkt><no_skep>SKEP/429/VIII/2008</no_skep><tgl_skep>2008-08-21</tgl_skep></pangkat><pangkat><pangkat>PENATA III/C</pangkat><tmt_pkt>2012-10-01</tmt_pkt><no_skep>K/704/IX/2012</no_skep><tgl_skep>2012-09-04</tgl_skep></pangkat></riwayat_pangkat><riwayat_jabatan><jabatan><jabatan>AGENDARIS SBBG RENMINO ROPAM SETJEN DEPHANKAM</jabatan><tmt_jab>1992-03-01</tmt_jab><no_skep>SKEP/648/VI/1992</no_skep><tgl_skep>1992-06-08</tgl_skep></jabatan><jabatan><jabatan>Agendaris Subbag Renminro Ropam Setjen Dephankam</jabatan><tmt_jab>1993-06-01</tmt_jab><no_skep>SKEP/1448/VI/1993</no_skep><tgl_skep>1993-06-26</tgl_skep></jabatan><jabatan><jabatan>Pengatur Komp./Pengetik subbag Ren Bag TU BUMN</jabatan><tmt_jab>1998-10-01</tmt_jab><no_skep>SKEP/1446/XII/1998</no_skep><tgl_skep>1998-12-30</tgl_skep></jabatan><jabatan><jabatan>TURTIK / OPR KOMP SUBBAG RENBAG BAKUM ROKUM SETJEN DEPHAN</jabatan><tmt_jab>2001-03-01</tmt_jab><no_skep>SKEP/247/III/2001</no_skep><tgl_skep>2001-03-21</tgl_skep></jabatan><jabatan><jabatan>Anggota Subbag Yanmin Bagkum Biro Hukum Setjen Dephan</jabatan><tmt_jab>2007-09-01</tmt_jab><no_skep>SKEP/735/IX/2007</no_skep><tgl_skep>2007-09-20</tgl_skep></jabatan><jabatan><jabatan>Anggota Subbag Kumaniter Bag Kumint Rohukum Setjen Dephan</jabatan><tmt_jab>2008-10-13</tmt_jab><no_skep> SKEP/533/X/2008</no_skep><tgl_skep>2008-10-27</tgl_skep></jabatan><jabatan><jabatan>PEMPROSES BAHAN PENGAWASAN SUBBAGWAS BAGBAKUM</jabatan><tmt_jab>2010-05-24</tmt_jab><no_skep>KEP/348/V/2010</no_skep><tgl_skep>2010-05-26</tgl_skep></jabatan><jabatan><jabatan>PENGOLAH BAHAN LUHKUM PUBLIK SUBBAG LUHKUM PUBLIK BAG LUHKUM ROKUM SETJEN KEMHAN</jabatan><tmt_jab>2011-04-01</tmt_jab><no_skep>KEP/284/IV/2011</no_skep><tgl_skep>2011-04-19</tgl_skep></jabatan><jabatan><jabatan>PENYUSUN BHN BAKUM SUBBAG BAKUM BAG YANKUM ROKUM SETJEN KEMHAN</jabatan><tmt_jab>2013-07-05</tmt_jab><no_skep>KEP/674/VII/2013</no_skep><tgl_skep>2013-07-15</tgl_skep></jabatan><jabatan><jabatan>PENYUSUN BAHAN LUHKUM PUBLIK SUBBAG LUHKUM PUBLIK BAG LUHKUM ROKUM SETJEN KEMHAN</jabatan><tmt_jab>2013-10-30</tmt_jab><no_skep>Kep/1108/X/2013</no_skep><tgl_skep>2013-10-31</tgl_skep></jabatan><jabatan><jabatan>PENYUSUN BAHAN RENLAKLUHKUM SUBBAGRENLAKLUHKUM BAGLUHKUM ROKUM SETJEN KEMHAN</jabatan><tmt_jab>2014-12-31</tmt_jab><no_skep>KEP/1485/XII/2014</no_skep><tgl_skep>2014-12-18</tgl_skep></jabatan></riwayat_jabatan><riwayat_pendidikan><pendidikan_umum><pendidikan><nama_dik>SEKOLAH DASAR</nama_dik><tahun_lulus>1985</tahun_lulus></pendidikan><pendidikan><nama_dik>SEKOLAH LANJUTAN TINGKAT PERTAMA (SLTP)</nama_dik><tahun_lulus>1988</tahun_lulus></pendidikan><pendidikan><nama_dik>SEKOLAH LANJUTAN TINGKAT ATAS (SLTA)</nama_dik><tahun_lulus>1991</tahun_lulus></pendidikan><pendidikan><nama_dik>SARJANA (S1)</nama_dik><tahun_lulus>2003</tahun_lulus></pendidikan></pendidikan_umum><pendidikan_pembentukan><pendidikan><nama_dik>LATPRAJAB TK II</nama_dik><tahun_lulus>1992</tahun_lulus></pendidikan><pendidikan><nama_dik>TAR P-4 25 JAM</nama_dik><tahun_lulus>1992</tahun_lulus></pendidikan><pendidikan><nama_dik>SUS MIKRO KOMPUTER</nama_dik><tahun_lulus>1993</tahun_lulus></pendidikan><pendidikan><nama_dik>SUS MINU TK II</nama_dik><tahun_lulus>2002</tahun_lulus></pendidikan><pendidikan><nama_dik>DIK LAT PIM TK IV</nama_dik><tahun_lulus>2005</tahun_lulus></pendidikan><pendidikan><nama_dik>PENGADAAN BARANG DAN JASA</nama_dik><tahun_lulus>2012</tahun_lulus></pendidikan><pendidikan><nama_dik>BELA NEGARA/KOMCAD</nama_dik><tahun_lulus>2014</tahun_lulus></pendidikan><pendidikan><nama_dik>WORKSHOP PENGEMBANGAN KOMPETENSI</nama_dik><tahun_lulus>2015</tahun_lulus></pendidikan><pendidikan><nama_dik>Diklat Penyusun </nama_dik><tahun_lulus>2015</tahun_lulus></pendidikan></pendidikan_pembentukan></riwayat_pendidikan><riwayat_penugasan></riwayat_penugasan><riwayat_tanda_jasa><tanda_jasa><nama_tanda_jasa>SATYALANCANA KARYA SATYA X TAHUN</nama_tanda_jasa><no_skep>N0. 040/TK/TAHUN 2003</no_skep><tgl_skep>2003-07-31</tgl_skep></tanda_jasa></riwayat_tanda_jasa><riwayat_bahasa><bahasa><nama_bahasa>JAWA</nama_bahasa><keterangan>AKTIF</keterangan></bahasa><bahasa><nama_bahasa>SUNDA</nama_bahasa><keterangan>AKTIF</keterangan></bahasa><bahasa><nama_bahasa>INDONESIA</nama_bahasa><keterangan>AKTIF</keterangan></bahasa></riwayat_bahasa><riwayat_keluarga><keluarga><nama_keluarga>DEWI SETIATI</nama_keluarga><jenis_kelamin>PEREMPUAN</jenis_kelamin><tgl_lahir>1975-12-06</tgl_lahir><hubungan>ISTRI</hubungan></keluarga><keluarga><nama_keluarga>DESSY OCTAVIANI PURNOMO</nama_keluarga><jenis_kelamin>PEREMPUAN</jenis_kelamin><tgl_lahir>1995-10-30</tgl_lahir><hubungan>ANAK</hubungan></keluarga><keluarga><nama_keluarga>DIFADLIYA NABILA PURNOMO</nama_keluarga><jenis_kelamin>PEREMPUAN</jenis_kelamin><tgl_lahir>2000-09-15</tgl_lahir><hubungan>ANAK</hubungan></keluarga><keluarga><nama_keluarga>M. AKBAR PUTRA HERDIYANSYAH P.</nama_keluarga><jenis_kelamin>LAKI-LAKI</jenis_kelamin><tgl_lahir>2005-04-06</tgl_lahir><hubungan>ANAK</hubungan></keluarga><keluarga><nama_keluarga>M. AFDHAL FAIZULLAH PURNOMO</nama_keluarga><jenis_kelamin>LAKI-LAKI</jenis_kelamin><tgl_lahir>2006-08-30</tgl_lahir><hubungan>ANAK</hubungan></keluarga></riwayat_keluarga></personil_kemhan>
