<personil_kemhan><nopeg>576374</nopeg><nip>576374</nip><nrp_nip>576374</nrp_nip><nama>LESTARI</nama><gelar>S.I.P</gelar><tempat_lahir>Madiun</tempat_lahir><tgl_lahir>1960-07-03</tgl_lahir><jenis_kelamin>PEREMPUAN</jenis_kelamin><unit_organisasi>U.O. KEMHAN</unit_organisasi><jenis_personil>TNI</jenis_personil><pangkat>LETKOL</pangkat><pangkat_corps>LETKOL (K) CAJ</pangkat_corps><tmt_pangkat>2012-04-01</tmt_pangkat><angkatan_korps>TNI AD</angkatan_korps><sumber_pa_gol_3>SECAPA REG</sumber_pa_gol_3><tmt_pa_gol_3>2006-04-01</tmt_pa_gol_3><kategori_pangkat>LETKOL</kategori_pangkat><jabatan>ANGGOTA</jabatan><satker>DITJEN RENHAN KEMHAN</satker><kode_jabatan>ANGGOTA</kode_jabatan><tmt_jabatan>2015-07-13</tmt_jabatan><eselon_jabatan>99</eselon_jabatan><kategori>ORGANIK</kategori><tmt_tni>1980-10-01</tmt_tni><tmt_kemhan>1995-08-01</tmt_kemhan><agama>ISLAM</agama><file_foto_1>foto/576374.jpg</file_foto_1><file_foto_2>foto/576374.jpg</file_foto_2><riwayat_pangkat><pangkat><pangkat>LETDA</pangkat><tmt_pkt>1993-12-23</tmt_pkt><no_skep>SKEP/427/XII/1993</no_skep><tgl_skep>1993-12-22</tgl_skep></pangkat><pangkat><pangkat>LETTU</pangkat><tmt_pkt>1998-04-01</tmt_pkt><no_skep>SKEP/126/III/1998</no_skep><tgl_skep>1998-03-26</tgl_skep></pangkat><pangkat><pangkat>KAPTEN</pangkat><tmt_pkt>2001-04-01</tmt_pkt><no_skep>SKEP/63/III/2001</no_skep><tgl_skep>2006-03-29</tgl_skep></pangkat><pangkat><pangkat>MAYOR</pangkat><tmt_pkt>2006-04-01</tmt_pkt><no_skep>SKEP/107/III/2006</no_skep><tgl_skep>2006-03-27</tgl_skep></pangkat><pangkat><pangkat>LETKOL</pangkat><tmt_pkt>2012-04-01</tmt_pkt><no_skep>KEP/180/III/2012</no_skep><tgl_skep>2012-03-26</tgl_skep></pangkat></riwayat_pangkat><riwayat_jabatan><jabatan><jabatan>PSB TK III/BANGWAT SUBBAG PERS BAG UM SETDITJEN RENUMGAR DEPHAN</jabatan><tmt_jab>1994-09-01</tmt_jab><no_skep>SKEP/1482/IX/1994</no_skep><tgl_skep>1994-09-26</tgl_skep></jabatan><jabatan><jabatan>PSB TK III/RUMGA SUBBAG UM DITRENUM DITJEN RENUMGAR DEP HAN</jabatan><tmt_jab>1998-06-01</tmt_jab><no_skep>SKEP/705/VI/1998</no_skep><tgl_skep>1998-06-29</tgl_skep></jabatan><jabatan><jabatan>PSB TK II/MENTALIDPSI SUBBAG WATJAH BAGPERS ROUM SETJEN DEPHAN</jabatan><tmt_jab>1999-10-01</tmt_jab><no_skep>SKEP/1173/X/1999</no_skep><tgl_skep>1999-10-07</tgl_skep></jabatan><jabatan><jabatan>PSB TK II/KGB TNI SUBBAG BINJAH BAGWATPEG SETJEN D</jabatan><tmt_jab>2001-03-01</tmt_jab><no_skep>SKEP/294/III/2001</no_skep><tgl_skep>2001-03-30</tgl_skep></jabatan><jabatan><jabatan>PSB TK I/KGB TNI SUBBAGBINJAH BAGWATPEG ROPEG</jabatan><tmt_jab>2001-05-01</tmt_jab><no_skep>SPRIN/318/V/2001</no_skep><tgl_skep>2001-05-01</tgl_skep></jabatan><jabatan><jabatan>ANALIS KEPEGAWAIAN PENYELIA (GOL.VI)</jabatan><tmt_jab>2001-12-01</tmt_jab><no_skep>SKEP/1059/XII/2001</no_skep><tgl_skep>2001-12-31</tgl_skep></jabatan><jabatan><jabatan>Jabatan Fungsional Gol. VI Ropeg Setjen Dephan</jabatan><tmt_jab>2005-02-01</tmt_jab><no_skep>Skep/150/III/2005</no_skep><tgl_skep>2005-03-10</tgl_skep></jabatan><jabatan><jabatan>Tenaga Fungsional Gol. VI Ropeg Setjen Dephan</jabatan><tmt_jab>2005-02-01</tmt_jab><no_skep>SKEP/150/III/2005</no_skep><tgl_skep>2005-03-10</tgl_skep></jabatan><jabatan><jabatan>KA. PRIMKOP SETJEN DEPHAN</jabatan><tmt_jab>2005-02-02</tmt_jab><no_skep>SPRIN/11/II/2005</no_skep><tgl_skep>2005-02-02</tgl_skep></jabatan><jabatan><jabatan>ANALIS MUDA BIDANG ANES RENPROGAR SUBDIT ANES REN PROGAR DIT RENPROGAR DITJEN RENHAN KEMHAN</jabatan><tmt_jab>2011-04-01</tmt_jab><no_skep>SPRIN/78/VI/2011</no_skep><tgl_skep>2011-06-16</tgl_skep></jabatan><jabatan><jabatan>ANALIS MUDA BIDEVRENPROGAR KEMHAN DAN MABES TNI SUBDITRENPROGAR A DIT RENPROGAR DITJEN RENHAN KEMHAN</jabatan><tmt_jab>2011-06-16</tmt_jab><no_skep>SPRIN/78/VI/2011</no_skep><tgl_skep>2011-06-16</tgl_skep></jabatan><jabatan><jabatan>KASI GAR TNI AD SUBDIT RENPROGAR B DIT RENPROGAR DITJEN RENHAN KEMHAN</jabatan><tmt_jab>2012-01-09</tmt_jab><no_skep>KEP/14/I/2012</no_skep><tgl_skep>2012-01-11</tgl_skep></jabatan><jabatan><jabatan>KASUBBAG TU DIT RENPROGAR DITJEN RENHAN KEMHAN</jabatan><tmt_jab>2013-06-03</tmt_jab><no_skep>KEP/531/VI/2013</no_skep><tgl_skep>2013-06-05</tgl_skep></jabatan><jabatan><jabatan>KASUBBAG TU DIT RENBANGHAN DITJEN RENHAN KEMHAN</jabatan><tmt_jab>2014-12-31</tmt_jab><no_skep>KEP/</no_skep><tgl_skep>2014-12-31</tgl_skep></jabatan><jabatan><jabatan>ANGGOTA DITJEN RENHAN KEMHAN</jabatan><tmt_jab>2015-07-13</tmt_jab><no_skep>KEP/675/VII/2015</no_skep><tgl_skep>2015-07-27</tgl_skep></jabatan></riwayat_jabatan><riwayat_pendidikan><pendidikan_umum><pendidikan><nama_dik>SEKOLAH DASAR</nama_dik><tahun_lulus>1973</tahun_lulus></pendidikan><pendidikan><nama_dik>SEKOLAH LANJUTAN TINGKAT PERTAMA (SLTP)</nama_dik><tahun_lulus>1976</tahun_lulus></pendidikan><pendidikan><nama_dik>SEKOLAH LANJUTAN TINGKAT ATAS (SLTA)</nama_dik><tahun_lulus>1980</tahun_lulus></pendidikan><pendidikan><nama_dik>SARJANA MUDA (D.III)</nama_dik><tahun_lulus>1983</tahun_lulus></pendidikan><pendidikan><nama_dik>SARJANA (S1)</nama_dik><tahun_lulus>2002</tahun_lulus></pendidikan></pendidikan_umum><pendidikan_pembentukan><pendidikan><nama_dik>SEBA MILWA</nama_dik><tahun_lulus>1981</tahun_lulus></pendidikan><pendidikan><nama_dik>SUS JUR BA MINPERSMIL</nama_dik><tahun_lulus>1981</tahun_lulus></pendidikan><pendidikan><nama_dik>SUS BHS CINA / MANDARIN</nama_dik><tahun_lulus>1990</tahun_lulus></pendidikan><pendidikan><nama_dik>SECAPA REG</nama_dik><tahun_lulus>1993</tahun_lulus></pendidikan><pendidikan><nama_dik>SUS SARCAB AJEN/PERS</nama_dik><tahun_lulus>1994</tahun_lulus></pendidikan><pendidikan><nama_dik>SUS DAS JEMEN</nama_dik><tahun_lulus>1997</tahun_lulus></pendidikan><pendidikan><nama_dik>SUS PA MINU HKM</nama_dik><tahun_lulus>2000</tahun_lulus></pendidikan><pendidikan><nama_dik>SUSLAPA</nama_dik><tahun_lulus>2004</tahun_lulus></pendidikan><pendidikan><nama_dik>WORKSHOP SISHANNEG ESL. IV</nama_dik><tahun_lulus>2007</tahun_lulus></pendidikan><pendidikan><nama_dik>SUS JEMENRENGGAR ANG. XXX</nama_dik><tahun_lulus>2010</tahun_lulus></pendidikan></pendidikan_pembentukan></riwayat_pendidikan><riwayat_penugasan></riwayat_penugasan><riwayat_tanda_jasa><tanda_jasa><nama_tanda_jasa>SATYALANCANA KESETIAAN VIII TAHUN</nama_tanda_jasa><no_skep>SKEP/459/XI/1991</no_skep><tgl_skep>1991-11-25</tgl_skep></tanda_jasa><tanda_jasa><nama_tanda_jasa>SATYALANCANA KESETIAAN XVI TAHUN</nama_tanda_jasa><no_skep>SKEP/503/X/1997</no_skep><tgl_skep>1997-10-01</tgl_skep></tanda_jasa><tanda_jasa><nama_tanda_jasa>SATYALANCANA KESETIAAN XXIV TAHUN</nama_tanda_jasa><no_skep>SKEP/95/III/2006</no_skep><tgl_skep>2006-03-28</tgl_skep></tanda_jasa><tanda_jasa><nama_tanda_jasa>BINTANG KARTIKA EKA PAKSI NARARYA</nama_tanda_jasa><no_skep>029/TK/TAHUN 2007</no_skep><tgl_skep>2007-03-19</tgl_skep></tanda_jasa><tanda_jasa><nama_tanda_jasa>BINTANG YUDHA DHARMA NARARYA</nama_tanda_jasa><no_skep>KEPPRES RI. NO. 45/TK/TAHUN/2010</no_skep><tgl_skep>2010-09-16</tgl_skep></tanda_jasa></riwayat_tanda_jasa><riwayat_bahasa><bahasa><nama_bahasa>JAWA</nama_bahasa><keterangan>AKTIF</keterangan></bahasa><bahasa><nama_bahasa>SUNDA</nama_bahasa><keterangan>AKTIF</keterangan></bahasa><bahasa><nama_bahasa>INGGRIS</nama_bahasa><keterangan>PASIF</keterangan></bahasa><bahasa><nama_bahasa>CINA</nama_bahasa><keterangan>PASIF</keterangan></bahasa></riwayat_bahasa><riwayat_keluarga><keluarga><nama_keluarga>R. Gatot Cahyanto</nama_keluarga><jenis_kelamin>LAKI-LAKI</jenis_kelamin><tgl_lahir>1959-03-04</tgl_lahir><hubungan>SUAMI</hubungan></keluarga><keluarga><nama_keluarga>Nurul Huda</nama_keluarga><jenis_kelamin>PEREMPUAN</jenis_kelamin><tgl_lahir>1987-11-29</tgl_lahir><hubungan>ANAK</hubungan></keluarga><keluarga><nama_keluarga>Abdullah Hanifah Sani</nama_keluarga><jenis_kelamin>LAKI-LAKI</jenis_kelamin><tgl_lahir>1995-10-29</tgl_lahir><hubungan>ANAK</hubungan></keluarga></riwayat_keluarga></personil_kemhan>
