<personil_kemhan><nopeg>195811241982032001</nopeg><nip>030159351</nip><nrp_nip>195811241982032001</nrp_nip><nama>URIP NINGSIH</nama><tempat_lahir>Kulon Progo</tempat_lahir><tgl_lahir>1958-11-24</tgl_lahir><jenis_kelamin>PEREMPUAN</jenis_kelamin><unit_organisasi>U.O. KEMHAN</unit_organisasi><jenis_personil>PNS</jenis_personil><pangkat>PENATA MUDA TK.I III/B</pangkat><pangkat_corps>PENATA MUDA TK.I III/B </pangkat_corps><tmt_pangkat>2002-04-01</tmt_pangkat><angkatan_korps>PNS</angkatan_korps><sumber_pa_gol_3>UJIAN DINAS</sumber_pa_gol_3><tmt_pa_gol_3>1998-04-01</tmt_pa_gol_3><kategori_pangkat>III/B</kategori_pangkat><jabatan>PENGOLAH BAHAN MINPEG SUBBAGUM BAG TU</jabatan><satker>PUSKOMPUBLIK KEMHAN</satker><kode_jabatan>ANGGOTA</kode_jabatan><tmt_jabatan>2011-04-01</tmt_jabatan><eselon_jabatan>99</eselon_jabatan><kategori>ORGANIK</kategori><tmt_tni>1983-06-01</tmt_tni><tmt_kemhan>1982-03-01</tmt_kemhan><agama>ISLAM</agama><file_foto_1>foto/195811241982032001.jpg</file_foto_1><file_foto_2>foto/030159351.jpg</file_foto_2><riwayat_pangkat><pangkat><pangkat>CAPEG II/A</pangkat><tmt_pkt>1982-03-01</tmt_pkt><no_skep>SKEP/729/VI/1982</no_skep><tgl_skep>1982-06-02</tgl_skep></pangkat><pangkat><pangkat>PENGATUR MUDA II/A</pangkat><tmt_pkt>1983-06-01</tmt_pkt><no_skep>SKEP/1772/V/1983</no_skep><tgl_skep>1983-06-01</tgl_skep></pangkat><pangkat><pangkat>PENGATUR MUDA TK.I  II/B</pangkat><tmt_pkt>1986-04-01</tmt_pkt><no_skep>SKEP/1421/IX/1986</no_skep><tgl_skep>1986-09-16</tgl_skep></pangkat><pangkat><pangkat>PENGATUR II/C</pangkat><tmt_pkt>1990-04-01</tmt_pkt><no_skep>SKEP/1029/VI/1990</no_skep><tgl_skep>1990-06-05</tgl_skep></pangkat><pangkat><pangkat>PENGATUR TK.I II/D</pangkat><tmt_pkt>1994-04-01</tmt_pkt><no_skep>03-09/00768/KEP/IV/1994</no_skep><tgl_skep>1994-02-15</tgl_skep></pangkat><pangkat><pangkat>PENATA MUDA III/A</pangkat><tmt_pkt>1998-04-01</tmt_pkt><tgl_skep>1998-04-01</tgl_skep></pangkat><pangkat><pangkat>PENATA MUDA TK.I III/B</pangkat><tmt_pkt>2002-04-01</tmt_pkt><no_skep>SKEP/825/VII/2002</no_skep><tgl_skep>2002-07-30</tgl_skep></pangkat></riwayat_pangkat><riwayat_jabatan><jabatan><jabatan>PSB TK II/RUMGA SUBBAG RENMINRO BAGMINPROT ROHUMAS</jabatan><tmt_jab>1999-12-24</tmt_jab><no_skep>SKEP/1481/XII/1999</no_skep><tgl_skep>2000-01-01</tgl_skep></jabatan><jabatan><jabatan>PEMB SUBBAG TKII/RUMGA SUBBAGRENMINRO BAMINPROT RO</jabatan><tmt_jab>2001-03-01</tmt_jab><no_skep>SKEP/260/III/2001</no_skep><tgl_skep>2001-03-22</tgl_skep></jabatan><jabatan><jabatan>ANALIS KEPEGAWAIAN PELAKSANA LANJUTAN ROHUMAS</jabatan><tmt_jab>2001-12-01</tmt_jab><no_skep>SKEP/1017/XII/2001</no_skep><tgl_skep>2001-12-24</tgl_skep></jabatan><jabatan><jabatan>Anggota Subbag Minro Bag Hublem Rohumas Setjen Dephan</jabatan><tmt_jab>2006-05-01</tmt_jab><no_skep>SKEP/309/V/2006</no_skep><tgl_skep>2006-05-05</tgl_skep></jabatan><jabatan><jabatan>PENGOLAH BAHAN MINPEG SUBBAGUM BAG TU PUSKOMPUBLIK KEMHAN</jabatan><tmt_jab>2011-04-01</tmt_jab><no_skep>KEP/296/IV/2011</no_skep><tgl_skep>2011-04-19</tgl_skep></jabatan><jabatan><jabatan>PENGOLAH BAHAN MINPEG SUBBAGUM BAG TU PUSKOM PUBLIK KEMHAN</jabatan><tmt_jab>2014-12-31</tmt_jab><no_skep>KEP/1510/XII/2014</no_skep><tgl_skep>2014-12-18</tgl_skep></jabatan></riwayat_jabatan><riwayat_pendidikan><pendidikan_umum><pendidikan><nama_dik>SEKOLAH DASAR</nama_dik><tahun_lulus>1972</tahun_lulus></pendidikan><pendidikan><nama_dik>SEKOLAH LANJUTAN TINGKAT PERTAMA (SLTP)</nama_dik><tahun_lulus>1975</tahun_lulus></pendidikan><pendidikan><nama_dik>SEKOLAH LANJUTAN TINGKAT ATAS (SLTA)</nama_dik><tahun_lulus>1979</tahun_lulus></pendidikan></pendidikan_umum><pendidikan_pembentukan><pendidikan><nama_dik>LATPRAJAB TK II</nama_dik><tahun_lulus>1982</tahun_lulus></pendidikan><pendidikan><nama_dik>SUS MIN PERS</nama_dik><tahun_lulus>1996</tahun_lulus></pendidikan><pendidikan><nama_dik>UJIAN DINAS</nama_dik><tahun_lulus>1996</tahun_lulus></pendidikan><pendidikan><nama_dik>ADUM</nama_dik><tahun_lulus>1999</tahun_lulus></pendidikan><pendidikan><nama_dik>SOSIALISASI JABFUNG PUSTAKAWAN DI LINGKUNGAN DEPHA</nama_dik><tahun_lulus>2003</tahun_lulus></pendidikan><pendidikan><nama_dik>BIMBINGAN TEKNIS PENILAIAN JABFUNG ARSIPARIS</nama_dik><tahun_lulus>2004</tahun_lulus></pendidikan><pendidikan><nama_dik>PELATIHAN SOSIALISASI SISTEM PERPUSTAKAAN DEPHAN R</nama_dik><tahun_lulus>2008</tahun_lulus></pendidikan></pendidikan_pembentukan></riwayat_pendidikan><riwayat_penugasan></riwayat_penugasan><riwayat_tanda_jasa><tanda_jasa><nama_tanda_jasa>SATYALANCANA KARYA SATYA X TAHUN</nama_tanda_jasa><no_skep>SKEP/065/TK/TAHUN 2001</no_skep><tgl_skep>2001-07-19</tgl_skep></tanda_jasa><tanda_jasa><nama_tanda_jasa>SATYALANCANA KARYA SATYA XX TAHUN</nama_tanda_jasa><no_skep>KEPPES RI/084/TK/TAHUN 2003</no_skep><tgl_skep>2003-10-31</tgl_skep></tanda_jasa></riwayat_tanda_jasa><riwayat_bahasa><bahasa><nama_bahasa>JAWA</nama_bahasa><keterangan>AKTIF</keterangan></bahasa></riwayat_bahasa><riwayat_keluarga><keluarga><nama_keluarga>Karsono</nama_keluarga><jenis_kelamin>LAKI-LAKI</jenis_kelamin><tgl_lahir>1959-03-08</tgl_lahir><hubungan>SUAMI</hubungan></keluarga><keluarga><nama_keluarga>Arif Budi Laksono</nama_keluarga><jenis_kelamin>LAKI-LAKI</jenis_kelamin><tgl_lahir>1986-02-15</tgl_lahir><hubungan>ANAK</hubungan></keluarga><keluarga><nama_keluarga>Agung Dwilaksono</nama_keluarga><jenis_kelamin>LAKI-LAKI</jenis_kelamin><tgl_lahir>1987-08-11</tgl_lahir><hubungan>ANAK</hubungan></keluarga></riwayat_keluarga></personil_kemhan>
