<personil_kemhan><nopeg>196509041985031004</nopeg><nip>030181321</nip><nrp_nip>196509041985031004</nrp_nip><nama>ACEP SUTAWIJAYA</nama><tempat_lahir>Bogor</tempat_lahir><tgl_lahir>1965-09-04</tgl_lahir><jenis_kelamin>LAKI-LAKI</jenis_kelamin><unit_organisasi>U.O. KEMHAN</unit_organisasi><jenis_personil>PNS</jenis_personil><pangkat>PENATA MUDA TK.I III/B</pangkat><pangkat_corps>PENATA MUDA TK.I III/B </pangkat_corps><tmt_pangkat>2012-04-01</tmt_pangkat><angkatan_korps>PNS</angkatan_korps><sumber_pa_gol_3>UJIAN DINAS</sumber_pa_gol_3><tmt_pa_gol_3>2008-04-01</tmt_pa_gol_3><kategori_pangkat>III/B</kategori_pangkat><jabatan>PENGOLAH BAHAN DATA FOTO SUBBID PRODOK BIDBRA</jabatan><satker>PUSKOMPUBLIK KEMHAN</satker><kode_jabatan>ANGGOTA</kode_jabatan><tmt_jabatan>2014-12-31</tmt_jabatan><eselon_jabatan>99</eselon_jabatan><kategori>ORGANIK</kategori><tmt_tni>1987-03-01</tmt_tni><tmt_kemhan>1985-03-01</tmt_kemhan><agama>ISLAM</agama><file_foto_1>foto/196509041985031004.jpg</file_foto_1><file_foto_2>foto/030181321.jpg</file_foto_2><riwayat_pangkat><pangkat><pangkat>CAPEG I/A</pangkat><tmt_pkt>1985-03-01</tmt_pkt><no_skep>SKEP/137/15/VI/1985</no_skep><tgl_skep>1985-06-08</tgl_skep></pangkat><pangkat><pangkat>JURU MUDA I/A</pangkat><tmt_pkt>1987-03-01</tmt_pkt><no_skep>SKEP/319/III/1987</no_skep><tgl_skep>1987-03-01</tgl_skep></pangkat><pangkat><pangkat>JURU MUDA TK. I  I/B</pangkat><tmt_pkt>1989-10-01</tmt_pkt><no_skep>SKEP/275/II/1989</no_skep><tgl_skep>1989-02-06</tgl_skep></pangkat><pangkat><pangkat>PENGATUR MUDA II/A</pangkat><tmt_pkt>1990-10-01</tmt_pkt><no_skep>SKEP/2384/XII/1990</no_skep><tgl_skep>1990-12-08</tgl_skep></pangkat><pangkat><pangkat>PENGATUR MUDA TK.I  II/B</pangkat><tmt_pkt>1994-10-01</tmt_pkt><no_skep>0309/01040/KEP/X/1994</no_skep><tgl_skep>1994-09-13</tgl_skep></pangkat><pangkat><pangkat>PENGATUR II/C</pangkat><tmt_pkt>1998-10-01</tmt_pkt><no_skep>0309/00029/KEP/X/1998</no_skep><tgl_skep>1998-11-04</tgl_skep></pangkat><pangkat><pangkat>PENGATUR TK.I II/D</pangkat><tmt_pkt>2002-10-01</tmt_pkt><no_skep>SKEP/75/I/2003</no_skep><tgl_skep>2003-01-15</tgl_skep></pangkat><pangkat><pangkat>PENATA MUDA III/A</pangkat><tmt_pkt>2008-04-01</tmt_pkt><no_skep>SKEP/148/III/2008</no_skep><tgl_skep>2008-03-10</tgl_skep></pangkat><pangkat><pangkat>PENATA MUDA TK.I III/B</pangkat><tmt_pkt>2012-04-01</tmt_pkt><no_skep>SPRIN/232/III/2012</no_skep><tgl_skep>2012-03-27</tgl_skep></pangkat></riwayat_pangkat><riwayat_jabatan><jabatan><jabatan>ANGG KOSTRANAS</jabatan><tmt_jab>1985-06-08</tmt_jab><no_skep>SKEP/137/15/VI/1985</no_skep><tgl_skep>1985-03-01</tgl_skep></jabatan><jabatan><jabatan>ANGG RO HUMAS</jabatan><tmt_jab>1987-03-01</tmt_jab><no_skep>SKEP/319/III/1987</no_skep><tgl_skep>1987-03-01</tgl_skep></jabatan><jabatan><jabatan>ANGG RO HUMAS</jabatan><tmt_jab>1988-10-01</tmt_jab><no_skep>SKEP/275/II/1988</no_skep><tgl_skep>1988-10-01</tgl_skep></jabatan><jabatan><jabatan>TUR DOK PHOTO SUBBAG BRA ROHUMAS</jabatan><tmt_jab>1990-12-08</tmt_jab><no_skep>SKEP/2384/XII/1990</no_skep><tgl_skep>1990-10-01</tgl_skep></jabatan><jabatan><jabatan>DOK PHOTO SUBBAG BRA</jabatan><tmt_jab>1994-09-13</tmt_jab><tgl_skep>1994-10-01</tgl_skep></jabatan><jabatan><jabatan>OPR KOMP SUBBAG BRA ROHUMAS</jabatan><tmt_jab>1998-11-04</tmt_jab><no_skep>09-09/00029/KEP/X/1989</no_skep><tgl_skep>1998-10-01</tgl_skep></jabatan><jabatan><jabatan>TURMIN BAGBRA ROHUMAS</jabatan><tmt_jab>2001-03-01</tmt_jab><no_skep>SKEP/263/III/2001</no_skep><tgl_skep>2001-03-22</tgl_skep></jabatan><jabatan><tmt_jab>2006-07-01</tmt_jab><no_skep>SKEP/500/VII/2006</no_skep><tgl_skep>2006-07-17</tgl_skep></jabatan><jabatan><jabatan>ANGGOTA SUBBAG PROD BAG BRA ROHUMAS SETJEN DEPHAN</jabatan><tmt_jab>2006-07-01</tmt_jab><no_skep>SKEP/500/VII/2006</no_skep><tgl_skep>2006-07-17</tgl_skep></jabatan><jabatan><jabatan>PEMROSES DATA FOTO DAN VIDEO SUBBIDPROD BIDBRA PUSKOMPUBLIK KEMHAN</jabatan><tmt_jab>2011-04-01</tmt_jab><no_skep>SPRIN/68/VI/2011</no_skep><tgl_skep>2011-06-13</tgl_skep></jabatan><jabatan><jabatan>PENGOLAH BAHAN DATA FOTO SUBBID PRODOK BIDBRA PUSKOMPUBLIK KEMHAN</jabatan><tmt_jab>2014-12-31</tmt_jab><no_skep>KEP/1510/XII/2014</no_skep><tgl_skep>2014-12-18</tgl_skep></jabatan></riwayat_jabatan><riwayat_pendidikan><pendidikan_umum><pendidikan><nama_dik>SEKOLAH DASAR</nama_dik><tahun_lulus>1981</tahun_lulus></pendidikan><pendidikan><nama_dik>SEKOLAH LANJUTAN TINGKAT PERTAMA (SLTP)</nama_dik><tahun_lulus>1987</tahun_lulus></pendidikan><pendidikan><nama_dik>SEKOLAH LANJUTAN TINGKAT ATAS (SLTA)</nama_dik><tahun_lulus>1990</tahun_lulus></pendidikan></pendidikan_umum><pendidikan_pembentukan><pendidikan><nama_dik>LATPRAJAB TK I</nama_dik><tahun_lulus>1985</tahun_lulus></pendidikan><pendidikan><nama_dik>SUS JURNALISTIK&amp;FOTOGRAFI</nama_dik><tahun_lulus>1986</tahun_lulus></pendidikan><pendidikan><nama_dik>SUS OPERATOR KOMPUTER</nama_dik><tahun_lulus>1995</tahun_lulus></pendidikan><pendidikan><nama_dik>SUS OPERATOR INTERNET</nama_dik><tahun_lulus>1998</tahun_lulus></pendidikan><pendidikan><nama_dik>SUSBAMINU</nama_dik><tahun_lulus>2002</tahun_lulus></pendidikan></pendidikan_pembentukan></riwayat_pendidikan><riwayat_penugasan></riwayat_penugasan><riwayat_tanda_jasa><tanda_jasa><nama_tanda_jasa>SATYALANCANA KARYA SATYA X TAHUN</nama_tanda_jasa><no_skep>040/TK/TAHUN 2003</no_skep><tgl_skep>2003-07-31</tgl_skep></tanda_jasa><tanda_jasa><nama_tanda_jasa>SATYALANCANA KARYA SATYA XX TAHUN</nama_tanda_jasa><no_skep>73 / TK / TAHUN 2011</no_skep><tgl_skep>2011-08-01</tgl_skep></tanda_jasa></riwayat_tanda_jasa><riwayat_bahasa></riwayat_bahasa><riwayat_keluarga><keluarga><nama_keluarga>SYAMSIAH</nama_keluarga><jenis_kelamin>PEREMPUAN</jenis_kelamin><tgl_lahir>1969-09-01</tgl_lahir><hubungan>ISTRI</hubungan></keluarga><keluarga><nama_keluarga>FITRODIN ALMULQI</nama_keluarga><jenis_kelamin>LAKI-LAKI</jenis_kelamin><tgl_lahir>1991-04-18</tgl_lahir><hubungan>ANAK</hubungan></keluarga><keluarga><nama_keluarga>FAUZIAH UMAMI</nama_keluarga><jenis_kelamin>PEREMPUAN</jenis_kelamin><tgl_lahir>1997-06-28</tgl_lahir><hubungan>ANAK</hubungan></keluarga></riwayat_keluarga></personil_kemhan>
