<personil_kemhan><nopeg>197306251998031001</nopeg><nip>030241369</nip><nrp_nip>197306251998031001</nrp_nip><nama>RUSLI</nama><tempat_lahir>Jakarta</tempat_lahir><tgl_lahir>1973-06-25</tgl_lahir><jenis_kelamin>LAKI-LAKI</jenis_kelamin><unit_organisasi>U.O. KEMHAN</unit_organisasi><jenis_personil>PNS</jenis_personil><pangkat>PENGATUR TK.I II/D</pangkat><pangkat_corps>PENGATUR TK.I II/D </pangkat_corps><tmt_pangkat>2010-10-01</tmt_pangkat><angkatan_korps>PNS</angkatan_korps><kategori_pangkat>II/C</kategori_pangkat><jabatan>OPERATOR KOMPUTER SI LAHKUM SUBDIT LAHINFOKUMHAN DIREKTORAT PERATURAN PERUU</jabatan><satker>DITJEN STRAHAN KEMHAN</satker><kode_jabatan>ANGGOTA</kode_jabatan><tmt_jabatan>2014-12-31</tmt_jabatan><eselon_jabatan>99</eselon_jabatan><kategori>ORGANIK</kategori><tmt_tni>2000-03-01</tmt_tni><tmt_kemhan>1998-03-01</tmt_kemhan><agama>ISLAM</agama><file_foto_1>foto/197306251998031001.jpg</file_foto_1><file_foto_2>foto/030241369.jpg</file_foto_2><riwayat_pangkat><pangkat><pangkat>CAPEG II/A</pangkat><tmt_pkt>1998-03-01</tmt_pkt><no_skep>SKEP/960/VIII/1998</no_skep><tgl_skep>00000-00-00</tgl_skep></pangkat><pangkat><pangkat>PENGATUR MUDA II/A</pangkat><tmt_pkt>2000-03-01</tmt_pkt><no_skep>skep/3000/III/2000</no_skep><tgl_skep>2000-03-01</tgl_skep></pangkat><pangkat><pangkat>PENGATUR MUDA TK.I  II/B</pangkat><tmt_pkt>2002-10-01</tmt_pkt><no_skep>skep/24/I/2003</no_skep><tgl_skep>2003-01-09</tgl_skep></pangkat><pangkat><pangkat>PENGATUR II/C</pangkat><tmt_pkt>2006-10-01</tmt_pkt><no_skep>SKEP/620/VIII/2006</no_skep><tgl_skep>2006-08-24</tgl_skep></pangkat><pangkat><pangkat>PENGATUR TK.I II/D</pangkat><tmt_pkt>2010-10-01</tmt_pkt><no_skep>KEP/634/IX/2010</no_skep><tgl_skep>2010-09-07</tgl_skep></pangkat></riwayat_pangkat><riwayat_jabatan><jabatan><jabatan>ANGGOTA ROKUM SUBBAGMINRO ROKUM SETJEN DEPHANKAM</jabatan><tmt_jab>1998-08-31</tmt_jab><no_skep>SKEP/960/VIII/1998</no_skep><tgl_skep>1998-08-31</tgl_skep></jabatan><jabatan><jabatan>CARAKA SUBBAG RENMINORO BAG YANKUM ROKUM</jabatan><tmt_jab>2001-03-01</tmt_jab><no_skep>SKEP/247/III/2001</no_skep><tgl_skep>2001-03-21</tgl_skep></jabatan><jabatan><jabatan>Anggota Subbag Minro Bag Yankum Rohukum Setjen Dephan</jabatan><tmt_jab>2007-09-01</tmt_jab><no_skep>SKEP/735/IX/2007</no_skep><tgl_skep>2007-09-20</tgl_skep></jabatan><jabatan><jabatan>CARAKA SUBBAGMINRO BAGYANKUM</jabatan><tmt_jab>2010-05-24</tmt_jab><no_skep>KEP/348/V/2010</no_skep><tgl_skep>2010-05-26</tgl_skep></jabatan><jabatan><jabatan>OPERATOR KOMPUTER SUBDITINFOKUM DIT KUMSTRA DITJEN STRAHAN KEMHAN</jabatan><tmt_jab>2011-03-07</tmt_jab><no_skep>KEP MENHAN NOMOR : KEP/150/III/2011</no_skep><tgl_skep>2011-03-09</tgl_skep></jabatan><jabatan><jabatan>OPERATOR KOMPUTER SI LAHKUM SUBDIT LAHINFOKUMHAN DIREKTORAT PERATURAN PERUU DITJEN STRAHAN KEMHAN</jabatan><tmt_jab>2014-12-31</tmt_jab><no_skep>KEP/1494/XII/2014</no_skep><tgl_skep>2014-12-18</tgl_skep></jabatan></riwayat_jabatan><riwayat_pendidikan><pendidikan_umum><pendidikan><nama_dik>SEKOLAH DASAR</nama_dik><tahun_lulus>1986</tahun_lulus></pendidikan><pendidikan><nama_dik>SEKOLAH LANJUTAN TINGKAT PERTAMA (SLTP)</nama_dik><tahun_lulus>1989</tahun_lulus></pendidikan><pendidikan><nama_dik>SEKOLAH LANJUTAN TINGKAT ATAS (SLTA)</nama_dik><tahun_lulus>1992</tahun_lulus></pendidikan></pendidikan_umum><pendidikan_pembentukan><pendidikan><nama_dik>LATPRAJAB TK II</nama_dik><tahun_lulus>1999</tahun_lulus></pendidikan><pendidikan><nama_dik>TAR PPBN</nama_dik><tahun_lulus>1999</tahun_lulus></pendidikan></pendidikan_pembentukan></riwayat_pendidikan><riwayat_penugasan></riwayat_penugasan><riwayat_tanda_jasa><tanda_jasa><nama_tanda_jasa>SATYALANCANA KARYA SATYA X TAHUN</nama_tanda_jasa><no_skep>KEPPRES RI NOMOR 054/TK/TAHUN 2008</no_skep><tgl_skep>2008-11-28</tgl_skep></tanda_jasa></riwayat_tanda_jasa><riwayat_bahasa><bahasa><nama_bahasa>BETAWI</nama_bahasa><keterangan>AKTIF</keterangan></bahasa><bahasa><nama_bahasa>INDONESIA</nama_bahasa><keterangan>AKTIF</keterangan></bahasa></riwayat_bahasa><riwayat_keluarga><keluarga><nama_keluarga>HESTI MULYATI</nama_keluarga><jenis_kelamin>PEREMPUAN</jenis_kelamin><tgl_lahir>1976-07-05</tgl_lahir><hubungan>ISTRI</hubungan></keluarga><keluarga><nama_keluarga>ANNISA NUR MAHARANI</nama_keluarga><jenis_kelamin>PEREMPUAN</jenis_kelamin><tgl_lahir>2002-05-15</tgl_lahir><hubungan>ANAK</hubungan></keluarga><keluarga><nama_keluarga>M.RAFI GUNAWAN</nama_keluarga><jenis_kelamin>LAKI-LAKI</jenis_kelamin><tgl_lahir>2005-06-07</tgl_lahir><hubungan>ANAK</hubungan></keluarga><keluarga><nama_keluarga>MUTIARA AZZAHRA</nama_keluarga><jenis_kelamin>PEREMPUAN</jenis_kelamin><tgl_lahir>2007-08-02</tgl_lahir><hubungan>ANAK</hubungan></keluarga></riwayat_keluarga></personil_kemhan>
