<personil_kemhan><nopeg>196809291989031001</nopeg><nip>030203107</nip><nrp_nip>196809291989031001</nrp_nip><nama>Yoseph Catur Widodo</nama><gelar>S.E., M.M.</gelar><tempat_lahir>Jakarta</tempat_lahir><tgl_lahir>1968-09-29</tgl_lahir><jenis_kelamin>LAKI-LAKI</jenis_kelamin><unit_organisasi>U.O. KEMHAN</unit_organisasi><jenis_personil>PNS</jenis_personil><pangkat>PENATA III/C</pangkat><pangkat_corps>PENATA III/C </pangkat_corps><tmt_pangkat>2012-04-01</tmt_pangkat><angkatan_korps>PNS</angkatan_korps><sumber_pa_gol_3>REGULAR</sumber_pa_gol_3><tmt_pa_gol_3>2004-04-01</tmt_pa_gol_3><kategori_pangkat>III/C</kategori_pangkat><jabatan>PENYUSUN BAHAN PEMELIHARAAN JARINGAN SUBBAG HARJARING BAG DATIN SET</jabatan><satker>ITJEN KEMHAN</satker><kode_jabatan>FUNGSIONAL</kode_jabatan><tmt_jabatan>2014-12-31</tmt_jabatan><eselon_jabatan>99</eselon_jabatan><kategori>ORGANIK</kategori><tmt_tni>1990-05-01</tmt_tni><tmt_kemhan>1989-03-01</tmt_kemhan><agama>KATHOLIK</agama><file_foto_1>foto/196809291989031001.jpg</file_foto_1><file_foto_2>foto/030203107.jpg</file_foto_2><riwayat_pangkat><pangkat><pangkat>CAPEG II/A</pangkat><tmt_pkt>1989-03-01</tmt_pkt><no_skep>SKEP/461/III/1989</no_skep><tgl_skep>1989-03-01</tgl_skep></pangkat><pangkat><pangkat>PENGATUR MUDA II/A</pangkat><tmt_pkt>1989-04-01</tmt_pkt><no_skep>SKEP/635/IV/1990</no_skep><tgl_skep>1989-04-01</tgl_skep></pangkat><pangkat><pangkat>PENGATUR MUDA TK.I  II/B</pangkat><tmt_pkt>1992-04-01</tmt_pkt><no_skep>KEP BKN NOMOR : 03-09/02777/KEP/IV/1992</no_skep><tgl_skep>1992-06-23</tgl_skep></pangkat><pangkat><pangkat>PENGATUR II/C</pangkat><tmt_pkt>1996-04-01</tmt_pkt><no_skep>KEP BKN NOMOR : 03-09/00010/KEP/IV/1996</no_skep><tgl_skep>1996-04-23</tgl_skep></pangkat><pangkat><pangkat>PENGATUR TK.I II/D</pangkat><tmt_pkt>2000-04-01</tmt_pkt><no_skep>KEP BKN NOMOR : 03-09.00/016/KEP/IV/2000</no_skep><tgl_skep>2000-06-12</tgl_skep></pangkat><pangkat><pangkat>PENATA MUDA III/A</pangkat><tmt_pkt>2004-04-01</tmt_pkt><no_skep>SKEP/84/II/2004</no_skep><tgl_skep>2004-02-20</tgl_skep></pangkat><pangkat><pangkat>PENATA MUDA TK.I III/B</pangkat><tmt_pkt>2008-04-01</tmt_pkt><no_skep>SKEP/148/III/2008</no_skep><tgl_skep>2008-03-10</tgl_skep></pangkat><pangkat><pangkat>PENATA III/C</pangkat><tmt_pkt>2012-04-01</tmt_pkt><no_skep>KEP/207/III/2012</no_skep><tgl_skep>2012-03-22</tgl_skep></pangkat></riwayat_pangkat><riwayat_jabatan><jabatan><jabatan>Anggota Subbag Yanum Bag Rumga Roum</jabatan><tmt_jab>1989-03-01</tmt_jab><no_skep>SKEP/      /III/1989</no_skep><tgl_skep>1989-03-01</tgl_skep></jabatan><jabatan><jabatan>Anggota Subbag Kes Bag Rumga Roum</jabatan><tmt_jab>1991-01-01</tmt_jab><no_skep>SKEP/      /I/1991</no_skep><tgl_skep>1991-01-01</tgl_skep></jabatan><jabatan><jabatan>OPERATOR KOMPUTER SUBBAGUM BAGPERS ROUM SETJEN DEPHAN</jabatan><tmt_jab>1999-12-30</tmt_jab><no_skep>SKEP/      /XII/1999</no_skep><tgl_skep>1999-12-30</tgl_skep></jabatan><jabatan><jabatan>TURMIN ADA (SI) SUBBAGBANG BAGPERS ROUM SETJEN DEPHAN</jabatan><tmt_jab>2000-03-01</tmt_jab><no_skep>SKEP/169/III/2000</no_skep><tgl_skep>2000-03-17</tgl_skep></jabatan><jabatan><jabatan>TURTIK/OPRKOMP SUBBAGBINDATA ADA BAGINBINPNS ROPEG</jabatan><tmt_jab>2001-03-01</tmt_jab><no_skep>SKEP/278/III/2001</no_skep><tgl_skep>2001-03-28</tgl_skep></jabatan><jabatan><jabatan>AJUN PRANATA KOMPUTER MUDA</jabatan><tmt_jab>2002-12-01</tmt_jab><no_skep>SKEP/1806/XII/2002</no_skep><tgl_skep>2002-12-27</tgl_skep></jabatan><jabatan><jabatan>Anggota Subbag Lahtada Bag Induk PNS Ropeg Setjen Dephan</jabatan><tmt_jab>2006-09-01</tmt_jab><no_skep>SKEP/693/IX/2006</no_skep><tgl_skep>2006-09-01</tgl_skep></jabatan><jabatan><jabatan>PENYUSUN DATA PEGAWAI SUBBAG LAHTADA BAGINDUK PNS</jabatan><tmt_jab>2010-09-01</tmt_jab><no_skep>SKEP/      /IX/2010</no_skep><tgl_skep>2010-09-01</tgl_skep></jabatan><jabatan><jabatan>PENYUSUN BAHAN PEMELIHARAAN JARINGAN SUBBAG PEMELIHARAAN JARINGAN BAGDATIN SET ITJEN KEMHAN</jabatan><tmt_jab>2011-06-16</tmt_jab><no_skep>SPRIN/78/VI/2011</no_skep><tgl_skep>2011-06-16</tgl_skep></jabatan><jabatan><jabatan>PENYUSUN BAHAN PEMELIHARAAN JARINGAN SUBBAG HARJARING BAG DATIN SET ITJEN KEMHAN</jabatan><tmt_jab>2014-12-31</tmt_jab><no_skep>KEP/1490/XII/2014</no_skep><tgl_skep>2014-12-18</tgl_skep></jabatan></riwayat_jabatan><riwayat_pendidikan><pendidikan_umum><pendidikan><nama_dik>SEKOLAH DASAR</nama_dik><tahun_lulus>1982</tahun_lulus></pendidikan><pendidikan><nama_dik>SEKOLAH MENENGAH PERTAMA (SMP)</nama_dik><tahun_lulus>1985</tahun_lulus></pendidikan><pendidikan><nama_dik>SEKOLAH LANJUTAN TINGKAT ATAS (SLTA)</nama_dik><tahun_lulus>1988</tahun_lulus></pendidikan><pendidikan><nama_dik>SARJANA MUDA (D.III)</nama_dik><tahun_lulus>1996</tahun_lulus></pendidikan><pendidikan><nama_dik>SARJANA (S1)</nama_dik><tahun_lulus>2002</tahun_lulus></pendidikan><pendidikan><nama_dik>PASCA SARJANA (S2)</nama_dik><tahun_lulus>2006</tahun_lulus></pendidikan></pendidikan_umum><pendidikan_pembentukan><pendidikan><nama_dik>LATPRAJAB TK II</nama_dik><tahun_lulus>1989</tahun_lulus></pendidikan><pendidikan><nama_dik>ADUM</nama_dik><tahun_lulus>2001</tahun_lulus></pendidikan><pendidikan><nama_dik>SUS OPERATOR INTERNET</nama_dik><tahun_lulus>2002</tahun_lulus></pendidikan><pendidikan><nama_dik>SUS ORACLE</nama_dik><tahun_lulus>2002</tahun_lulus></pendidikan><pendidikan><nama_dik>SUS ANALIS SISTEM PULLAHTA</nama_dik><tahun_lulus>2002</tahun_lulus></pendidikan><pendidikan><nama_dik>SUS TEKNIK KOMPUTER DAN SERVER DI PUSDATIN DEPHAN</nama_dik><tahun_lulus>2006</tahun_lulus></pendidikan><pendidikan><nama_dik>KOMPUTER MICROSOFT ACCES</nama_dik><tahun_lulus>2006</tahun_lulus></pendidikan><pendidikan><nama_dik>SUS KOMPUTER MULTIMEDIA</nama_dik><tahun_lulus>2007</tahun_lulus></pendidikan><pendidikan><nama_dik>PENATARAN SERTIFIKASI KEAHLIAN PENGADAAN BARANG/JASA PEMERINTAH DI PUSDIKLAT JEMENHAN BADIKLAT DEPHAN</nama_dik><tahun_lulus>2008</tahun_lulus></pendidikan><pendidikan><nama_dik>WORKSHOP TI KPE DI BKN</nama_dik><tahun_lulus>2009</tahun_lulus></pendidikan><pendidikan><nama_dik>WORKSHOP PULAHTA MABES TNI</nama_dik><tahun_lulus>2009</tahun_lulus></pendidikan><pendidikan><nama_dik>WORKSHOP PUSKOMPUBLIK TENTANG KIP &amp; RUURN</nama_dik><tahun_lulus>2011</tahun_lulus></pendidikan><pendidikan><nama_dik>KIBI 2 PNS TA.2011 PUSDIKLAT BAHASA</nama_dik><tahun_lulus>2011</tahun_lulus></pendidikan><pendidikan><nama_dik>WORKSHOP WEB DMC PUSKOMPUBLIK</nama_dik><tahun_lulus>2011</tahun_lulus></pendidikan><pendidikan><nama_dik>WORKSHOP TEHNIK TI PUSDATIN</nama_dik><tahun_lulus>2011</tahun_lulus></pendidikan><pendidikan><nama_dik>MICROSOFT SHAREPOINT SERVER 2010</nama_dik><tahun_lulus>2012</tahun_lulus></pendidikan><pendidikan><nama_dik>PENGAMBILAN DATA ASSESSMENT CENTER</nama_dik><tahun_lulus>2013</tahun_lulus></pendidikan><pendidikan><nama_dik>CYBER DEFENCE TRAINING DI PUSLIKOM UI JAKARTA BLN. MEI</nama_dik><tahun_lulus>2013</tahun_lulus></pendidikan><pendidikan><nama_dik>EMPOWERING CAPACITY OF CAPABILITIES THROUGH CERTIFIED TRAINING (OPTIMIZATION) DI BANDUNG, BLN. JUNI</nama_dik><tahun_lulus>2013</tahun_lulus></pendidikan><pendidikan><nama_dik>CERTIFICATE OF AUTHENTICITD EMPOWERING CAPACITY OF CAPABILITIES THROUGH CERTIFIED TRAINING (OPTIMIZATION) DI BANDUNG, BLN. JUNI /JULI</nama_dik><tahun_lulus>2013</tahun_lulus></pendidikan><pendidikan><nama_dik>TRADISI PEMBARETAN PNS KEMHAN</nama_dik><tahun_lulus>2015</tahun_lulus></pendidikan><pendidikan><nama_dik>DIKLAT JFA PEMBENTUKAN AUDITOR AHLI DI BPKP BOGOR</nama_dik><tahun_lulus>2015</tahun_lulus></pendidikan></pendidikan_pembentukan></riwayat_pendidikan><riwayat_penugasan><penugasan><negara>INDONESIA</negara><tahun>2005</tahun><uraian>SOSIALISASI BUKU SAKU BIN PNS DI BALIKPAPAN</uraian></penugasan><penugasan><negara>INDONESIA</negara><tahun>2007</tahun><uraian>SOSIALISASI DATA PEGAWAI DI UPN VETERAN JAKARTA</uraian></penugasan><penugasan><negara>INDONESIA</negara><tahun>2007</tahun><uraian>SOSIALISASI DATA PEGAWAI DI UPN VETERAN YOGYAKARTA</uraian></penugasan><penugasan><negara>INDONESIA</negara><tahun>2007</tahun><uraian>SOSIALISASI DATA PEGAWAI DI UPN VETERAN JATIM</uraian></penugasan><penugasan><negara>INDONESIA</negara><tahun>2008</tahun><uraian>SOSIALISASI RENDIKLAT 2008 DEPHAN, TERNATE (MALUT)</uraian></penugasan><penugasan><negara>INDONESIA</negara><tahun>2008</tahun><uraian>KONVERSI NIP PEGAWAI (BKN) DI ARDIYA GARINI JAKART</uraian></penugasan><penugasan><negara>INDONESIA</negara><tahun>2008</tahun><uraian>VALIDASI DATA PEG TTG RKAKL APBN DEPKU</uraian></penugasan><penugasan><negara>INDONESIA</negara><tahun>2009</tahun><uraian>PEMANTAUAN PELAKSANAAN CPNS 2009 DI BANDUNG</uraian></penugasan><penugasan><negara>INDONESIA</negara><tahun>2010</tahun><uraian>PEMANTAUAN PELAKSANAAN CPNS 2010 DI PAPUA</uraian></penugasan></riwayat_penugasan><riwayat_tanda_jasa><tanda_jasa><nama_tanda_jasa>SATYALANCANA KARYA SATYA XX TAHUN</nama_tanda_jasa><no_skep>KEPPRES/065/TK/2009</no_skep><tgl_skep>2009-11-25</tgl_skep></tanda_jasa><tanda_jasa><nama_tanda_jasa>SATYALANCANA KARYA SATYA X TAHUN</nama_tanda_jasa></tanda_jasa></riwayat_tanda_jasa><riwayat_bahasa><bahasa><nama_bahasa>JAWA</nama_bahasa><keterangan>PASIF</keterangan></bahasa><bahasa><nama_bahasa>INGGRIS</nama_bahasa><keterangan>PASIF</keterangan></bahasa></riwayat_bahasa><riwayat_keluarga><keluarga><nama_keluarga>SURYATI</nama_keluarga><jenis_kelamin>PEREMPUAN</jenis_kelamin><tgl_lahir>1973-04-09</tgl_lahir><hubungan>ISTRI</hubungan></keluarga></riwayat_keluarga></personil_kemhan>
