<personil_kemhan><nopeg>196912091990032001</nopeg><nip>030205051</nip><nrp_nip>196912091990032001</nrp_nip><nama>SRI RETNO WIDIASTUTI</nama><gelar>S.H., M.M.</gelar><tempat_lahir>Jakarta</tempat_lahir><tgl_lahir>1968-12-09</tgl_lahir><jenis_kelamin>PEREMPUAN</jenis_kelamin><unit_organisasi>U.O. KEMHAN</unit_organisasi><jenis_personil>PNS</jenis_personil><pangkat>PEMBINA IV/A</pangkat><pangkat_corps>PEMBINA IV/A </pangkat_corps><tmt_pangkat>2015-10-01</tmt_pangkat><angkatan_korps>PNS</angkatan_korps><sumber_pa_gol_3>PENYESUAIAN IJASAH</sumber_pa_gol_3><kategori_pangkat>IV/A</kategori_pangkat><jabatan>KASI JARINFOKUM SUBDIT INFOKUM</jabatan><satker>DIT KUMSTRA DITJEN STRAHAN KEMHAN</satker><kode_jabatan>STRUKTURAL</kode_jabatan><tmt_jabatan>2013-10-18</tmt_jabatan><eselon_jabatan>IV</eselon_jabatan><kategori>ORGANIK</kategori><tmt_tni>1991-07-01</tmt_tni><agama>ISLAM</agama><file_foto_1>foto/196912091990032001.jpg</file_foto_1><file_foto_2>foto/030205051.jpg</file_foto_2><riwayat_pangkat><pangkat><pangkat>CAPEG II/A</pangkat><tmt_pkt>1990-03-01</tmt_pkt><no_skep>Skep/405/IV/1990</no_skep><tgl_skep>1990-04-06</tgl_skep></pangkat><pangkat><pangkat>PENGATUR MUDA II/A</pangkat><tmt_pkt>1991-07-01</tmt_pkt><no_skep>Skep/992/VI/1991</no_skep><tgl_skep>1991-05-28</tgl_skep></pangkat><pangkat><pangkat>PENGATUR MUDA TK.I  II/B</pangkat><tmt_pkt>1994-04-01</tmt_pkt><no_skep>03-09/01887/Kep/IV/1994</no_skep><tgl_skep>1994-04-25</tgl_skep></pangkat><pangkat><pangkat>PENGATUR II/C</pangkat><tmt_pkt>1998-04-01</tmt_pkt><no_skep>03-09/00009/KEP/IV/1998</no_skep><tgl_skep>1998-04-26</tgl_skep></pangkat><pangkat><pangkat>PENATA MUDA III/A</pangkat><tmt_pkt>1999-04-01</tmt_pkt><no_skep>Skep/429/V/1999</no_skep><tgl_skep>1999-05-26</tgl_skep></pangkat><pangkat><pangkat>PENATA MUDA TK.I III/B</pangkat><tmt_pkt>2003-04-01</tmt_pkt><no_skep>SKEP/647/V/2003</no_skep><tgl_skep>2003-05-07</tgl_skep></pangkat><pangkat><pangkat>PENATA III/C</pangkat><tmt_pkt>2007-04-01</tmt_pkt><no_skep>SKEP/153/III/2007</no_skep><tgl_skep>2007-05-07</tgl_skep></pangkat><pangkat><pangkat>PENATA TK.I III/D</pangkat><tmt_pkt>2013-03-01</tmt_pkt><no_skep>KEP/717/IX/2011</no_skep><tgl_skep>2011-09-26</tgl_skep></pangkat><pangkat><pangkat>PEMBINA IV/A</pangkat><tmt_pkt>2015-10-01</tmt_pkt><no_skep>KEP/880/M/IX/2015</no_skep><tgl_skep>2015-09-18</tgl_skep></pangkat></riwayat_pangkat><riwayat_jabatan><jabatan><jabatan>PSB TK II/ALKAPORSIH SUBBAGPANDISI BAG BEKHAR</jabatan><tmt_jab>1899-12-30</tmt_jab><no_skep>SKEP/78/V/2001</no_skep><tgl_skep>2001-05-15</tgl_skep></jabatan><jabatan><jabatan>PEMB SUBBAG TKII/ALKAPORSIH SUBBAGPANDISI BAGBEKHAR ROUM</jabatan><tmt_jab>2001-03-01</tmt_jab><no_skep>SKEP/281/III/2001</no_skep><tgl_skep>2001-03-28</tgl_skep></jabatan><jabatan><jabatan>AJUN PENGUJI MUTU BARANG MADYA</jabatan><tmt_jab>2001-12-01</tmt_jab><no_skep>SKEP/1040/XII/2001</no_skep><tgl_skep>2001-12-31</tgl_skep></jabatan><jabatan><jabatan>AJUN PENGUJI MUTU BARANG</jabatan><tmt_jab>2002-03-01</tmt_jab><no_skep>SPRIN/81/III/2002</no_skep><tgl_skep>2002-03-21</tgl_skep></jabatan><jabatan><jabatan>Anggota Subbag Pandisi Bag Bekhar Roum Setjen Dephan</jabatan><tmt_jab>2006-11-01</tmt_jab><no_skep>Skep/893/XI/2006</no_skep><tgl_skep>2006-11-17</tgl_skep></jabatan><jabatan><jabatan>PENGOLAH ADMINISTRASI PENERIMAAN SUBBAGPANDISI BAGBEKHAR ROUM SETJEN KEMHAN</jabatan><tmt_jab>2010-07-27</tmt_jab><no_skep>KEP/553/VII/2010</no_skep><tgl_skep>2010-07-28</tgl_skep></jabatan><jabatan><jabatan>KASI KESRA SUBDIT LAHKUMHAN DIT KUMSTRA DITJEN STRAHAN KEMHAN</jabatan><tmt_jab>2010-09-28</tmt_jab><no_skep>KEP MENHAN NOMOR : KEP/681/IX/2010</no_skep><tgl_skep>2010-09-28</tgl_skep></jabatan><jabatan><jabatan>KASI JARINFOKUM SUBDIT INFOKUM DIT KUMSTRA DITJEN STRAHAN KEMHAN</jabatan><tmt_jab>2013-10-18</tmt_jab><no_skep>KEP/1076/X/2013</no_skep><tgl_skep>2013-10-24</tgl_skep></jabatan></riwayat_jabatan><riwayat_pendidikan><pendidikan_umum><pendidikan><nama_dik>SEKOLAH DASAR</nama_dik><tahun_lulus>1982</tahun_lulus></pendidikan><pendidikan><nama_dik>SEKOLAH MENENGAH PERTAMA (SMP)</nama_dik><tahun_lulus>1985</tahun_lulus></pendidikan><pendidikan><nama_dik>SEKOLAH MENENGAH ATAS (SMA)</nama_dik><tahun_lulus>1988</tahun_lulus></pendidikan><pendidikan><nama_dik>SARJANA (S1)</nama_dik><tahun_lulus>1997</tahun_lulus></pendidikan><pendidikan><nama_dik>PASCA SARJANA (S2)</nama_dik><tahun_lulus>2014</tahun_lulus></pendidikan></pendidikan_umum><pendidikan_pembentukan><pendidikan><nama_dik>LATPRAJAB TK II</nama_dik><tahun_lulus>1990</tahun_lulus></pendidikan><pendidikan><nama_dik>ADUM</nama_dik><tahun_lulus>2000</tahun_lulus></pendidikan><pendidikan><nama_dik>DIKLAT FUNGSIONAL PERANCANG PERUU</nama_dik><tahun_lulus>2015</tahun_lulus></pendidikan></pendidikan_pembentukan></riwayat_pendidikan><riwayat_penugasan></riwayat_penugasan><riwayat_tanda_jasa><tanda_jasa><nama_tanda_jasa>SATYALANCANA KARYA SATYA X TAHUN</nama_tanda_jasa><no_skep>028/tk/th 2006</no_skep><tgl_skep>2006-06-01</tgl_skep></tanda_jasa><tanda_jasa><nama_tanda_jasa>SATYALANCANA KARYA SATYA XX TAHUN</nama_tanda_jasa><no_skep>062/tk/TAHUN/2010</no_skep><tgl_skep>2010-12-01</tgl_skep></tanda_jasa></riwayat_tanda_jasa><riwayat_bahasa><bahasa><nama_bahasa>JAWA</nama_bahasa><keterangan>AKTIF</keterangan></bahasa><bahasa><nama_bahasa>INGGRIS</nama_bahasa><keterangan>PASIF</keterangan></bahasa><bahasa><nama_bahasa>INDONESIA</nama_bahasa><keterangan>AKTIF</keterangan></bahasa></riwayat_bahasa><riwayat_keluarga><keluarga><nama_keluarga>SLAMET LAESOLI SH</nama_keluarga><jenis_kelamin>LAKI-LAKI</jenis_kelamin><tgl_lahir>1969-08-07</tgl_lahir><hubungan>SUAMI</hubungan></keluarga><keluarga><nama_keluarga>DARIN AFIFAH PURNAMASARI</nama_keluarga><jenis_kelamin>PEREMPUAN</jenis_kelamin><tgl_lahir>1997-02-27</tgl_lahir><hubungan>ANAK</hubungan></keluarga><keluarga><nama_keluarga>IBNU FADLAN AZIZAN</nama_keluarga><jenis_kelamin>LAKI-LAKI</jenis_kelamin><tgl_lahir>2001-05-07</tgl_lahir><hubungan>ANAK</hubungan></keluarga><keluarga><nama_keluarga>DJAFIRAH MALIHAH INAS</nama_keluarga><jenis_kelamin>PEREMPUAN</jenis_kelamin><tgl_lahir>2009-12-17</tgl_lahir><hubungan>ANAK</hubungan></keluarga></riwayat_keluarga></personil_kemhan>
