<personil_kemhan><nopeg>196303201989031001</nopeg><nip>030201954</nip><nrp_nip>196303201989031001</nrp_nip><nama>ACHMAD FARID WADJDI</nama><gelar>Ir., M.M.</gelar><tempat_lahir>Pamekasan</tempat_lahir><tgl_lahir>1963-03-20</tgl_lahir><jenis_kelamin>LAKI-LAKI</jenis_kelamin><unit_organisasi>U.O. KEMHAN</unit_organisasi><jenis_personil>PNS</jenis_personil><pangkat>PEMBINA TK.I IV/B</pangkat><pangkat_corps>PEMBINA TK.I IV/B </pangkat_corps><tmt_pangkat>2009-04-01</tmt_pangkat><angkatan_korps>PNS</angkatan_korps><sumber_pa_gol_3>CAPEG SARJANA</sumber_pa_gol_3><kategori_pangkat>IV/B</kategori_pangkat><jabatan>ANGGOTA</jabatan><satker>BALITBANG KEMHAN</satker><kode_jabatan>ANGGOTA</kode_jabatan><tmt_jabatan>2013-02-01</tmt_jabatan><eselon_jabatan>99</eselon_jabatan><kategori>ORGANIK</kategori><tmt_tni>1990-07-01</tmt_tni><tmt_kemhan>1989-03-01</tmt_kemhan><agama>ISLAM</agama><file_foto_1>foto/196303201989031001.jpg</file_foto_1><file_foto_2>foto/030201954.jpg</file_foto_2><riwayat_pangkat><pangkat><pangkat>CAPEG III/A</pangkat><tmt_pkt>1989-03-01</tmt_pkt><no_skep>SKEP/901/V/1989</no_skep><tgl_skep>1989-03-01</tgl_skep></pangkat><pangkat><pangkat>PENATA MUDA III/A</pangkat><tmt_pkt>1990-03-01</tmt_pkt><no_skep>SKEP/1905/VIII/1990</no_skep><tgl_skep>1990-03-01</tgl_skep></pangkat><pangkat><pangkat>PENATA MUDA TK.I III/B</pangkat><tmt_pkt>1993-04-01</tmt_pkt><no_skep>SKEP/1600/VI/1993</no_skep><tgl_skep>1993-04-01</tgl_skep></pangkat><pangkat><pangkat>PENATA III/C</pangkat><tmt_pkt>1997-04-01</tmt_pkt><no_skep>SKEP/733/VI/1997</no_skep><tgl_skep>1997-04-01</tgl_skep></pangkat><pangkat><pangkat>PENATA TK.I III/D</pangkat><tmt_pkt>2001-04-01</tmt_pkt><no_skep>SKEP/712/IX/2001</no_skep><tgl_skep>2001-04-01</tgl_skep></pangkat><pangkat><pangkat>PEMBINA IV/A</pangkat><tmt_pkt>2005-04-01</tmt_pkt><no_skep>SKEP/142/M/III/2005</no_skep><tgl_skep>2005-04-01</tgl_skep></pangkat><pangkat><pangkat>PEMBINA TK.I IV/B</pangkat><tmt_pkt>2009-04-01</tmt_pkt><no_skep>KEP MENHAN NO : KEP/54/M/III/2009</no_skep></pangkat></riwayat_pangkat><riwayat_jabatan><jabatan><jabatan>PSB TK II BINAHLI BINSIAP BIDGARA PUSJIANBANG IPTEK</jabatan><tmt_jab>1998-12-01</tmt_jab><no_skep>SKEP/</no_skep><tgl_skep>1998-12-01</tgl_skep></jabatan><jabatan><jabatan>KETUA LAB KOMPUTER BALITBANG</jabatan><tmt_jab>2000-01-01</tmt_jab><tgl_skep>2000-01-01</tgl_skep></jabatan><jabatan><jabatan>PEMB. SUBBAG TK.I/TURJUK SUBBAG RENPROGJAGAR BAGPR</jabatan><tmt_jab>2000-11-15</tmt_jab><no_skep>SKEP/1103/XI/2000</no_skep><tgl_skep>2000-11-15</tgl_skep></jabatan><jabatan><jabatan>KASUBBAGPROJARGAR BAGPROGLAP SET BALITBANG</jabatan><tmt_jab>2001-03-28</tmt_jab><no_skep>SKEP/284/III/2001</no_skep><tgl_skep>2001-03-20</tgl_skep></jabatan><jabatan><jabatan>KASUBBAG RENPROGJAGAR BAGPROGLAP SET</jabatan><tmt_jab>2001-05-29</tmt_jab><no_skep>SPRIN/190/VI/2001</no_skep><tgl_skep>2001-06-01</tgl_skep></jabatan><jabatan><jabatan>KASUBBAG PROGJAGA BAGPROGLAP SETBALITBANG DEPHAN</jabatan><tmt_jab>2002-01-01</tmt_jab><no_skep>SKEP/</no_skep><tgl_skep>2002-01-01</tgl_skep></jabatan><jabatan><jabatan>KETUA LAB KOMPUTER BALITBANG</jabatan><tmt_jab>2003-01-01</tmt_jab><tgl_skep>2003-01-01</tgl_skep></jabatan><jabatan><jabatan>KASUBBAG FORA INTERNASIONAL BAG DATIN SET BALITBANG</jabatan><tmt_jab>2005-01-01</tmt_jab><tgl_skep>2005-01-01</tgl_skep></jabatan><jabatan><jabatan>KASUBBAG DATA BAG DATIN SET BALITBANG</jabatan><tmt_jab>2005-05-01</tmt_jab><tgl_skep>2005-05-01</tgl_skep></jabatan><jabatan><jabatan>KABAG INDUK PNS Ropeg Setjen Dephan</jabatan><tmt_jab>2006-01-06</tmt_jab><no_skep>SKEP/1086/XII/2005</no_skep><tgl_skep>2005-12-28</tgl_skep></jabatan><jabatan><jabatan>KABID BANGSIS Pusdatin Dephan</jabatan><tmt_jab>2009-02-27</tmt_jab><no_skep>Kep Menhan No : Kep/20/II/2009</no_skep><tgl_skep>2009-02-26</tgl_skep></jabatan><jabatan><jabatan>KA PUSKOD DEPHAN Puskod Dephan</jabatan><tmt_jab>2010-03-03</tmt_jab><no_skep>KEP MENHAN NO : KEP/126/M/III/2010</no_skep><tgl_skep>2010-03-03</tgl_skep></jabatan><jabatan><jabatan>KA PUSDATIN PUSDATIN KEMHAN</jabatan><tmt_jab>2010-05-10</tmt_jab><tgl_skep>2010-05-10</tgl_skep></jabatan><jabatan><jabatan>KA PUSDATIN DEPHAN Pusdatin Dephan</jabatan><tmt_jab>2010-05-10</tmt_jab><no_skep>KEP MENHAN NO : KEP/323/M/V/2010</no_skep><tgl_skep>2010-05-20</tgl_skep></jabatan><jabatan><jabatan>ASISTENSI BIDLITBANG BALITBANG KEMHAN</jabatan><tmt_jab>2011-04-01</tmt_jab><no_skep>KEP MENHAN NOMOR : KEP/M/IV/2011</no_skep><tgl_skep>2011-04-01</tgl_skep></jabatan><jabatan><jabatan>ANGGOTA BALITBANG KEMHAN</jabatan><tmt_jab>2013-02-01</tmt_jab><no_skep>KEP</no_skep></jabatan></riwayat_jabatan><riwayat_pendidikan><pendidikan_umum><pendidikan><nama_dik>SEKOLAH DASAR</nama_dik><tahun_lulus>1975</tahun_lulus></pendidikan><pendidikan><nama_dik>SEKOLAH LANJUTAN TINGKAT PERTAMA (SLTP)</nama_dik><tahun_lulus>1979</tahun_lulus></pendidikan><pendidikan><nama_dik>SEKOLAH LANJUTAN TINGKAT ATAS (SLTA)</nama_dik><tahun_lulus>1982</tahun_lulus></pendidikan><pendidikan><nama_dik>SARJANA (S1)</nama_dik><tahun_lulus>1988</tahun_lulus></pendidikan><pendidikan><nama_dik>PASCA SARJANA (S2)</nama_dik><tahun_lulus>2003</tahun_lulus></pendidikan></pendidikan_umum><pendidikan_pembentukan><pendidikan><nama_dik>LATPRAJAB TK II</nama_dik><tahun_lulus>1989</tahun_lulus></pendidikan><pendidikan><nama_dik>MANAGEMENT OF TECHNOLOGY</nama_dik><tahun_lulus>1990</tahun_lulus></pendidikan><pendidikan><nama_dik>PROTOKOLER SIDANG GERAKAN NON BLOK</nama_dik><tahun_lulus>1992</tahun_lulus></pendidikan><pendidikan><nama_dik>AMDAL - A</nama_dik><tahun_lulus>1994</tahun_lulus></pendidikan><pendidikan><nama_dik>INFORMATION &amp; TECHNOLOGY WARFARE (PERNIKA)</nama_dik><tahun_lulus>1994</tahun_lulus></pendidikan><pendidikan><nama_dik>ADUM</nama_dik><tahun_lulus>1997</tahun_lulus></pendidikan><pendidikan><nama_dik>SIDAS COURSE CONFLICT RESOLUTION</nama_dik><tahun_lulus>1998</tahun_lulus></pendidikan><pendidikan><nama_dik>SPAMA</nama_dik><tahun_lulus>2000</tahun_lulus></pendidikan><pendidikan><nama_dik>BAHASA ADVANCE CLASS INGGRIS</nama_dik><tahun_lulus>2000</tahun_lulus></pendidikan><pendidikan><nama_dik>HUKUM HUMANITER INTERNASIONAL</nama_dik><tahun_lulus>2001</tahun_lulus></pendidikan><pendidikan><nama_dik>STRATEGIC MANAGEMENT</nama_dik><tahun_lulus>2001</tahun_lulus></pendidikan><pendidikan><nama_dik>DIGITAL MULTIMEDIA</nama_dik><tahun_lulus>2002</tahun_lulus></pendidikan><pendidikan><nama_dik>HUKUM HUMANITER INTERNASIONAL</nama_dik><tahun_lulus>2006</tahun_lulus></pendidikan><pendidikan><nama_dik>STANDAR KOMPETENSI JAB STRUKTURA/FUNGSIONAL</nama_dik><tahun_lulus>2006</tahun_lulus></pendidikan><pendidikan><nama_dik>STRATEGIC MANAGEMENT</nama_dik><tahun_lulus>2006</tahun_lulus></pendidikan><pendidikan><nama_dik>INFORMATION TECH WARFARE</nama_dik><tahun_lulus>2007</tahun_lulus></pendidikan><pendidikan><nama_dik>WORKSHOP ESL. III DEPHAN</nama_dik><tahun_lulus>2007</tahun_lulus></pendidikan><pendidikan><nama_dik>DIK LAT PIM TK II</nama_dik><tahun_lulus>2009</tahun_lulus></pendidikan></pendidikan_pembentukan></riwayat_pendidikan><riwayat_penugasan><penugasan><negara>SWITZERLAND</negara><tahun>1990</tahun><uraian>DELEGASI RI KE REIVEW CONF NPT - ANGGOTA</uraian></penugasan><penugasan><negara>INDONESIA</negara><tahun>1992</tahun><uraian>KTT NON BLOK KE 10 - KASUBBAG PERSONEL</uraian></penugasan><penugasan><negara>INDONESIA</negara><tahun>1994</tahun><uraian>APEC - STAF AHLI KETUA BIDANG IT</uraian></penugasan><penugasan><negara>INDONESIA</negara><tahun>1995</tahun><uraian>KTT BUMI BALI</uraian></penugasan><penugasan><negara>INDIA</negara><tahun>1996</tahun><uraian>BARBA ATOMI  AGENCY COURSE NEW DELHI INDIA</uraian></penugasan><penugasan><negara>INDONESIA</negara><tahun>1996</tahun><uraian>DOSEN IT &quot;UPN VETERAN JAKARTA&quot;</uraian></penugasan><penugasan><negara>INDONESIA</negara><tahun>1996</tahun><uraian>DOSEN UKRIDS</uraian></penugasan><penugasan><negara>INDONESIA</negara><tahun>1997</tahun><uraian>DOSEN IT SUSLAPA POLRI</uraian></penugasan><penugasan><negara>FINLAND</negara><tahun>1997</tahun><uraian>ANGGOTA DELEGASI KE SIDANG UNCOPOUS</uraian></penugasan><penugasan><negara>UNITED STATE OF AMERICA</negara><tahun>2000</tahun><uraian>ASIA PASIFIC SECURITY STUDIES - STUDENT</uraian></penugasan><penugasan><negara>INDONESIA</negara><tahun>2002</tahun><uraian>ANGGOTA CYBERWAR</uraian></penugasan><penugasan><negara>INDONESIA</negara><tahun>2002</tahun><uraian>PERANG INFORMASI, ANGGOTA</uraian></penugasan><penugasan><negara>INDONESIA</negara><tahun>2004</tahun><uraian>CHIEF INFORMATION OFFICER, MICROSOFT INDONESIA, JA</uraian></penugasan><penugasan><negara>INDONESIA</negara><tahun>2005</tahun><uraian>KONSULTAN PENDATAAN KPUD DEPOK</uraian></penugasan><penugasan><negara>INDONESIA</negara><tahun>2006</tahun><uraian>KETUA BIDANG IT KORPRI DEPHAN</uraian></penugasan><penugasan><negara>SINGAPORE</negara><tahun>2006</tahun><uraian>IT COMNIC-SPEAKER</uraian></penugasan><penugasan><negara>INDONESIA</negara><tahun>2008</tahun><uraian>BALANCE SCORE CARD</uraian></penugasan><penugasan><negara>INDONESIA</negara><tahun>2008</tahun><uraian>IEE (TIK-INDONESIA) FORUM, SPEAKER</uraian></penugasan><penugasan><negara>MALAYSIA</negara><tahun>2010</tahun><uraian>MAFCA</uraian></penugasan><penugasan><negara>AUSTRALIA</negara><tahun>2010</tahun><uraian>PACS FORUM XII</uraian></penugasan></riwayat_penugasan><riwayat_tanda_jasa><tanda_jasa><nama_tanda_jasa>SATYALANCANA KARYA SATYA X TAHUN</nama_tanda_jasa><tgl_skep>00000-00-00</tgl_skep></tanda_jasa></riwayat_tanda_jasa><riwayat_bahasa><bahasa><nama_bahasa>JAWA</nama_bahasa><keterangan>AKTIF</keterangan></bahasa><bahasa><nama_bahasa>SUNDA</nama_bahasa><keterangan>PASIF</keterangan></bahasa><bahasa><nama_bahasa>MADURA</nama_bahasa><keterangan>AKTIF</keterangan></bahasa><bahasa><nama_bahasa>INGGRIS</nama_bahasa><keterangan>AKTIF</keterangan></bahasa></riwayat_bahasa><riwayat_keluarga><keluarga><nama_keluarga>HIDRIANTI TITALIJANI</nama_keluarga><jenis_kelamin>PEREMPUAN</jenis_kelamin><tgl_lahir>1972-09-12</tgl_lahir><hubungan>ISTRI</hubungan></keluarga><keluarga><nama_keluarga>LINTANG MATAHARI HASANI</nama_keluarga><jenis_kelamin>LAKI-LAKI</jenis_kelamin><tgl_lahir>1997-05-30</tgl_lahir><hubungan>ANAK</hubungan></keluarga><keluarga><nama_keluarga>NEBULA FAUZAN HASANI</nama_keluarga><jenis_kelamin>LAKI-LAKI</jenis_kelamin><tgl_lahir>2000-06-22</tgl_lahir><hubungan>ANAK</hubungan></keluarga></riwayat_keluarga></personil_kemhan>
