<personil_kemhan><nopeg>196805161990031001</nopeg><nip>030207908</nip><nrp_nip>196805161990031001</nrp_nip><nama>SLAMET GURIDO</nama><tempat_lahir>Jakarta</tempat_lahir><tgl_lahir>1968-05-16</tgl_lahir><jenis_kelamin>LAKI-LAKI</jenis_kelamin><unit_organisasi>U.O. KEMHAN</unit_organisasi><jenis_personil>PNS</jenis_personil><pangkat>PENATA MUDA TK.I III/B</pangkat><pangkat_corps>PENATA MUDA TK.I III/B </pangkat_corps><tmt_pangkat>2009-04-01</tmt_pangkat><angkatan_korps>PNS</angkatan_korps><sumber_pa_gol_3>UJIAN DINAS</sumber_pa_gol_3><kategori_pangkat>III/B</kategori_pangkat><jabatan>PENGOLAH BAHAN JAB STRUKTURAL ESELON III KE ATAAS &amp; JAB FUNGSIONAL SUBBAGJAB BAGKARPEG</jabatan><satker>ROPEG SETJEN KEMHAN</satker><kode_jabatan>ANGGOTA</kode_jabatan><tmt_jabatan>2014-12-31</tmt_jabatan><eselon_jabatan>99</eselon_jabatan><kategori>ORGANIK</kategori><tmt_tni>1991-08-01</tmt_tni><tmt_kemhan>1990-03-01</tmt_kemhan><agama>ISLAM</agama><file_foto_1>foto/196805161990031001.jpg</file_foto_1><file_foto_2>foto/030207908.jpg</file_foto_2><riwayat_pangkat><pangkat><pangkat>CAPEG II/A</pangkat><tmt_pkt>1990-03-01</tmt_pkt><no_skep>SKEP/1130/VI/1990</no_skep><tgl_skep>1990-06-09</tgl_skep></pangkat><pangkat><pangkat>PENGATUR MUDA II/A</pangkat><tmt_pkt>1991-08-01</tmt_pkt><no_skep>SKEP/1033/VII/1991</no_skep><tgl_skep>1991-07-03</tgl_skep></pangkat><pangkat><pangkat>PENGATUR MUDA TK.I  II/B</pangkat><tmt_pkt>1993-04-01</tmt_pkt><no_skep>03-09/00962/KEP/IV/1993</no_skep><tgl_skep>1993-03-16</tgl_skep></pangkat><pangkat><pangkat>PENGATUR II/C</pangkat><tmt_pkt>1997-04-01</tmt_pkt><no_skep>03-09/00004/KEP/IV/1997</no_skep><tgl_skep>1997-03-04</tgl_skep></pangkat><pangkat><pangkat>PENGATUR TK.I II/D</pangkat><tmt_pkt>2001-04-01</tmt_pkt><no_skep>03-09.73/018/KEP/IV/2001</no_skep><tgl_skep>2001-05-31</tgl_skep></pangkat><pangkat><pangkat>PENATA MUDA III/A</pangkat><tmt_pkt>2005-04-01</tmt_pkt><no_skep>SKEP/160/III/2005</no_skep><tgl_skep>2005-03-14</tgl_skep></pangkat><pangkat><pangkat>PENATA MUDA TK.I III/B</pangkat><tmt_pkt>2009-04-01</tmt_pkt><no_skep>KEP MENHAN NOMOR : KEP/34/III/2009</no_skep><tgl_skep>2009-03-11</tgl_skep></pangkat></riwayat_pangkat><riwayat_jabatan><jabatan><jabatan>ANGG BAGBEKHAR ROUM SETJEN DEPHAN</jabatan><tmt_jab>1990-03-01</tmt_jab><no_skep>SKEP/1130/VI/1990</no_skep><tgl_skep>1990-06-09</tgl_skep></jabatan><jabatan><jabatan>TURMINDATA TNI SUBBAGSAHLURJA BAGPERS ROUM SETJEN</jabatan><tmt_jab>1998-09-01</tmt_jab><no_skep>SKEP/1121/IX/1998</no_skep><tgl_skep>1998-09-14</tgl_skep></jabatan><jabatan><jabatan>TURTIK/OPRKOMP SUBBAGKAT BAGBINKARPEG ROPEG</jabatan><tmt_jab>2001-03-01</tmt_jab><no_skep>SKEP/278/III/2001</no_skep><tgl_skep>2001-03-28</tgl_skep></jabatan><jabatan><jabatan>TURMIN SUBBAG PATJAB BAGBINKARPEG ROPEG SETJEN DEPHAN</jabatan><tmt_jab>2003-09-01</tmt_jab><no_skep>SKEP/1371/IX/2003</no_skep><tgl_skep>2003-09-11</tgl_skep></jabatan><jabatan><jabatan>ANGGOTA SUBBAGJAB BAGKARPEG ROPEG SETJEN DEPHAN</jabatan><tmt_jab>2006-03-01</tmt_jab><no_skep>SKEP/201/III/2006</no_skep><tgl_skep>2006-03-27</tgl_skep></jabatan><jabatan><jabatan>Arsiparis Pelaksana Lanjutan Ropeg Setjen Dephan</jabatan><tmt_jab>2009-10-16</tmt_jab><no_skep>KEP MENHAN NOMOR  :KEP/195/X/2009</no_skep><tgl_skep>2009-10-16</tgl_skep></jabatan><jabatan><jabatan>PENGADMINISTRASI SUBBAGJAB A BAGKARPEG ROPEG SETJEN KEMHAN</jabatan><tmt_jab>2011-04-01</tmt_jab><no_skep>Kep/281/IV/2011</no_skep><tgl_skep>2011-04-19</tgl_skep></jabatan><jabatan><jabatan>PENGOLAH BAHAN JABATAN ESELON I,II DAN III SUBBAGJAB A BAGKARPEG ROPEG SETJEN KEMHAN</jabatan><tmt_jab>2012-05-07</tmt_jab><no_skep>KEP/366/V/2012</no_skep><tgl_skep>2012-05-08</tgl_skep></jabatan><jabatan><jabatan>PENGOLAH BAHAN JAB STRUKTURAL ESELON III KE ATAAS &amp; JAB FUNGSIONAL SUBBAGJAB BAGKARPEG ROPEG SETJEN KEMHAN</jabatan><tmt_jab>2014-12-31</tmt_jab><no_skep>KEP/1485/XII/2014</no_skep><tgl_skep>2014-12-18</tgl_skep></jabatan></riwayat_jabatan><riwayat_pendidikan><pendidikan_umum><pendidikan><nama_dik>SEKOLAH DASAR</nama_dik><tahun_lulus>1982</tahun_lulus></pendidikan><pendidikan><nama_dik>SEKOLAH LANJUTAN TINGKAT PERTAMA (SLTP)</nama_dik><tahun_lulus>1985</tahun_lulus></pendidikan><pendidikan><nama_dik>SEKOLAH LANJUTAN TINGKAT ATAS (SLTA)</nama_dik><tahun_lulus>1988</tahun_lulus></pendidikan></pendidikan_umum><pendidikan_pembentukan><pendidikan><nama_dik>LATPRAJAB TK II</nama_dik><tahun_lulus>1990</tahun_lulus></pendidikan><pendidikan><nama_dik>SUS MENGEMUDI</nama_dik><tahun_lulus>1993</tahun_lulus></pendidikan><pendidikan><nama_dik>SUS MIKRO KOMPUTER</nama_dik><tahun_lulus>1997</tahun_lulus></pendidikan><pendidikan><nama_dik>UJIAN DINAS</nama_dik><tahun_lulus>2003</tahun_lulus></pendidikan></pendidikan_pembentukan></riwayat_pendidikan><riwayat_penugasan></riwayat_penugasan><riwayat_tanda_jasa><tanda_jasa><nama_tanda_jasa>SATYALANCANA KARYA SATYA X TAHUN</nama_tanda_jasa><no_skep>SKEP/047/TK/2005</no_skep><tgl_skep>2005-07-11</tgl_skep></tanda_jasa><tanda_jasa><nama_tanda_jasa>SATYALANCANA KARYA SATYA XX TAHUN</nama_tanda_jasa><no_skep>KEPPRES/27/TK/2010</no_skep><tgl_skep>2010-07-20</tgl_skep></tanda_jasa></riwayat_tanda_jasa><riwayat_bahasa><bahasa><nama_bahasa>JAWA</nama_bahasa><keterangan>PASIF</keterangan></bahasa><bahasa><nama_bahasa>SUNDA</nama_bahasa><keterangan>PASIF</keterangan></bahasa></riwayat_bahasa><riwayat_keluarga><keluarga><nama_keluarga>NAZAWATI SE</nama_keluarga><jenis_kelamin>PEREMPUAN</jenis_kelamin><tgl_lahir>1969-08-15</tgl_lahir><hubungan>ISTRI</hubungan></keluarga><keluarga><nama_keluarga>MUHAMMAD ARIFIN ILHAM</nama_keluarga><jenis_kelamin>LAKI-LAKI</jenis_kelamin><tgl_lahir>2000-02-23</tgl_lahir><hubungan>ANAK</hubungan></keluarga><keluarga><nama_keluarga>ATIKAH AL ZAHROTUN NISA</nama_keluarga><jenis_kelamin>PEREMPUAN</jenis_kelamin><tgl_lahir>2002-07-18</tgl_lahir><hubungan>ANAK</hubungan></keluarga><keluarga><nama_keluarga>ABDULLAH FAQIH</nama_keluarga><jenis_kelamin>LAKI-LAKI</jenis_kelamin><tgl_lahir>2004-06-12</tgl_lahir><hubungan>ANAK</hubungan></keluarga><keluarga><nama_keluarga>LAELA LUTFIYAH</nama_keluarga><jenis_kelamin>PEREMPUAN</jenis_kelamin><tgl_lahir>2007-08-20</tgl_lahir><hubungan>ANAK</hubungan></keluarga></riwayat_keluarga></personil_kemhan>
