<personil_kemhan><nopeg>196609151990031001</nopeg><nip>030205327</nip><nrp_nip>196609151990031001</nrp_nip><nama>EKA JATNIKA AMPERA</nama><tempat_lahir>Sukabumi</tempat_lahir><tgl_lahir>1966-09-15</tgl_lahir><jenis_kelamin>LAKI-LAKI</jenis_kelamin><unit_organisasi>U.O. KEMHAN</unit_organisasi><jenis_personil>PNS</jenis_personil><pangkat>PENATA III/C</pangkat><pangkat_corps>PENATA III/C </pangkat_corps><tmt_pangkat>2014-04-01</tmt_pangkat><angkatan_korps>PNS</angkatan_korps><sumber_pa_gol_3>UJIAN DINAS</sumber_pa_gol_3><tmt_pa_gol_3>2006-04-01</tmt_pa_gol_3><kategori_pangkat>III/C</kategori_pangkat><jabatan>PENYUSUN BAHAN DUKKUM SUBBAG DUKKUM BAG HATKUM</jabatan><satker>ROKUM SETJEN KEMHAN</satker><kode_jabatan>ANGGOTA</kode_jabatan><tmt_jabatan>2014-12-31</tmt_jabatan><eselon_jabatan>99</eselon_jabatan><kategori>ORGANIK</kategori><tmt_tni>1991-04-01</tmt_tni><tmt_kemhan>1990-03-01</tmt_kemhan><agama>ISLAM</agama><file_foto_1>foto/196609151990031001.jpg</file_foto_1><file_foto_2>foto/030205327.jpg</file_foto_2><riwayat_pangkat><pangkat><pangkat>CAPEG II/A</pangkat><tmt_pkt>1990-03-01</tmt_pkt><no_skep>SKEP/357/IV/1990</no_skep><tgl_skep>1990-04-04</tgl_skep></pangkat><pangkat><pangkat>PENGATUR MUDA II/A</pangkat><tmt_pkt>1991-09-01</tmt_pkt><no_skep>SKEP/1482/VIII/1991</no_skep><tgl_skep>1991-08-14</tgl_skep></pangkat><pangkat><pangkat>PENGATUR MUDA TK.I  II/B</pangkat><tmt_pkt>1994-04-01</tmt_pkt><no_skep>03-09/01900/KEP/IV/1994</no_skep><tgl_skep>1994-03-25</tgl_skep></pangkat><pangkat><pangkat>PENGATUR II/C</pangkat><tmt_pkt>1998-04-01</tmt_pkt><no_skep>03-09/00009/KEP/IV/1998</no_skep><tgl_skep>1998-03-26</tgl_skep></pangkat><pangkat><pangkat>PENGATUR TK.I II/D</pangkat><tmt_pkt>2002-04-01</tmt_pkt><no_skep>SKEP/1865/XII/2002</no_skep><tgl_skep>2002-12-31</tgl_skep></pangkat><pangkat><pangkat>PENATA MUDA III/A</pangkat><tmt_pkt>2006-04-01</tmt_pkt><no_skep>SKEP/118/II/2006</no_skep><tgl_skep>2006-02-26</tgl_skep></pangkat><pangkat><pangkat>PENATA MUDA TK.I III/B</pangkat><tmt_pkt>2010-04-01</tmt_pkt><no_skep>KEP/168/III/2010</no_skep><tgl_skep>2010-03-17</tgl_skep></pangkat><pangkat><pangkat>PENATA III/C</pangkat><tmt_pkt>2014-04-01</tmt_pkt><no_skep>SPRIN/273/III/2014</no_skep><tgl_skep>2014-03-27</tgl_skep></pangkat></riwayat_pangkat><riwayat_jabatan><jabatan><jabatan>Staf Subbag TU Rokum</jabatan><tmt_jab>1990-03-01</tmt_jab><no_skep>SKEP/357/IV/1990</no_skep><tgl_skep>1990-04-04</tgl_skep></jabatan><jabatan><jabatan>Staf Subbag Renminro Rokum</jabatan><tmt_jab>1991-09-01</tmt_jab><no_skep>SKEP/1482/VIII/1991</no_skep><tgl_skep>1991-08-14</tgl_skep></jabatan><jabatan><jabatan>Operator Komputer Subbag Renminro Rokum</jabatan><tmt_jab>1998-08-01</tmt_jab><no_skep>SKEP/1137/IX/1998</no_skep><tgl_skep>1998-09-17</tgl_skep></jabatan><jabatan><jabatan>Operator Komputer Subbag Renminro Bag Yankum Rokum</jabatan><tmt_jab>2001-03-01</tmt_jab><no_skep>SKEP/247/III/2001</no_skep><tgl_skep>2001-03-21</tgl_skep></jabatan><jabatan><jabatan>Anggota Subbag Minro Bag Yankum Rohukum Setjen Dephan</jabatan><tmt_jab>2007-09-01</tmt_jab><no_skep>SKEP/735/IX/2007</no_skep><tgl_skep>2007-09-20</tgl_skep></jabatan><jabatan><jabatan>PENGOLAH PROGJALAP SUBBAGMINRO BAGYANKUM</jabatan><tmt_jab>2010-05-24</tmt_jab><no_skep>KEP/348/V/2010</no_skep><tgl_skep>2010-05-26</tgl_skep></jabatan><jabatan><jabatan>PENYUSUN BAHAN KONSULTASI SUBBAG KONSULTASI BAG HATKUM ROKUM SETJEN KEMHAN</jabatan><tmt_jab>2011-04-01</tmt_jab><no_skep>KEP/284/IV/2011</no_skep><tgl_skep>2011-04-19</tgl_skep></jabatan><jabatan><jabatan>PENGOLAH WABKU SUBBAG TU BIRO BAG HATKUM ROKUM SETJEN KEMHAN</jabatan><tmt_jab>2013-07-05</tmt_jab><no_skep>KEP/674/VII/2013</no_skep><tgl_skep>2013-07-15</tgl_skep></jabatan><jabatan><jabatan>PENYUSUN MEDIASI SUBBAG MEDIASI BAG HATKUM ROKUM SETJEN KEMHAN</jabatan><tmt_jab>2014-05-30</tmt_jab><no_skep>KEP/539/V/2014</no_skep><tgl_skep>2014-05-30</tgl_skep></jabatan><jabatan><jabatan>PENYUSUN BAHAN DUKKUM SUBBAG DUKKUM BAG HATKUM ROKUM SETJEN KEMHAN</jabatan><tmt_jab>2014-12-31</tmt_jab><no_skep>KEP/1485/XII/2014</no_skep><tgl_skep>2014-12-18</tgl_skep></jabatan></riwayat_jabatan><riwayat_pendidikan><pendidikan_umum><pendidikan><nama_dik>SEKOLAH DASAR</nama_dik><tahun_lulus>1980</tahun_lulus></pendidikan><pendidikan><nama_dik>SEKOLAH LANJUTAN TINGKAT PERTAMA (SLTP)</nama_dik><tahun_lulus>1983</tahun_lulus></pendidikan><pendidikan><nama_dik>SEKOLAH LANJUTAN TINGKAT ATAS (SLTA)</nama_dik><tahun_lulus>1986</tahun_lulus></pendidikan><pendidikan><nama_dik>SARJANA (S1)</nama_dik><tahun_lulus>2010</tahun_lulus></pendidikan></pendidikan_umum><pendidikan_pembentukan><pendidikan><nama_dik>SUS MIKRO KOMPUTER</nama_dik><tahun_lulus>1989</tahun_lulus></pendidikan><pendidikan><nama_dik>TAR P-4 25 JAM</nama_dik><tahun_lulus>1989</tahun_lulus></pendidikan><pendidikan><nama_dik>LATPRAJAB TK II</nama_dik><tahun_lulus>1990</tahun_lulus></pendidikan><pendidikan><nama_dik>SUS JUR BUK</nama_dik><tahun_lulus>2000</tahun_lulus></pendidikan><pendidikan><nama_dik>SUS SITUS WEB</nama_dik><tahun_lulus>2003</tahun_lulus></pendidikan><pendidikan><nama_dik>UJIAN DINAS TK I</nama_dik><tahun_lulus>2005</tahun_lulus></pendidikan><pendidikan><nama_dik>DIK LAT PIM TK IV</nama_dik><tahun_lulus>2012</tahun_lulus></pendidikan><pendidikan><nama_dik>WORKSHOP PENGEMBANGAN KOMPETENSI</nama_dik><tahun_lulus>2015</tahun_lulus></pendidikan><pendidikan><nama_dik>PENATARAAN PERBENDAHARAAN NEGARA</nama_dik><tahun_lulus>2015</tahun_lulus></pendidikan></pendidikan_pembentukan></riwayat_pendidikan><riwayat_penugasan></riwayat_penugasan><riwayat_tanda_jasa><tanda_jasa><nama_tanda_jasa>SATYALANCANA KARYA SATYA X TAHUN</nama_tanda_jasa><no_skep>KEPPRES RI NOMOR 040/TK/TAHUN 2003</no_skep><tgl_skep>2003-07-31</tgl_skep></tanda_jasa></riwayat_tanda_jasa><riwayat_bahasa><bahasa><nama_bahasa>SUNDA</nama_bahasa><keterangan>AKTIF</keterangan></bahasa><bahasa><nama_bahasa>INGGRIS</nama_bahasa><keterangan>PASIF</keterangan></bahasa><bahasa><nama_bahasa>INDONESIA</nama_bahasa><keterangan>AKTIF</keterangan></bahasa></riwayat_bahasa><riwayat_keluarga><keluarga><nama_keluarga>ANI ADNAN</nama_keluarga><jenis_kelamin>PEREMPUAN</jenis_kelamin><tgl_lahir>1967-12-12</tgl_lahir><hubungan>ISTRI</hubungan></keluarga><keluarga><nama_keluarga>IQBAL FATHUR RACHMAN</nama_keluarga><jenis_kelamin>LAKI-LAKI</jenis_kelamin><tgl_lahir>1996-12-14</tgl_lahir><hubungan>ANAK</hubungan></keluarga><keluarga><nama_keluarga>MOHAMAD FIKAR ALWIANSYAH</nama_keluarga><jenis_kelamin>LAKI-LAKI</jenis_kelamin><tgl_lahir>2001-09-01</tgl_lahir><hubungan>ANAK</hubungan></keluarga></riwayat_keluarga></personil_kemhan>
