<personil_kemhan><nopeg>197302091993031001</nopeg><nip>030222199</nip><nrp_nip>197302091993031001</nrp_nip><nama>SARJOKO</nama><tempat_lahir>Wonogiri</tempat_lahir><tgl_lahir>1973-02-09</tgl_lahir><jenis_kelamin>LAKI-LAKI</jenis_kelamin><unit_organisasi>U.O. KEMHAN</unit_organisasi><jenis_personil>PNS</jenis_personil><pangkat>PENATA MUDA TK.I III/B</pangkat><pangkat_corps>PENATA MUDA TK.I III/B </pangkat_corps><tmt_pangkat>2012-04-01</tmt_pangkat><angkatan_korps>PNS</angkatan_korps><sumber_pa_gol_3>UJIAN DINAS</sumber_pa_gol_3><tmt_pa_gol_3>2008-04-01</tmt_pa_gol_3><kategori_pangkat>III/B</kategori_pangkat><jabatan>PENGOLAHAN BAHAN PROGLAP SUBBAG TU BIRO BAGADABANGPEG</jabatan><satker>ROPEG SETJEN KEMHAN</satker><kode_jabatan>ANGGOTA</kode_jabatan><tmt_jabatan>2014-12-31</tmt_jabatan><eselon_jabatan>99</eselon_jabatan><kategori>ORGANIK</kategori><tmt_tni>1994-08-01</tmt_tni><tmt_kemhan>1993-03-01</tmt_kemhan><agama>ISLAM</agama><file_foto_1>foto/197302091993031001.jpg</file_foto_1><file_foto_2>foto/030222199.jpg</file_foto_2><riwayat_pangkat><pangkat><pangkat>CAPEG II/A</pangkat><tmt_pkt>1993-03-01</tmt_pkt><no_skep>SKEP/1817/VII/1993</no_skep><tgl_skep>1993-07-05</tgl_skep></pangkat><pangkat><pangkat>PENGATUR MUDA II/A</pangkat><tmt_pkt>1994-08-01</tmt_pkt><no_skep>SKEP/768/VII/1994</no_skep><tgl_skep>1994-07-07</tgl_skep></pangkat><pangkat><pangkat>PENGATUR MUDA TK.I  II/B</pangkat><tmt_pkt>1996-04-01</tmt_pkt><no_skep>03-09/00007/KEP/IV/1996</no_skep><tgl_skep>1996-04-18</tgl_skep></pangkat><pangkat><pangkat>PENGATUR II/C</pangkat><tmt_pkt>2000-04-01</tmt_pkt><no_skep>03-09.00/017/KEP/IV/2000</no_skep><tgl_skep>2000-06-12</tgl_skep></pangkat><pangkat><pangkat>PENGATUR TK.I II/D</pangkat><tmt_pkt>2004-04-01</tmt_pkt><no_skep>SKEP/98/II/2004</no_skep><tgl_skep>2004-02-26</tgl_skep></pangkat><pangkat><pangkat>PENATA MUDA III/A</pangkat><tmt_pkt>2008-04-01</tmt_pkt><no_skep>SKEP/148/III/2008</no_skep><tgl_skep>2008-03-10</tgl_skep></pangkat><pangkat><pangkat>PENATA MUDA TK.I III/B</pangkat><tmt_pkt>2012-04-01</tmt_pkt><no_skep>SPRIN/232/III/2012</no_skep><tgl_skep>2012-03-27</tgl_skep></pangkat></riwayat_pangkat><riwayat_jabatan><jabatan><jabatan>ANGG. SUBBAG BANG BAGPERS ROUM</jabatan><tmt_jab>1993-03-01</tmt_jab><no_skep>SPRIN/1817/VII/1993</no_skep><tgl_skep>1993-07-05</tgl_skep></jabatan><jabatan><jabatan>TURMIN ADA (SMTA) SUBBAG BANG</jabatan><tmt_jab>1998-09-01</tmt_jab><no_skep>SKEP/1121/IX/1998</no_skep><tgl_skep>1998-09-01</tgl_skep></jabatan><jabatan><jabatan>TURMIN SUBBAGADA BAGADABANGPEG ROPEG</jabatan><tmt_jab>2001-03-01</tmt_jab><no_skep>SKEP/278/III/2001</no_skep><tgl_skep>2001-03-28</tgl_skep></jabatan><jabatan><jabatan>ANGGOTA SUBBAG ADA BAG ADABANGPEG ROPEG SETJEN DEPHAN</jabatan><tmt_jab>2006-09-01</tmt_jab><no_skep>SKEP/693/IX/2006</no_skep><tgl_skep>2006-09-01</tgl_skep></jabatan><jabatan><jabatan>Anggota Subbag Ada Bag Adabangpeg Ropeg Setjen Dephan</jabatan><tmt_jab>2007-11-01</tmt_jab><no_skep>SKEP/882/XI/2007</no_skep><tgl_skep>2007-11-20</tgl_skep></jabatan><jabatan><jabatan>ANGGOTA SUBBAGMINRO BAGADABANGPEG ROPEG SETJEN DEPHAN</jabatan><tmt_jab>2008-02-13</tmt_jab><no_skep>SPRIN/16/II/2008</no_skep><tgl_skep>2008-02-13</tgl_skep></jabatan><jabatan><jabatan>Pranata Komputer Pelaksana Lanjutan Ropeg Setjen Dephan</jabatan><tmt_jab>2010-08-27</tmt_jab><no_skep>KEP MENHAN NOMOR : KEP/631/IX/2010</no_skep><tgl_skep>2010-09-06</tgl_skep></jabatan><jabatan><jabatan>PENGOLAH BAHAN PROGLAP SUBBAG TU BIRO BAGADABANGPEG ROPEG SETJEN KEMHAN</jabatan><tmt_jab>2011-04-01</tmt_jab><no_skep>Kep/281/IV/2011</no_skep><tgl_skep>2011-04-19</tgl_skep></jabatan><jabatan><jabatan>PENGOLAHAN BAHAN PROGLAP SUBBAG TU BIRO BAGADABANGPEG ROPEG SETJEN KEMHAN</jabatan><tmt_jab>2014-12-31</tmt_jab><no_skep>KEP/1485/XII/2014</no_skep><tgl_skep>2014-12-18</tgl_skep></jabatan></riwayat_jabatan><riwayat_pendidikan><pendidikan_umum><pendidikan><nama_dik>SEKOLAH DASAR</nama_dik><tahun_lulus>1986</tahun_lulus></pendidikan><pendidikan><nama_dik>SEKOLAH TEHNIK</nama_dik><tahun_lulus>1989</tahun_lulus></pendidikan><pendidikan><nama_dik>STM</nama_dik><tahun_lulus>1992</tahun_lulus></pendidikan></pendidikan_umum><pendidikan_pembentukan><pendidikan><nama_dik>SUS MENGEMUDI</nama_dik><tahun_lulus>1996</tahun_lulus></pendidikan><pendidikan><nama_dik>SUS OPERATOR KOMPUTER</nama_dik><tahun_lulus>2000</tahun_lulus></pendidikan><pendidikan><nama_dik>SUS PROG INTERNET</nama_dik><tahun_lulus>2004</tahun_lulus></pendidikan><pendidikan><nama_dik>WORKSHOP VISUAL FOXPRO</nama_dik><tahun_lulus>2007</tahun_lulus></pendidikan><pendidikan><nama_dik>Tar Akselerasi Lap Keu</nama_dik><tahun_lulus>2010</tahun_lulus></pendidikan><pendidikan><nama_dik>DIKLATKER OTOMOTIF</nama_dik><tahun_lulus>2010</tahun_lulus></pendidikan><pendidikan><nama_dik>DIK BELA NEGARA</nama_dik><tahun_lulus>2014</tahun_lulus></pendidikan></pendidikan_pembentukan></riwayat_pendidikan><riwayat_penugasan></riwayat_penugasan><riwayat_tanda_jasa><tanda_jasa><nama_tanda_jasa>SATYALANCANA KARYA SATYA X TAHUN</nama_tanda_jasa><no_skep>KEPPRES NO. 023/TK/2007</no_skep><tgl_skep>2007-06-07</tgl_skep></tanda_jasa><tanda_jasa><nama_tanda_jasa>SATYALANCANA KARYA SATYA XX TAHUN</nama_tanda_jasa><no_skep>KEPPRES NO. 104/TK/TAHUN 2013</no_skep><tgl_skep>2013-12-30</tgl_skep></tanda_jasa></riwayat_tanda_jasa><riwayat_bahasa><bahasa><nama_bahasa>JAWA</nama_bahasa><keterangan>AKTIF</keterangan></bahasa><bahasa><nama_bahasa>INDONESIA</nama_bahasa><keterangan>AKTIF</keterangan></bahasa></riwayat_bahasa><riwayat_keluarga><keluarga><nama_keluarga>RETNO KURNIASIH</nama_keluarga><jenis_kelamin>PEREMPUAN</jenis_kelamin><tgl_lahir>1979-09-12</tgl_lahir><hubungan>ISTRI</hubungan></keluarga><keluarga><nama_keluarga>DIVA ADDY REZA BAIHAQI</nama_keluarga><jenis_kelamin>LAKI-LAKI</jenis_kelamin><tgl_lahir>2004-02-23</tgl_lahir><hubungan>ANAK</hubungan></keluarga><keluarga><nama_keluarga>ABYAN IRSYAD ADDY REZA SAPUTRA</nama_keluarga><jenis_kelamin>LAKI-LAKI</jenis_kelamin><tgl_lahir>2008-07-28</tgl_lahir><hubungan>ANAK</hubungan></keluarga><keluarga><nama_keluarga>SALSABILA KHOIRUL JANNAH</nama_keluarga><jenis_kelamin>PEREMPUAN</jenis_kelamin><tgl_lahir>2013-04-28</tgl_lahir><hubungan>ANAK</hubungan></keluarga></riwayat_keluarga></personil_kemhan>
