<personil_kemhan><nopeg>197406242006041001</nopeg><nip>030250265</nip><nrp_nip>197406242006041001</nrp_nip><nama>SABARDONO BAGOES TAROENA WIRYA</nama><tempat_lahir>PURWOKERTO</tempat_lahir><tgl_lahir>1974-06-24</tgl_lahir><jenis_kelamin>LAKI-LAKI</jenis_kelamin><unit_organisasi>U.O. KEMHAN</unit_organisasi><jenis_personil>PNS</jenis_personil><pangkat>PENGATUR II/C</pangkat><pangkat_corps>PENGATUR II/C </pangkat_corps><tmt_pangkat>2014-10-01</tmt_pangkat><angkatan_korps>PNS</angkatan_korps><kategori_pangkat>II/C</kategori_pangkat><jabatan>PETUGAS GUDANG ARSIP SUBBAG ARSIP BAG MINU</jabatan><satker>ROTU SETJEN KEMHAN</satker><kode_jabatan>ANGGOTA</kode_jabatan><tmt_jabatan>2014-12-31</tmt_jabatan><eselon_jabatan>99</eselon_jabatan><kategori>ORGANIK</kategori><tmt_tni>2007-04-01</tmt_tni><tmt_kemhan>2006-04-01</tmt_kemhan><agama>ISLAM</agama><file_foto_1>foto/197406242006041001.jpg</file_foto_1><file_foto_2>foto/030250265.jpg</file_foto_2><riwayat_pangkat><pangkat><pangkat>CAPEG II/A</pangkat><tmt_pkt>2006-04-01</tmt_pkt><no_skep>SKEP/372/M/V/2006</no_skep><tgl_skep>2006-05-23</tgl_skep></pangkat><pangkat><pangkat>PENGATUR MUDA II/A</pangkat><tmt_pkt>2007-09-01</tmt_pkt><no_skep>SKEP/686/IX/2007</no_skep><tgl_skep>2007-09-04</tgl_skep></pangkat><pangkat><pangkat>PENGATUR MUDA TK.I  II/B</pangkat><tmt_pkt>2010-10-01</tmt_pkt><no_skep>KEP/634/IX/2010</no_skep><tgl_skep>2010-09-07</tgl_skep></pangkat><pangkat><pangkat>PENGATUR II/C</pangkat><tmt_pkt>2014-10-01</tmt_pkt></pangkat></riwayat_pangkat><riwayat_jabatan><jabatan><jabatan>BIRO TATA USAHA SETJEN DEPHAN</jabatan><tmt_jab>2006-04-01</tmt_jab><no_skep>SKEP/472/VII/2006</no_skep><tgl_skep>2006-07-05</tgl_skep></jabatan><jabatan><jabatan>ANGGOTA SUBBAGMINRO BANUMPIM ROTU SETJEN</jabatan><tmt_jab>2006-07-12</tmt_jab><no_skep>SPRIN/120/VII/2006</no_skep><tgl_skep>2006-07-13</tgl_skep></jabatan><jabatan><jabatan>SISWA WORKSHOP MULTIMEDIA BERBASIS WEB TA. 2008 ROTU SETJEN KEMHAN</jabatan><tmt_jab>2008-08-27</tmt_jab><no_skep>Skep/80/VIII/2008</no_skep><tgl_skep>2008-08-27</tgl_skep></jabatan><jabatan><jabatan>OPERATOR KOMPUTER SUBBAGMINRO BAGBANUMPIM ROTU SETJEN KEMHAN ROTU SETJEN KEMHAN</jabatan><tmt_jab>2010-07-19</tmt_jab><no_skep>Kep/516/VII/2010</no_skep><tgl_skep>2010-07-27</tgl_skep></jabatan><jabatan><jabatan>JURU BAYAR SUBBAG TU BIRO BAG TU DAN DUK SEKJEN RO TU SETJEN KEMHAN ROTU SETJEN KEMHAN</jabatan><tmt_jab>2011-04-01</tmt_jab><no_skep>KEP/282/VI/2011</no_skep><tgl_skep>2011-04-19</tgl_skep></jabatan><jabatan><jabatan>OPERATOR KOMPUTER SUBBAG TU BIRO BAG TU DAN DUK SEKJEN ROTU SETJEN KEMHAN</jabatan><tmt_jab>2011-11-11</tmt_jab><no_skep>KEP/874/XI/2011</no_skep><tgl_skep>2011-11-11</tgl_skep></jabatan><jabatan><jabatan>PETUGAS GUDANG ARSIP SUBBAG ARSIP BAG MINU ROTU SETJEN KEMHAN</jabatan><tmt_jab>2014-12-31</tmt_jab><no_skep>KEP/1485/XII/2014</no_skep><tgl_skep>2014-12-18</tgl_skep></jabatan></riwayat_jabatan><riwayat_pendidikan><pendidikan_umum><pendidikan><nama_dik>SEKOLAH DASAR</nama_dik><tahun_lulus>1987</tahun_lulus></pendidikan><pendidikan><nama_dik>SEKOLAH LANJUTAN TINGKAT PERTAMA (SLTP)</nama_dik><tahun_lulus>1990</tahun_lulus></pendidikan><pendidikan><nama_dik>SEKOLAH LANJUTAN TINGKAT ATAS (SLTA)</nama_dik><tahun_lulus>1993</tahun_lulus></pendidikan></pendidikan_umum><pendidikan_pembentukan><pendidikan><nama_dik>TAR KESEKRETARIATAN</nama_dik><tahun_lulus>2006</tahun_lulus></pendidikan><pendidikan><nama_dik>LAT PRAJAB</nama_dik><tahun_lulus>2006</tahun_lulus></pendidikan><pendidikan><nama_dik>LAT PENANGGULANGAN BAHAYA KEBAKARAN</nama_dik><tahun_lulus>2008</tahun_lulus></pendidikan><pendidikan><nama_dik>WORKSHOP MULTIMEDIA BERBASIS WEB</nama_dik><tahun_lulus>2008</tahun_lulus></pendidikan><pendidikan><nama_dik>LAT OPERATOR LPSE</nama_dik><tahun_lulus>2014</tahun_lulus></pendidikan></pendidikan_pembentukan></riwayat_pendidikan><riwayat_penugasan></riwayat_penugasan><riwayat_tanda_jasa></riwayat_tanda_jasa><riwayat_bahasa><bahasa><nama_bahasa>JAWA</nama_bahasa><keterangan>PASIF</keterangan></bahasa><bahasa><nama_bahasa>SUNDA</nama_bahasa><keterangan>PASIF</keterangan></bahasa><bahasa><nama_bahasa>INGGRIS</nama_bahasa><keterangan>AKTIF</keterangan></bahasa><bahasa><nama_bahasa>INDONESIA</nama_bahasa><keterangan>AKTIF</keterangan></bahasa></riwayat_bahasa><riwayat_keluarga><keluarga><nama_keluarga>Ani Nuryani</nama_keluarga><jenis_kelamin>PEREMPUAN</jenis_kelamin><tgl_lahir>1980-06-08</tgl_lahir><hubungan>ISTRI</hubungan></keluarga><keluarga><nama_keluarga>Keenan Rafasha Taruna Wirya</nama_keluarga><jenis_kelamin>LAKI-LAKI</jenis_kelamin><tgl_lahir>2010-08-15</tgl_lahir><hubungan>ANAK</hubungan></keluarga></riwayat_keluarga></personil_kemhan>
