<personil_kemhan><nopeg>196202251994032001</nopeg><nip>030228091</nip><nrp_nip>196202251994032001</nrp_nip><nama>MARSASI</nama><tempat_lahir>Malang</tempat_lahir><tgl_lahir>1962-02-25</tgl_lahir><jenis_kelamin>PEREMPUAN</jenis_kelamin><unit_organisasi>U.O. KEMHAN</unit_organisasi><jenis_personil>PNS</jenis_personil><pangkat>PENATA MUDA TK.I III/B</pangkat><pangkat_corps>PENATA MUDA TK.I III/B </pangkat_corps><tmt_pangkat>2014-04-01</tmt_pangkat><angkatan_korps>PNS</angkatan_korps><sumber_pa_gol_3>UJIAN DINAS</sumber_pa_gol_3><tmt_pa_gol_3>2010-04-01</tmt_pa_gol_3><kategori_pangkat>III/B</kategori_pangkat><jabatan>PENGADMINISTRASI PENETAPAN ANGKA KREDIT(PAK) ARSIPARIS SUBBAG ARSIP BAG MINU</jabatan><satker>ROTU SETJEN KEMHAN</satker><kode_jabatan>ANGGOTA</kode_jabatan><tmt_jabatan>2014-12-31</tmt_jabatan><eselon_jabatan>99</eselon_jabatan><kategori>ORGANIK</kategori><tmt_tni>1995-06-01</tmt_tni><tmt_kemhan>1994-03-01</tmt_kemhan><agama>ISLAM</agama><file_foto_1>foto/196202251994032001.jpg</file_foto_1><file_foto_2>foto/030228091.jpg</file_foto_2><riwayat_pangkat><pangkat><pangkat>CAPEG II/A</pangkat><tmt_pkt>1994-03-01</tmt_pkt><no_skep>SKEP/1295/VIII/1994</no_skep><tgl_skep>1994-08-30</tgl_skep></pangkat><pangkat><pangkat>PENGATUR MUDA II/A</pangkat><tmt_pkt>1995-06-01</tmt_pkt><no_skep>SKEP/413/V/1995</no_skep><tgl_skep>1995-05-03</tgl_skep></pangkat><pangkat><pangkat>PENGATUR MUDA TK.I  II/B</pangkat><tmt_pkt>1998-04-01</tmt_pkt><no_skep>03-09/00013/KEP/IV/1998</no_skep><tgl_skep>1998-04-17</tgl_skep></pangkat><pangkat><pangkat>PENGATUR II/C</pangkat><tmt_pkt>2002-04-01</tmt_pkt><no_skep>SKEP/740/VII/2002</no_skep><tgl_skep>2002-07-19</tgl_skep></pangkat><pangkat><pangkat>PENGATUR TK.I II/D</pangkat><tmt_pkt>2006-04-01</tmt_pkt><no_skep>SKEP/156/III/2006</no_skep><tgl_skep>2006-03-09</tgl_skep></pangkat><pangkat><pangkat>PENATA MUDA III/A</pangkat><tmt_pkt>2010-04-01</tmt_pkt><no_skep>KEP/156/III/2010</no_skep><tgl_skep>2010-03-15</tgl_skep></pangkat><pangkat><pangkat>PENATA MUDA TK.I III/B</pangkat><tmt_pkt>2014-04-01</tmt_pkt><no_skep>KEP/286/III/2014</no_skep><tgl_skep>2014-03-27</tgl_skep></pangkat></riwayat_pangkat><riwayat_jabatan><jabatan><jabatan>ANGGOTA TU SUBBAG RENMINRO ROHUBANLEM</jabatan><tmt_jab>1994-07-27</tmt_jab><no_skep>SPRIN/1480/VII/1994</no_skep><tgl_skep>1994-03-01</tgl_skep></jabatan><jabatan><jabatan>OPR KOMP DAN TURMINU SUBBAG RENMINRO</jabatan><tmt_jab>1998-10-12</tmt_jab><no_skep>SKEP/1199/X/1998</no_skep><tgl_skep>1998-10-01</tgl_skep></jabatan><jabatan><jabatan>TURMIN SUBBAGMINMEN BAG TU PIMPINAN ROTU</jabatan><tmt_jab>2001-03-01</tmt_jab><no_skep>SKEP/250/III/2001</no_skep><tgl_skep>2001-03-21</tgl_skep></jabatan><jabatan><jabatan>Anggota Subbag MinSahli Bagbanminpim Rotu Setjen Dephan</jabatan><tmt_jab>2006-03-01</tmt_jab><tgl_skep>2006-03-01</tgl_skep></jabatan><jabatan><jabatan>ARSIPARIS PELAKSANA ROTU SETJEN KEMHAN</jabatan><tmt_jab>2009-04-01</tmt_jab><tgl_skep>2009-04-01</tgl_skep></jabatan><jabatan><jabatan>SPRI SAHLI BAG TU DAN DUKMEN  ROTU SETJEN KEMHAN</jabatan><tmt_jab>2011-04-01</tmt_jab><no_skep>Kep/282/IV/2011</no_skep><tgl_skep>2011-04-19</tgl_skep></jabatan><jabatan><jabatan>PENGADMINISTRASI PENETAPAN ANGKA KREDIT(PAK) ARSIPARIS SUBBAG ARSIP BAG MINU ROTU SETJEN KEMHAN</jabatan><tmt_jab>2014-12-31</tmt_jab><no_skep>KEP/1485/XII/2014</no_skep><tgl_skep>2014-12-18</tgl_skep></jabatan></riwayat_jabatan><riwayat_pendidikan><pendidikan_umum><pendidikan><nama_dik>SEKOLAH DASAR</nama_dik><tahun_lulus>1975</tahun_lulus></pendidikan><pendidikan><nama_dik>SEKOLAH MENENGAH PERTAMA (SMP)</nama_dik><tahun_lulus>1979</tahun_lulus></pendidikan><pendidikan><nama_dik>SEKOLAH MENENGAH ATAS (SMA)</nama_dik><tahun_lulus>1982</tahun_lulus></pendidikan></pendidikan_umum><pendidikan_pembentukan><pendidikan><nama_dik>LATPRAJAB</nama_dik><tahun_lulus>1994</tahun_lulus></pendidikan><pendidikan><nama_dik>KURSUS OPERATOR KOMPUTER </nama_dik><tahun_lulus>1995</tahun_lulus></pendidikan><pendidikan><nama_dik>SUSMINU</nama_dik><tahun_lulus>1997</tahun_lulus></pendidikan><pendidikan><nama_dik>UJIAN DINAS TK. I</nama_dik><tahun_lulus>2008</tahun_lulus></pendidikan></pendidikan_pembentukan></riwayat_pendidikan><riwayat_penugasan></riwayat_penugasan><riwayat_tanda_jasa><tanda_jasa><nama_tanda_jasa>SATYALANCANA KARYA SATYA X TAHUN</nama_tanda_jasa><no_skep>095/TK/TAHUN 2006</no_skep><tgl_skep>2006-10-23</tgl_skep></tanda_jasa></riwayat_tanda_jasa><riwayat_bahasa><bahasa><nama_bahasa>JAWA</nama_bahasa><keterangan>AKTIF</keterangan></bahasa></riwayat_bahasa><riwayat_keluarga><keluarga><nama_keluarga>SODIKIN, SE</nama_keluarga><jenis_kelamin>LAKI-LAKI</jenis_kelamin><tgl_lahir>1970-05-10</tgl_lahir><hubungan>SUAMI</hubungan></keluarga><keluarga><nama_keluarga>ADINDA RAMADIQI ALIYA SYIFA</nama_keluarga><jenis_kelamin>PEREMPUAN</jenis_kelamin><tgl_lahir>2004-11-15</tgl_lahir><hubungan>ANAK</hubungan></keluarga><keluarga><nama_keluarga>LUTFIYAH ZAHRA TALITA</nama_keluarga><jenis_kelamin>PEREMPUAN</jenis_kelamin><tgl_lahir>2010-08-07</tgl_lahir><hubungan>ANAK</hubungan></keluarga></riwayat_keluarga></personil_kemhan>
