<personil_kemhan><nopeg>197203151994031006</nopeg><nip>030228336</nip><nrp_nip>197203151994031006</nrp_nip><nama>Heru Siswanto</nama><gelar>S.Sos</gelar><tempat_lahir>Jakarta</tempat_lahir><tgl_lahir>1972-03-15</tgl_lahir><jenis_kelamin>LAKI-LAKI</jenis_kelamin><unit_organisasi>U.O. KEMHAN</unit_organisasi><jenis_personil>PNS</jenis_personil><pangkat>PENATA TK.I III/D</pangkat><pangkat_corps>PENATA TK.I III/D </pangkat_corps><tmt_pangkat>2015-04-01</tmt_pangkat><angkatan_korps>PNS</angkatan_korps><sumber_pa_gol_3>PENYESUAIAN IJASAH</sumber_pa_gol_3><tmt_pa_gol_3>2003-04-01</tmt_pa_gol_3><kategori_pangkat>III/D</kategori_pangkat><jabatan>KASUBBAG TU PUS TEK INFO DAN KOM</jabatan><satker>UNHAN KEMHAN</satker><kode_jabatan>STRUKTURAL</kode_jabatan><tmt_jabatan>2014-02-10</tmt_jabatan><eselon_jabatan>IV</eselon_jabatan><kategori>ORGANIK</kategori><tmt_tni>1995-07-01</tmt_tni><tmt_kemhan>1994-03-01</tmt_kemhan><agama>ISLAM</agama><file_foto_1>foto/197203151994031006.jpg</file_foto_1><file_foto_2>foto/030228336.jpg</file_foto_2><riwayat_pangkat><pangkat><pangkat>CAPEG II/B</pangkat><tmt_pkt>1994-03-01</tmt_pkt></pangkat><pangkat><pangkat>PENGATUR MUDA II/A</pangkat><tmt_pkt>1995-07-01</tmt_pkt><no_skep>SKEP/827/VI/1995</no_skep><tgl_skep>1995-07-01</tgl_skep></pangkat><pangkat><pangkat>PENGATUR MUDA TK.I  II/B</pangkat><tmt_pkt>1998-04-01</tmt_pkt><no_skep>03-09/00013/KEP/IV/1998</no_skep><tgl_skep>1998-04-01</tgl_skep></pangkat><pangkat><pangkat>PENGATUR II/C</pangkat><tmt_pkt>2002-09-01</tmt_pkt><no_skep>SKEP/1217/IX/2002</no_skep><tgl_skep>2002-09-06</tgl_skep></pangkat><pangkat><pangkat>PENATA MUDA III/A</pangkat><tmt_pkt>2003-04-01</tmt_pkt><no_skep>SKEP/1049/VI/2003</no_skep><tgl_skep>2003-06-12</tgl_skep></pangkat><pangkat><pangkat>PENATA MUDA TK.I III/B</pangkat><tmt_pkt>2007-04-01</tmt_pkt><no_skep>SKEP/153/III/2007</no_skep><tgl_skep>2007-03-06</tgl_skep></pangkat><pangkat><pangkat>PENATA III/C</pangkat><tmt_pkt>2011-04-01</tmt_pkt><no_skep>KEP/225/III/2011</no_skep><tgl_skep>2011-03-31</tgl_skep></pangkat><pangkat><pangkat>PENATA TK.I III/D</pangkat><tmt_pkt>2015-04-01</tmt_pkt><no_skep>SPRIN/256/III/2015</no_skep><tgl_skep>2015-03-30</tgl_skep></pangkat></riwayat_pangkat><riwayat_jabatan><jabatan><jabatan>ANGGOTA SUBBAGYANUM BAGRUMGA ROUM SETJEN DEPHAN</jabatan><tmt_jab>1994-03-01</tmt_jab><no_skep>SKEP/1328/III/1994</no_skep><tgl_skep>1994-03-01</tgl_skep></jabatan><jabatan><jabatan>PENGATUR MONTIR KOMLER</jabatan><tmt_jab>1998-09-01</tmt_jab><no_skep>SKEP/1123/IX/1998</no_skep><tgl_skep>1998-09-01</tgl_skep></jabatan><jabatan><jabatan>TURMIN OPR RADIO SUBBAGYANUMURDAL BAGRUMGA</jabatan><tmt_jab>2001-03-01</tmt_jab><no_skep>SKEP/296/IV/2001</no_skep><tgl_skep>2001-04-03</tgl_skep></jabatan><jabatan><jabatan>TURMIN SUBBAGKATJAB BAGINBIN PNS ROPEG</jabatan><tmt_jab>2001-10-01</tmt_jab><no_skep>SKEP/917/X/2001</no_skep><tgl_skep>2001-10-31</tgl_skep></jabatan><jabatan><jabatan>Anggota Subbag Mutasi Bag Induk PNS Ropeg Setjen Dephan</jabatan><tmt_jab>2006-03-01</tmt_jab><no_skep>SKEP/201/III/2006</no_skep><tgl_skep>2006-03-27</tgl_skep></jabatan><jabatan><jabatan>ANALIS KEPEGAWAIAN MUDA ROPEG SETJEN KEMHAN</jabatan><tmt_jab>2010-12-01</tmt_jab><no_skep>KEP MENHAN NOMOR : KEP/920/XII/2010</no_skep><tgl_skep>2010-12-23</tgl_skep></jabatan><jabatan><jabatan>PENYUSUN BAHAN MUTJABFUNG SUBBAGMUTJABFUNG BAGINDUK PNS ROPEG SETJEN KEMHAN</jabatan><tmt_jab>2011-04-01</tmt_jab><no_skep>Kep/281/IV/2011</no_skep><tgl_skep>2011-04-19</tgl_skep></jabatan><jabatan><jabatan>KASUBBAG PENDIDIK BAG HUKUM DAN KEPEGAWAIAN BIRO UMUM UNHAN KEMHAN</jabatan><tmt_jab>2013-03-08</tmt_jab><no_skep>SPRIN/31/III/2013</no_skep><tgl_skep>2013-03-08</tgl_skep></jabatan><jabatan><jabatan>KASUBBAG TU PUS TEK INFO DAN KOM UNHAN KEMHAN</jabatan><tmt_jab>2014-02-10</tmt_jab><no_skep>KEP/201/II/2014</no_skep><tgl_skep>2014-02-26</tgl_skep></jabatan></riwayat_jabatan><riwayat_pendidikan><pendidikan_umum><pendidikan><nama_dik>SEKOLAH DASAR</nama_dik><tahun_lulus>1985</tahun_lulus></pendidikan><pendidikan><nama_dik>SEKOLAH MENENGAH PERTAMA (SMP)</nama_dik><tahun_lulus>1988</tahun_lulus></pendidikan><pendidikan><nama_dik>SEKOLAH MENENGAH ATAS (SMA)</nama_dik><tahun_lulus>1991</tahun_lulus></pendidikan><pendidikan><nama_dik>SARJANA (S1)</nama_dik><tahun_lulus>2002</tahun_lulus></pendidikan></pendidikan_umum><pendidikan_pembentukan><pendidikan><nama_dik>LATPRAJAB TK.I II</nama_dik><tahun_lulus>1995</tahun_lulus></pendidikan><pendidikan><nama_dik>DIK LAT PIM TK IV</nama_dik><tahun_lulus>2005</tahun_lulus></pendidikan><pendidikan><nama_dik>Diklat Fungsional Analis Kepegawaian Bid Keahlian</nama_dik><tahun_lulus>2009</tahun_lulus></pendidikan></pendidikan_pembentukan></riwayat_pendidikan><riwayat_penugasan></riwayat_penugasan><riwayat_tanda_jasa><tanda_jasa><nama_tanda_jasa>SATYALANCANA KARYA SATYA X TAHUN</nama_tanda_jasa><no_skep>KEPPRES NO. 087/TK/TAHUN 2004</no_skep><tgl_skep>2004-10-27</tgl_skep></tanda_jasa></riwayat_tanda_jasa><riwayat_bahasa></riwayat_bahasa><riwayat_keluarga><keluarga><nama_keluarga>SITI HARYANTI</nama_keluarga><jenis_kelamin>PEREMPUAN</jenis_kelamin><tgl_lahir>1976-01-28</tgl_lahir><hubungan>ISTRI</hubungan></keluarga><keluarga><nama_keluarga>RINALDY ABDILLAH PRATAMA</nama_keluarga><jenis_kelamin>LAKI-LAKI</jenis_kelamin><tgl_lahir>2000-04-08</tgl_lahir><hubungan>ANAK</hubungan></keluarga><keluarga><nama_keluarga>CHEALSEA SALSABILA</nama_keluarga><jenis_kelamin>PEREMPUAN</jenis_kelamin><tgl_lahir>2008-04-04</tgl_lahir><hubungan>ANAK</hubungan></keluarga><keluarga><nama_keluarga>CARISSA REGINA FLORENCIA</nama_keluarga><jenis_kelamin>PEREMPUAN</jenis_kelamin><tgl_lahir>2011-11-01</tgl_lahir><hubungan>ANAK</hubungan></keluarga></riwayat_keluarga></personil_kemhan>
