<personil_kemhan><nopeg>197312232002121001</nopeg><nip>030247672</nip><nrp_nip>197312232002121001</nrp_nip><nama>SETIABUDI</nama><tempat_lahir>Purworejo</tempat_lahir><tgl_lahir>1973-12-23</tgl_lahir><jenis_kelamin>LAKI-LAKI</jenis_kelamin><unit_organisasi>U.O. KEMHAN</unit_organisasi><jenis_personil>PNS</jenis_personil><pangkat>PENGATUR II/C</pangkat><pangkat_corps>PENGATUR II/C </pangkat_corps><tmt_pangkat>2011-04-01</tmt_pangkat><angkatan_korps>PNS</angkatan_korps><kategori_pangkat>II/C</kategori_pangkat><jabatan>PETUGAS PEMADAM KEBAKARAN SUBBAG PAMPERSMAT</jabatan><satker>ROUM SETJEN KEMHAN</satker><kode_jabatan>ANGGOTA</kode_jabatan><tmt_jabatan>2014-12-31</tmt_jabatan><eselon_jabatan>99</eselon_jabatan><kategori>ORGANIK</kategori><tmt_tni>2004-09-01</tmt_tni><tmt_kemhan>2002-12-01</tmt_kemhan><agama>ISLAM</agama><file_foto_1>foto/197312232002121001.jpg</file_foto_1><file_foto_2>foto/030247672.jpg</file_foto_2><riwayat_pangkat><pangkat><pangkat>PENGATUR MUDA II/A</pangkat><tmt_pkt>2002-12-01</tmt_pkt><no_skep>KEP/161/III/2012</no_skep><tgl_skep>2002-03-01</tgl_skep></pangkat><pangkat><pangkat>PENGATUR MUDA TK.I  II/B</pangkat><tmt_pkt>2007-04-01</tmt_pkt><no_skep>SKEP/174/III/2007</no_skep><tgl_skep>2007-03-09</tgl_skep></pangkat><pangkat><pangkat>PENGATUR II/C</pangkat><tmt_pkt>2011-04-01</tmt_pkt><no_skep>KEP/187/III/2011</no_skep><tgl_skep>2011-03-22</tgl_skep></pangkat></riwayat_pangkat><riwayat_jabatan><jabatan><jabatan>ANGGOTA TASKAR SUBBAG YANUM URDAL BAG RUMGA</jabatan><tmt_jab>1899-12-30</tmt_jab><no_skep>SPRIN/317/VI/2003</no_skep><tgl_skep>2003-06-20</tgl_skep></jabatan><jabatan><jabatan>Anggota Taskar Bagpam Roum Setjen Dephan</jabatan><tmt_jab>2006-03-01</tmt_jab><tgl_skep>2006-03-01</tgl_skep></jabatan><jabatan><jabatan>Pemadam Kebakaran Subbagpampersmat Bagpam</jabatan><tmt_jab>2010-07-27</tmt_jab><no_skep>KEP/553/VII/2010</no_skep><tgl_skep>2010-07-28</tgl_skep></jabatan><jabatan><jabatan>PETUGAS SATKAM REGU 3 PLETON  E SUBBAGPAMPERSMAT  BAGPAM ROUM SETJEN KEMHAN</jabatan><tmt_jab>2011-04-01</tmt_jab><no_skep>KEP/285/IV/2011</no_skep><tgl_skep>2011-04-19</tgl_skep></jabatan><jabatan><jabatan>PETUGAS PEMADAM KEBAKARAN SUBBAG PAMPERSMAT BAGPAM</jabatan><tmt_jab>2014-12-31</tmt_jab><no_skep>KEP/1484/XIV/2014</no_skep><tgl_skep>2014-12-18</tgl_skep></jabatan></riwayat_jabatan><riwayat_pendidikan><pendidikan_umum><pendidikan><nama_dik>SEKOLAH DASAR</nama_dik><tahun_lulus>1985</tahun_lulus></pendidikan><pendidikan><nama_dik>SEKOLAH LANJUTAN TINGKAT PERTAMA (SLTP)</nama_dik><tahun_lulus>1988</tahun_lulus></pendidikan><pendidikan><nama_dik>SEKOLAH MENENGAH ATAS (SMA)</nama_dik><tahun_lulus>1991</tahun_lulus></pendidikan></pendidikan_umum><pendidikan_pembentukan></pendidikan_pembentukan></riwayat_pendidikan><riwayat_penugasan></riwayat_penugasan><riwayat_tanda_jasa></riwayat_tanda_jasa><riwayat_bahasa><bahasa><nama_bahasa>INGGRIS</nama_bahasa><keterangan>PASIF</keterangan></bahasa><bahasa><nama_bahasa>INDONESIA</nama_bahasa><keterangan>AKTIF</keterangan></bahasa></riwayat_bahasa><riwayat_keluarga><keluarga><nama_keluarga>Retnowati, SE</nama_keluarga><jenis_kelamin>LAKI-LAKI</jenis_kelamin><tgl_lahir>1979-12-17</tgl_lahir><hubungan>ISTRI</hubungan></keluarga><keluarga><nama_keluarga>M. RAIHAN ALIM DZAKWAN</nama_keluarga><jenis_kelamin>LAKI-LAKI</jenis_kelamin><tgl_lahir>2014-06-10</tgl_lahir><hubungan>ANAK</hubungan></keluarga></riwayat_keluarga></personil_kemhan>
