<personil_kemhan><nopeg>197002261991032002</nopeg><nip>030213660</nip><nrp_nip>197002261991032002</nrp_nip><nama>TETI SULASTRI</nama><gelar>S.E.</gelar><tempat_lahir>Jakarta</tempat_lahir><tgl_lahir>1970-02-26</tgl_lahir><jenis_kelamin>PEREMPUAN</jenis_kelamin><unit_organisasi>U.O. KEMHAN</unit_organisasi><jenis_personil>PNS</jenis_personil><pangkat>PENATA III/C</pangkat><pangkat_corps>PENATA III/C </pangkat_corps><tmt_pangkat>2015-04-01</tmt_pangkat><angkatan_korps>PNS</angkatan_korps><sumber_pa_gol_3>UJIAN DINAS</sumber_pa_gol_3><tmt_pa_gol_3>2007-04-01</tmt_pa_gol_3><kategori_pangkat>III/C</kategori_pangkat><jabatan>PENYUSUN BAHAN AKIN SUBBAG EVLAPJA BAGTALA</jabatan><satker>ROREN SETJEN KEMHAN</satker><kode_jabatan>ANGGOTA</kode_jabatan><tmt_jabatan>2014-12-31</tmt_jabatan><eselon_jabatan>99</eselon_jabatan><kategori>ORGANIK</kategori><tmt_tni>1992-08-01</tmt_tni><tmt_kemhan>1991-03-01</tmt_kemhan><agama>ISLAM</agama><file_foto_1>foto/197002261991032002.jpg</file_foto_1><file_foto_2>foto/030213660.jpg</file_foto_2><riwayat_pangkat><pangkat><pangkat>CAPEG II/A</pangkat><tmt_pkt>1991-03-01</tmt_pkt><no_skep>SKEP/806/VI/1991</no_skep><tgl_skep>1991-06-06</tgl_skep></pangkat><pangkat><pangkat>PENGATUR MUDA II/A</pangkat><tmt_pkt>1992-08-01</tmt_pkt><no_skep>SKEP/938/VII/1992</no_skep><tgl_skep>1992-07-13</tgl_skep></pangkat><pangkat><pangkat>PENGATUR MUDA TK.I  II/B</pangkat><tmt_pkt>1995-04-01</tmt_pkt><no_skep>KA. BAKN NOMOR : 03-09/04872/KEP/IV/1995</no_skep><tgl_skep>1995-06-15</tgl_skep></pangkat><pangkat><pangkat>PENGATUR II/C</pangkat><tmt_pkt>1999-04-01</tmt_pkt><no_skep>KA. BAKN NOMOR : 03-09.00/024/KEP/IV/1999</no_skep><tgl_skep>1999-04-23</tgl_skep></pangkat><pangkat><pangkat>PENGATUR TK.I II/D</pangkat><tmt_pkt>2003-04-01</tmt_pkt><no_skep>SKEP/695/V/2003</no_skep><tgl_skep>2003-05-12</tgl_skep></pangkat><pangkat><pangkat>PENATA MUDA III/A</pangkat><tmt_pkt>2007-04-01</tmt_pkt><no_skep>SKEP/153/III/2007</no_skep><tgl_skep>2007-03-06</tgl_skep></pangkat><pangkat><pangkat>PENATA MUDA TK.I III/B</pangkat><tmt_pkt>2010-10-01</tmt_pkt><no_skep>KEP MENHAN NOMOR : KEP/643/IX/2010</no_skep><tgl_skep>2010-09-14</tgl_skep></pangkat><pangkat><pangkat>PENATA III/C</pangkat><tmt_pkt>2015-04-01</tmt_pkt><no_skep>KEP/313/III/2015</no_skep><tgl_skep>2015-03-26</tgl_skep></pangkat></riwayat_pangkat><riwayat_jabatan><jabatan><jabatan>ANGGOTA SUBBAG DALPROGLAP BAGREN ROUM SETJEN DEPHANKAM</jabatan><tmt_jab>1991-02-01</tmt_jab><no_skep>SPRIN/002/VIII/1992</no_skep><tgl_skep>1992-08-06</tgl_skep></jabatan><jabatan><jabatan>TURMIN SUBBAGDAL PROGJAGAR BAGREN ROORTALA</jabatan><tmt_jab>2001-03-01</tmt_jab><no_skep>SKEP/304/IV/2001</no_skep><tgl_skep>2001-04-03</tgl_skep></jabatan><jabatan><jabatan>TURMIN SUBBAGDAL PROGJAGAR BAGREN ROORTALA</jabatan><tmt_jab>2001-03-01</tmt_jab><no_skep>SPRIN/044A/V/2001</no_skep><tgl_skep>2001-05-30</tgl_skep></jabatan><jabatan><jabatan>Anggota Subbag Minro Bag Lem Roren Setjen Dephan</jabatan><tmt_jab>2006-02-01</tmt_jab><no_skep>SKEP/91/II/2006</no_skep><tgl_skep>2006-02-23</tgl_skep></jabatan><jabatan><jabatan>Arsiparis Pelaksana Lanjutan Roren Setjen Dephan</jabatan><tmt_jab>2009-04-01</tmt_jab><no_skep>KEP MENHAN : KEP/253/XII/2009</no_skep><tgl_skep>2009-12-11</tgl_skep></jabatan><jabatan><jabatan>Arsiparis Pelaksana Lanjutan Roren Setjen Dephan</jabatan><tmt_jab>2010-06-03</tmt_jab><no_skep>KEP MENHAN NO : KEP/392/VI/2010</no_skep><tgl_skep>2010-06-11</tgl_skep></jabatan><jabatan><jabatan>PENYUSUN BAHAN EVLAPJA SUBBAG EVLAPJA BAGTALA ROREN SETJEN KEMHAN</jabatan><tmt_jab>2011-04-01</tmt_jab><no_skep>KEP/283/IV/2011</no_skep><tgl_skep>2011-04-19</tgl_skep></jabatan><jabatan><jabatan>PENYUSUN BAHAN AKIN SUBBAG EVLAPJA BAGTALA ROREN SETJEN KEMHAN</jabatan><tmt_jab>2014-12-31</tmt_jab><no_skep>KEP/1485/XII/2014</no_skep><tgl_skep>2014-12-18</tgl_skep></jabatan></riwayat_jabatan><riwayat_pendidikan><pendidikan_umum><pendidikan><nama_dik>SEKOLAH DASAR</nama_dik><tahun_lulus>1982</tahun_lulus></pendidikan><pendidikan><nama_dik>SEKOLAH MENENGAH PERTAMA (SMP)</nama_dik><tahun_lulus>1985</tahun_lulus></pendidikan><pendidikan><nama_dik>SEKOLAH MENENGAH ATAS (SMA)</nama_dik><tahun_lulus>1988</tahun_lulus></pendidikan><pendidikan><nama_dik>SARJANA (S1)</nama_dik><tahun_lulus>2009</tahun_lulus></pendidikan></pendidikan_umum><pendidikan_pembentukan><pendidikan><nama_dik>KOMPUTER</nama_dik><tahun_lulus>1990</tahun_lulus></pendidikan><pendidikan><nama_dik>P-4 POLA PENDUKUNG 25 JAM</nama_dik><tahun_lulus>1991</tahun_lulus></pendidikan><pendidikan><nama_dik>LATPRAJAB TK. II</nama_dik><tahun_lulus>1991</tahun_lulus></pendidikan><pendidikan><nama_dik>JUKMINU</nama_dik><tahun_lulus>2004</tahun_lulus></pendidikan><pendidikan><nama_dik>UJIAN DINAS</nama_dik><tahun_lulus>2005</tahun_lulus></pendidikan><pendidikan><nama_dik>TAR KESEKRETARIATAN</nama_dik><tahun_lulus>2006</tahun_lulus></pendidikan></pendidikan_pembentukan></riwayat_pendidikan><riwayat_penugasan></riwayat_penugasan><riwayat_tanda_jasa><tanda_jasa><nama_tanda_jasa>SATYALANCANA KARYA SATYA X TAHUN</nama_tanda_jasa><no_skep>KEPPRES RI NO. 063/TK/TAHUN 2002</no_skep><tgl_skep>2002-09-23</tgl_skep></tanda_jasa><tanda_jasa><nama_tanda_jasa>SATYALANCANA KARYA SATYA XX TAHUN</nama_tanda_jasa><no_skep>KEPPRES RI NOMOR 73/TK/TAHUN 2011</no_skep><tgl_skep>2011-08-01</tgl_skep></tanda_jasa></riwayat_tanda_jasa><riwayat_bahasa><bahasa><nama_bahasa>JAWA</nama_bahasa><keterangan>PASIF</keterangan></bahasa><bahasa><nama_bahasa>SUNDA</nama_bahasa><keterangan>AKTIF</keterangan></bahasa><bahasa><nama_bahasa>INGGRIS</nama_bahasa><keterangan>PASIF</keterangan></bahasa></riwayat_bahasa><riwayat_keluarga><keluarga><nama_keluarga>HARYANTO</nama_keluarga><jenis_kelamin>LAKI-LAKI</jenis_kelamin><tgl_lahir>1964-02-15</tgl_lahir><hubungan>SUAMI</hubungan></keluarga><keluarga><nama_keluarga>JAYANTI RAHMADINA P</nama_keluarga><jenis_kelamin>PEREMPUAN</jenis_kelamin><tgl_lahir>1998-01-14</tgl_lahir><hubungan>ANAK</hubungan></keluarga><keluarga><nama_keluarga>AFRILIANI DWI HARTATI</nama_keluarga><jenis_kelamin>PEREMPUAN</jenis_kelamin><tgl_lahir>2001-04-10</tgl_lahir><hubungan>ANAK</hubungan></keluarga><keluarga><nama_keluarga>MUHAMMAD MAULANA SHIDDIQ</nama_keluarga><jenis_kelamin>LAKI-LAKI</jenis_kelamin><tgl_lahir>2007-03-26</tgl_lahir><hubungan>ANAK</hubungan></keluarga></riwayat_keluarga></personil_kemhan>
