<personil_kemhan><nopeg>197411101998101001</nopeg><nip>030241629</nip><nrp_nip>197411101998101001</nrp_nip><nama>Budi Santoso</nama><tempat_lahir>Jakarta</tempat_lahir><tgl_lahir>1974-11-10</tgl_lahir><jenis_kelamin>LAKI-LAKI</jenis_kelamin><unit_organisasi>U.O. KEMHAN</unit_organisasi><jenis_personil>PNS</jenis_personil><pangkat>PENGATUR TK.I II/D</pangkat><pangkat_corps>PENGATUR TK.I II/D </pangkat_corps><tmt_pangkat>2013-10-01</tmt_pangkat><angkatan_korps>PNS</angkatan_korps><kategori_pangkat>II/C</kategori_pangkat><jabatan>KURIR SUBBAG TU</jabatan><satker>DIT ANSTRA DITJEN STRAHAN KEMHAN</satker><kode_jabatan>ANGGOTA</kode_jabatan><tmt_jabatan>2014-12-31</tmt_jabatan><eselon_jabatan>99</eselon_jabatan><kategori>ORGANIK</kategori><tmt_tni>2002-10-01</tmt_tni><agama>ISLAM</agama><file_foto_1>foto/197411101998101001.jpg</file_foto_1><file_foto_2>foto/030241629.jpg</file_foto_2><riwayat_pangkat><pangkat><pangkat>CAPEG II/A</pangkat><tmt_pkt>1998-10-01</tmt_pkt><no_skep>SKEP/1399/XII/1998</no_skep><tgl_skep>1998-12-10</tgl_skep></pangkat><pangkat><pangkat>PENGATUR MUDA II/A</pangkat><tmt_pkt>2000-08-01</tmt_pkt><no_skep>SKEP/498/VI/2000</no_skep><tgl_skep>2000-06-30</tgl_skep></pangkat><pangkat><pangkat>PENGATUR MUDA TK.I  II/B</pangkat><tmt_pkt>2003-10-01</tmt_pkt><no_skep>SKEP/39/I/2003</no_skep><tgl_skep>2003-01-13</tgl_skep></pangkat><pangkat><pangkat>PENGATUR II/C</pangkat><tmt_pkt>2006-10-01</tmt_pkt><no_skep>SKEP/620/VIII/2006</no_skep><tgl_skep>2006-08-24</tgl_skep></pangkat><pangkat><pangkat>PENGATUR TK.I II/D</pangkat><tmt_pkt>2013-10-01</tmt_pkt><no_skep>SURAT PERINTAH SEKJEN KEMHAN NOMOR : SPRIN/817/IX/</no_skep><tgl_skep>2013-09-27</tgl_skep></pangkat></riwayat_pangkat><riwayat_jabatan><jabatan><jabatan>ANGGOTA  PRIMKOP SETJEN ROTU SETJEN KEMHAN</jabatan><tmt_jab>1996-01-10</tmt_jab><no_skep>SPRIN/42/I/1996</no_skep><tgl_skep>1996-01-10</tgl_skep></jabatan><jabatan><jabatan>ANGGOTA PUSREHABCAP ROTU SETJEN KEMHAN</jabatan><tmt_jab>1998-12-01</tmt_jab><no_skep>SKEP/1399/XII/1998</no_skep><tgl_skep>1998-12-01</tgl_skep></jabatan><jabatan><jabatan>ANGGOTA SUBBAG MINU BAG TU ROTU SETJEN KEMHAN</jabatan><tmt_jab>1999-08-01</tmt_jab><no_skep>SKEP/969/VIII/1999</no_skep><tgl_skep>1999-08-01</tgl_skep></jabatan><jabatan><jabatan>PENGATUR PEMB DALAI TAKAH SUBBAG MINU BAG TU ROUM</jabatan><tmt_jab>2000-09-01</tmt_jab><no_skep>SKEP/991/IX/2000</no_skep><tgl_skep>2000-09-27</tgl_skep></jabatan><jabatan><jabatan>TURMINU SUBBAGMINU BAG TU UM ROTU</jabatan><tmt_jab>2001-03-01</tmt_jab><no_skep>SKEP/250/III/2001</no_skep><tgl_skep>2001-03-21</tgl_skep></jabatan><jabatan><jabatan>TURTIK OPR KOMP ROTU SETJEN KEMHAN</jabatan><tmt_jab>2001-08-01</tmt_jab><no_skep>SPRIN/459/VII/2001</no_skep><tgl_skep>2001-08-01</tgl_skep></jabatan><jabatan><jabatan>ANGGOTA SUBBAG MINU BAG MINU RO TU ROTU SETJEN KEMHAN</jabatan><tmt_jab>2006-03-01</tmt_jab><no_skep>SPRIN/52/IV/2006</no_skep><tgl_skep>2006-04-24</tgl_skep></jabatan><jabatan><jabatan>PENGEMUDI SUBBAGMINU BAGMINU  ROTU SETJEN KEMHAN</jabatan><tmt_jab>2010-07-19</tmt_jab><no_skep>KEP/516/2010</no_skep><tgl_skep>2010-07-27</tgl_skep></jabatan><jabatan><jabatan>OPERATOR KOMPUTER SUBBAG TU BIRO BAG TU DAN DUK ROTU SETJEN KEMHAN</jabatan><tmt_jab>2011-04-01</tmt_jab><no_skep>KEP/282/IV/2011</no_skep><tgl_skep>2011-04-19</tgl_skep></jabatan><jabatan><jabatan>PENGEMUDI STAF AHLI SUBBAG TU SAHLI BAG TU DUKMEN ROTU SETJEN KEMHAN</jabatan><tmt_jab>2011-04-11</tmt_jab><no_skep>SPRIN/103/IV/2011</no_skep><tgl_skep>2011-04-11</tgl_skep></jabatan><jabatan><jabatan>TEKNISI SUBBAGRUMGA BAGUM SET DITJEN STRAHAN KEMHAN</jabatan><tmt_jab>2012-07-13</tmt_jab><no_skep>KEP/558/VII/2012</no_skep><tgl_skep>2012-07-12</tgl_skep></jabatan><jabatan><jabatan>PRAMU KANTOR SUBBAGRUMGA BAGUM SET DITJEN STRAHAN KEMHAN</jabatan><tmt_jab>2012-12-03</tmt_jab><no_skep>KEP/1003/XII/2012</no_skep><tgl_skep>2012-12-04</tgl_skep></jabatan><jabatan><jabatan>KURIR SUBBAG TU DIT ANSTRA DITJEN STRAHAN KEMHAN</jabatan><tmt_jab>2014-12-31</tmt_jab><no_skep>KEP/1494/XII/2014</no_skep><tgl_skep>2014-12-18</tgl_skep></jabatan></riwayat_jabatan><riwayat_pendidikan><pendidikan_umum><pendidikan><nama_dik>SEKOLAH DASAR</nama_dik><tahun_lulus>1988</tahun_lulus></pendidikan><pendidikan><nama_dik>SEKOLAH MENENGAH PERTAMA (SMP)</nama_dik><tahun_lulus>1991</tahun_lulus></pendidikan><pendidikan><nama_dik>SEKOLAH MENENGAH ATAS (SMA)</nama_dik><tahun_lulus>1994</tahun_lulus></pendidikan></pendidikan_umum><pendidikan_pembentukan><pendidikan><nama_dik>TAR P-4</nama_dik><tahun_lulus>2000</tahun_lulus></pendidikan><pendidikan><nama_dik>LATPRAJAB</nama_dik><tahun_lulus>2000</tahun_lulus></pendidikan><pendidikan><nama_dik>DIKLAT TEKNIS SUBSTANTIF SPESIALISASI PENATAUSAHAAN BARANG MILIK NEGARA GEL. II TA. 2012</nama_dik><tahun_lulus>2012</tahun_lulus></pendidikan><pendidikan><nama_dik>DIKLAT BELA NEGARA GEL III TA. 2014</nama_dik><tahun_lulus>2014</tahun_lulus></pendidikan><pendidikan><nama_dik>DIKLAT TEKNIS TEKNISI KOMPUTER</nama_dik><tahun_lulus>2014</tahun_lulus></pendidikan></pendidikan_pembentukan></riwayat_pendidikan><riwayat_penugasan></riwayat_penugasan><riwayat_tanda_jasa><tanda_jasa><nama_tanda_jasa>SATYALANCANA KARYA SATYA X TAHUN</nama_tanda_jasa><no_skep>KEPPRES RI NO.033/TK/TAHUN 2009</no_skep><tgl_skep>2009-07-24</tgl_skep></tanda_jasa></riwayat_tanda_jasa><riwayat_bahasa><bahasa><nama_bahasa>JAWA</nama_bahasa><keterangan>PASIF</keterangan></bahasa><bahasa><nama_bahasa>SUNDA</nama_bahasa><keterangan>AKTIF</keterangan></bahasa><bahasa><nama_bahasa>INDONESIA</nama_bahasa><keterangan>AKTIF</keterangan></bahasa></riwayat_bahasa><riwayat_keluarga><keluarga><nama_keluarga>SRI WAHYUNI</nama_keluarga><jenis_kelamin>PEREMPUAN</jenis_kelamin><tgl_lahir>1975-09-27</tgl_lahir><hubungan>ISTRI</hubungan></keluarga><keluarga><nama_keluarga>FIRDAUS AZHAR</nama_keluarga><jenis_kelamin>PEREMPUAN</jenis_kelamin><tgl_lahir>2002-09-04</tgl_lahir><hubungan>ANAK</hubungan></keluarga><keluarga><nama_keluarga>ARYA SATYA RAMADHAN</nama_keluarga><jenis_kelamin>LAKI-LAKI</jenis_kelamin><tgl_lahir>2003-11-22</tgl_lahir><hubungan>ANAK</hubungan></keluarga><keluarga><nama_keluarga>HILMI NABIL ABDULLAH</nama_keluarga><jenis_kelamin>LAKI-LAKI</jenis_kelamin><tgl_lahir>2008-09-14</tgl_lahir><hubungan>ANAK</hubungan></keluarga></riwayat_keluarga></personil_kemhan>
