<personil_kemhan><nopeg>196411111988031001</nopeg><nip>030193536</nip><nrp_nip>196411111988031001</nrp_nip><nama>PEDIAMAN SINAGA</nama><gelar>S.Pd.</gelar><tempat_lahir>TAMBA</tempat_lahir><tgl_lahir>1964-11-11</tgl_lahir><jenis_kelamin>LAKI-LAKI</jenis_kelamin><unit_organisasi>U.O. KEMHAN</unit_organisasi><jenis_personil>PNS</jenis_personil><pangkat>PENATA III/C</pangkat><pangkat_corps>PENATA III/C </pangkat_corps><tmt_pangkat>2012-04-01</tmt_pangkat><angkatan_korps>PNS</angkatan_korps><sumber_pa_gol_3>UJIAN DINAS</sumber_pa_gol_3><tmt_pa_gol_3>2004-04-01</tmt_pa_gol_3><kategori_pangkat>III/C</kategori_pangkat><jabatan>KASUBBAG AKUNTABILITAS KINERJA</jabatan><satker>ROREN SETJEN KEMHAN</satker><kode_jabatan>STRUKTURAL</kode_jabatan><tmt_jabatan>2014-12-31</tmt_jabatan><eselon_jabatan>IV</eselon_jabatan><kategori>ORGANIK</kategori><tmt_tni>1989-07-01</tmt_tni><tmt_kemhan>1988-03-01</tmt_kemhan><agama>KATHOLIK</agama><file_foto_1>foto/196411111988031001.jpg</file_foto_1><file_foto_2>foto/030193536.jpg</file_foto_2><riwayat_pangkat><pangkat><pangkat>CAPEG II/A</pangkat><tmt_pkt>1988-03-01</tmt_pkt><no_skep>SKEP/465/IV/1988</no_skep><tgl_skep>1988-04-27</tgl_skep></pangkat><pangkat><pangkat>PENGATUR MUDA II/A</pangkat><tmt_pkt>1989-06-13</tmt_pkt><no_skep>SKEP/1192/VI/1989</no_skep><tgl_skep>1989-06-13</tgl_skep></pangkat><pangkat><pangkat>PENGATUR MUDA TK.I  II/B</pangkat><tmt_pkt>1992-04-01</tmt_pkt><no_skep>KA. BAKN NOMOR : 03-09/00716/KEP/IV/1992</no_skep><tgl_skep>1992-04-21</tgl_skep></pangkat><pangkat><pangkat>PENGATUR II/C</pangkat><tmt_pkt>1996-04-01</tmt_pkt><no_skep>KA. BAKN NOMOR : 03-09/00006/KEP/IV/1996</no_skep><tgl_skep>1996-04-11</tgl_skep></pangkat><pangkat><pangkat>PENGATUR TK.I II/D</pangkat><tmt_pkt>2000-04-01</tmt_pkt><no_skep>KA. BAKN NOMOR : 03-09.00/016/KEP/IV/2000</no_skep><tgl_skep>2000-06-12</tgl_skep></pangkat><pangkat><pangkat>PENATA MUDA III/A</pangkat><tmt_pkt>2004-04-01</tmt_pkt><no_skep>SKEP/84/II/2004</no_skep><tgl_skep>2004-02-20</tgl_skep></pangkat><pangkat><pangkat>PENATA MUDA TK.I III/B</pangkat><tmt_pkt>2008-04-01</tmt_pkt><no_skep>SKEP/148/III/2008</no_skep><tgl_skep>2008-03-10</tgl_skep></pangkat><pangkat><pangkat>PENATA III/C</pangkat><tmt_pkt>2012-04-01</tmt_pkt><no_skep>KEP/207/III/2012</no_skep><tgl_skep>2012-03-22</tgl_skep></pangkat></riwayat_pangkat><riwayat_jabatan><jabatan><jabatan>TURMIN URDAL SUBBAG RENMINRO BAGLEM RO ORTALA</jabatan><tmt_jab>2001-04-01</tmt_jab><no_skep>SKEP/357/V/2001</no_skep><tgl_skep>2001-05-03</tgl_skep></jabatan><jabatan><jabatan>Anggota Subbag Profjab Bag Tala Roren Setjen Dephan</jabatan><tmt_jab>2006-02-01</tmt_jab><no_skep>SKEP/91/II/2006</no_skep><tgl_skep>2006-02-23</tgl_skep></jabatan><jabatan><jabatan>Anggota Subbag Sistala Bag Tala Roren Setjen Dephan</jabatan><tmt_jab>2008-02-14</tmt_jab><no_skep>SPRIN/06/II/2008</no_skep><tgl_skep>2008-02-14</tgl_skep></jabatan><jabatan><jabatan>PENYUSUN BAHAN PENATAAN PROFJAB BAGTALA ROREN SETJEN KEMHAN</jabatan><tmt_jab>2010-06-17</tmt_jab><no_skep>KEP/417/VI/2010</no_skep><tgl_skep>2010-06-24</tgl_skep></jabatan><jabatan><jabatan>PENYUSUN BAHAN SISTALA SUBBAG SISTALA BAGTALA ROREN SETJEN KEMHAN</jabatan><tmt_jab>2011-04-01</tmt_jab><no_skep>KEP/283/IV/2011</no_skep><tgl_skep>2011-04-19</tgl_skep></jabatan><jabatan><jabatan>KASUBBAG EVLAPJA BAG TALA ROREN SETJEN KEMHAN</jabatan><tmt_jab>2013-06-05</tmt_jab><no_skep>KEP/531/VI/2013</no_skep><tgl_skep>2013-06-05</tgl_skep></jabatan><jabatan><jabatan>KASUBBAG AKUNTABILITAS KINERJA ROREN SETJEN KEMHAN</jabatan><tmt_jab>2014-12-31</tmt_jab><no_skep>KEP/1483/XII/2014</no_skep><tgl_skep>2014-12-18</tgl_skep></jabatan><jabatan><jabatan>KASUBBAG EVLAPJA BAG TALA ROREN SETJEN KEMHAN</jabatan><tmt_jab>2014-12-31</tmt_jab><no_skep>KEP/</no_skep><tgl_skep>2014-12-31</tgl_skep></jabatan></riwayat_jabatan><riwayat_pendidikan><pendidikan_umum><pendidikan><nama_dik>SEKOLAH DASAR</nama_dik><tahun_lulus>1979</tahun_lulus></pendidikan><pendidikan><nama_dik>SEKOLAH MENENGAH PERTAMA (SMP)</nama_dik><tahun_lulus>1982</tahun_lulus></pendidikan><pendidikan><nama_dik>SEKOLAH MENENGAH ATAS (SMA)</nama_dik><tahun_lulus>1985</tahun_lulus></pendidikan><pendidikan><nama_dik>SARJANA (S1)</nama_dik><tahun_lulus>2007</tahun_lulus></pendidikan></pendidikan_umum><pendidikan_pembentukan><pendidikan><nama_dik>LATPRAJAB TK II</nama_dik><tahun_lulus>1988</tahun_lulus></pendidikan><pendidikan><nama_dik>TAR P4 PENDUKUNG 120 JAM</nama_dik><tahun_lulus>1988</tahun_lulus></pendidikan><pendidikan><nama_dik>TAR INVENTARIS IKMN</nama_dik><tahun_lulus>1989</tahun_lulus></pendidikan><pendidikan><nama_dik>UJIAN DINAS TK II</nama_dik><tahun_lulus>2002</tahun_lulus></pendidikan><pendidikan><nama_dik>TAR TATA NASKAH DAN TATA KEARSIPAN</nama_dik><tahun_lulus>2002</tahun_lulus></pendidikan><pendidikan><nama_dik>PELATIHAN/SISTENSI EVALUASI AKUNTABILITAS KINERJA</nama_dik><tahun_lulus>2007</tahun_lulus></pendidikan><pendidikan><nama_dik>DIK LAT PIM TK IV</nama_dik><tahun_lulus>2010</tahun_lulus></pendidikan><pendidikan><nama_dik>SUSDASJEMEN PERTAHANAN ANGK. IV (KEP/802/V/2011)</nama_dik><tahun_lulus>2011</tahun_lulus></pendidikan><pendidikan><nama_dik>WORKSHOP ROADMAP SARPRASNAS INDUSTRI STRATEGIS</nama_dik><tahun_lulus>2011</tahun_lulus></pendidikan><pendidikan><nama_dik>WORKSHOP ABK ANJAB,EVLAPJA</nama_dik><tahun_lulus>2012</tahun_lulus></pendidikan><pendidikan><nama_dik>PENATARAN PENGADAAN BARANG &amp; JASA</nama_dik><tahun_lulus>2012</tahun_lulus></pendidikan><pendidikan><nama_dik>WORKSHOP PENERAPAN HUKUM HUMANITER DAN HAM DALAM PENYELENGGARAAN PERTAHANAN NEGARA</nama_dik><tahun_lulus>2013</tahun_lulus></pendidikan><pendidikan><nama_dik>WORKSHOP ESELON IV SISTEM PERTAHANAN NEGARA ESELON IV TGL. 21 S.D. 25 APRIL</nama_dik><tahun_lulus>2014</tahun_lulus></pendidikan></pendidikan_pembentukan></riwayat_pendidikan><riwayat_penugasan></riwayat_penugasan><riwayat_tanda_jasa><tanda_jasa><nama_tanda_jasa>SATYALANCANA KARYA SATYA X TAHUN</nama_tanda_jasa><no_skep>KEPPRES RI NOMOR 063/TK/TAHUN 2002</no_skep><tgl_skep>2002-09-23</tgl_skep></tanda_jasa><tanda_jasa><nama_tanda_jasa>SATYALANCANA KARYA SATYA XX TAHUN</nama_tanda_jasa><no_skep>KEPRES RI NOMOR 022/TK/TAHUN 2008</no_skep><tgl_skep>2008-06-24</tgl_skep></tanda_jasa></riwayat_tanda_jasa><riwayat_bahasa><bahasa><nama_bahasa>BATAK/TAPANULI</nama_bahasa><keterangan>AKTIF</keterangan></bahasa><bahasa><nama_bahasa>INGGRIS</nama_bahasa><keterangan>PASIF</keterangan></bahasa></riwayat_bahasa><riwayat_keluarga><keluarga><nama_keluarga>TORMAOLO SITANGGANG</nama_keluarga><jenis_kelamin>PEREMPUAN</jenis_kelamin><tgl_lahir>1965-11-07</tgl_lahir><hubungan>ISTRI</hubungan></keluarga><keluarga><nama_keluarga>PASKAH ANGGELIKA</nama_keluarga><jenis_kelamin>PEREMPUAN</jenis_kelamin><tgl_lahir>1995-03-06</tgl_lahir><hubungan>ANAK</hubungan></keluarga><keluarga><nama_keluarga>DANIEL KEVIN HOTTUA S.</nama_keluarga><jenis_kelamin>LAKI-LAKI</jenis_kelamin><tgl_lahir>2004-08-21</tgl_lahir><hubungan>ANAK</hubungan></keluarga><keluarga><nama_keluarga>MICHAEL HASIAN JHONATAN S.</nama_keluarga><jenis_kelamin>LAKI-LAKI</jenis_kelamin><tgl_lahir>2006-10-04</tgl_lahir><hubungan>ANAK</hubungan></keluarga></riwayat_keluarga></personil_kemhan>
