<personil_kemhan><nopeg>196503092001121001</nopeg><nip>030245315</nip><nrp_nip>196503092001121001</nrp_nip><nama>KATWADI</nama><tempat_lahir>SoBo</tempat_lahir><tgl_lahir>1965-03-09</tgl_lahir><jenis_kelamin>LAKI-LAKI</jenis_kelamin><unit_organisasi>U.O. KEMHAN</unit_organisasi><jenis_personil>PNS</jenis_personil><pangkat>PENGATUR TK.I II/D</pangkat><pangkat_corps>PENGATUR TK.I II/D </pangkat_corps><tmt_pangkat>2014-04-01</tmt_pangkat><angkatan_korps>PNS</angkatan_korps><kategori_pangkat>II/C</kategori_pangkat><jabatan>PETUGAS SATKAM REGU 1 PELETON B SUBBAG PAMPERSMAT BAGPAM</jabatan><satker>ROUM SETJEN KEMHAN</satker><kode_jabatan>ANGGOTA</kode_jabatan><tmt_jabatan>2014-12-31</tmt_jabatan><eselon_jabatan>99</eselon_jabatan><kategori>ORGANIK</kategori><tmt_kemhan>1989-07-25</tmt_kemhan><agama>ISLAM</agama><file_foto_1>foto/196503092001121001.jpg</file_foto_1><file_foto_2>foto/030245315.jpg</file_foto_2><riwayat_pangkat><pangkat><pangkat>HONORER</pangkat><tmt_pkt>1989-07-01</tmt_pkt><no_skep>SKEP/24/VII/1989</no_skep><tgl_skep>1989-07-01</tgl_skep></pangkat><pangkat><pangkat>CAPEG II/A</pangkat><tmt_pkt>2001-12-01</tmt_pkt><no_skep>SKEP/662/v/2002</no_skep><tgl_skep>00000-00-00</tgl_skep></pangkat><pangkat><pangkat>PENGATUR MUDA II/A</pangkat><tmt_pkt>2003-07-01</tmt_pkt><no_skep>SKEP/1237/VII/2003</no_skep><tgl_skep>00000-00-00</tgl_skep></pangkat><pangkat><pangkat>PENGATUR MUDA TK.I  II/B</pangkat><tmt_pkt>2006-04-01</tmt_pkt><no_skep>SKEP/156/III/2006</no_skep><tgl_skep>00000-00-00</tgl_skep></pangkat><pangkat><pangkat>PENGATUR II/C</pangkat><tmt_pkt>2010-04-01</tmt_pkt><no_skep>KEP/153/III/2010</no_skep><tgl_skep>2010-03-12</tgl_skep></pangkat><pangkat><pangkat>PENGATUR TK.I II/D</pangkat><tmt_pkt>2014-04-01</tmt_pkt><no_skep>SPRIN/273/III/2014</no_skep><tgl_skep>2014-03-27</tgl_skep></pangkat></riwayat_pangkat><riwayat_jabatan><jabatan><jabatan>ANGGOTA BAGPAM ROUM</jabatan><tmt_jab>2001-12-01</tmt_jab><no_skep>SKEP/662/V/2002</no_skep><tgl_skep>2002-05-31</tgl_skep></jabatan><jabatan><jabatan>TURKAMKAN SUBBAG PAMKAN BAGPAM ROUM</jabatan><tmt_jab>2002-08-28</tmt_jab><no_skep>SPRIN-313/VIII/2002</no_skep><tgl_skep>2002-08-28</tgl_skep></jabatan><jabatan><jabatan>Anggota Satkam Bagpam Roum Setjen Dephan</jabatan><tmt_jab>2007-02-01</tmt_jab><no_skep>SKEP/152/III/2007</no_skep><tgl_skep>2007-03-06</tgl_skep></jabatan><jabatan><jabatan>Pengaman Subbagpampersmat Bagpam</jabatan><tmt_jab>2010-07-27</tmt_jab><no_skep>KEP/553/VII/2010</no_skep><tgl_skep>2010-07-28</tgl_skep></jabatan><jabatan><jabatan>PETUGAS SATKAM REGU 1 TON C SUBBAGPAMPERSMAT BAGPAM ROUM SETJEN KEMHAN ROUM SETJEN KEMHAN</jabatan><tmt_jab>2011-04-01</tmt_jab><no_skep>KEP/285/VI/2011</no_skep><tgl_skep>2011-04-19</tgl_skep></jabatan><jabatan><jabatan>PETUGAS SATKAM REGU 1 PELETON B SUBBAG PAMPERSMAT BAGPAM ROUM SETJEN KEMHAN</jabatan><tmt_jab>2014-12-31</tmt_jab><no_skep>KEP/1484/XIV/2014</no_skep><tgl_skep>2014-12-18</tgl_skep></jabatan></riwayat_jabatan><riwayat_pendidikan><pendidikan_umum><pendidikan><nama_dik>SEKOLAH DASAR</nama_dik><tahun_lulus>1981</tahun_lulus></pendidikan><pendidikan><nama_dik>SEKOLAH LANJUTAN TINGKAT PERTAMA (SLTP)</nama_dik><tahun_lulus>1984</tahun_lulus></pendidikan><pendidikan><nama_dik>SEKOLAH LANJUTAN TINGKAT ATAS (SLTA)</nama_dik><tahun_lulus>1999</tahun_lulus></pendidikan></pendidikan_umum><pendidikan_pembentukan><pendidikan><nama_dik>SUSSATKAM</nama_dik><tahun_lulus>2000</tahun_lulus></pendidikan><pendidikan><nama_dik>LATPRAJAB</nama_dik><tahun_lulus>2003</tahun_lulus></pendidikan></pendidikan_pembentukan></riwayat_pendidikan><riwayat_penugasan></riwayat_penugasan><riwayat_tanda_jasa><tanda_jasa><nama_tanda_jasa>SATYALANCANA KARYA SATYA X TAHUN</nama_tanda_jasa><no_skep>14/TK/TAHUN 2013</no_skep><tgl_skep>2013-04-09</tgl_skep></tanda_jasa></riwayat_tanda_jasa><riwayat_bahasa><bahasa><nama_bahasa>INGGRIS</nama_bahasa><keterangan>PASIF</keterangan></bahasa><bahasa><nama_bahasa>INDONESIA</nama_bahasa><keterangan>AKTIF</keterangan></bahasa></riwayat_bahasa><riwayat_keluarga><keluarga><nama_keluarga>SUCI MUSTARI</nama_keluarga><jenis_kelamin>PEREMPUAN</jenis_kelamin><tgl_lahir>1968-08-05</tgl_lahir><hubungan>ISTRI</hubungan></keluarga><keluarga><nama_keluarga>FAIZAL RAMDHANI HIRNAWAN</nama_keluarga><jenis_kelamin>LAKI-LAKI</jenis_kelamin><tgl_lahir>1994-02-17</tgl_lahir><hubungan>ANAK</hubungan></keluarga><keluarga><nama_keluarga>SITI ASZHARA</nama_keluarga><jenis_kelamin>PEREMPUAN</jenis_kelamin><tgl_lahir>2000-07-29</tgl_lahir><hubungan>ANAK</hubungan></keluarga></riwayat_keluarga></personil_kemhan>
