<personil_kemhan><nopeg>197408261997031001</nopeg><nip>030235024</nip><nrp_nip>197408261997031001</nrp_nip><nama>JAKA SUSILA</nama><tempat_lahir>Kulon Progo</tempat_lahir><tgl_lahir>1974-08-26</tgl_lahir><jenis_kelamin>LAKI-LAKI</jenis_kelamin><unit_organisasi>U.O. KEMHAN</unit_organisasi><jenis_personil>PNS</jenis_personil><pangkat>PENATA MUDA III/A</pangkat><pangkat_corps>PENATA MUDA III/A </pangkat_corps><tmt_pangkat>2013-04-01</tmt_pangkat><angkatan_korps>PNS</angkatan_korps><kategori_pangkat>III/A</kategori_pangkat><jabatan>PENGADMINISTRASI KETATAUSAHAAN SUBBAG TU </jabatan><satker>DIT RENPROGAR DITJEN RENHAN KEMHAN</satker><kode_jabatan>ANGGOTA</kode_jabatan><tmt_jabatan>2014-12-31</tmt_jabatan><eselon_jabatan>99</eselon_jabatan><kategori>ORGANIK</kategori><tmt_tni>1998-07-01</tmt_tni><tmt_kemhan>1997-03-01</tmt_kemhan><agama>ISLAM</agama><file_foto_1>foto/197408261997031001.jpg</file_foto_1><file_foto_2>foto/030235024.jpg</file_foto_2><riwayat_pangkat><pangkat><pangkat>CAPEG II/A</pangkat><tmt_pkt>1997-03-01</tmt_pkt><no_skep>SKEP/133/IX/1997</no_skep><tgl_skep>1997-03-01</tgl_skep></pangkat><pangkat><pangkat>PENGATUR MUDA II/A</pangkat><tmt_pkt>1998-07-01</tmt_pkt><no_skep>SKEP/491/VI/1998</no_skep><tgl_skep>1998-07-01</tgl_skep></pangkat><pangkat><pangkat>PENGATUR MUDA TK.I  II/B</pangkat><tmt_pkt>2003-04-01</tmt_pkt><no_skep>03-09.73/016/KEP/IV/2001</no_skep><tgl_skep>2003-04-01</tgl_skep></pangkat><pangkat><pangkat>PENGATUR II/C</pangkat><tmt_pkt>2005-04-01</tmt_pkt><no_skep>SKEP/71/III/2005</no_skep><tgl_skep>2005-04-01</tgl_skep></pangkat><pangkat><pangkat>PENGATUR TK.I II/D</pangkat><tmt_pkt>2009-04-01</tmt_pkt><no_skep>Kep/28/III/2009</no_skep><tgl_skep>2009-03-05</tgl_skep></pangkat><pangkat><pangkat>PENATA MUDA III/A</pangkat><tmt_pkt>2013-04-01</tmt_pkt></pangkat></riwayat_pangkat><riwayat_jabatan><jabatan><jabatan>TURMIN PRIMKOP SETJEN</jabatan><tmt_jab>1998-09-01</tmt_jab><no_skep>SKEP/1159/IX/1998</no_skep><tgl_skep>1998-09-23</tgl_skep></jabatan><jabatan><jabatan>Anggota Si Gar Dephan Subdit Renprogar A Dit Renproggar Ditjen Renhan Dephan</jabatan><tmt_jab>2007-04-01</tmt_jab><tgl_skep>2007-04-01</tgl_skep></jabatan><jabatan><jabatan>PENGADMINISTRASI UMUM SIGAR MABES TNI SUBDITRENPROGAR &quot;A&quot; DIT RENPROGAR DITJEN RENHAN KEMHAN</jabatan><tmt_jab>2010-05-01</tmt_jab><tgl_skep>2010-05-01</tgl_skep></jabatan><jabatan><jabatan>OPERATOR KOMPUTER SUBDITRENPROGAR &quot;A&quot; DIT RENPROGAR DITJEN RENHAN KEMHAN</jabatan><tmt_jab>2011-04-01</tmt_jab><no_skep>KEP/288/IV/2011</no_skep><tgl_skep>2011-04-19</tgl_skep></jabatan><jabatan><jabatan>ANGGOTA DITJEN RENHAN KEMHAN</jabatan><tmt_jab>2013-07-17</tmt_jab><no_skep>KEP/742/VII/2013</no_skep><tgl_skep>2013-07-17</tgl_skep></jabatan><jabatan><jabatan>PENGADMINISTRASI KETATAUSAHAAN SUBBAG TU DIT RENPROGAR DITJEN RENHAN KEMHAN</jabatan><tmt_jab>2013-10-31</tmt_jab><no_skep>KEP/1109/X/2013</no_skep><tgl_skep>2013-10-31</tgl_skep></jabatan><jabatan><jabatan>PENGADMINISTRASI KETATAUSAHAAN SUBBAG TU  DIT RENPROGAR DITJEN RENHAN KEMHAN</jabatan><tmt_jab>2014-12-31</tmt_jab><no_skep>KEP/1496/XII/2014</no_skep><tgl_skep>2014-12-18</tgl_skep></jabatan></riwayat_jabatan><riwayat_pendidikan><pendidikan_umum><pendidikan><nama_dik>SEKOLAH DASAR</nama_dik><tahun_lulus>1989</tahun_lulus></pendidikan><pendidikan><nama_dik>SEKOLAH LANJUTAN TINGKAT PERTAMA (SLTP)</nama_dik><tahun_lulus>1992</tahun_lulus></pendidikan><pendidikan><nama_dik>SEKOLAH LANJUTAN TINGKAT ATAS (SLTA)</nama_dik><tahun_lulus>1995</tahun_lulus></pendidikan></pendidikan_umum><pendidikan_pembentukan><pendidikan><nama_dik>LATPRAJAB TK II</nama_dik><tahun_lulus>1997</tahun_lulus></pendidikan><pendidikan><nama_dik>SUS OPERATOR KOMPUTER</nama_dik><tahun_lulus>1998</tahun_lulus></pendidikan><pendidikan><nama_dik>SUS BA MINU</nama_dik><tahun_lulus>1998</tahun_lulus></pendidikan><pendidikan><nama_dik>SUS MIKRO KOMPUTER</nama_dik><tahun_lulus>1999</tahun_lulus></pendidikan></pendidikan_pembentukan></riwayat_pendidikan><riwayat_penugasan></riwayat_penugasan><riwayat_tanda_jasa><tanda_jasa><nama_tanda_jasa>SATYALANCANA KARYA SATYA X TAHUN</nama_tanda_jasa><no_skep>KEPPRES NO 104/TK/TAHUN 2013</no_skep><tgl_skep>2013-12-30</tgl_skep></tanda_jasa></riwayat_tanda_jasa><riwayat_bahasa><bahasa><nama_bahasa>JAWA</nama_bahasa><keterangan>AKTIF</keterangan></bahasa><bahasa><nama_bahasa>INGGRIS</nama_bahasa><keterangan>PASIF</keterangan></bahasa></riwayat_bahasa><riwayat_keluarga><keluarga><nama_keluarga>IRMA  RAHAYU</nama_keluarga><jenis_kelamin>PEREMPUAN</jenis_kelamin><tgl_lahir>1975-02-25</tgl_lahir><hubungan>ISTRI</hubungan></keluarga><keluarga><nama_keluarga>GADING SECTIO ARYOSETO</nama_keluarga><jenis_kelamin>LAKI-LAKI</jenis_kelamin><tgl_lahir>2001-09-14</tgl_lahir><hubungan>ANAK</hubungan></keluarga><keluarga><nama_keluarga>ZEVANNO SECTIO PRATISENA</nama_keluarga><jenis_kelamin>LAKI-LAKI</jenis_kelamin><tgl_lahir>2010-12-06</tgl_lahir><hubungan>ANAK</hubungan></keluarga></riwayat_keluarga></personil_kemhan>
