<personil_kemhan><nopeg>196006151989031001</nopeg><nip>030199593</nip><nrp_nip>196006151989031001</nrp_nip><nama>SUWARDI</nama><tempat_lahir>Kebumen</tempat_lahir><tgl_lahir>1960-06-15</tgl_lahir><jenis_kelamin>LAKI-LAKI</jenis_kelamin><unit_organisasi>U.O. KEMHAN</unit_organisasi><jenis_personil>PNS</jenis_personil><pangkat>PENATA III/C</pangkat><pangkat_corps>PENATA III/C </pangkat_corps><tmt_pangkat>2011-10-01</tmt_pangkat><angkatan_korps>PNS</angkatan_korps><sumber_pa_gol_3>UJIAN DINAS</sumber_pa_gol_3><tmt_pa_gol_3>2004-04-01</tmt_pa_gol_3><kategori_pangkat>III/C</kategori_pangkat><jabatan>ARSIPARIS PENYELIA</jabatan><satker>ROTU SETJEN KEMHAN</satker><kode_jabatan>FUNGSIONAL</kode_jabatan><tmt_jabatan>2014-12-31</tmt_jabatan><eselon_jabatan>99</eselon_jabatan><kategori>ORGANIK</kategori><tmt_tni>1990-05-01</tmt_tni><tmt_kemhan>1998-12-30</tmt_kemhan><agama>ISLAM</agama><file_foto_1>foto/196006151989031001.jpg</file_foto_1><file_foto_2>foto/030199593.jpg</file_foto_2><riwayat_pangkat><pangkat><pangkat>PENGATUR MUDA II/A</pangkat><tmt_pkt>1989-04-01</tmt_pkt><no_skep>SKEP/616/III/1989</no_skep><tgl_skep>1989-04-01</tgl_skep></pangkat><pangkat><pangkat>PENGATUR MUDA TK.I  II/B</pangkat><tmt_pkt>1992-04-01</tmt_pkt><no_skep>03-09/00789/KEP/IV/1992</no_skep><tgl_skep>1992-04-01</tgl_skep></pangkat><pangkat><pangkat>PENGATUR II/C</pangkat><tmt_pkt>1996-04-01</tmt_pkt><no_skep>03-09/00017/KEP/IV/1996</no_skep><tgl_skep>1996-04-01</tgl_skep></pangkat><pangkat><pangkat>PENGATUR TK.I II/D</pangkat><tmt_pkt>2000-04-01</tmt_pkt><no_skep>03-09.00/016/KEP/IV/2000</no_skep><tgl_skep>2000-04-01</tgl_skep></pangkat><pangkat><pangkat>PENATA MUDA III/A</pangkat><tmt_pkt>2004-04-01</tmt_pkt><no_skep>SKEP/84/II/2004</no_skep><tgl_skep>2004-04-01</tgl_skep></pangkat><pangkat><pangkat>PENATA MUDA TK.I III/B</pangkat><tmt_pkt>2008-04-01</tmt_pkt><no_skep>SKEP MENHAN NO : SKEP/147/III/2008</no_skep><tgl_skep>2008-03-10</tgl_skep></pangkat><pangkat><pangkat>PENATA III/C</pangkat><tmt_pkt>2011-10-01</tmt_pkt><no_skep>Kep/717/IX/2011</no_skep><tgl_skep>2011-09-20</tgl_skep></pangkat></riwayat_pangkat><riwayat_jabatan><jabatan><jabatan>OP.KOMPUTER SUBBAG ARDOK BAG TU ROUM</jabatan><tmt_jab>1998-09-01</tmt_jab><no_skep>SKEP/1122/IX/1998</no_skep><tgl_skep>1998-11-14</tgl_skep></jabatan><jabatan><jabatan>ANGG. SUBBAG ARDOK BAG TU ROUM</jabatan><tmt_jab>1998-12-30</tmt_jab><tgl_skep>1998-12-30</tgl_skep></jabatan><jabatan><jabatan>PSB TK I/ARSIP SEKJEN BAG TU ROUM</jabatan><tmt_jab>2000-11-15</tmt_jab><no_skep>SKEP/1103/XI/2000</no_skep><tgl_skep>2000-11-01</tgl_skep></jabatan><jabatan><jabatan>TURMIN ARSIP &amp; DOK SUBBAG ARDOK BAG TU UMUM ROTU</jabatan><tmt_jab>2001-03-01</tmt_jab><no_skep>SKEP/250/III/2001</no_skep><tgl_skep>2001-03-21</tgl_skep></jabatan><jabatan><jabatan>ARSIPARIS PELAKSANA LANJUTAN ROTU</jabatan><tmt_jab>2005-04-01</tmt_jab><no_skep>SKEP/363/V/2005</no_skep><tgl_skep>2005-05-13</tgl_skep></jabatan><jabatan><jabatan>ARSIPARIS PELAKSANA LANJUTAN PADA SUBBAG ARDOK BAG MINU</jabatan><tmt_jab>2006-03-01</tmt_jab><no_skep>SPRIN/52/IV/2006</no_skep><tgl_skep>2006-04-24</tgl_skep></jabatan><jabatan><jabatan>ARSIPARIS PENYELIA  ROTU SETJEN KEMHAN</jabatan><tmt_jab>2010-06-10</tmt_jab><no_skep>KEP/397/VI/2010</no_skep><tgl_skep>2010-06-15</tgl_skep></jabatan><jabatan><jabatan>ARSIPARIS PENYELIA ROTU SETJEN KEMHAN</jabatan><tmt_jab>2014-12-31</tmt_jab><no_skep>KEP/1488/XII/2014</no_skep><tgl_skep>2014-12-18</tgl_skep></jabatan></riwayat_jabatan><riwayat_pendidikan><pendidikan_umum><pendidikan><nama_dik>SEKOLAH DASAR</nama_dik><tahun_lulus>1977</tahun_lulus></pendidikan><pendidikan><nama_dik>SEKOLAH LANJUTAN TINGKAT PERTAMA (SLTP)</nama_dik><tahun_lulus>1980</tahun_lulus></pendidikan><pendidikan><nama_dik>STM</nama_dik><tahun_lulus>1983</tahun_lulus></pendidikan></pendidikan_umum><pendidikan_pembentukan><pendidikan><nama_dik>LATPRAJAB TK I</nama_dik><tahun_lulus>1989</tahun_lulus></pendidikan><pendidikan><nama_dik>TAR P-4</nama_dik><tahun_lulus>1989</tahun_lulus></pendidikan><pendidikan><nama_dik>SUS MINU TK. III</nama_dik><tahun_lulus>1990</tahun_lulus></pendidikan><pendidikan><nama_dik>SUS MIKRO KOMPUTER</nama_dik><tahun_lulus>1992</tahun_lulus></pendidikan><pendidikan><nama_dik>ADUM</nama_dik><tahun_lulus>1997</tahun_lulus></pendidikan><pendidikan><nama_dik>SUS ARSIP</nama_dik><tahun_lulus>1999</tahun_lulus></pendidikan><pendidikan><nama_dik>DIK LAT T.  AKUISISI ARSIP NAS</nama_dik><tahun_lulus>2000</tahun_lulus></pendidikan><pendidikan><nama_dik>TAR BIMBINGAN TEKNIS PENILAIAN JABATAN FUNGSIONAL</nama_dik><tahun_lulus>2004</tahun_lulus></pendidikan><pendidikan><nama_dik>SOSIALISASI JABATAN ARSIPARIS FUNGSIONAL</nama_dik><tahun_lulus>2004</tahun_lulus></pendidikan><pendidikan><nama_dik>DIKLAT ADUM DEPHAN</nama_dik><tahun_lulus>2007</tahun_lulus></pendidikan><pendidikan><nama_dik>UJI KOPETENSI SDM PENGELOAAN ARSIP VITAL</nama_dik><tahun_lulus>2009</tahun_lulus></pendidikan><pendidikan><nama_dik>DIKLAT PENYETARAAN JABFUNG ARSIPARIS TERAMPIL</nama_dik><tahun_lulus>2009</tahun_lulus></pendidikan><pendidikan><nama_dik>DIKLAT KERJASAMA PENINGKATAN KOPETENSI WIDYASWARA</nama_dik><tahun_lulus>2010</tahun_lulus></pendidikan></pendidikan_pembentukan></riwayat_pendidikan><riwayat_penugasan></riwayat_penugasan><riwayat_tanda_jasa><tanda_jasa><nama_tanda_jasa>SATYALANCANA KARYA SATYA X TAHUN</nama_tanda_jasa><no_skep>065/TK/TAHUN2001</no_skep><tgl_skep>2001-06-19</tgl_skep></tanda_jasa><tanda_jasa><nama_tanda_jasa>SATYALANCANA KARYA SATYA XX TAHUN</nama_tanda_jasa><no_skep>162/TK/TAHUN 2010</no_skep><tgl_skep>2010-12-01</tgl_skep></tanda_jasa></riwayat_tanda_jasa><riwayat_bahasa><bahasa><nama_bahasa>JAWA</nama_bahasa><keterangan>AKTIF</keterangan></bahasa></riwayat_bahasa><riwayat_keluarga><keluarga><nama_keluarga>TITIEK WAHYUNI</nama_keluarga><jenis_kelamin>PEREMPUAN</jenis_kelamin><tgl_lahir>1974-06-18</tgl_lahir><hubungan>ISTRI</hubungan></keluarga><keluarga><nama_keluarga>WINDIRUM MAULINA WARDATI</nama_keluarga><jenis_kelamin>PEREMPUAN</jenis_kelamin><tgl_lahir>1996-06-12</tgl_lahir><hubungan>ANAK</hubungan></keluarga><keluarga><nama_keluarga>NUR ASYIFA WARDANI</nama_keluarga><jenis_kelamin>PEREMPUAN</jenis_kelamin><tgl_lahir>1999-09-03</tgl_lahir><hubungan>ANAK</hubungan></keluarga></riwayat_keluarga></personil_kemhan>
