<personil_kemhan><nopeg>196612181991031002</nopeg><nip>030213706</nip><nrp_nip>196612181991031002</nrp_nip><nama>JUDI</nama><gelar>S.E</gelar><tempat_lahir>Tegal</tempat_lahir><tgl_lahir>1966-12-18</tgl_lahir><jenis_kelamin>LAKI-LAKI</jenis_kelamin><unit_organisasi>U.O. KEMHAN</unit_organisasi><jenis_personil>PNS</jenis_personil><pangkat>PENATA III/C</pangkat><pangkat_corps>PENATA III/C </pangkat_corps><tmt_pangkat>2014-04-01</tmt_pangkat><angkatan_korps>PNS</angkatan_korps><sumber_pa_gol_3>UJIAN DINAS</sumber_pa_gol_3><kategori_pangkat>III/C</kategori_pangkat><jabatan>PENGOLAH BAHAN PEMERIKSAAN SUBBAG PAMPERSMAT BAGPAM</jabatan><satker>ROUM SETJEN KEMHAN</satker><kode_jabatan>ANGGOTA</kode_jabatan><tmt_jabatan>2014-12-31</tmt_jabatan><eselon_jabatan>99</eselon_jabatan><kategori>ORGANIK</kategori><tmt_tni>1992-04-01</tmt_tni><tmt_kemhan>1991-03-01</tmt_kemhan><agama>ISLAM</agama><file_foto_1>foto/196612181991031002.jpg</file_foto_1><file_foto_2>foto/030213706.jpg</file_foto_2><riwayat_pangkat><pangkat><pangkat>CAPEG II/A</pangkat><tmt_pkt>1991-03-01</tmt_pkt><no_skep>SKEP/116/17/VII/1991</no_skep><tgl_skep>1991-07-26</tgl_skep></pangkat><pangkat><pangkat>PENGATUR MUDA II/A</pangkat><tmt_pkt>1992-04-01</tmt_pkt><no_skep>SKEP/060/18/III/1992</no_skep><tgl_skep>1992-03-23</tgl_skep></pangkat><pangkat><pangkat>PENGATUR MUDA TK.I  II/B</pangkat><tmt_pkt>1994-04-01</tmt_pkt><no_skep>03-09/02681//KEP/IV/1994</no_skep><tgl_skep>1994-04-19</tgl_skep></pangkat><pangkat><pangkat>PENGATUR II/C</pangkat><tmt_pkt>1998-04-01</tmt_pkt><no_skep>03-09/00010/KEP/IV/1998</no_skep><tgl_skep>1998-04-01</tgl_skep></pangkat><pangkat><pangkat>PENGATUR TK.I II/D</pangkat><tmt_pkt>2002-04-01</tmt_pkt><no_skep>SKEP/890/VIII/2002</no_skep><tgl_skep>2002-08-19</tgl_skep></pangkat><pangkat><pangkat>PENATA MUDA III/A</pangkat><tmt_pkt>2006-04-01</tmt_pkt><no_skep>SKEP/118/II/2006</no_skep><tgl_skep>1992-03-23</tgl_skep></pangkat><pangkat><pangkat>PENATA MUDA TK.I III/B</pangkat><tmt_pkt>2010-04-01</tmt_pkt><no_skep>KEP/168/III/2010</no_skep><tgl_skep>2010-03-17</tgl_skep></pangkat><pangkat><pangkat>PENATA III/C</pangkat><tmt_pkt>2014-04-01</tmt_pkt><no_skep>KEP/286//III/2014</no_skep><tgl_skep>2014-03-27</tgl_skep></pangkat></riwayat_pangkat><riwayat_jabatan><jabatan><jabatan>BAGMIN BAKORSTANAS</jabatan><tmt_jab>1991-03-01</tmt_jab><no_skep>SKEP/116/17/VII/1991</no_skep><tgl_skep>1991-07-23</tgl_skep></jabatan><jabatan><jabatan>BAGSUS BAKORTRANAS</jabatan><tmt_jab>1995-09-01</tmt_jab><no_skep>SPRIN/409/STANAS/IX/95</no_skep><tgl_skep>1995-09-26</tgl_skep></jabatan><jabatan><jabatan>ANGGOTA ROPAM SETJEN DEPHAN</jabatan><tmt_jab>2000-06-01</tmt_jab><no_skep>SKEP/374/VI/2000</no_skep><tgl_skep>2000-06-05</tgl_skep></jabatan><jabatan><jabatan>PENGATUR KOMPUTER/TIK BAGPAM GIAT ROPAM SETJEN DE</jabatan><tmt_jab>2000-07-01</tmt_jab><no_skep>SKEP/578/VII/2000</no_skep><tgl_skep>2000-07-10</tgl_skep></jabatan><jabatan><jabatan>TURKOMTIK BAG PAM GIAT ROPAM SETJEN DEPHAN</jabatan><tmt_jab>2000-07-01</tmt_jab><no_skep>SKEP/574/VII/2000</no_skep><tgl_skep>2000-07-15</tgl_skep></jabatan><jabatan><jabatan>TURTIK/OPS KOMP SUBBAG PAM KAN BAG PAM</jabatan><tmt_jab>2001-03-01</tmt_jab><no_skep>SKEP/246/III/2001</no_skep><tgl_skep>2001-03-21</tgl_skep></jabatan><jabatan><jabatan>Anggota Subbag Pampersmat Bagpam Roum Setjen Dephan</jabatan><tmt_jab>2007-03-27</tmt_jab><no_skep>SKEP/152/III/2007</no_skep><tgl_skep>2007-03-21</tgl_skep></jabatan><jabatan><jabatan>Penyusun Bahan Evaluasi Program dan Anggaran Subbagpampersmat Bagpam</jabatan><tmt_jab>2010-07-27</tmt_jab><no_skep>KEP/553/VII/2010</no_skep><tgl_skep>2010-07-28</tgl_skep></jabatan><jabatan><jabatan>PENGOLAH BAHAN PEMERIKSAAN SUBBAG PAMPERSMAT BAGPAM ROUM SETJEN KEMHAN ROUM SETJEN KEMHAN</jabatan><tmt_jab>2011-04-01</tmt_jab><no_skep>KEP/285/IV/2011</no_skep><tgl_skep>2011-04-19</tgl_skep></jabatan><jabatan><jabatan>PENGOLAH BAHAN PEMERIKSAAN SUBBAG PAMPERSMAT BAGPAM ROUM SETJEN KEMHAN</jabatan><tmt_jab>2014-12-31</tmt_jab><no_skep>KEP/1484/XIV/2014</no_skep><tgl_skep>2014-12-18</tgl_skep></jabatan></riwayat_jabatan><riwayat_pendidikan><pendidikan_umum><pendidikan><nama_dik>SEKOLAH DASAR</nama_dik><tahun_lulus>1981</tahun_lulus></pendidikan><pendidikan><nama_dik>SEKOLAH MENENGAH PERTAMA (SMP)</nama_dik><tahun_lulus>1984</tahun_lulus></pendidikan><pendidikan><nama_dik>SMEA</nama_dik><tahun_lulus>1987</tahun_lulus></pendidikan><pendidikan><nama_dik>SARJANA (S1)</nama_dik><tahun_lulus>2010</tahun_lulus></pendidikan></pendidikan_umum><pendidikan_pembentukan><pendidikan><nama_dik>LATSARMIL</nama_dik><tahun_lulus>1995</tahun_lulus></pendidikan><pendidikan><nama_dik>SUS KOMPUTER</nama_dik><tahun_lulus>1996</tahun_lulus></pendidikan><pendidikan><nama_dik>DIKLAT MINU TK. III</nama_dik><tahun_lulus>2011</tahun_lulus></pendidikan></pendidikan_pembentukan></riwayat_pendidikan><riwayat_penugasan></riwayat_penugasan><riwayat_tanda_jasa><tanda_jasa><nama_tanda_jasa>SATYALANCANA KARYA SATYA X TAHUN</nama_tanda_jasa><no_skep>KEPPRES RI.084/TK/2003</no_skep><tgl_skep>2003-10-31</tgl_skep></tanda_jasa></riwayat_tanda_jasa><riwayat_bahasa><bahasa><nama_bahasa>JAWA</nama_bahasa><keterangan>AKTIF</keterangan></bahasa><bahasa><nama_bahasa>INGGRIS</nama_bahasa><keterangan>PASIF</keterangan></bahasa><bahasa><nama_bahasa>INDONESIA</nama_bahasa><keterangan>AKTIF</keterangan></bahasa></riwayat_bahasa><riwayat_keluarga><keluarga><nama_keluarga>SRI MARTUTI</nama_keluarga><jenis_kelamin>PEREMPUAN</jenis_kelamin><tgl_lahir>1968-11-20</tgl_lahir><hubungan>ISTRI</hubungan></keluarga><keluarga><nama_keluarga>YUDISTIRA OKTORINO HANIF</nama_keluarga><jenis_kelamin>LAKI-LAKI</jenis_kelamin><tgl_lahir>2002-10-02</tgl_lahir><hubungan>ANAK</hubungan></keluarga></riwayat_keluarga></personil_kemhan>
