<personil_kemhan><nopeg>196009081986031001</nopeg><nip>030184219</nip><nrp_nip>196009081986031001</nrp_nip><nama>SUWARDI EFFENDI</nama><tempat_lahir>ACEH</tempat_lahir><tgl_lahir>1960-09-08</tgl_lahir><jenis_kelamin>LAKI-LAKI</jenis_kelamin><unit_organisasi>U.O. KEMHAN</unit_organisasi><jenis_personil>PNS</jenis_personil><pangkat>PENATA MUDA TK.I III/B</pangkat><pangkat_corps>PENATA MUDA TK.I III/B </pangkat_corps><tmt_pangkat>2006-08-01</tmt_pangkat><angkatan_korps>PNS</angkatan_korps><sumber_pa_gol_3>UJIAN DINAS</sumber_pa_gol_3><tmt_pa_gol_3>1998-04-01</tmt_pa_gol_3><kategori_pangkat>III/B</kategori_pangkat><jabatan>PENGOLAH BAHAN PROGLAP SUBBAG TU BIRO BAGPAM</jabatan><satker>ROUM SETJEN KEMHAN</satker><kode_jabatan>ANGGOTA</kode_jabatan><tmt_jabatan>2014-12-31</tmt_jabatan><eselon_jabatan>99</eselon_jabatan><kategori>ORGANIK</kategori><tmt_tni>1987-06-01</tmt_tni><agama>ISLAM</agama><file_foto_1>foto/196009081986031001.jpg</file_foto_1><file_foto_2>foto/030184219.jpg</file_foto_2><riwayat_pangkat><pangkat><pangkat>PENGATUR MUDA II/A</pangkat><tmt_pkt>1987-06-01</tmt_pkt><no_skep>SKEP/717/V/1987</no_skep><tgl_skep>1987-05-22</tgl_skep></pangkat><pangkat><pangkat>PENGATUR MUDA TK.I  II/B</pangkat><tmt_pkt>1990-04-01</tmt_pkt><no_skep>SKEP/1224/VI/1990</no_skep><tgl_skep>1990-05-13</tgl_skep></pangkat><pangkat><pangkat>PENGATUR II/C</pangkat><tmt_pkt>1994-04-01</tmt_pkt><no_skep>KEP03-09/01670/IV/1994</no_skep><tgl_skep>1994-03-05</tgl_skep></pangkat><pangkat><pangkat>PENGATUR TK.I II/D</pangkat><tmt_pkt>1998-04-01</tmt_pkt><no_skep>KEP03-09/00008/IV/1998</no_skep><tgl_skep>1998-03-26</tgl_skep></pangkat><pangkat><pangkat>PENATA MUDA III/A</pangkat><tmt_pkt>2002-04-01</tmt_pkt><no_skep>SKEP/902/VIII/2002</no_skep><tgl_skep>2002-08-19</tgl_skep></pangkat><pangkat><pangkat>PENATA MUDA TK.I III/B</pangkat><tmt_pkt>2006-08-01</tmt_pkt><no_skep>SKEP/550/VIII/2006</no_skep><tgl_skep>2006-08-03</tgl_skep></pangkat></riwayat_pangkat><riwayat_jabatan><jabatan><jabatan>ANGG BAGKU ROUM SETJEN DEPHANKAM</jabatan><tmt_jab>1985-07-25</tmt_jab><no_skep>SPRIN/472/VII/1985</no_skep><tgl_skep>1985-06-01</tgl_skep></jabatan><jabatan><jabatan>ANGG BAGKU ROUM SETJEN DEPHANKAM</jabatan><tmt_jab>1986-04-21</tmt_jab><no_skep>SKEP/646/IV/1986</no_skep><tgl_skep>1986-03-01</tgl_skep></jabatan><jabatan><jabatan>ANGG BAGKU ROUM</jabatan><tmt_jab>1987-05-22</tmt_jab><no_skep>SKEP/717/V/1987</no_skep><tgl_skep>1987-06-01</tgl_skep></jabatan><jabatan><jabatan>ANGG BAGKU ROUM</jabatan><tmt_jab>1990-06-13</tmt_jab><no_skep>SKEP/1224/VI/1990</no_skep><tgl_skep>1990-03-01</tgl_skep></jabatan><jabatan><jabatan>ANGG BAGREN ROUM</jabatan><tmt_jab>1991-02-13</tmt_jab><no_skep>SPRIN/004/V/1991</no_skep><tgl_skep>1899-12-30</tgl_skep></jabatan><jabatan><jabatan>ANGG SUBBAG RENPROGAR ROUM</jabatan><tmt_jab>1993-06-24</tmt_jab><no_skep>SPRIN/1286/VI/1993</no_skep><tgl_skep>1899-12-30</tgl_skep></jabatan><jabatan><jabatan>ANGG SUBBAG RENPROGAR ROUM</jabatan><tmt_jab>1994-03-05</tmt_jab><no_skep>03-09/01670/KEP/IV/1994</no_skep><tgl_skep>1994-04-01</tgl_skep></jabatan><jabatan><jabatan>PSB TK II/MIN PERS SUBBAG RENPROGAR</jabatan><tmt_jab>1998-09-11</tmt_jab><no_skep>SPRIN/910/IX/1998</no_skep><tgl_skep>1998-08-11</tgl_skep></jabatan><jabatan><jabatan>PSB TK IV/PELAYANAN SUBBAG RENMINRO</jabatan><tmt_jab>2000-11-28</tmt_jab><no_skep>SPRIN/1184/XI/2000</no_skep><tgl_skep>2000-11-28</tgl_skep></jabatan><jabatan><jabatan>TURTIK/OPR KOMP SUBBAG RENMINRO BAGPAM</jabatan><tmt_jab>2001-05-03</tmt_jab><no_skep>SKEP/357/V/2001</no_skep><tgl_skep>2001-04-01</tgl_skep></jabatan><jabatan><jabatan>Anggota Subbag Minro Bagpam Roum Setjen Dephan</jabatan><tmt_jab>2006-08-01</tmt_jab><tgl_skep>2006-08-01</tgl_skep></jabatan><jabatan><jabatan>PENGOLAH WABKU SUBBAG TU BIRO BAGPAM ROUM SETJEN KEMHAN</jabatan><tmt_jab>2011-04-01</tmt_jab><no_skep>KEP/285/IV/2011</no_skep><tgl_skep>2011-04-19</tgl_skep></jabatan><jabatan><jabatan>PENGOLAH WABKU SUBBAG TU BIRO BAGPAM ROUM SETJEN KEMHAN</jabatan><tmt_jab>2011-04-01</tmt_jab><no_skep>KEP/285/IV/2011</no_skep><tgl_skep>2011-04-19</tgl_skep></jabatan><jabatan><jabatan>PENGOLAH WABKU SUBBAG TU BIRO BAGPAM ROUM SETJEN KEMHAN</jabatan><tmt_jab>2011-04-01</tmt_jab><no_skep>KEP/285/IV/2011</no_skep><tgl_skep>2011-04-19</tgl_skep></jabatan><jabatan><jabatan>PENGOLAH BAHAN PROGLAP SUBBAG TU BIRO BAGPAM ROUM SETJEN KEMHAN</jabatan><tmt_jab>2014-12-31</tmt_jab><no_skep>KEP/1484/XIV/2014</no_skep><tgl_skep>2014-12-18</tgl_skep></jabatan></riwayat_jabatan><riwayat_pendidikan><pendidikan_umum><pendidikan><nama_dik>SEKOLAH DASAR</nama_dik><tahun_lulus>1976</tahun_lulus></pendidikan><pendidikan><nama_dik>SEKOLAH MENENGAH PERTAMA (SMP)</nama_dik><tahun_lulus>1979</tahun_lulus></pendidikan><pendidikan><nama_dik>SEKOLAH LANJUTAN TINGKAT ATAS (SLTA)</nama_dik><tahun_lulus>1982</tahun_lulus></pendidikan></pendidikan_umum><pendidikan_pembentukan></pendidikan_pembentukan></riwayat_pendidikan><riwayat_penugasan></riwayat_penugasan><riwayat_tanda_jasa></riwayat_tanda_jasa><riwayat_bahasa><bahasa><nama_bahasa>INGGRIS</nama_bahasa><keterangan>PASIF</keterangan></bahasa><bahasa><nama_bahasa>INDONESIA</nama_bahasa><keterangan>AKTIF</keterangan></bahasa></riwayat_bahasa><riwayat_keluarga><keluarga><nama_keluarga>LILIS SURYANI</nama_keluarga><jenis_kelamin>PEREMPUAN</jenis_kelamin><tgl_lahir>1968-05-14</tgl_lahir><hubungan>ISTRI</hubungan></keluarga><keluarga><nama_keluarga>JUANA SARI E</nama_keluarga><jenis_kelamin>PEREMPUAN</jenis_kelamin><tgl_lahir>1988-01-06</tgl_lahir><hubungan>ANAK</hubungan></keluarga><keluarga><nama_keluarga>PEBRYANA SARI E</nama_keluarga><jenis_kelamin>PEREMPUAN</jenis_kelamin><tgl_lahir>1992-02-28</tgl_lahir><hubungan>ANAK</hubungan></keluarga></riwayat_keluarga></personil_kemhan>
