<personil_kemhan><nopeg>196804081997032001</nopeg><nip>030235000</nip><nrp_nip>196804081997032001</nrp_nip><nama>ROSALINA</nama><gelar>S.H.</gelar><tempat_lahir>Pancurbatu</tempat_lahir><tgl_lahir>1968-04-08</tgl_lahir><jenis_kelamin>PEREMPUAN</jenis_kelamin><unit_organisasi>U.O. KEMHAN</unit_organisasi><jenis_personil>PNS</jenis_personil><pangkat>PENATA TK.I III/D</pangkat><pangkat_corps>PENATA TK.I III/D </pangkat_corps><tmt_pangkat>2009-04-01</tmt_pangkat><angkatan_korps>PNS</angkatan_korps><sumber_pa_gol_3>CAPEG SARJANA</sumber_pa_gol_3><kategori_pangkat>III/D</kategori_pangkat><jabatan>KASI KESRA SUBDIT LAHKUMHAN</jabatan><satker>DIT KUMSTRA DITJEN STRAHAN KEMHAN</satker><kode_jabatan>STRUKTURAL</kode_jabatan><tmt_jabatan>2013-10-18</tmt_jabatan><eselon_jabatan>IV</eselon_jabatan><kategori>ORGANIK</kategori><tmt_tni>1998-07-01</tmt_tni><tmt_kemhan>1997-03-01</tmt_kemhan><agama>PROTESTAN</agama><file_foto_1>foto/196804081997032001.jpg</file_foto_1><file_foto_2>foto/030235000.jpg</file_foto_2><riwayat_pangkat><pangkat><pangkat>CAPEG III/A</pangkat><tmt_pkt>1997-03-01</tmt_pkt><no_skep>SKEP/1375/IX/1997</no_skep><tgl_skep>1997-09-25</tgl_skep></pangkat><pangkat><pangkat>PENATA MUDA III/A</pangkat><tmt_pkt>1998-07-01</tmt_pkt><no_skep>SKEP/624/VI/1998</no_skep><tgl_skep>1998-06-17</tgl_skep></pangkat><pangkat><pangkat>PENATA MUDA TK.I III/B</pangkat><tmt_pkt>2001-04-01</tmt_pkt><no_skep>SKEP/649/IX/2001</no_skep><tgl_skep>2001-09-04</tgl_skep></pangkat><pangkat><pangkat>PENATA III/C</pangkat><tmt_pkt>2005-04-01</tmt_pkt><no_skep>SKEP/160/III/2005</no_skep><tgl_skep>2005-03-14</tgl_skep></pangkat><pangkat><pangkat>PENATA TK.I III/D</pangkat><tmt_pkt>2009-04-01</tmt_pkt><no_skep>KEP/34/III/2009</no_skep><tgl_skep>2009-03-11</tgl_skep></pangkat></riwayat_pangkat><riwayat_jabatan><jabatan><jabatan>ANGG STAF REHABSOS PUSREHABCAT</jabatan><tmt_jab>1997-03-01</tmt_jab><no_skep>SPRIN/856/VII/1997</no_skep><tgl_skep>1997-07-30</tgl_skep></jabatan><jabatan><jabatan>TENAGA FUNGSIONAL GOL IX/REHABSOS PUSREHABCAT</jabatan><tmt_jab>2000-05-01</tmt_jab><no_skep>SKEP/359/V/2000</no_skep><tgl_skep>2000-05-31</tgl_skep></jabatan><jabatan><jabatan>ANGGOTA BIRO HUKUM SETJEN DEPHAN</jabatan><tmt_jab>2003-01-01</tmt_jab><no_skep>SKEP/29/I/2003</no_skep><tgl_skep>2003-01-09</tgl_skep></jabatan><jabatan><jabatan>TURMIN BANKUM SUBBAG BANKUM BAG YANKUM</jabatan><tmt_jab>2003-02-20</tmt_jab><no_skep>SPRIN/011/II/2003</no_skep><tgl_skep>2003-02-20</tgl_skep></jabatan><jabatan><jabatan>TURMIN UMUM DAN TU SUBBAG RENMINRO BAG YANKUM</jabatan><tmt_jab>2005-01-27</tmt_jab><no_skep>SPRIN/005/I/2005</no_skep><tgl_skep>2005-01-27</tgl_skep></jabatan><jabatan><jabatan>Anggota Subbag Bankum Bag Yankum Rohukum Setjen Dephan</jabatan><tmt_jab>2006-03-13</tmt_jab><no_skep> SPRIN/18/III/2006</no_skep><tgl_skep>2006-03-13</tgl_skep></jabatan><jabatan><jabatan>Anggota Subbag Bankum Bag Yankum Rohukum Setjen Dephan</jabatan><tmt_jab>2007-09-01</tmt_jab><no_skep>SKEP/735/IX/2007</no_skep><tgl_skep>2007-09-20</tgl_skep></jabatan><jabatan><jabatan>KASI JARINFOKUM SUBDIT INFOKUM DIT KUMSTRA DITJEN STRAHAN KEMHAN</jabatan><tmt_jab>2010-09-28</tmt_jab><no_skep>KEP MENHAN NOMOR : KEP/681/IX/2010</no_skep><tgl_skep>2010-09-28</tgl_skep></jabatan><jabatan><jabatan>KASI KESRA SUBDIT LAHKUMHAN DIT KUMSTRA DITJEN STRAHAN KEMHAN</jabatan><tmt_jab>2013-10-18</tmt_jab><no_skep>KEP/1076/X/2013</no_skep><tgl_skep>2013-10-24</tgl_skep></jabatan></riwayat_jabatan><riwayat_pendidikan><pendidikan_umum><pendidikan><nama_dik>SEKOLAH DASAR</nama_dik><tahun_lulus>1981</tahun_lulus></pendidikan><pendidikan><nama_dik>SEKOLAH LANJUTAN TINGKAT PERTAMA (SLTP)</nama_dik><tahun_lulus>1984</tahun_lulus></pendidikan><pendidikan><nama_dik>SEKOLAH LANJUTAN TINGKAT ATAS (SLTA)</nama_dik><tahun_lulus>1987</tahun_lulus></pendidikan><pendidikan><nama_dik>SARJANA (S1)</nama_dik><tahun_lulus>1994</tahun_lulus></pendidikan></pendidikan_umum><pendidikan_pembentukan><pendidikan><nama_dik>SUS MIKRO KOMPUTER</nama_dik><tahun_lulus>1994</tahun_lulus></pendidikan><pendidikan><nama_dik>LATPRAJAB TK.III</nama_dik><tahun_lulus>1997</tahun_lulus></pendidikan><pendidikan><nama_dik>TAR P-4 45 JAM</nama_dik><tahun_lulus>1997</tahun_lulus></pendidikan><pendidikan><nama_dik>DIK LAT PIM TK IV</nama_dik><tahun_lulus>2002</tahun_lulus></pendidikan><pendidikan><nama_dik>SUS PA MINU HKM</nama_dik><tahun_lulus>2002</tahun_lulus></pendidikan></pendidikan_pembentukan></riwayat_pendidikan><riwayat_penugasan></riwayat_penugasan><riwayat_tanda_jasa><tanda_jasa><nama_tanda_jasa>SATYALANCANA KARYA SATYA X TAHUN</nama_tanda_jasa><no_skep>KEPPRES RI NOMOR 022/TK/TAHUN 2008</no_skep><tgl_skep>2008-06-24</tgl_skep></tanda_jasa></riwayat_tanda_jasa><riwayat_bahasa><bahasa><nama_bahasa>INDONESIA</nama_bahasa><keterangan>AKTIF</keterangan></bahasa><bahasa><nama_bahasa>BATAK KARO</nama_bahasa><keterangan>AKTIF</keterangan></bahasa></riwayat_bahasa><riwayat_keluarga><keluarga><nama_keluarga>HARIPA SUPNO BARUS</nama_keluarga><jenis_kelamin>LAKI-LAKI</jenis_kelamin><tgl_lahir>1969-11-10</tgl_lahir><hubungan>SUAMI</hubungan></keluarga><keluarga><nama_keluarga>HANA THERESIA BARUS</nama_keluarga><jenis_kelamin>PEREMPUAN</jenis_kelamin><tgl_lahir>2000-09-22</tgl_lahir><hubungan>ANAK</hubungan></keluarga></riwayat_keluarga></personil_kemhan>
