<personil_kemhan><nopeg>196204081987031001</nopeg><nip>030189376</nip><nrp_nip>196204081987031001</nrp_nip><nama>DEDEN DENI DORIS</nama><gelar>S.E.</gelar><tempat_lahir>Cirebon</tempat_lahir><tgl_lahir>1962-04-08</tgl_lahir><jenis_kelamin>LAKI-LAKI</jenis_kelamin><unit_organisasi>U.O. KEMHAN</unit_organisasi><jenis_personil>PNS</jenis_personil><pangkat>PENATA III/C</pangkat><pangkat_corps>PENATA III/C </pangkat_corps><tmt_pangkat>2011-04-01</tmt_pangkat><angkatan_korps>PNS</angkatan_korps><sumber_pa_gol_3>UJIAN DINAS</sumber_pa_gol_3><tmt_pa_gol_3>2003-04-01</tmt_pa_gol_3><kategori_pangkat>III/C</kategori_pangkat><jabatan>KASUBBID SIAPOPNI BID OPINI</jabatan><satker>PUSKOMPUBLIK KEMHAN</satker><kode_jabatan>STRUKTURAL</kode_jabatan><tmt_jabatan>2014-12-31</tmt_jabatan><eselon_jabatan>IV</eselon_jabatan><kategori>ORGANIK</kategori><tmt_tni>1988-06-01</tmt_tni><tmt_kemhan>1987-03-01</tmt_kemhan><agama>ISLAM</agama><file_foto_1>foto/196204081987031001.jpg</file_foto_1><file_foto_2>foto/030189376.jpg</file_foto_2><riwayat_pangkat><pangkat><pangkat>CAPEG II/A</pangkat><tmt_pkt>1987-03-01</tmt_pkt><no_skep>SKEP/850/VI/1987</no_skep><tgl_skep>1987-06-13</tgl_skep></pangkat><pangkat><pangkat>PENGATUR MUDA II/A</pangkat><tmt_pkt>1988-06-01</tmt_pkt><no_skep>SKEP/575/V/1988</no_skep><tgl_skep>1988-03-06</tgl_skep></pangkat><pangkat><pangkat>PENGATUR MUDA TK.I  II/B</pangkat><tmt_pkt>1991-04-01</tmt_pkt><no_skep>03-09/01469/KEP/IV/1991</no_skep><tgl_skep>1991-09-02</tgl_skep></pangkat><pangkat><pangkat>PENGATUR II/C</pangkat><tmt_pkt>1995-04-01</tmt_pkt><no_skep>03-09/00850/KEP/IV/1995</no_skep><tgl_skep>1995-02-23</tgl_skep></pangkat><pangkat><pangkat>PENGATUR TK.I II/D</pangkat><tmt_pkt>1999-04-01</tmt_pkt><no_skep>03-09/00/023/KEP/IV/1999</no_skep><tgl_skep>1999-04-23</tgl_skep></pangkat><pangkat><pangkat>PENATA MUDA III/A</pangkat><tmt_pkt>2003-04-01</tmt_pkt><no_skep>SKEP/670/V/2003</no_skep><tgl_skep>2003-05-05</tgl_skep></pangkat><pangkat><pangkat>PENATA MUDA TK.I III/B</pangkat><tmt_pkt>2007-04-01</tmt_pkt><no_skep>SKEP/153/III/2007</no_skep><tgl_skep>2007-03-06</tgl_skep></pangkat><pangkat><pangkat>PENATA III/C</pangkat><tmt_pkt>2011-04-01</tmt_pkt><no_skep>KEP/210/III/2011</no_skep><tgl_skep>2011-03-28</tgl_skep></pangkat></riwayat_pangkat><riwayat_jabatan><jabatan><jabatan>TURMIN JUNGLUGRI BAG HUBLUGRI ROHUMAS SETJEN KEMHAN</jabatan><tmt_jab>1998-09-01</tmt_jab><no_skep>SKEP/1136/IX/1998</no_skep><tgl_skep>1998-09-17</tgl_skep></jabatan><jabatan><jabatan>TURMINPROT SUBBAGPROT BAGMINPROT ROHUMAS</jabatan><tmt_jab>2001-03-01</tmt_jab><no_skep>SKEP/263/III/2001</no_skep><tgl_skep>2001-03-22</tgl_skep></jabatan><jabatan><jabatan>Anggota Subbag Hubornop Bag Hublem Rohumas Setjen Dephan</jabatan><tmt_jab>2006-07-01</tmt_jab><no_skep>SKEP/500/VII/2006</no_skep><tgl_skep>2006-07-17</tgl_skep></jabatan><jabatan><jabatan>KASUBBID TUKOP BID OPINI PUSKOMPUBLIK KEMHAN</jabatan><tmt_jab>2011-02-07</tmt_jab><no_skep>KEP MENHAN NOMOR : KEP/93/II/2011</no_skep><tgl_skep>2011-02-10</tgl_skep></jabatan><jabatan><jabatan>KASUBBID SIAPOPNI BID OPINI PUSKOMPUBLIK KEMHAN</jabatan><tmt_jab>2013-06-03</tmt_jab><no_skep>KEP/531/VI/2013</no_skep><tgl_skep>2013-06-05</tgl_skep></jabatan><jabatan><jabatan>KASUBBID SIAPOPNI BID OPINI PUSKOMPUBLIK KEMHAN</jabatan><tmt_jab>2014-12-31</tmt_jab><no_skep>KEP/1508/XII/2014</no_skep><tgl_skep>2014-12-18</tgl_skep></jabatan></riwayat_jabatan><riwayat_pendidikan><pendidikan_umum><pendidikan><nama_dik>SEKOLAH DASAR</nama_dik><tahun_lulus>1976</tahun_lulus></pendidikan><pendidikan><nama_dik>SEKOLAH MENENGAH PERTAMA (SMP)</nama_dik><tahun_lulus>1980</tahun_lulus></pendidikan><pendidikan><nama_dik>SEKOLAH MENENGAH ATAS (SMA)</nama_dik><tahun_lulus>1983</tahun_lulus></pendidikan><pendidikan><nama_dik>SARJANA (S1)</nama_dik><tahun_lulus>2007</tahun_lulus></pendidikan></pendidikan_umum><pendidikan_pembentukan><pendidikan><nama_dik>SUS OPERATOR KOMPUTER</nama_dik><tahun_lulus>1987</tahun_lulus></pendidikan><pendidikan><nama_dik>SUS MINU TK. III</nama_dik><tahun_lulus>2001</tahun_lulus></pendidikan><pendidikan><nama_dik>UJIAN DINAS TK II</nama_dik><tahun_lulus>2002</tahun_lulus></pendidikan><pendidikan><nama_dik>DIKLATPIM TK IV</nama_dik><tahun_lulus>2004</tahun_lulus></pendidikan><pendidikan><nama_dik>LOKAKARYA KEHUMASAN</nama_dik><tahun_lulus>2008</tahun_lulus></pendidikan><pendidikan><nama_dik>SUSDASJEMEN HAN ANG. III</nama_dik><tahun_lulus>2010</tahun_lulus></pendidikan><pendidikan><nama_dik>DIKLAT KARAKTER BANGSA ANGK II</nama_dik><tahun_lulus>2013</tahun_lulus></pendidikan><pendidikan><nama_dik>Susjurnalistik</nama_dik><tahun_lulus>2016</tahun_lulus></pendidikan></pendidikan_pembentukan></riwayat_pendidikan><riwayat_penugasan><penugasan><negara>INDONESIA</negara><tahun>2007</tahun><uraian>BAKOHUMAS  - BANDUNG</uraian></penugasan><penugasan><negara>INDONESIA</negara><tahun>2008</tahun><uraian>KUNKER DPR-RI  -  SULAWESI SELATAN</uraian></penugasan><penugasan><negara>INDONESIA</negara><tahun>2009</tahun><uraian>KUNKER DPR-RI - KALTIM</uraian></penugasan><penugasan><negara>INDONESIA</negara><tahun>2009</tahun><uraian>KUNKER DPR-RI - NTT</uraian></penugasan><penugasan><negara>INDONESIA</negara><tahun>2010</tahun><uraian>KUNKER DPR-RI - NTB</uraian></penugasan><penugasan><negara>INDONESIA</negara><tahun>2010</tahun><uraian>KUNKER DPR-RI - MALUKU</uraian></penugasan></riwayat_penugasan><riwayat_tanda_jasa><tanda_jasa><nama_tanda_jasa>SATYALANCANA KARYA SATYA X TAHUN</nama_tanda_jasa><no_skep>040/TK/TAHUN 2003</no_skep><tgl_skep>2003-07-31</tgl_skep></tanda_jasa><tanda_jasa><nama_tanda_jasa>SATYALANCANA KARYA SATYA XX TAHUN</nama_tanda_jasa><no_skep>73 / TK / TAHUN 2011</no_skep><tgl_skep>2011-08-01</tgl_skep></tanda_jasa></riwayat_tanda_jasa><riwayat_bahasa><bahasa><nama_bahasa>SUNDA</nama_bahasa><keterangan>AKTIF</keterangan></bahasa></riwayat_bahasa><riwayat_keluarga><keluarga><nama_keluarga>NURLAELA</nama_keluarga><jenis_kelamin>PEREMPUAN</jenis_kelamin><tgl_lahir>1972-10-29</tgl_lahir><hubungan>ISTRI</hubungan></keluarga><keluarga><nama_keluarga>ADELLA HASNA JUMANDARIS</nama_keluarga><jenis_kelamin>PEREMPUAN</jenis_kelamin><tgl_lahir>2005-07-11</tgl_lahir><hubungan>ANAK</hubungan></keluarga><keluarga><nama_keluarga>RAFI ANWAR JUMANDARIS</nama_keluarga><jenis_kelamin>LAKI-LAKI</jenis_kelamin><tgl_lahir>2008-04-01</tgl_lahir><hubungan>ANAK</hubungan></keluarga></riwayat_keluarga></personil_kemhan>
