<personil_kemhan><nopeg>21990029870678</nopeg><nip>21990029870678</nip><nrp_nip>21990029870678</nrp_nip><nama>KUSBIYANTORO</nama><tempat_lahir>PEMALANG</tempat_lahir><tgl_lahir>1978-06-10</tgl_lahir><jenis_kelamin>LAKI-LAKI</jenis_kelamin><unit_organisasi>U.O. KEMHAN</unit_organisasi><jenis_personil>TNI</jenis_personil><pangkat>SERMA</pangkat><pangkat_corps>SERMA </pangkat_corps><tmt_pangkat>2013-10-01</tmt_pangkat><angkatan_korps>TNI AD</angkatan_korps><kategori_pangkat>SERMA</kategori_pangkat><jabatan>KOMANDAN REGU 3 PELETON A SATKAM SUBBAGPAM PERSMAT BAGPAM</jabatan><satker>ROUM SETJEN KEMHAN</satker><kode_jabatan>ANGGOTA</kode_jabatan><tmt_jabatan>2015-06-12</tmt_jabatan><eselon_jabatan>99</eselon_jabatan><kategori>ORGANIK</kategori><tmt_tni>1999-08-04</tmt_tni><tmt_kemhan>2003-01-01</tmt_kemhan><agama>ISLAM</agama><file_foto_1>foto/21990029870678.jpg</file_foto_1><file_foto_2>foto/21990029870678.jpg</file_foto_2><riwayat_pangkat><pangkat><pangkat>SERDA</pangkat><tmt_pkt>1999-08-04</tmt_pkt><no_skep>SKEP/2787-21/VII/1999</no_skep><tgl_skep>1999-07-19</tgl_skep></pangkat><pangkat><pangkat>SERTU</pangkat><tmt_pkt>2003-10-01</tmt_pkt><no_skep>SKEP/2007-21/IX/2003</no_skep><tgl_skep>2003-08-28</tgl_skep></pangkat><pangkat><pangkat>SERKA</pangkat><tmt_pkt>2008-10-01</tmt_pkt><no_skep>ST SEKJEN Nomor : ST/21/2008</no_skep><tgl_skep>2008-10-01</tgl_skep></pangkat><pangkat><pangkat>SERMA</pangkat><tmt_pkt>2013-10-01</tmt_pkt><no_skep>KEP/269012-33/IX/2013</no_skep><tgl_skep>2013-09-03</tgl_skep></pangkat></riwayat_pangkat><riwayat_jabatan><jabatan><jabatan>TURTIK/OPR KOMP SUBBAGKAT BAGBINKARPEG</jabatan><tmt_jab>2003-01-01</tmt_jab><no_skep>SKEP/1845/XII/2002</no_skep><tgl_skep>2002-12-26</tgl_skep></jabatan><jabatan><jabatan>ANGGOTA SUBBAGKAT BAGKARPEG ROPEG STJEN DEPHAN</jabatan><tmt_jab>2006-04-01</tmt_jab><no_skep>SKEP/286/IV/2006</no_skep><tgl_skep>2006-04-01</tgl_skep></jabatan><jabatan><jabatan>PETUGAS ADMINISTRASI SUBBAGKAT BAGKARPEG ROPEG SETJEN KEMHAN</jabatan><tmt_jab>2010-05-17</tmt_jab><no_skep>KEP MENHAN NOMOR : KEP/321/V/2010</no_skep><tgl_skep>2010-05-17</tgl_skep></jabatan><jabatan><jabatan>OPERATOR KOMPUTER SUBBAG TU BIRO BAGADABANGPEG ROPEG SETJEN KEMHAN</jabatan><tmt_jab>2011-04-01</tmt_jab><no_skep>Kep/281/IV/2011</no_skep><tgl_skep>2011-04-19</tgl_skep></jabatan><jabatan><jabatan>PETUGAS RUMGA WAMEN SUBBAG DUK WAMEN BAG TU DAN DUK WAMEN ROTU SETJEN KEMHAN</jabatan><tmt_jab>2013-03-26</tmt_jab><no_skep>KEP/288/III/2013</no_skep><tgl_skep>2013-03-28</tgl_skep></jabatan><jabatan><jabatan>PETUGAS JASMANI SUBBAGJAS BAGWATPEG ROPEG SETJEN KEMHAN ROPEG SETJEN KEMHAN</jabatan><tmt_jab>2014-12-31</tmt_jab><no_skep>KEP/1485/XII/2014</no_skep><tgl_skep>2014-12-18</tgl_skep></jabatan><jabatan><jabatan>KOMANDAN REGU 3 PELETON A SATKAM SUBBAGPAM PERSMAT BAGPAM ROUM SETJEN KEMHAN</jabatan><tmt_jab>2015-06-12</tmt_jab><no_skep>KEP/552/VI/2015</no_skep><tgl_skep>2015-06-10</tgl_skep></jabatan></riwayat_jabatan><riwayat_pendidikan><pendidikan_umum><pendidikan><nama_dik>SEKOLAH DASAR</nama_dik><tahun_lulus>1991</tahun_lulus></pendidikan><pendidikan><nama_dik>SEKOLAH LANJUTAN TINGKAT PERTAMA (SLTP)</nama_dik><tahun_lulus>1993</tahun_lulus></pendidikan><pendidikan><nama_dik>SEKOLAH LANJUTAN TINGKAT ATAS (SLTA)</nama_dik><tahun_lulus>1996</tahun_lulus></pendidikan></pendidikan_umum><pendidikan_pembentukan><pendidikan><nama_dik>SUS OPERATOR KOMPUTER</nama_dik><tahun_lulus>2002</tahun_lulus></pendidikan><pendidikan><nama_dik>SUS INTERNET</nama_dik><tahun_lulus>2003</tahun_lulus></pendidikan><pendidikan><nama_dik>TAR MICROSOF OFFICE</nama_dik><tahun_lulus>2007</tahun_lulus></pendidikan><pendidikan><nama_dik>SUSBA SANDHI DAN INTELIJEN</nama_dik><tahun_lulus>2010</tahun_lulus></pendidikan><pendidikan><nama_dik>DIKLAT TEKNIS SUBSTANTIF SPESIALISASI (DTSS) PENATAUSAHAAN BMN</nama_dik><tahun_lulus>2012</tahun_lulus></pendidikan></pendidikan_pembentukan></riwayat_pendidikan><riwayat_penugasan></riwayat_penugasan><riwayat_tanda_jasa><tanda_jasa><nama_tanda_jasa>SATYALANCANA KESETIAAN VIII TAHUN</nama_tanda_jasa><no_skep>KEP/164/VIII/2008</no_skep><tgl_skep>2008-08-07</tgl_skep></tanda_jasa></riwayat_tanda_jasa><riwayat_bahasa><bahasa><nama_bahasa>JAWA</nama_bahasa><keterangan>AKTIF</keterangan></bahasa><bahasa><nama_bahasa>INGGRIS</nama_bahasa><keterangan>PASIF</keterangan></bahasa></riwayat_bahasa><riwayat_keluarga><keluarga><nama_keluarga>DEWI SARTIKA</nama_keluarga><jenis_kelamin>PEREMPUAN</jenis_kelamin><tgl_lahir>1984-05-23</tgl_lahir><hubungan>ISTRI</hubungan></keluarga><keluarga><nama_keluarga>SYALWA AURELLIA FALISHA</nama_keluarga><jenis_kelamin>PEREMPUAN</jenis_kelamin><tgl_lahir>2009-09-21</tgl_lahir><hubungan>ANAK</hubungan></keluarga></riwayat_keluarga></personil_kemhan>
