<personil_kemhan><nopeg>21950109680374</nopeg><nip>21950109680374</nip><nrp_nip>21950109680374</nrp_nip><nama>BASUNI TRIWIBOWO</nama><tempat_lahir>Madiun</tempat_lahir><tgl_lahir>1974-03-11</tgl_lahir><jenis_kelamin>LAKI-LAKI</jenis_kelamin><unit_organisasi>U.O. KEMHAN</unit_organisasi><jenis_personil>TNI</jenis_personil><pangkat>PELDA</pangkat><pangkat_corps>PELDA </pangkat_corps><tmt_pangkat>2013-10-01</tmt_pangkat><angkatan_korps>TNI AD</angkatan_korps><kategori_pangkat>PELDA</kategori_pangkat><jabatan>PETUGAS JASMANI SUBBAG JAS BAGWATPEG</jabatan><satker>ROPEG SETJEN KEMHAN</satker><kode_jabatan>ANGGOTA</kode_jabatan><tmt_jabatan>2016-03-10</tmt_jabatan><eselon_jabatan>99</eselon_jabatan><kategori>ORGANIK</kategori><tmt_tni>1995-03-17</tmt_tni><tmt_kemhan>1997-01-01</tmt_kemhan><agama>ISLAM</agama><file_foto_1>foto/21950109680374.jpg</file_foto_1><file_foto_2>foto/21950109680374.jpg</file_foto_2><riwayat_pangkat><pangkat><pangkat>SERDA</pangkat><tmt_pkt>1995-03-17</tmt_pkt><no_skep>SKEP/1062-2/II/1995</no_skep><tgl_skep>1995-03-17</tgl_skep></pangkat><pangkat><pangkat>SERTU</pangkat><tmt_pkt>1999-10-01</tmt_pkt><no_skep>SKEP/3085-21/VIII/1999</no_skep><tgl_skep>1999-08-01</tgl_skep></pangkat><pangkat><pangkat>SERKA</pangkat><tmt_pkt>2003-10-01</tmt_pkt><no_skep>SKEP/2007-21/X/2003</no_skep><tgl_skep>2003-10-01</tgl_skep></pangkat><pangkat><pangkat>SERMA</pangkat><tmt_pkt>2008-10-01</tmt_pkt><no_skep>ST SEKJEN Nomor : ST/21/2008</no_skep><tgl_skep>2008-10-01</tgl_skep></pangkat><pangkat><pangkat>PELDA</pangkat><tmt_pkt>2013-10-01</tmt_pkt><no_skep>Kep/269012-33/IX/2013</no_skep><tgl_skep>2013-09-03</tgl_skep></pangkat></riwayat_pangkat><riwayat_jabatan><jabatan><jabatan>Danru Tonwal Denma Seskoad</jabatan><tmt_jab>1995-08-18</tmt_jab><no_skep>Skep/4519-12/UM/95</no_skep><tgl_skep>1995-08-18</tgl_skep></jabatan><jabatan><jabatan>Ba Turmin Hibdankam Subbagwatjah Bagpers Roum</jabatan><tmt_jab>1997-07-01</tmt_jab><no_skep>Skep/1150/VIII/97</no_skep><tgl_skep>1997-07-01</tgl_skep></jabatan><jabatan><jabatan>Turmin Subbagbintal Bagwatpeg Ropeg Setjen Dephan</jabatan><tmt_jab>2001-03-01</tmt_jab><no_skep>Skep/288/III/2001</no_skep><tgl_skep>00000-00-00</tgl_skep></jabatan><jabatan><jabatan>Anggota Subbag Jas Bag Watpeg Ropeg Setjen Dephan</jabatan><tmt_jab>2006-04-01</tmt_jab><no_skep>SKEP/286/IV/2006</no_skep><tgl_skep>2006-04-27</tgl_skep></jabatan><jabatan><jabatan>PETUGAS BINJAS SUBBAGJAS BAGWATPEG ROPEG SETJEN KEMHAN</jabatan><tmt_jab>2010-05-17</tmt_jab><no_skep>KEP MENHAN NOMOR : KEP/321/V/2010</no_skep><tgl_skep>2010-05-17</tgl_skep></jabatan><jabatan><jabatan>AGENDARIS BAGADABANGPEG  ROPEG SETJEN KEMHAN</jabatan><tmt_jab>2011-04-01</tmt_jab><no_skep>Kep/281/IV/2011</no_skep><tgl_skep>2011-04-19</tgl_skep></jabatan><jabatan><jabatan>ANGGOTA ROPEG SETJEN KEMHAN</jabatan><tmt_jab>2011-08-08</tmt_jab><no_skep>KEP/601/VIII/2011</no_skep><tgl_skep>2011-08-09</tgl_skep></jabatan><jabatan><jabatan>PETUGAS JASMANI SUBBAGJAS BAGWATPEG ROPEG SETJEN KEMHAN</jabatan><tmt_jab>2014-12-31</tmt_jab><no_skep>KEP/1485/XII/2014</no_skep><tgl_skep>2014-12-18</tgl_skep></jabatan><jabatan><jabatan>PETUGAS JASMANI SUBBAG JAS BAGWATPEG ROPEG SETJEN KEMHAN</jabatan><tmt_jab>2016-03-10</tmt_jab><no_skep>KEP/181/II/2016</no_skep><tgl_skep>2016-03-10</tgl_skep></jabatan></riwayat_jabatan><riwayat_pendidikan><pendidikan_umum><pendidikan><nama_dik>SEKOLAH DASAR</nama_dik><tahun_lulus>1986</tahun_lulus></pendidikan><pendidikan><nama_dik>SEKOLAH MENENGAH PERTAMA (SMP)</nama_dik><tahun_lulus>1989</tahun_lulus></pendidikan><pendidikan><nama_dik>STM</nama_dik><tahun_lulus>1992</tahun_lulus></pendidikan></pendidikan_umum><pendidikan_pembentukan><pendidikan><nama_dik>SECABA</nama_dik><tahun_lulus>1995</tahun_lulus></pendidikan></pendidikan_pembentukan></riwayat_pendidikan><riwayat_penugasan></riwayat_penugasan><riwayat_tanda_jasa><tanda_jasa><nama_tanda_jasa>SATYALANCANA KESETIAAN XVI TAHUN</nama_tanda_jasa><no_skep>79/TK/TAHUN 2012</no_skep><tgl_skep>2013-09-18</tgl_skep></tanda_jasa><tanda_jasa><nama_tanda_jasa>SATYALANCANA KESETIAAN VIII TAHUN</nama_tanda_jasa></tanda_jasa></riwayat_tanda_jasa><riwayat_bahasa></riwayat_bahasa><riwayat_keluarga><keluarga><nama_keluarga>ENI KUSMAWATI</nama_keluarga><jenis_kelamin>PEREMPUAN</jenis_kelamin><tgl_lahir>1977-04-02</tgl_lahir><hubungan>ISTRI</hubungan></keluarga><keluarga><nama_keluarga>NADIFA FEBRIANA WIBOWO</nama_keluarga><jenis_kelamin>PEREMPUAN</jenis_kelamin><tgl_lahir>2002-02-11</tgl_lahir><hubungan>ANAK</hubungan></keluarga><keluarga><nama_keluarga>KHANZA AZZAHRA WIBOWO</nama_keluarga><jenis_kelamin>PEREMPUAN</jenis_kelamin><tgl_lahir>2013-05-20</tgl_lahir><hubungan>ANAK</hubungan></keluarga></riwayat_keluarga></personil_kemhan>
