<personil_kemhan><nopeg>197002151994031001</nopeg><nip>030228283</nip><nrp_nip>197002151994031001</nrp_nip><nama>KANIPAN</nama><tempat_lahir>Donomulyo</tempat_lahir><tgl_lahir>1970-02-15</tgl_lahir><jenis_kelamin>LAKI-LAKI</jenis_kelamin><unit_organisasi>U.O. KEMHAN</unit_organisasi><jenis_personil>PNS</jenis_personil><pangkat>PENATA MUDA TK.I III/B</pangkat><pangkat_corps>PENATA MUDA TK.I III/B </pangkat_corps><tmt_pangkat>2013-04-01</tmt_pangkat><angkatan_korps>PNS</angkatan_korps><sumber_pa_gol_3>UJIAN DINAS</sumber_pa_gol_3><kategori_pangkat>III/B</kategori_pangkat><jabatan>SPRI STAF AHLI DAN STAF KHUSU SUBBAG MIN SAHLI DAN STAF KHUSUS MENTERI BAG DUKMINMEN</jabatan><satker>ROTU SETJEN KEMHAN</satker><kode_jabatan>ANGGOTA</kode_jabatan><tmt_jabatan>2014-12-31</tmt_jabatan><eselon_jabatan>99</eselon_jabatan><kategori>ORGANIK</kategori><tmt_tni>1995-06-01</tmt_tni><tmt_kemhan>1994-03-01</tmt_kemhan><agama>ISLAM</agama><file_foto_1>foto/197002151994031001.jpg</file_foto_1><file_foto_2>foto/030228283.jpg</file_foto_2><riwayat_pangkat><pangkat><pangkat>CAPEG II/A</pangkat><tmt_pkt>1994-03-01</tmt_pkt><no_skep>SKEP/1345/IX/1994</no_skep><tgl_skep>1994-09-05</tgl_skep></pangkat><pangkat><pangkat>PENGATUR MUDA II/A</pangkat><tmt_pkt>1995-06-01</tmt_pkt><no_skep>SKEP/442/V/1995</no_skep><tgl_skep>1995-05-04</tgl_skep></pangkat><pangkat><pangkat>PENGATUR MUDA TK.I  II/B</pangkat><tmt_pkt>1997-04-01</tmt_pkt><no_skep>03-09/00044/KEP/IV/1997</no_skep><tgl_skep>1997-05-21</tgl_skep></pangkat><pangkat><pangkat>PENGATUR II/C</pangkat><tmt_pkt>2001-04-01</tmt_pkt><no_skep>03-09.73/019/KEP/IV/2001</no_skep><tgl_skep>2001-05-30</tgl_skep></pangkat><pangkat><pangkat>PENGATUR TK.I II/D</pangkat><tmt_pkt>2005-04-01</tmt_pkt><no_skep>SKEP/170/III/2005</no_skep><tgl_skep>2005-03-14</tgl_skep></pangkat><pangkat><pangkat>PENATA MUDA III/A</pangkat><tmt_pkt>2009-04-01</tmt_pkt><no_skep>KEP/34/III/2009</no_skep><tgl_skep>2009-03-11</tgl_skep></pangkat><pangkat><pangkat>PENATA MUDA TK.I III/B</pangkat><tmt_pkt>2013-04-01</tmt_pkt><no_skep>KEP/278/III/2013</no_skep><tgl_skep>2013-03-27</tgl_skep></pangkat></riwayat_pangkat><riwayat_jabatan><jabatan><jabatan>PENGEMUDI SUBBAGRENMINRO ROHUBANLEM</jabatan><tmt_jab>1998-10-12</tmt_jab><no_skep>SKEP/1199/X/1998</no_skep><tgl_skep>1998-10-01</tgl_skep></jabatan><jabatan><jabatan>TURKAP DAN ANGK SUBBAGRENMINRO BAG TU SEKJEN ROTU</jabatan><tmt_jab>2001-03-01</tmt_jab><no_skep>SKEP/250/III/2001</no_skep><tgl_skep>2001-03-21</tgl_skep></jabatan><jabatan><jabatan>Anggota Subbag Banum Sahli Bagbanumpim Rotu Setjen Dephan</jabatan><tmt_jab>2006-03-01</tmt_jab><no_skep>SKEP/192/III/2006</no_skep><tgl_skep>2006-02-21</tgl_skep></jabatan><jabatan><jabatan>PENGADMINISTRASI UMUM SUBBAGBANUM SAHLI BAGBANMINPIM  ROTU SETJEN KEMHAN</jabatan><tmt_jab>2010-07-19</tmt_jab><no_skep>SPRIN/269/IX/2010</no_skep><tgl_skep>2010-09-14</tgl_skep></jabatan><jabatan><jabatan>SPRI SAHLI BAG TU DAN DUKMEN  ROTU SETJEN KEMHAN</jabatan><tmt_jab>2011-04-01</tmt_jab><no_skep>KEP/282/VI/2011</no_skep><tgl_skep>2011-04-19</tgl_skep></jabatan><jabatan><jabatan>SPRI STAF AHLI DAN STAF KHUSU SUBBAG MIN SAHLI DAN STAF KHUSUS MENTERI BAG DUKMINMEN ROTU SETJEN KEMHAN</jabatan><tmt_jab>2014-12-31</tmt_jab><no_skep>KEP/1485/XII/2014</no_skep><tgl_skep>2014-12-18</tgl_skep></jabatan><jabatan><jabatan>SPRI STAF AHLI DAN STAF KHUSU SUBBAG MIN SAHLI DAN STAF KHUSUS MENTERI BAG DUKMINMEN ROTU SETJEN KEMHAN</jabatan><tmt_jab>2014-12-31</tmt_jab><no_skep>KEP/1485/XII/2014</no_skep><tgl_skep>2014-12-18</tgl_skep></jabatan></riwayat_jabatan><riwayat_pendidikan><pendidikan_umum><pendidikan><nama_dik>SEKOLAH DASAR</nama_dik><tahun_lulus>1983</tahun_lulus></pendidikan><pendidikan><nama_dik>SEKOLAH LANJUTAN TINGKAT PERTAMA (SLTP)</nama_dik><tahun_lulus>1986</tahun_lulus></pendidikan><pendidikan><nama_dik>SEKOLAH LANJUTAN TINGKAT ATAS (SLTA)</nama_dik><tahun_lulus>1989</tahun_lulus></pendidikan></pendidikan_umum><pendidikan_pembentukan><pendidikan><nama_dik>TAR P-4</nama_dik><tahun_lulus>1994</tahun_lulus></pendidikan><pendidikan><nama_dik>LATPRAJAB</nama_dik><tahun_lulus>1994</tahun_lulus></pendidikan><pendidikan><nama_dik>UJIAN DINAS TK. I</nama_dik><tahun_lulus>2008</tahun_lulus></pendidikan></pendidikan_pembentukan></riwayat_pendidikan><riwayat_penugasan></riwayat_penugasan><riwayat_tanda_jasa></riwayat_tanda_jasa><riwayat_bahasa><bahasa><nama_bahasa>JAWA</nama_bahasa><keterangan>AKTIF</keterangan></bahasa></riwayat_bahasa><riwayat_keluarga><keluarga><nama_keluarga>SUHARTI</nama_keluarga><jenis_kelamin>PEREMPUAN</jenis_kelamin><tgl_lahir>1975-01-21</tgl_lahir><hubungan>ISTRI</hubungan></keluarga><keluarga><nama_keluarga>TIARA KUMALA DEWI</nama_keluarga><jenis_kelamin>PEREMPUAN</jenis_kelamin><tgl_lahir>1998-05-12</tgl_lahir><hubungan>ANAK</hubungan></keluarga><keluarga><nama_keluarga>MERITA NUR ALILLAH</nama_keluarga><jenis_kelamin>PEREMPUAN</jenis_kelamin><tgl_lahir>2005-03-09</tgl_lahir><hubungan>ANAK</hubungan></keluarga><keluarga><nama_keluarga>AHMAD ABDUL NAJIB</nama_keluarga><jenis_kelamin>LAKI-LAKI</jenis_kelamin><tgl_lahir>2013-09-03</tgl_lahir><hubungan>ANAK</hubungan></keluarga></riwayat_keluarga></personil_kemhan>
