<personil_kemhan><nopeg>198108232003121002</nopeg><nip>030248777</nip><nrp_nip>198108232003121002</nrp_nip><nama>DENNY SARDJONO</nama><tempat_lahir>JAKARTA</tempat_lahir><tgl_lahir>1981-08-23</tgl_lahir><jenis_kelamin>LAKI-LAKI</jenis_kelamin><unit_organisasi>U.O. KEMHAN</unit_organisasi><jenis_personil>PNS</jenis_personil><pangkat>PENGATUR II/C</pangkat><pangkat_corps>PENGATUR II/C </pangkat_corps><tmt_pangkat>2012-04-01</tmt_pangkat><angkatan_korps>PNS</angkatan_korps><kategori_pangkat>II/C</kategori_pangkat><jabatan>AGENDARIS BIDBRA</jabatan><satker>PUSKOMPUBLIK KEMHAN</satker><kode_jabatan>ANGGOTA</kode_jabatan><tmt_jabatan>2011-04-01</tmt_jabatan><eselon_jabatan>99</eselon_jabatan><kategori>ORGANIK</kategori><tmt_tni>2005-08-01</tmt_tni><agama>ISLAM</agama><file_foto_1>foto/198108232003121002.jpg</file_foto_1><file_foto_2>foto/030248777.jpg</file_foto_2><riwayat_pangkat><pangkat><pangkat>CAPEG II/A</pangkat><tmt_pkt>2003-12-01</tmt_pkt><no_skep>SKEP/208/IV/2004</no_skep><tgl_skep>2004-04-13</tgl_skep></pangkat><pangkat><pangkat>PENGATUR MUDA II/A</pangkat><tmt_pkt>2005-08-01</tmt_pkt><no_skep>SKEP/657/VIII/2005</no_skep><tgl_skep>2005-08-08</tgl_skep></pangkat><pangkat><pangkat>PENGATUR MUDA TK.I  II/B</pangkat><tmt_pkt>2008-04-01</tmt_pkt><no_skep>SKEP/143/III/2008</no_skep><tgl_skep>2008-03-06</tgl_skep></pangkat><pangkat><pangkat>PENGATUR II/C</pangkat><tmt_pkt>2012-04-01</tmt_pkt><no_skep>SKEP/211/III/2012</no_skep><tgl_skep>2012-03-22</tgl_skep></pangkat></riwayat_pangkat><riwayat_jabatan><jabatan><jabatan>Anggota Subbag Hubmedmas Bag Bra Rohumas Setjen Dephan</jabatan><tmt_jab>2006-05-01</tmt_jab><no_skep>SKEP/309/V/2006</no_skep><tgl_skep>2006-05-05</tgl_skep></jabatan><jabatan><jabatan>AGENDARIS BIDBRA PUSKOMPUBLIK KEMHAN</jabatan><tmt_jab>2011-04-01</tmt_jab><no_skep>SPRIN/68/VI/2011</no_skep><tgl_skep>2011-06-13</tgl_skep></jabatan><jabatan><jabatan>AGENDARIS SUBBAG LIPUTPUB BIDBRA</jabatan><tmt_jab>2014-12-31</tmt_jab><no_skep>KEP/1510/XII/2014</no_skep><tgl_skep>2014-05-18</tgl_skep></jabatan></riwayat_jabatan><riwayat_pendidikan><pendidikan_umum><pendidikan><nama_dik>SEKOLAH DASAR</nama_dik><tahun_lulus>1993</tahun_lulus></pendidikan><pendidikan><nama_dik>SEKOLAH LANJUTAN TINGKAT PERTAMA (SLTP)</nama_dik><tahun_lulus>1996</tahun_lulus></pendidikan><pendidikan><nama_dik>SEKOLAH LANJUTAN TINGKAT ATAS (SLTA)</nama_dik><tahun_lulus>1999</tahun_lulus></pendidikan></pendidikan_umum><pendidikan_pembentukan><pendidikan><nama_dik>LATPRAJAB</nama_dik><tahun_lulus>2005</tahun_lulus></pendidikan><pendidikan><nama_dik>Pelatihan Kamerawan Televisi Angkatan XLIX</nama_dik><tahun_lulus>2006</tahun_lulus></pendidikan><pendidikan><nama_dik>ADMM Plus CTX Affairs</nama_dik><tahun_lulus>2013</tahun_lulus></pendidikan><pendidikan><nama_dik>Diklat Bela Negara TA. 2013 Angkatan I</nama_dik><tahun_lulus>2013</tahun_lulus></pendidikan></pendidikan_pembentukan></riwayat_pendidikan><riwayat_penugasan><penugasan><negara>TIMOR-TIMUR</negara><tahun>2009</tahun><uraian>Kunker Menhan</uraian></penugasan><penugasan><negara>MALAYSIA</negara><tahun>2010</tahun><uraian>Kunker Menhan</uraian></penugasan></riwayat_penugasan><riwayat_tanda_jasa></riwayat_tanda_jasa><riwayat_bahasa></riwayat_bahasa><riwayat_keluarga><keluarga><nama_keluarga>Maulidya Astuti, SE</nama_keluarga><jenis_kelamin>PEREMPUAN</jenis_kelamin><tgl_lahir>1984-11-05</tgl_lahir><hubungan>ISTRI</hubungan></keluarga><keluarga><nama_keluarga>Milanka Sakharaya Sardjono</nama_keluarga><jenis_kelamin>LAKI-LAKI</jenis_kelamin><tgl_lahir>2015-12-15</tgl_lahir><hubungan>ANAK</hubungan></keluarga><keluarga><jenis_kelamin>LAKI-LAKI</jenis_kelamin><hubungan>ISTRI</hubungan></keluarga></riwayat_keluarga></personil_kemhan>
