<personil_kemhan><nopeg>196206181983031001</nopeg><nip>030171277</nip><nrp_nip>196206181983031001</nrp_nip><nama>PURWOTO</nama><tempat_lahir>Trenggalek</tempat_lahir><tgl_lahir>1962-06-18</tgl_lahir><jenis_kelamin>LAKI-LAKI</jenis_kelamin><unit_organisasi>U.O. KEMHAN</unit_organisasi><jenis_personil>PNS</jenis_personil><pangkat>PENGATUR II/C</pangkat><pangkat_corps>PENGATUR II/C </pangkat_corps><tmt_pangkat>2006-04-01</tmt_pangkat><angkatan_korps>PNS</angkatan_korps><kategori_pangkat>II/C</kategori_pangkat><jabatan>PETUGAS PEMERIKSAAN SUBBAG PAMPERSMAT BAGPAM</jabatan><satker>ROUM SETJEN KEMHAN</satker><kode_jabatan>ANGGOTA</kode_jabatan><tmt_jabatan>2014-12-31</tmt_jabatan><eselon_jabatan>99</eselon_jabatan><kategori>ORGANIK</kategori><tmt_tni>1984-04-01</tmt_tni><tmt_kemhan>2006-03-01</tmt_kemhan><agama>ISLAM</agama><file_foto_1>foto/196206181983031001.jpg</file_foto_1><file_foto_2>foto/030171277.jpg</file_foto_2><riwayat_pangkat><pangkat><pangkat>CAPEG I/B</pangkat><tmt_pkt>1983-03-01</tmt_pkt><no_skep>SKEP/1153/IV/1983</no_skep><tgl_skep>1983-04-12</tgl_skep></pangkat><pangkat><pangkat>JURU MUDA TK. I  I/B</pangkat><tmt_pkt>1984-04-01</tmt_pkt><no_skep>SKEP/166/17/III/1984</no_skep><tgl_skep>1984-03-14</tgl_skep></pangkat><pangkat><pangkat>JURU I/C</pangkat><tmt_pkt>1985-04-01</tmt_pkt><no_skep>SKEP/443/21/IX/1985</no_skep><tgl_skep>1985-09-25</tgl_skep></pangkat><pangkat><pangkat>JURU TK.I  I/D</pangkat><tmt_pkt>1991-04-01</tmt_pkt><no_skep>03-09/01859/KEP/IV/1991</no_skep><tgl_skep>1991-09-02</tgl_skep></pangkat><pangkat><pangkat>PENGATUR MUDA II/A</pangkat><tmt_pkt>1995-04-01</tmt_pkt><no_skep>03-09/02042/KEP/IV/1995</no_skep><tgl_skep>1995-03-16</tgl_skep></pangkat><pangkat><pangkat>PENGATUR MUDA TK.I  II/B</pangkat><tmt_pkt>1999-04-01</tmt_pkt><no_skep>SKEP/03-09.00/005/IV/1999</no_skep><tgl_skep>1999-03-22</tgl_skep></pangkat><pangkat><pangkat>PENGATUR II/C</pangkat><tmt_pkt>2006-03-09</tmt_pkt><no_skep>SKEP/156/III/2006</no_skep><tgl_skep>2006-03-09</tgl_skep></pangkat></riwayat_pangkat><riwayat_jabatan><jabatan><jabatan>SPRI KASUM ABRI</jabatan><tmt_jab>1985-07-16</tmt_jab><no_skep>SPRIN/892/VII/1985</no_skep><tgl_skep>1985-07-19</tgl_skep></jabatan><jabatan><jabatan>STAF DENMA MABES ABRI</jabatan><tmt_jab>1985-07-19</tmt_jab><no_skep>SPRIN/20/XII/87/SUM</no_skep><tgl_skep>1987-12-18</tgl_skep></jabatan><jabatan><jabatan>SATPAMWAL DENMA MABES ABRI</jabatan><tmt_jab>1987-11-18</tmt_jab><no_skep>SPRIN/37/I/1988</no_skep><tgl_skep>1988-01-16</tgl_skep></jabatan><jabatan><jabatan>Anggota Subbag Yanum Urdal Bagrumga Roum Setjen Dephan</jabatan><tmt_jab>2000-08-01</tmt_jab><no_skep>SKEP/682/VIII/2000</no_skep><tgl_skep>2000-08-11</tgl_skep></jabatan><jabatan><jabatan>ANGGOTA DEPHAN RI</jabatan><tmt_jab>2000-09-19</tmt_jab><no_skep>SPRIN/374/X/2000</no_skep><tgl_skep>2000-10-04</tgl_skep></jabatan><jabatan><jabatan>Anggota Taskar Bagpam Roum Setjen Dephan</jabatan><tmt_jab>2006-03-01</tmt_jab><no_skep>SKEP/161/III/2006</no_skep><tgl_skep>2006-03-10</tgl_skep></jabatan><jabatan><jabatan>Pemadam Kebakaran Subbagpampersmat Bagpam</jabatan><tmt_jab>2010-07-27</tmt_jab><no_skep>KEP/553/VII/2010</no_skep><tgl_skep>2010-07-28</tgl_skep></jabatan><jabatan><jabatan>PETUGAS PEMERIKSAAN SUBBAG PAMPERSMAT BAGPAM ROUM SETJEN KEMHAN</jabatan><tmt_jab>2014-12-31</tmt_jab><no_skep>KEP/1484/XIV/2014</no_skep><tgl_skep>2014-12-18</tgl_skep></jabatan></riwayat_jabatan><riwayat_pendidikan><pendidikan_umum><pendidikan><nama_dik>SEKOLAH DASAR</nama_dik><tahun_lulus>1977</tahun_lulus></pendidikan><pendidikan><nama_dik>SEKOLAH LANJUTAN TINGKAT PERTAMA (SLTP)</nama_dik><tahun_lulus>1981</tahun_lulus></pendidikan></pendidikan_umum><pendidikan_pembentukan><pendidikan><nama_dik>LATPRAJAB</nama_dik><tahun_lulus>1985</tahun_lulus></pendidikan></pendidikan_pembentukan></riwayat_pendidikan><riwayat_penugasan></riwayat_penugasan><riwayat_tanda_jasa></riwayat_tanda_jasa><riwayat_bahasa><bahasa><nama_bahasa>JAWA</nama_bahasa><keterangan>AKTIF</keterangan></bahasa><bahasa><nama_bahasa>INGGRIS</nama_bahasa><keterangan>PASIF</keterangan></bahasa><bahasa><nama_bahasa>INDONESIA</nama_bahasa><keterangan>AKTIF</keterangan></bahasa></riwayat_bahasa><riwayat_keluarga><keluarga><nama_keluarga>RUSLINDA SINAGA</nama_keluarga><jenis_kelamin>PEREMPUAN</jenis_kelamin><tgl_lahir>1965-05-22</tgl_lahir><hubungan>ISTRI</hubungan></keluarga><keluarga><nama_keluarga>KIKI PURWANTI</nama_keluarga><jenis_kelamin>PEREMPUAN</jenis_kelamin><tgl_lahir>1995-09-10</tgl_lahir><hubungan>ANAK</hubungan></keluarga><keluarga><nama_keluarga>PURWINDA LESTARI</nama_keluarga><jenis_kelamin>PEREMPUAN</jenis_kelamin><tgl_lahir>1995-09-29</tgl_lahir><hubungan>ANAK</hubungan></keluarga></riwayat_keluarga></personil_kemhan>
