<personil_kemhan><nopeg>197406042001122001</nopeg><nip>030245359</nip><nrp_nip>197406042001122001</nrp_nip><nama>MERY FAJAR NEVIA</nama><gelar>S.E</gelar><tempat_lahir>Tuntungan</tempat_lahir><tgl_lahir>1974-06-04</tgl_lahir><jenis_kelamin>PEREMPUAN</jenis_kelamin><unit_organisasi>U.O. KEMHAN</unit_organisasi><jenis_personil>PNS</jenis_personil><pangkat>PENATA MUDA III/A</pangkat><pangkat_corps>PENATA MUDA III/A </pangkat_corps><tmt_pangkat>2013-04-01</tmt_pangkat><angkatan_korps>PNS</angkatan_korps><sumber_pa_gol_3>PENYESUAIAN IJASAH</sumber_pa_gol_3><kategori_pangkat>III/A</kategori_pangkat><jabatan>PENGADMINISTRASI BAHAN MUTJABFUNG SUBBAGMUTJABFUNG BAG INDUK PNS</jabatan><satker>ROPEG SETJEN KEMHAN</satker><kode_jabatan>ANGGOTA</kode_jabatan><tmt_jabatan>2014-12-31</tmt_jabatan><eselon_jabatan>99</eselon_jabatan><kategori>ORGANIK</kategori><tmt_tni>2002-12-01</tmt_tni><tmt_kemhan>2001-12-01</tmt_kemhan><agama>PROTESTAN</agama><file_foto_1>foto/197406042001122001.jpg</file_foto_1><file_foto_2>foto/030245359.jpg</file_foto_2><riwayat_pangkat><pangkat><pangkat>CAPEG II/A</pangkat><tmt_pkt>2001-12-01</tmt_pkt><no_skep>667/V/2002</no_skep><tgl_skep>2002-05-31</tgl_skep></pangkat><pangkat><pangkat>PENGATUR MUDA II/A</pangkat><tmt_pkt>2002-12-01</tmt_pkt><no_skep>skep/1237/VII/2003</no_skep><tgl_skep>2003-07-18</tgl_skep></pangkat><pangkat><pangkat>PENGATUR MUDA TK.I  II/B</pangkat><tmt_pkt>2006-04-01</tmt_pkt><no_skep>SKEP/156/III/2006</no_skep><tgl_skep>2006-03-09</tgl_skep></pangkat><pangkat><pangkat>PENGATUR II/C</pangkat><tmt_pkt>2010-04-01</tmt_pkt><no_skep>KEP/153/III/2010</no_skep><tgl_skep>2010-03-12</tgl_skep></pangkat><pangkat><pangkat>PENATA MUDA III/A</pangkat><tmt_pkt>2013-04-01</tmt_pkt><no_skep>SPRIN/44/III/2013</no_skep><tgl_skep>2013-04-01</tgl_skep></pangkat></riwayat_pangkat><riwayat_jabatan><jabatan><jabatan>ANGGOTA SUBBAG KATJAB BAGINBIN PNS ROPEG SETJEN DEPHAN</jabatan><tmt_jab>2001-12-01</tmt_jab><no_skep>SKEP/667/V/2002</no_skep><tgl_skep>2001-12-01</tgl_skep></jabatan><jabatan><jabatan>TURTIK/OPR. KOMPUTER SUBBAGKATJAB BAGINBIN PNS ROPEG SETJEN DEPHAN</jabatan><tmt_jab>2005-03-01</tmt_jab><no_skep>SKEP/225/III/2005</no_skep><tgl_skep>2005-03-29</tgl_skep></jabatan><jabatan><jabatan>ANGGOTA SUBBAGMUTASI BAGINDUK PNS ROPEG SETJEN DEPHAN</jabatan><tmt_jab>2006-03-01</tmt_jab><no_skep>SKEP/201/III/2006</no_skep><tgl_skep>2006-03-27</tgl_skep></jabatan><jabatan><jabatan>Analis Kepegawaian Pelaksana Ropeg Setjen Dephan</jabatan><tmt_jab>2010-05-24</tmt_jab><no_skep>KEP MENHAN NOMOR : KEP/351/V/2010</no_skep><tgl_skep>2010-05-31</tgl_skep></jabatan><jabatan><jabatan>AGENDARIS BAGINDUK PNS ROPEG SETJEN KEMHAN</jabatan><tmt_jab>2011-04-01</tmt_jab><no_skep>Kep/281/IV/2011</no_skep><tgl_skep>2011-04-19</tgl_skep></jabatan><jabatan><jabatan>ANGGOTA ROPEG SETJEN KEMHAN</jabatan><tmt_jab>2013-07-17</tmt_jab><no_skep>KEP/718/vii/2013</no_skep><tgl_skep>2013-07-24</tgl_skep></jabatan><jabatan><jabatan>PENGADMINISTRASI BAHAN MUTJABFUNG BAG INDUK PNS ROPEG SETJEN KEMHAN</jabatan><tmt_jab>2014-04-01</tmt_jab><no_skep>KEP</no_skep><tgl_skep>2014-04-01</tgl_skep></jabatan><jabatan><jabatan>PENGADMINISTRASI BAHAN MUTJABFUNG SUBBAGMUTJABFUNG BAG INDUK PNS ROPEG SETJEN KEMHAN</jabatan><tmt_jab>2014-12-31</tmt_jab><no_skep>KEP/1485/XII/2014</no_skep><tgl_skep>2014-12-18</tgl_skep></jabatan></riwayat_jabatan><riwayat_pendidikan><pendidikan_umum><pendidikan><nama_dik>SEKOLAH DASAR</nama_dik><tahun_lulus>1986</tahun_lulus></pendidikan><pendidikan><nama_dik>SEKOLAH LANJUTAN TINGKAT PERTAMA (SLTP)</nama_dik><tahun_lulus>1989</tahun_lulus></pendidikan><pendidikan><nama_dik>SEKOLAH LANJUTAN TINGKAT ATAS (SLTA)</nama_dik><tahun_lulus>1992</tahun_lulus></pendidikan><pendidikan><nama_dik>SARJANA MUDA (D.III)</nama_dik><tahun_lulus>1997</tahun_lulus></pendidikan><pendidikan><nama_dik>SARJANA (S1)</nama_dik><tahun_lulus>2007</tahun_lulus></pendidikan><pendidikan><nama_dik>PASCA SARJANA (S2)</nama_dik><tahun_lulus>2015</tahun_lulus></pendidikan></pendidikan_umum><pendidikan_pembentukan><pendidikan><nama_dik>LATPRAJAB TK.I II</nama_dik><tahun_lulus>2003</tahun_lulus></pendidikan><pendidikan><nama_dik>SUS MINPEG TK II</nama_dik><tahun_lulus>2006</tahun_lulus></pendidikan><pendidikan><nama_dik>DIKLAT ANALIS KEPEGAWAIAN TK TRAMPIL</nama_dik><tahun_lulus>2010</tahun_lulus></pendidikan><pendidikan><nama_dik>DIKLAT TEKNIS KEPROTOKOLAN DAN MASTER OF CEREMONY (MC)</nama_dik><tahun_lulus>2012</tahun_lulus></pendidikan><pendidikan><nama_dik>TAR BELNEG</nama_dik><tahun_lulus>2013</tahun_lulus></pendidikan></pendidikan_pembentukan></riwayat_pendidikan><riwayat_penugasan></riwayat_penugasan><riwayat_tanda_jasa><tanda_jasa><nama_tanda_jasa>SATYALANCANA KARYA SATYA X TAHUN</nama_tanda_jasa><no_skep>KEPPRES NO. 62/TK/TAHUN 2012</no_skep><tgl_skep>2012-08-06</tgl_skep></tanda_jasa></riwayat_tanda_jasa><riwayat_bahasa></riwayat_bahasa><riwayat_keluarga><keluarga><nama_keluarga>CHARLES B. PANJAITAN</nama_keluarga><jenis_kelamin>LAKI-LAKI</jenis_kelamin><tgl_lahir>1976-10-10</tgl_lahir><hubungan>SUAMI</hubungan></keluarga><keluarga><nama_keluarga>JOSSIE MARGARETHA NATALIA P</nama_keluarga><jenis_kelamin>PEREMPUAN</jenis_kelamin><tgl_lahir>1999-12-23</tgl_lahir><hubungan>ANAK</hubungan></keluarga><keluarga><nama_keluarga>MARIA KASIH KECIA P</nama_keluarga><jenis_kelamin>PEREMPUAN</jenis_kelamin><tgl_lahir>2004-09-19</tgl_lahir><hubungan>ANAK</hubungan></keluarga><keluarga><nama_keluarga>JOSHUA EBENHAEZAR PANJAITAN</nama_keluarga><jenis_kelamin>LAKI-LAKI</jenis_kelamin><tgl_lahir>2011-11-29</tgl_lahir><hubungan>ANAK</hubungan></keluarga></riwayat_keluarga></personil_kemhan>
