<personil_kemhan><nopeg>197206182002121001</nopeg><nip>030247552</nip><nrp_nip>197206182002121001</nrp_nip><nama>SYARIFUDIN ALAMSYAH</nama><tempat_lahir>JAKARTA</tempat_lahir><tgl_lahir>1972-06-18</tgl_lahir><jenis_kelamin>LAKI-LAKI</jenis_kelamin><unit_organisasi>U.O. KEMHAN</unit_organisasi><jenis_personil>PNS</jenis_personil><pangkat>PENGATUR II/C</pangkat><pangkat_corps>PENGATUR II/C </pangkat_corps><tmt_pangkat>2011-04-01</tmt_pangkat><angkatan_korps>PNS</angkatan_korps><tmt_pa_gol_3>2002-12-01</tmt_pa_gol_3><kategori_pangkat>II/C</kategori_pangkat><jabatan>OPERATOR KOMPUTER SUBBAGUM BAG TU</jabatan><satker>PUSKOMPUBLIK KEMHAN</satker><kode_jabatan>ANGGOTA</kode_jabatan><tmt_jabatan>2011-04-01</tmt_jabatan><eselon_jabatan>99</eselon_jabatan><kategori>ORGANIK</kategori><tmt_tni>2004-09-01</tmt_tni><agama>ISLAM</agama><file_foto_1>foto/197206182002121001.jpg</file_foto_1><file_foto_2>foto/030247552.jpg</file_foto_2><riwayat_pangkat><pangkat><pangkat>CAPEG II/A</pangkat><tmt_pkt>2002-12-01</tmt_pkt><no_skep>SKEP/1021/VI/2003</no_skep><tgl_skep>2003-06-16</tgl_skep></pangkat><pangkat><pangkat>PENGATUR MUDA II/A</pangkat><tmt_pkt>2004-09-01</tmt_pkt><no_skep>SKEP/600/VIII/2004</no_skep><tgl_skep>2004-08-27</tgl_skep></pangkat><pangkat><pangkat>PENGATUR MUDA TK.I  II/B</pangkat><tmt_pkt>2007-04-01</tmt_pkt><no_skep>SKEP/174/III/2007</no_skep><tgl_skep>2007-03-09</tgl_skep></pangkat><pangkat><pangkat>PENGATUR II/C</pangkat><tmt_pkt>2011-04-01</tmt_pkt><no_skep>KEP/194/III/2011</no_skep><tgl_skep>2011-03-22</tgl_skep></pangkat></riwayat_pangkat><riwayat_jabatan><jabatan><jabatan>ANGGOTA KAPOKFUNG BIRO HUMAS</jabatan><tmt_jab>2003-06-25</tmt_jab><no_skep>SPRIN/19/VI/2003</no_skep><tgl_skep>2003-06-25</tgl_skep></jabatan><jabatan><jabatan>Anggota Turmin Bag Bitaka Rohumas Setjen Dephan</jabatan><tmt_jab>2005-05-02</tmt_jab><no_skep>SKEP/319/V/2005</no_skep><tgl_skep>2005-04-02</tgl_skep></jabatan><jabatan><jabatan>Anggota Subbag Huborpem Bag Hublem Rohumas Setjen Dephan</jabatan><tmt_jab>2006-05-05</tmt_jab><no_skep>SKEP/309/V/2006</no_skep><tgl_skep>2006-05-05</tgl_skep></jabatan><jabatan><jabatan>Anggota Subbag Minro Bag Hublem Rohumas Setjen Dephan</jabatan><tmt_jab>2009-06-24</tmt_jab><no_skep>SPRIN/56/VI/2009</no_skep><tgl_skep>2009-06-24</tgl_skep></jabatan><jabatan><jabatan>OPERATOR KOMPUTER SUBBAGUM BAG TU PUSKOMPUBLIK KEMHAN</jabatan><tmt_jab>2011-04-01</tmt_jab><no_skep>SPRIN/68/VI/2011</no_skep><tgl_skep>2011-06-13</tgl_skep></jabatan><jabatan><jabatan>OPERATOR KOMPUTER BAG TU</jabatan><tmt_jab>2014-11-26</tmt_jab><no_skep>KEP/1357/XI/2014</no_skep><tgl_skep>2014-11-24</tgl_skep></jabatan><jabatan><jabatan>OPERATOR KOMPUTER SUBBAG TU BAG TU PUSKOM PUBLIK</jabatan><tmt_jab>2014-12-31</tmt_jab><no_skep>KEP/1510/XII/2014</no_skep><tgl_skep>2014-12-18</tgl_skep></jabatan></riwayat_jabatan><riwayat_pendidikan><pendidikan_umum><pendidikan><nama_dik>SEKOLAH DASAR</nama_dik><tahun_lulus>1986</tahun_lulus></pendidikan><pendidikan><nama_dik>SEKOLAH LANJUTAN TINGKAT PERTAMA (SLTP)</nama_dik><tahun_lulus>1989</tahun_lulus></pendidikan><pendidikan><nama_dik>SEKOLAH LANJUTAN TINGKAT ATAS (SLTA)</nama_dik><tahun_lulus>1992</tahun_lulus></pendidikan></pendidikan_umum><pendidikan_pembentukan><pendidikan><nama_dik>SUS MIKRO KOMPUTER</nama_dik><tahun_lulus>1998</tahun_lulus></pendidikan><pendidikan><nama_dik>LATPRAJAB</nama_dik><tahun_lulus>2004</tahun_lulus></pendidikan><pendidikan><nama_dik>SUS JURMINKU PNS TNI</nama_dik><tahun_lulus>2009</tahun_lulus></pendidikan><pendidikan><nama_dik>DIKLAT TEKNISI KOMPUTER GEL.I</nama_dik><tahun_lulus>2011</tahun_lulus></pendidikan><pendidikan><nama_dik>Dik Bela Negara</nama_dik><tahun_lulus>2014</tahun_lulus></pendidikan></pendidikan_pembentukan></riwayat_pendidikan><riwayat_penugasan></riwayat_penugasan><riwayat_tanda_jasa><tanda_jasa><nama_tanda_jasa>SATYALANCANA KARYA SATYA X TAHUN</nama_tanda_jasa><no_skep>KEPPRES/104/TK/TAHUN 2013</no_skep><tgl_skep>2013-12-30</tgl_skep></tanda_jasa></riwayat_tanda_jasa><riwayat_bahasa></riwayat_bahasa><riwayat_keluarga><keluarga><nama_keluarga>IR. EKA NURCAHYA</nama_keluarga><jenis_kelamin>PEREMPUAN</jenis_kelamin><tgl_lahir>1973-01-23</tgl_lahir><hubungan>ISTRI</hubungan></keluarga><keluarga><nama_keluarga>RAFLI MAURIDZA</nama_keluarga><jenis_kelamin>LAKI-LAKI</jenis_kelamin><tgl_lahir>2000-06-16</tgl_lahir><hubungan>ANAK</hubungan></keluarga><keluarga><nama_keluarga>TALITHA MARITZA</nama_keluarga><jenis_kelamin>PEREMPUAN</jenis_kelamin><tgl_lahir>2005-04-10</tgl_lahir><hubungan>ANAK</hubungan></keluarga></riwayat_keluarga></personil_kemhan>
