<personil_kemhan><nopeg>197003221992031001</nopeg><nip>030218055</nip><nrp_nip>197003221992031001</nrp_nip><nama>M. SYARIFUDDIN</nama><gelar>S.E</gelar><tempat_lahir>JAKARTA</tempat_lahir><tgl_lahir>1970-03-22</tgl_lahir><jenis_kelamin>LAKI-LAKI</jenis_kelamin><unit_organisasi>U.O. KEMHAN</unit_organisasi><jenis_personil>PNS</jenis_personil><pangkat>PENATA TK.I III/D</pangkat><pangkat_corps>PENATA TK.I III/D </pangkat_corps><tmt_pangkat>2010-10-01</tmt_pangkat><angkatan_korps>PNS</angkatan_korps><sumber_pa_gol_3>PENYESUAIAN IJASAH</sumber_pa_gol_3><tmt_pa_gol_3>1998-10-01</tmt_pa_gol_3><kategori_pangkat>III/D</kategori_pangkat><jabatan>PENYUSUN BAHAN ADMINISTRASI PENGADAAN SUBBAG BMN BAG FASBANG ROUM</jabatan><satker>ROUM SETJEN KEMHAN</satker><kode_jabatan>FUNGSIONAL</kode_jabatan><tmt_jabatan>2014-12-31</tmt_jabatan><eselon_jabatan>99</eselon_jabatan><kategori>ORGANIK</kategori><tmt_tni>1993-11-01</tmt_tni><tmt_kemhan>1992-03-01</tmt_kemhan><agama>ISLAM</agama><file_foto_1>foto/197003221992031001.jpg</file_foto_1><file_foto_2>foto/030218055.jpg</file_foto_2><riwayat_pangkat><pangkat><pangkat>CAPEG II/A</pangkat><tmt_pkt>1992-03-01</tmt_pkt><no_skep>SKEP/829/VI/1992</no_skep><tgl_skep>1992-06-30</tgl_skep></pangkat><pangkat><pangkat>PENGATUR MUDA II/A</pangkat><tmt_pkt>1993-11-01</tmt_pkt><no_skep>SKEP/2820/X/1993</no_skep><tgl_skep>1993-10-27</tgl_skep></pangkat><pangkat><pangkat>PENGATUR MUDA TK.I  II/B</pangkat><tmt_pkt>1996-04-01</tmt_pkt><no_skep>03-09/000007/KEP/IV/1996</no_skep><tgl_skep>1996-04-18</tgl_skep></pangkat><pangkat><pangkat>PENATA MUDA III/A</pangkat><tmt_pkt>1998-10-01</tmt_pkt><no_skep>SKEP/1317/XI/1998</no_skep><tgl_skep>1998-11-18</tgl_skep></pangkat><pangkat><pangkat>PENATA MUDA TK.I III/B</pangkat><tmt_pkt>2002-10-01</tmt_pkt><no_skep>SKEP/69/I/2003</no_skep><tgl_skep>2003-01-15</tgl_skep></pangkat><pangkat><pangkat>PENATA III/C</pangkat><tmt_pkt>2006-10-01</tmt_pkt><no_skep>SKEP/619/VIII/2006</no_skep><tgl_skep>2006-08-24</tgl_skep></pangkat><pangkat><pangkat>PENATA TK.I III/D</pangkat><tmt_pkt>2010-10-01</tmt_pkt><no_skep>KEP MENHAN NOMOR : KEP/642/IX/2010</no_skep><tgl_skep>2010-09-14</tgl_skep></pangkat></riwayat_pangkat><riwayat_jabatan><jabatan><jabatan>ANGG BAG BEKHAR ROUM</jabatan><tmt_jab>1992-03-01</tmt_jab><no_skep>SKEP/829/VI/1992</no_skep><tgl_skep>1992-06-30</tgl_skep></jabatan><jabatan><jabatan>ANGG RENPROGGAR ROUM</jabatan><tmt_jab>1993-06-17</tmt_jab><no_skep>SPRIN/1286/VI/1993</no_skep><tgl_skep>1993-06-24</tgl_skep></jabatan><jabatan><jabatan>PEMB.SUBBAG TK III/ARSIP SUBBAG RENMINRO ROUM</jabatan><tmt_jab>2000-01-01</tmt_jab><no_skep>SKEP/053/I/2000</no_skep><tgl_skep>2000-01-28</tgl_skep></jabatan><jabatan><jabatan>PSB TK III/MINU SUBBAG RENMINRO</jabatan><tmt_jab>2000-10-01</tmt_jab><no_skep>SKEP/998/X/2000</no_skep><tgl_skep>2000-10-03</tgl_skep></jabatan><jabatan><jabatan>PSB TK II/RUMGA SUBBAGRENMINRO BAGPAM ROUM</jabatan><tmt_jab>2001-03-01</tmt_jab><no_skep>SKEP/316/IV/2001</no_skep><tgl_skep>2001-04-11</tgl_skep></jabatan><jabatan><jabatan>AJUN ARSIPARIS MADYA</jabatan><tmt_jab>2001-12-01</tmt_jab><no_skep>SKEP/1016/IV/2001</no_skep><tgl_skep>2001-12-24</tgl_skep></jabatan><jabatan><jabatan>ANGGOTA SUBBAGMINRO BAGPAM ROUM SETJEN DEPHAN</jabatan><tmt_jab>2005-06-01</tmt_jab><no_skep>SKEP/492/VI/2005</no_skep><tgl_skep>2005-06-20</tgl_skep></jabatan><jabatan><jabatan>Anggota Subbag Minro Bagpam Roum Setjen Dephan</jabatan><tmt_jab>2006-08-01</tmt_jab><no_skep>SKEP/550/VIII/2006</no_skep><tgl_skep>2006-08-03</tgl_skep></jabatan><jabatan><jabatan>PENGOLAH ADMINISTRASI KERUMAHTANGGAAN SUBBAGMINRO BAGPAM ROUM SETJEN KEMHAN</jabatan><tmt_jab>2010-07-27</tmt_jab><no_skep>KEP/553/VII/2010</no_skep><tgl_skep>2010-07-28</tgl_skep></jabatan><jabatan><jabatan>PENGOLAH SIMAK BMN SUBBAG TU BIRO BAGPAM ROUM SETJEN KEMHAN</jabatan><tmt_jab>2011-04-01</tmt_jab><no_skep>KEP/285/IV/2011</no_skep><tgl_skep>2011-04-19</tgl_skep></jabatan><jabatan><jabatan>PENYUSUN BAHAN ADMINISTRASI PENGADAAN SUBBAG BMN BAG FASBANG ROUM ROUM SETJEN KEMHAN</jabatan><tmt_jab>2014-12-31</tmt_jab><no_skep>KEP/1484/XII/2014</no_skep><tgl_skep>2014-12-18</tgl_skep></jabatan></riwayat_jabatan><riwayat_pendidikan><pendidikan_umum><pendidikan><nama_dik>SEKOLAH DASAR</nama_dik><tahun_lulus>1984</tahun_lulus></pendidikan><pendidikan><nama_dik>SEKOLAH MENENGAH PERTAMA (SMP)</nama_dik><tahun_lulus>1987</tahun_lulus></pendidikan><pendidikan><nama_dik>SEKOLAH MENENGAH ATAS (SMA)</nama_dik><tahun_lulus>1990</tahun_lulus></pendidikan><pendidikan><nama_dik>SARJANA (S1)</nama_dik><tahun_lulus>1997</tahun_lulus></pendidikan></pendidikan_umum><pendidikan_pembentukan><pendidikan><nama_dik>LATPRAJAB TK II</nama_dik><tahun_lulus>1992</tahun_lulus></pendidikan><pendidikan><nama_dik>SUS KOMPUTER TERPADU</nama_dik><tahun_lulus>1997</tahun_lulus></pendidikan><pendidikan><nama_dik>ADUM</nama_dik><tahun_lulus>1999</tahun_lulus></pendidikan><pendidikan><nama_dik>SUS ARSIP TINGKAT AHLI (ANRI)</nama_dik><tahun_lulus>2004</tahun_lulus></pendidikan><pendidikan><nama_dik>SUS OTOMOTIF</nama_dik><tahun_lulus>2009</tahun_lulus></pendidikan><pendidikan><nama_dik>SUSJEMEN ADA DAN PBMN ANGKATAN XXIV</nama_dik><tahun_lulus>2013</tahun_lulus></pendidikan></pendidikan_pembentukan></riwayat_pendidikan><riwayat_penugasan></riwayat_penugasan><riwayat_tanda_jasa><tanda_jasa><nama_tanda_jasa>SATYALANCANA KARYA SATYA X TAHUN</nama_tanda_jasa><no_skep>KEPPRES NO. 079/TK/tahun 2005</no_skep><tgl_skep>2005-10-10</tgl_skep></tanda_jasa><tanda_jasa><nama_tanda_jasa>SATYALANCANA KARYA SATYA XX TAHUN</nama_tanda_jasa><no_skep>KEPPRES/14/TK/TAHUN 2013</no_skep><tgl_skep>2013-04-09</tgl_skep></tanda_jasa></riwayat_tanda_jasa><riwayat_bahasa><bahasa><nama_bahasa>SUNDA</nama_bahasa><keterangan>AKTIF</keterangan></bahasa><bahasa><nama_bahasa>INGGRIS</nama_bahasa><keterangan>PASIF</keterangan></bahasa><bahasa><nama_bahasa>INDONESIA</nama_bahasa><keterangan>AKTIF</keterangan></bahasa></riwayat_bahasa><riwayat_keluarga><keluarga><nama_keluarga>SUDIYATI</nama_keluarga><jenis_kelamin>PEREMPUAN</jenis_kelamin><tgl_lahir>1971-01-16</tgl_lahir><hubungan>ISTRI</hubungan></keluarga><keluarga><nama_keluarga>M ZAINUL ARIFIN</nama_keluarga><jenis_kelamin>LAKI-LAKI</jenis_kelamin><tgl_lahir>1999-10-29</tgl_lahir><hubungan>ANAK</hubungan></keluarga><keluarga><nama_keluarga>M. FAHRI</nama_keluarga><jenis_kelamin>LAKI-LAKI</jenis_kelamin><tgl_lahir>2012-01-24</tgl_lahir><hubungan>ANAK</hubungan></keluarga></riwayat_keluarga></personil_kemhan>
