<personil_kemhan><nopeg>197304042001122001</nopeg><nip>030245347</nip><nrp_nip>197304042001122001</nrp_nip><nama>SUTRIMA</nama><tempat_lahir>Jakarta</tempat_lahir><tgl_lahir>1973-04-04</tgl_lahir><jenis_kelamin>PEREMPUAN</jenis_kelamin><unit_organisasi>U.O. KEMHAN</unit_organisasi><jenis_personil>PNS</jenis_personil><pangkat>PENGATUR TK.I II/D</pangkat><pangkat_corps>PENGATUR TK.I II/D </pangkat_corps><tmt_pangkat>2014-04-01</tmt_pangkat><angkatan_korps>PNS</angkatan_korps><kategori_pangkat>II/C</kategori_pangkat><jabatan>OPERATOR KOMPUTER SUBBAG ANALISIS HUKUM BAG HATKUM</jabatan><satker>ROKUM SETJEN KEMHAN</satker><kode_jabatan>ANGGOTA</kode_jabatan><tmt_jabatan>2014-12-31</tmt_jabatan><eselon_jabatan>99</eselon_jabatan><kategori>ORGANIK</kategori><tmt_tni>2002-12-01</tmt_tni><tmt_kemhan>2001-12-01</tmt_kemhan><agama>ISLAM</agama><file_foto_1>foto/197304042001122001.jpg</file_foto_1><file_foto_2>foto/030245347.jpg</file_foto_2><riwayat_pangkat><pangkat><pangkat>CAPEG II/A</pangkat><tmt_pkt>2001-12-01</tmt_pkt><no_skep>SKEP/690/V/2002</no_skep><tgl_skep>2002-05-31</tgl_skep></pangkat><pangkat><pangkat>PENGATUR MUDA II/A</pangkat><tmt_pkt>2002-12-01</tmt_pkt><no_skep>SKEP/1237/VII/2003</no_skep><tgl_skep>2003-07-18</tgl_skep></pangkat><pangkat><pangkat>PENGATUR MUDA TK.I  II/B</pangkat><tmt_pkt>2006-04-01</tmt_pkt><no_skep>SKEP/156/III/2006</no_skep><tgl_skep>2006-03-09</tgl_skep></pangkat><pangkat><pangkat>PENGATUR II/C</pangkat><tmt_pkt>2010-04-01</tmt_pkt><no_skep>KEP/153/III/2010</no_skep><tgl_skep>2010-03-12</tgl_skep></pangkat><pangkat><pangkat>PENGATUR TK.I II/D</pangkat><tmt_pkt>2014-04-01</tmt_pkt><no_skep>SPRIN/273/III/2014</no_skep><tgl_skep>2014-03-27</tgl_skep></pangkat></riwayat_pangkat><riwayat_jabatan><jabatan><jabatan>ANGGOTA PRIMKOP  SETJEN DEPHAN</jabatan><tmt_jab>2002-06-28</tmt_jab><no_skep>SPRINT/272/VI/2002</no_skep><tgl_skep>2002-06-28</tgl_skep></jabatan><jabatan><jabatan>Anggota Subbag Jah Bag Watpeg Ropeg Setjen Dephan</jabatan><tmt_jab>2006-03-01</tmt_jab><no_skep>???</no_skep><tgl_skep>2006-03-01</tgl_skep></jabatan><jabatan><jabatan>AGENDARIS SUBBAGMINRO BAGADABANGPEG ROPEG SETJEN KEMHAN</jabatan><tmt_jab>2010-05-17</tmt_jab><no_skep>KEP/321/V/2010</no_skep><tgl_skep>2010-05-17</tgl_skep></jabatan><jabatan><jabatan>OPERATOR KOMPUTER BAG BANKUM ROKUM SETJEN KEMHAN</jabatan><tmt_jab>2011-04-01</tmt_jab><no_skep>KEP/284/IV/2011</no_skep><tgl_skep>2011-04-19</tgl_skep></jabatan><jabatan><jabatan>SEKRETARIS KARO SUBBAG TU BIRO BAG HATKUM ROKUM SETJEN KEMHAN</jabatan><tmt_jab>2013-10-30</tmt_jab><no_skep>Kep/1108/X/2013</no_skep><tgl_skep>2013-10-31</tgl_skep></jabatan><jabatan><jabatan>OPERATOR KOMPUTER SUBBAG ANALISIS HUKUM BAG HATKUM ROKUM SETJEN KEMHAN</jabatan><tmt_jab>2014-12-31</tmt_jab><no_skep>KEP/1485/XII/2014</no_skep><tgl_skep>2014-12-18</tgl_skep></jabatan></riwayat_jabatan><riwayat_pendidikan><pendidikan_umum><pendidikan><nama_dik>SEKOLAH DASAR</nama_dik><tahun_lulus>1986</tahun_lulus></pendidikan><pendidikan><nama_dik>SEKOLAH LANJUTAN TINGKAT PERTAMA (SLTP)</nama_dik><tahun_lulus>1989</tahun_lulus></pendidikan><pendidikan><nama_dik>SEKOLAH LANJUTAN TINGKAT ATAS (SLTA)</nama_dik><tahun_lulus>1992</tahun_lulus></pendidikan></pendidikan_umum><pendidikan_pembentukan><pendidikan><nama_dik>SUS MINU TK.II DEPHAN</nama_dik><tahun_lulus>2004</tahun_lulus></pendidikan></pendidikan_pembentukan></riwayat_pendidikan><riwayat_penugasan></riwayat_penugasan><riwayat_tanda_jasa></riwayat_tanda_jasa><riwayat_bahasa><bahasa><nama_bahasa>JAWA</nama_bahasa><keterangan>AKTIF</keterangan></bahasa><bahasa><nama_bahasa>INDONESIA</nama_bahasa><keterangan>AKTIF</keterangan></bahasa></riwayat_bahasa><riwayat_keluarga><keluarga><nama_keluarga>M. KODRAT</nama_keluarga><jenis_kelamin>LAKI-LAKI</jenis_kelamin><tgl_lahir>1973-06-21</tgl_lahir><hubungan>SUAMI</hubungan></keluarga><keluarga><nama_keluarga>MELMA YANINA EMKA</nama_keluarga><jenis_kelamin>PEREMPUAN</jenis_kelamin><tgl_lahir>2000-08-27</tgl_lahir><hubungan>ANAK</hubungan></keluarga><keluarga><nama_keluarga>MACHDIFAKA EMKA</nama_keluarga><jenis_kelamin>LAKI-LAKI</jenis_kelamin><tgl_lahir>2006-02-24</tgl_lahir><hubungan>ANAK</hubungan></keluarga></riwayat_keluarga></personil_kemhan>
