<personil_kemhan><nopeg>31845</nopeg><nip>31845</nip><nrp_nip>31845</nrp_nip><nama>BAMBANG HARYANTO</nama><gelar>Drs.</gelar><tempat_lahir>BANJARNEGARA</tempat_lahir><tgl_lahir>1957-08-14</tgl_lahir><jenis_kelamin>LAKI-LAKI</jenis_kelamin><unit_organisasi>U.O. KEMHAN</unit_organisasi><jenis_personil>TNI</jenis_personil><pangkat>KOLONEL</pangkat><pangkat_corps>KOLONEL CAJ</pangkat_corps><tmt_pangkat>2010-04-01</tmt_pangkat><angkatan_korps>TNI AD</angkatan_korps><sumber_pa_gol_3>SEPAMILWA</sumber_pa_gol_3><tmt_pa_gol_3>1984-06-21</tmt_pa_gol_3><kategori_pangkat>KOLONEL</kategori_pangkat><jabatan>PAMEN (KA PUSKOP)</jabatan><satker>ROUM SETJEN KEMHAN</satker><kode_jabatan>STRUKTURAL</kode_jabatan><tmt_jabatan>2012-05-09</tmt_jabatan><eselon_jabatan>III</eselon_jabatan><kategori>ORGANIK</kategori><tmt_tni>1984-06-21</tmt_tni><tmt_kemhan>1995-04-01</tmt_kemhan><agama>ISLAM</agama><file_foto_1>foto/31845.jpg</file_foto_1><file_foto_2>foto/31845.jpg</file_foto_2><riwayat_pangkat><pangkat><pangkat>LETTU</pangkat><tmt_pkt>1984-06-21</tmt_pkt><no_skep>27/ABRI/1984</no_skep><tgl_skep>1984-06-20</tgl_skep></pangkat><pangkat><pangkat>KAPTEN</pangkat><tmt_pkt>1991-04-01</tmt_pkt><no_skep>SKEP//118/III/1991</no_skep><tgl_skep>1991-03-22</tgl_skep></pangkat><pangkat><pangkat>MAYOR</pangkat><tmt_pkt>1995-10-01</tmt_pkt><no_skep>SKEP/373/IX/1995</no_skep><tgl_skep>1995-09-25</tgl_skep></pangkat><pangkat><pangkat>LETKOL</pangkat><tmt_pkt>2001-10-01</tmt_pkt><no_skep>SKEP/245/IX/2001</no_skep><tgl_skep>2001-09-24</tgl_skep></pangkat><pangkat><pangkat>KOLONEL</pangkat><tmt_pkt>2010-04-01</tmt_pkt><no_skep>KEPPRES RI NO 10/TNI/2010</no_skep><tgl_skep>2010-03-25</tgl_skep></pangkat></riwayat_pangkat><riwayat_jabatan><jabatan><jabatan>KAURTAP PERSSIP SIMINPERSSIP</jabatan><tmt_jab>1984-07-01</tmt_jab><no_skep>SKEP-J/122/X/1984</no_skep><tgl_skep>1984-10-20</tgl_skep></jabatan><jabatan><jabatan>KAURBINKAR PERSSIP SIMINPERSSIP</jabatan><tmt_jab>1985-12-01</tmt_jab><no_skep>SKEP-J/126/XII/1985</no_skep><tgl_skep>1985-12-31</tgl_skep></jabatan><jabatan><jabatan>KAURYANPERS SIMINPERSMIL</jabatan><tmt_jab>1991-02-01</tmt_jab><tgl_skep>1991-01-28</tgl_skep></jabatan><jabatan><jabatan>PSB TK I/PATJAB SUBBAGMUTASI BAGPERS ROUM SETJEN DEPHAN</jabatan><tmt_jab>1995-04-01</tmt_jab><tgl_skep>1995-04-01</tgl_skep></jabatan><jabatan><jabatan>PS KASUBBAGMUTASI BAGPERS ROUM SETJEN DEPHANKAM</jabatan><tmt_jab>1998-04-01</tmt_jab><no_skep>SKEP/123/III/1998</no_skep><tgl_skep>1998-04-01</tgl_skep></jabatan><jabatan><jabatan>KASUBBAG MUTASI BAGPERS ROUM SETJEN DEPHAN</jabatan><tmt_jab>1999-03-15</tmt_jab><no_skep>SKEP/161/III/1999</no_skep><tgl_skep>1999-03-01</tgl_skep></jabatan><jabatan><jabatan>KASUBBAGPATJAB BAGBINKARPEG ROPEG</jabatan><tmt_jab>2001-03-01</tmt_jab><no_skep>SKEP/191/III/2001</no_skep><tgl_skep>2001-03-01</tgl_skep></jabatan><jabatan><jabatan>KASUBBAGJAB BAGKARPEG ROPEG</jabatan><tmt_jab>2006-01-01</tmt_jab><no_skep>SKEP/1097/XII/2005</no_skep><tgl_skep>2005-12-28</tgl_skep></jabatan><jabatan><jabatan>Kasubbag Minro Bagpam Roum Setjen Dephan</jabatan><tmt_jab>2007-04-01</tmt_jab><tgl_skep>2007-04-01</tgl_skep></jabatan><jabatan><jabatan>Kasubbag Minro Bagpam</jabatan><tmt_jab>2007-05-01</tmt_jab><no_skep>SKEP /353/V/2007</no_skep><tgl_skep>2007-05-03</tgl_skep></jabatan><jabatan><jabatan>Tenaga Fungsional Gol. IV Roum Setjen Dephan</jabatan><tmt_jab>2009-09-29</tmt_jab><no_skep>KEP MENHAN NO : KEP/174/IX/2009</no_skep><tgl_skep>2009-09-29</tgl_skep></jabatan><jabatan><jabatan>ANALIS MADYA BIDANG FASBANG ROUM SETJEN KEMHAN</jabatan><tmt_jab>2011-05-09</tmt_jab><tgl_skep>2010-09-27</tgl_skep></jabatan><jabatan><jabatan>KA PUSKOP PUSKOP SETJEN KEMHAN</jabatan><tmt_jab>2011-07-01</tmt_jab><no_skep>KEP NOMOR</no_skep><tgl_skep>2011-07-01</tgl_skep></jabatan></riwayat_jabatan><riwayat_pendidikan><pendidikan_umum><pendidikan><nama_dik>SEKOLAH DASAR</nama_dik><tahun_lulus>1969</tahun_lulus></pendidikan><pendidikan><nama_dik>SEKOLAH MENENGAH PERTAMA (SMP)</nama_dik><tahun_lulus>1972</tahun_lulus></pendidikan><pendidikan><nama_dik>SEKOLAH MENENGAH ATAS (SMA)</nama_dik><tahun_lulus>1975</tahun_lulus></pendidikan><pendidikan><nama_dik>SARJANA (S1)</nama_dik><tahun_lulus>1983</tahun_lulus></pendidikan></pendidikan_umum><pendidikan_pembentukan><pendidikan><nama_dik>SEPAMILWA</nama_dik><tahun_lulus>1984</tahun_lulus></pendidikan><pendidikan><nama_dik>SUS PA AJEN</nama_dik><tahun_lulus>1987</tahun_lulus></pendidikan><pendidikan><nama_dik>SEKALIHPA</nama_dik><tahun_lulus>1990</tahun_lulus></pendidikan><pendidikan><nama_dik>DIK LAPA 1</nama_dik><tahun_lulus>1994</tahun_lulus></pendidikan><pendidikan><nama_dik>SUS LAPA AJEN</nama_dik><tahun_lulus>1995</tahun_lulus></pendidikan><pendidikan><nama_dik>SUSJURPA MINPERS</nama_dik><tahun_lulus>1995</tahun_lulus></pendidikan><pendidikan><nama_dik>WORKSHOP ESL. IV GEL. V TGL. 3 s.d. 4 OKT 2007</nama_dik><tahun_lulus>2007</tahun_lulus></pendidikan><pendidikan><nama_dik>SERTIFIKASI PENGADAAN BARANG DAN JASA PEMERINTAH</nama_dik><tahun_lulus>2008</tahun_lulus></pendidikan><pendidikan><nama_dik>SUSWASRIK</nama_dik><tahun_lulus>2009</tahun_lulus></pendidikan><pendidikan><nama_dik>SERTIFIKASI PENGADAAN BARANG DAN JASA 4 TAHUN</nama_dik><tahun_lulus>2011</tahun_lulus></pendidikan></pendidikan_pembentukan></riwayat_pendidikan><riwayat_penugasan></riwayat_penugasan><riwayat_tanda_jasa><tanda_jasa><nama_tanda_jasa>SATYALANCANA DWIDYA SISTHA</nama_tanda_jasa><tgl_skep>1992-01-01</tgl_skep></tanda_jasa><tanda_jasa><nama_tanda_jasa>SATYALANCANA KESETIAAN VIII TAHUN</nama_tanda_jasa><no_skep>SKEP/159/V/1993</no_skep><tgl_skep>1993-05-18</tgl_skep></tanda_jasa><tanda_jasa><nama_tanda_jasa>SATYALANCANA KESETIAAN XVI TAHUN</nama_tanda_jasa><no_skep>skep/293/IX/2002</no_skep><tgl_skep>2002-09-04</tgl_skep></tanda_jasa><tanda_jasa><nama_tanda_jasa>SATYALANCANA KESETIAAN XXIV TAHUN</nama_tanda_jasa><no_skep>Skep/269/XI/2009</no_skep><tgl_skep>2009-11-03</tgl_skep></tanda_jasa><tanda_jasa><nama_tanda_jasa>BINTANG KARTIKA EKA PAKSI NARARYA</nama_tanda_jasa><no_skep>Keppres 13/TY/Tahun 2011</no_skep><tgl_skep>2011-03-09</tgl_skep></tanda_jasa><tanda_jasa><nama_tanda_jasa>BINTANG YUDHA DHARMA NARARYA</nama_tanda_jasa><no_skep>KEPPRES RI/7/TK/TAHUN 2013</no_skep><tgl_skep>2013-02-13</tgl_skep></tanda_jasa></riwayat_tanda_jasa><riwayat_bahasa><bahasa><nama_bahasa>JAWA</nama_bahasa><keterangan>AKTIF</keterangan></bahasa><bahasa><nama_bahasa>INGGRIS</nama_bahasa><keterangan>PASIF</keterangan></bahasa><bahasa><nama_bahasa>INDONESIA</nama_bahasa><keterangan>AKTIF</keterangan></bahasa></riwayat_bahasa><riwayat_keluarga><keluarga><nama_keluarga>TULUS SUPRIKHATI</nama_keluarga><jenis_kelamin>PEREMPUAN</jenis_kelamin><tgl_lahir>1962-04-28</tgl_lahir><hubungan>ISTRI</hubungan></keluarga><keluarga><nama_keluarga>BRAM RIZKA ADITIA</nama_keluarga><jenis_kelamin>LAKI-LAKI</jenis_kelamin><tgl_lahir>1985-04-23</tgl_lahir><hubungan>ANAK</hubungan></keluarga><keluarga><nama_keluarga>GALIH WARDHANA</nama_keluarga><jenis_kelamin>LAKI-LAKI</jenis_kelamin><tgl_lahir>1988-05-10</tgl_lahir><hubungan>ANAK</hubungan></keluarga><keluarga><nama_keluarga>HERMAWAN SADEWA</nama_keluarga><jenis_kelamin>LAKI-LAKI</jenis_kelamin><tgl_lahir>1991-10-04</tgl_lahir><hubungan>ANAK</hubungan></keluarga><keluarga><nama_keluarga>ARDHIAN SASMITA</nama_keluarga><jenis_kelamin>LAKI-LAKI</jenis_kelamin><tgl_lahir>1991-10-04</tgl_lahir><hubungan>ANAK</hubungan></keluarga></riwayat_keluarga></personil_kemhan>
