<personil_kemhan><nopeg>2193003452</nopeg><nip>2193003452</nip><nrp_nip>2193003452</nrp_nip><nama>DADANG HERMANA</nama><tempat_lahir>Bandung</tempat_lahir><tgl_lahir>1973-04-26</tgl_lahir><jenis_kelamin>LAKI-LAKI</jenis_kelamin><unit_organisasi>U.O. KEMHAN</unit_organisasi><jenis_personil>TNI</jenis_personil><pangkat>LETTU</pangkat><pangkat_corps>LETTU CPL</pangkat_corps><tmt_pangkat>2013-04-01</tmt_pangkat><angkatan_korps>TNI AD</angkatan_korps><sumber_pa_gol_3>SECAPA REG</sumber_pa_gol_3><tmt_pa_gol_3>2009-12-07</tmt_pa_gol_3><kategori_pangkat>LETTU</kategori_pangkat><jabatan>PENGOLAH BAHAN PROGAR BELANJA PEGAWAI DAN BELANJA MODAL SUBBAG PROGAR BAGRENGAR</jabatan><satker>ROREN SETJEN KEMHAN</satker><kode_jabatan>ANGGOTA</kode_jabatan><tmt_jabatan>2014-12-31</tmt_jabatan><eselon_jabatan>99</eselon_jabatan><kategori>ORGANIK</kategori><tmt_tni>1992-04-01</tmt_tni><tmt_kemhan>1999-02-01</tmt_kemhan><agama>ISLAM</agama><file_foto_1>foto/2193003452.jpg</file_foto_1><file_foto_2>foto/2193003452.jpg</file_foto_2><riwayat_pangkat><pangkat><pangkat>SERDA</pangkat><tmt_pkt>1993-02-01</tmt_pkt><no_skep>KEP/1188-21/II/1993</no_skep><tgl_skep>00000-00-00</tgl_skep></pangkat><pangkat><pangkat>SERTU</pangkat><tmt_pkt>1997-10-01</tmt_pkt><no_skep>SKEP/162-02/IX/1997</no_skep><tgl_skep>1997-09-15</tgl_skep></pangkat><pangkat><pangkat>SERKA</pangkat><tmt_pkt>2001-10-01</tmt_pkt><no_skep>SKEP/3522-21/IX/2001</no_skep><tgl_skep>2001-09-03</tgl_skep></pangkat><pangkat><pangkat>SERMA</pangkat><tmt_pkt>2006-10-01</tmt_pkt><no_skep>SKEP/1147-21/IX/2006</no_skep><tgl_skep>2006-09-15</tgl_skep></pangkat><pangkat><pangkat>LETDA</pangkat><tmt_pkt>2009-12-07</tmt_pkt><no_skep>KEPPRES RI NOMOR 55/TNI/TAHUN 2009</no_skep><tgl_skep>2009-12-03</tgl_skep></pangkat><pangkat><pangkat>LETTU</pangkat><tmt_pkt>2013-04-01</tmt_pkt><no_skep>KEP/86/III/2013</no_skep><tgl_skep>2013-03-20</tgl_skep></pangkat></riwayat_pangkat><riwayat_jabatan><jabatan><jabatan>BA PALDAM II/SWJ</jabatan><tmt_jab>1993-07-24</tmt_jab><no_skep>SKEP/6426-21/VII/1993</no_skep><tgl_skep>1993-07-19</tgl_skep></jabatan><jabatan><jabatan>BA BENG KALACAT BENGMEK/LIST BENGLAP B 02-44-03 DENPAL 02-12-01 PALDAM II/SWJ</jabatan><tmt_jab>1994-04-01</tmt_jab><no_skep>SKEP/75-02/IV/1994</no_skep><tgl_skep>1994-04-20</tgl_skep></jabatan><jabatan><jabatan>BA DEPHANKAM</jabatan><tmt_jab>1999-01-01</tmt_jab><no_skep>SKEP/16/I/1999</no_skep><tgl_skep>1999-01-08</tgl_skep></jabatan><jabatan><jabatan>BA BAGREN SETJEN DEPHANKAM</jabatan><tmt_jab>1999-02-01</tmt_jab><no_skep>SKEP/92/II/1999</no_skep><tgl_skep>1999-02-17</tgl_skep></jabatan><jabatan><jabatan>ANGGOTA SUBBAG SUNPROGJAGAR BAGREN SETJEN DEPHANKAM</jabatan><tmt_jab>1999-03-15</tmt_jab><no_skep>SPRIN/022/III/1999</no_skep><tgl_skep>1999-03-15</tgl_skep></jabatan><jabatan><jabatan>TURMIN SUNREN SUBBAG SUNREN BAGREN RO. ORTALA SETJEN DEPHAN</jabatan><tmt_jab>2001-03-01</tmt_jab><no_skep>SKEP/297/IV/2001</no_skep><tgl_skep>2001-04-03</tgl_skep></jabatan><jabatan><jabatan>TURTIK/OPR. KOMPUTER SUBBAG SUNREN BAGREN RO. ORTALA SETJEN DEPHAN</jabatan><tmt_jab>2005-04-01</tmt_jab><no_skep>SKEP/330/V/2005</no_skep><tgl_skep>2005-05-04</tgl_skep></jabatan><jabatan><jabatan>ANGGOTA SUBBAG PROGAR BAGRENGAR ROREN SETJEN DEPHAN</jabatan><tmt_jab>2006-04-01</tmt_jab><no_skep>SKEP/286/IV/2006</no_skep><tgl_skep>2006-04-27</tgl_skep></jabatan><jabatan><jabatan>PENGOLAH SISMET RENPROGAR BAGRENGAR ROREN SETJEN KEMHAN</jabatan><tmt_jab>2010-07-02</tmt_jab><no_skep>KEP/472/VII/2010</no_skep><tgl_skep>2010-07-08</tgl_skep></jabatan><jabatan><jabatan>PENGOLAH BAHAN PROGAR BELANJA PEGAWAI DAN BELANJA MODAL SUBBAG PROGAR BAGRENGAR ROREN SETJEN KEMHAN</jabatan><tmt_jab>2011-04-01</tmt_jab><no_skep>KEP/283/IV/2011</no_skep><tgl_skep>2011-04-19</tgl_skep></jabatan><jabatan><jabatan>PENGOLAH BAHAN PROGAR BELANJA PEGAWAI DAN BELANJA MODAL SUBBAG PROGAR BAGRENGAR ROREN SETJEN KEMHAN</jabatan><tmt_jab>2014-12-31</tmt_jab><no_skep>KEP/1485/XII/2014</no_skep><tgl_skep>2014-12-18</tgl_skep></jabatan><jabatan><jabatan>PENGOLAH BAHAN PROGAR BELANJA PEGAWAI DAN BELANJA MODAL SUBBAG PROGAR BAGRENGAR</jabatan></jabatan><jabatan><jabatan>PENGOLAH BAHAN PROGAR BELANJA PEGAWAI DAN BELANJA MODAL SUBBAG PROGAR  ROREN SETJEN KEMHAN</jabatan><no_skep>KEP/283/IV/2011</no_skep><tgl_skep>2011-04-19</tgl_skep></jabatan></riwayat_jabatan><riwayat_pendidikan><pendidikan_umum><pendidikan><nama_dik>SEKOLAH DASAR</nama_dik><tahun_lulus>1986</tahun_lulus></pendidikan><pendidikan><nama_dik>SEKOLAH LANJUTAN TINGKAT PERTAMA (SLTP)</nama_dik><tahun_lulus>1989</tahun_lulus></pendidikan><pendidikan><nama_dik>SEKOLAH LANJUTAN TINGKAT ATAS (SLTA)</nama_dik><tahun_lulus>1992</tahun_lulus></pendidikan></pendidikan_umum><pendidikan_pembentukan><pendidikan><nama_dik>SECABA MILSUK TAHAP II JUR RAN</nama_dik><tahun_lulus>1993</tahun_lulus></pendidikan><pendidikan><nama_dik>SECABA PRAJURIT SUKARELA</nama_dik><tahun_lulus>1993</tahun_lulus></pendidikan><pendidikan><nama_dik>SECABA MILSUK ANGKATAN XI</nama_dik><tahun_lulus>1993</tahun_lulus></pendidikan><pendidikan><nama_dik>SUSBA JATRAT CANON 105mm dan 75 mm KAV</nama_dik><tahun_lulus>1996</tahun_lulus></pendidikan><pendidikan><nama_dik>FH2000 &quot;O&quot; LEVEL MAINTENANCE TRAINING ORGANISED BY</nama_dik><tahun_lulus>1997</tahun_lulus></pendidikan><pendidikan><nama_dik>SECAPA REG</nama_dik><tahun_lulus>2009</tahun_lulus></pendidikan></pendidikan_pembentukan></riwayat_pendidikan><riwayat_penugasan></riwayat_penugasan><riwayat_tanda_jasa><tanda_jasa><nama_tanda_jasa>SATYALANCANA KESETIAAN VIII TAHUN</nama_tanda_jasa><no_skep>SKEP/294/IX/2002</no_skep><tgl_skep>2001-03-01</tgl_skep></tanda_jasa><tanda_jasa><nama_tanda_jasa>SATYALANCANA KESETIAAN XVI TAHUN</nama_tanda_jasa><no_skep>KEP/373/XI/2009</no_skep><tgl_skep>2009-11-04</tgl_skep></tanda_jasa></riwayat_tanda_jasa><riwayat_bahasa><bahasa><nama_bahasa>SUNDA</nama_bahasa><keterangan>AKTIF</keterangan></bahasa><bahasa><nama_bahasa>INGGRIS</nama_bahasa><keterangan>PASIF</keterangan></bahasa></riwayat_bahasa><riwayat_keluarga><keluarga><nama_keluarga>TIEN PUJAWATI</nama_keluarga><jenis_kelamin>PEREMPUAN</jenis_kelamin><tgl_lahir>1975-04-10</tgl_lahir><hubungan>ISTRI</hubungan></keluarga><keluarga><nama_keluarga>ELVINA LUTHFIYAH DAMAYANTI</nama_keluarga><jenis_kelamin>PEREMPUAN</jenis_kelamin><tgl_lahir>2003-08-30</tgl_lahir><hubungan>ANAK</hubungan></keluarga><keluarga><nama_keluarga>KAMILA ALIYAH TSURAYYA</nama_keluarga><jenis_kelamin>PEREMPUAN</jenis_kelamin><tgl_lahir>2006-11-18</tgl_lahir><hubungan>ANAK</hubungan></keluarga><keluarga><nama_keluarga>NAURA HASNA ATHAYA</nama_keluarga><jenis_kelamin>PEREMPUAN</jenis_kelamin><tgl_lahir>2013-11-07</tgl_lahir><hubungan>ANAK</hubungan></keluarga></riwayat_keluarga></personil_kemhan>
