<personil_kemhan><nopeg>196601161989031001</nopeg><nip>030199421</nip><nrp_nip>196601161989031001</nrp_nip><nama>SUPAR</nama><tempat_lahir>Magetan</tempat_lahir><tgl_lahir>1966-01-16</tgl_lahir><jenis_kelamin>LAKI-LAKI</jenis_kelamin><unit_organisasi>U.O. KEMHAN</unit_organisasi><jenis_personil>PNS</jenis_personil><pangkat>PENATA MUDA TK.I III/B</pangkat><pangkat_corps>PENATA MUDA TK.I III/B </pangkat_corps><tmt_pangkat>2010-10-01</tmt_pangkat><angkatan_korps>PNS</angkatan_korps><sumber_pa_gol_3>UJIAN DINAS</sumber_pa_gol_3><tmt_pa_gol_3>2006-10-01</tmt_pa_gol_3><kategori_pangkat>III/B</kategori_pangkat><jabatan>PENGOLAH BAHAN TALEM SUBBAG TALEM BAGLEM</jabatan><satker>ROREN SETJEN KEMHAN</satker><kode_jabatan>ANGGOTA</kode_jabatan><tmt_jabatan>2014-12-31</tmt_jabatan><eselon_jabatan>99</eselon_jabatan><kategori>ORGANIK</kategori><tmt_tni>1990-05-01</tmt_tni><tmt_kemhan>1989-03-01</tmt_kemhan><agama>ISLAM</agama><file_foto_1>foto/196601161989031001.jpg</file_foto_1><file_foto_2>foto/030199421.jpg</file_foto_2><riwayat_pangkat><pangkat><pangkat>CAPEG II/A</pangkat><tmt_pkt>1989-03-01</tmt_pkt><no_skep>Skep/389/II/1989</no_skep><tgl_skep>1989-02-28</tgl_skep></pangkat><pangkat><pangkat>PENGATUR MUDA II/A</pangkat><tmt_pkt>1990-05-01</tmt_pkt><no_skep>Skep/629/IV/1990</no_skep><tgl_skep>1990-04-19</tgl_skep></pangkat><pangkat><pangkat>PENGATUR MUDA TK.I  II/B</pangkat><tmt_pkt>1993-04-01</tmt_pkt><no_skep>KA. BAKN NOMOR : 03-09/00691/KEP/IV/1993</no_skep><tgl_skep>1993-03-15</tgl_skep></pangkat><pangkat><pangkat>PENGATUR II/C</pangkat><tmt_pkt>1997-04-01</tmt_pkt><no_skep>KA. BAKN NOMOR : 03-09/00003/KEP/IV/1997</no_skep><tgl_skep>1997-03-04</tgl_skep></pangkat><pangkat><pangkat>PENGATUR TK.I II/D</pangkat><tmt_pkt>2002-10-01</tmt_pkt><no_skep>Skep/86/I/2003</no_skep><tgl_skep>2003-01-17</tgl_skep></pangkat><pangkat><pangkat>PENATA MUDA III/A</pangkat><tmt_pkt>2006-10-01</tmt_pkt><no_skep>Skep/619/VIII/2006</no_skep><tgl_skep>2006-08-24</tgl_skep></pangkat><pangkat><pangkat>PENATA MUDA TK.I III/B</pangkat><tmt_pkt>2010-10-01</tmt_pkt><no_skep>KEP MENHAN NOMOR : KEP/642/IX/2010</no_skep><tgl_skep>2010-09-14</tgl_skep></pangkat></riwayat_pangkat><riwayat_jabatan><jabatan><jabatan>ANGGOTA RUMGA ROUM SETJEN KEMHAN</jabatan><tmt_jab>1989-01-01</tmt_jab><no_skep>SKEP/1745/XII/1988</no_skep><tgl_skep>1988-12-03</tgl_skep></jabatan><jabatan><jabatan>ANGGOTA SUBBAGYANUMURDAL BAGRUMGA ROUM SETJEN DH</jabatan><tmt_jab>2001-03-01</tmt_jab><no_skep>SKEP/296/IV/2001</no_skep><tgl_skep>2001-04-03</tgl_skep></jabatan><jabatan><jabatan>PEMBANTU JURU BAYAR SUBBAG TU BAGUM SETDITJEN</jabatan><tmt_jab>2001-12-01</tmt_jab><no_skep>SKEP/992/XII/2001</no_skep><tgl_skep>2001-12-10</tgl_skep></jabatan><jabatan><jabatan>PENGEMUDI KABAGREN ROORTALA</jabatan><tmt_jab>2002-04-01</tmt_jab><no_skep>SKEP/468/IV/2002</no_skep><tgl_skep>2002-04-29</tgl_skep></jabatan><jabatan><jabatan>PENGEMUDI SUBBAG RENMINRO BAGLEM RO. ORTALA SETJEN KEMHAN ROREN SETJEN KEMHAN</jabatan><tmt_jab>2005-06-01</tmt_jab><no_skep>SKEP/454/VI/2005</no_skep><tgl_skep>2005-06-06</tgl_skep></jabatan><jabatan><jabatan>Anggota Subbag Minro Bag Lem Roren Setjen Dephan</jabatan><tmt_jab>2006-02-01</tmt_jab><no_skep>Skep/91/II/2006</no_skep><tgl_skep>2006-02-23</tgl_skep></jabatan><jabatan><jabatan>PENGADMINISTRASI BHAN EVALUASI DAN LAPORAN SUBBAG MINRO BAGLEM  ROREN SETJEN KEMHAN</jabatan><tmt_jab>2010-06-17</tmt_jab><no_skep>KEP/417/VI/2010</no_skep><tgl_skep>2010-06-24</tgl_skep></jabatan><jabatan><jabatan>PENGADMINISTRASI ANJAB SUBBAG ANJAB BGLEM  ROREN SETJEN KEMHAN</jabatan><tmt_jab>2011-04-01</tmt_jab><no_skep>KEP/283/IV/2011</no_skep><tgl_skep>2011-04-19</tgl_skep></jabatan><jabatan><jabatan>PENGOLAH BAHAN ANJAB SUBBAG ANJAB BAGLEM ROREN SETJEN KEMHAN</jabatan><tmt_jab>2013-10-30</tmt_jab><no_skep>KEP/1108/X/2013</no_skep><tgl_skep>2013-10-31</tgl_skep></jabatan><jabatan><jabatan>PENGOLAH BAHAN TALEM SUBBAG TALEM BAGLEM ROREN SETJEN KEMHAN</jabatan><tmt_jab>2014-12-31</tmt_jab><no_skep>KEP/1485/XII/2014</no_skep><tgl_skep>2014-12-18</tgl_skep></jabatan></riwayat_jabatan><riwayat_pendidikan><pendidikan_umum><pendidikan><nama_dik>SEKOLAH DASAR</nama_dik><tahun_lulus>1980</tahun_lulus></pendidikan><pendidikan><nama_dik>SEKOLAH MENENGAH PERTAMA (SMP)</nama_dik><tahun_lulus>1983</tahun_lulus></pendidikan><pendidikan><nama_dik>SEKOLAH MENENGAH ATAS (SMA)</nama_dik><tahun_lulus>1986</tahun_lulus></pendidikan></pendidikan_umum><pendidikan_pembentukan><pendidikan><nama_dik>SUS MENGETIK</nama_dik><tahun_lulus>1987</tahun_lulus></pendidikan><pendidikan><nama_dik>LATPRAJAB</nama_dik><tahun_lulus>1989</tahun_lulus></pendidikan><pendidikan><nama_dik>SUS KOMPUTER</nama_dik><tahun_lulus>2008</tahun_lulus></pendidikan></pendidikan_pembentukan></riwayat_pendidikan><riwayat_penugasan></riwayat_penugasan><riwayat_tanda_jasa><tanda_jasa><nama_tanda_jasa>SATYALANCANA KARYA SATYA X TAHUN</nama_tanda_jasa><no_skep>KEPPRES RI NOMOR 047/TK/TAHUN 2005</no_skep><tgl_skep>2005-07-11</tgl_skep></tanda_jasa><tanda_jasa><nama_tanda_jasa>SATYALANCANA KARYA SATYA XX TAHUN</nama_tanda_jasa><no_skep>KEPPRES RI NO. 033/TK/TAHUN 2009</no_skep><tgl_skep>2009-07-24</tgl_skep></tanda_jasa></riwayat_tanda_jasa><riwayat_bahasa><bahasa><nama_bahasa>JAWA</nama_bahasa><keterangan>AKTIF</keterangan></bahasa><bahasa><nama_bahasa>INGGRIS</nama_bahasa><keterangan>PASIF</keterangan></bahasa></riwayat_bahasa><riwayat_keluarga><keluarga><nama_keluarga>Sunarti</nama_keluarga><jenis_kelamin>PEREMPUAN</jenis_kelamin><tgl_lahir>1978-12-17</tgl_lahir><hubungan>ISTRI</hubungan></keluarga><keluarga><nama_keluarga>DEA PARADILLA</nama_keluarga><jenis_kelamin>PEREMPUAN</jenis_kelamin><tgl_lahir>1997-06-28</tgl_lahir><hubungan>ANAK</hubungan></keluarga><keluarga><nama_keluarga>DEA NURFITRIAYANA HARYATI</nama_keluarga><jenis_kelamin>PEREMPUAN</jenis_kelamin><tgl_lahir>1999-06-05</tgl_lahir><hubungan>ANAK</hubungan></keluarga><keluarga><nama_keluarga>Milly Pangestu</nama_keluarga><jenis_kelamin>LAKI-LAKI</jenis_kelamin><tgl_lahir>2005-08-11</tgl_lahir><hubungan>ANAK</hubungan></keluarga></riwayat_keluarga></personil_kemhan>
