<personil_kemhan><nopeg>197302022002121001</nopeg><nip>030247670</nip><nrp_nip>197302022002121001</nrp_nip><nama>EKO SUPRIYONO</nama><tempat_lahir>Jakarta</tempat_lahir><tgl_lahir>1973-02-02</tgl_lahir><jenis_kelamin>LAKI-LAKI</jenis_kelamin><unit_organisasi>U.O. KEMHAN</unit_organisasi><jenis_personil>PNS</jenis_personil><pangkat>PENATA MUDA III/A</pangkat><pangkat_corps>PENATA MUDA III/A </pangkat_corps><tmt_pangkat>2012-10-01</tmt_pangkat><angkatan_korps>PNS</angkatan_korps><sumber_pa_gol_3>PENYESUAIAN IJASAH</sumber_pa_gol_3><tmt_pa_gol_3>2012-10-01</tmt_pa_gol_3><kategori_pangkat>III/A</kategori_pangkat><jabatan>PENGADMINISTRASI KEPEGAWAIAN SUBBAGUM BAG TU</jabatan><satker>PUSKU KEMHAN</satker><kode_jabatan>ANGGOTA</kode_jabatan><tmt_jabatan>2014-12-31</tmt_jabatan><eselon_jabatan>99</eselon_jabatan><kategori>ORGANIK</kategori><tmt_tni>2004-09-01</tmt_tni><tmt_kemhan>2002-12-01</tmt_kemhan><agama>ISLAM</agama><file_foto_1>foto/197302022002121001.jpg</file_foto_1><file_foto_2>foto/030247670.jpg</file_foto_2><riwayat_pangkat><pangkat><pangkat>CAPEG II/A</pangkat><tmt_pkt>2002-12-01</tmt_pkt><no_skep>SKEP/1021/VI/2003</no_skep><tgl_skep>2003-06-16</tgl_skep></pangkat><pangkat><pangkat>PENGATUR MUDA II/A</pangkat><tmt_pkt>2004-09-01</tmt_pkt><no_skep>SKEP/600/VIII/2004</no_skep><tgl_skep>2004-08-27</tgl_skep></pangkat><pangkat><pangkat>PENGATUR MUDA TK.I  II/B</pangkat><tmt_pkt>2007-04-01</tmt_pkt><no_skep>SKEP/174/III/2007</no_skep><tgl_skep>2007-03-09</tgl_skep></pangkat><pangkat><pangkat>PENGATUR II/C</pangkat><tmt_pkt>2011-04-01</tmt_pkt><no_skep>KEP/187/III/2011</no_skep><tgl_skep>2011-03-22</tgl_skep></pangkat><pangkat><pangkat>PENATA MUDA III/A</pangkat><tmt_pkt>2012-10-01</tmt_pkt><no_skep>KEP/703/IX/2012</no_skep><tgl_skep>2012-09-04</tgl_skep></pangkat></riwayat_pangkat><riwayat_jabatan><jabatan><jabatan>TURMIN PADA ROPEG SETJEN DEPHAN</jabatan><tmt_jab>2002-12-01</tmt_jab><no_skep> SKEP/1021/VI/2003</no_skep><tgl_skep>2003-06-16</tgl_skep></jabatan><jabatan><jabatan>ANGGOTA SUBBAGRENMINRO BAG ADA BANPEG ROPEG</jabatan><tmt_jab>2003-07-02</tmt_jab><no_skep>SPRIN/172/VII/2003</no_skep><tgl_skep>2003-07-02</tgl_skep></jabatan><jabatan><jabatan>TURMIN SUBBAGRENMINRO BAGADABANGPEG ROPEG SETJEN DEPHAN</jabatan><tmt_jab>2005-03-01</tmt_jab><no_skep>SKEP/225/III/2005</no_skep><tgl_skep>2005-03-29</tgl_skep></jabatan><jabatan><jabatan>ANGGOTA SUBBAGMINRO BAGADABANGPEG ROPEG SETJEN DEPHAN</jabatan><tmt_jab>2006-03-01</tmt_jab><no_skep>SKEP/201/III/2006</no_skep><tgl_skep>2006-03-27</tgl_skep></jabatan><jabatan><jabatan>AGENDARIS SUBBAGMINRO BAGADABANGPEG ROPEG SETJEN KEMHAN</jabatan><tmt_jab>2010-05-17</tmt_jab><no_skep>Kep Menhan Nomor : KEP/321/V/2010</no_skep><tgl_skep>2010-05-17</tgl_skep></jabatan><jabatan><jabatan>AGENDARIS BAGADABANGPEG ROPEG SETJEN KEMHAN</jabatan><tmt_jab>2011-08-08</tmt_jab><no_skep>KEP/601/VIII/2011</no_skep><tgl_skep>2011-08-09</tgl_skep></jabatan><jabatan><jabatan>ANGGOTA ROPEG SETJEN KEMHAN</jabatan><tmt_jab>2013-01-31</tmt_jab><no_skep>KEP/98/I/2013</no_skep><tgl_skep>2013-01-31</tgl_skep></jabatan><jabatan><jabatan>PEMROSES DOKUMENTASI SUBBAG DATIN BAG TU PUSKU KEMHAN</jabatan><tmt_jab>2014-02-11</tmt_jab><no_skep>KEP/145/II/2014</no_skep><tgl_skep>2014-02-11</tgl_skep></jabatan><jabatan><jabatan>PENGADMINISTRASI KEPEGAWAIAN SUBBAGUM BAG TU PUSKU KEMHAN</jabatan><tmt_jab>2014-04-24</tmt_jab><no_skep>KEP/421/V/2014</no_skep><tgl_skep>2014-05-02</tgl_skep></jabatan><jabatan><jabatan>PENGADMINISTRASI KEPEGAWAIAN SUBBAGUM BAG TU PUSKU KEMHAN</jabatan><tmt_jab>2014-12-31</tmt_jab><no_skep>KEP/1509/XII/2014</no_skep><tgl_skep>2014-12-18</tgl_skep></jabatan></riwayat_jabatan><riwayat_pendidikan><pendidikan_umum><pendidikan><nama_dik>SEKOLAH DASAR</nama_dik><tahun_lulus>1987</tahun_lulus></pendidikan><pendidikan><nama_dik>SEKOLAH LANJUTAN TINGKAT PERTAMA (SLTP)</nama_dik><tahun_lulus>1990</tahun_lulus></pendidikan><pendidikan><nama_dik>SEKOLAH LANJUTAN TINGKAT ATAS (SLTA)</nama_dik><tahun_lulus>1993</tahun_lulus></pendidikan><pendidikan><nama_dik>SARJANA (S1)</nama_dik><tahun_lulus>2008</tahun_lulus></pendidikan></pendidikan_umum><pendidikan_pembentukan><pendidikan><nama_dik>LATPRAJAB TK II</nama_dik><tahun_lulus>2003</tahun_lulus></pendidikan><pendidikan><nama_dik>SUS OPERATOR KOMPUTER</nama_dik><tahun_lulus>2004</tahun_lulus></pendidikan><pendidikan><nama_dik>SABMN</nama_dik><tahun_lulus>2007</tahun_lulus></pendidikan><pendidikan><nama_dik>SUS ARSIPARIS TK TERAMPIL</nama_dik><tahun_lulus>2008</tahun_lulus></pendidikan></pendidikan_pembentukan></riwayat_pendidikan><riwayat_penugasan></riwayat_penugasan><riwayat_tanda_jasa><tanda_jasa><nama_tanda_jasa>SATYALANCANA KARYA SATYA X TAHUN</nama_tanda_jasa><no_skep>KEPPRES RI NO. 104/TK/TAHUN 2013</no_skep><tgl_skep>2013-12-30</tgl_skep></tanda_jasa></riwayat_tanda_jasa><riwayat_bahasa><bahasa><nama_bahasa>JAWA</nama_bahasa><keterangan>AKTIF</keterangan></bahasa><bahasa><nama_bahasa>INDONESIA</nama_bahasa><keterangan>AKTIF</keterangan></bahasa></riwayat_bahasa><riwayat_keluarga></riwayat_keluarga></personil_kemhan>
