<personil_kemhan><nopeg>196705261989031002</nopeg><nip>030201931</nip><nrp_nip>196705261989031002</nrp_nip><nama>DINDIN</nama><gelar>S.E.</gelar><tempat_lahir>Tasikmalaya</tempat_lahir><tgl_lahir>1967-05-26</tgl_lahir><jenis_kelamin>LAKI-LAKI</jenis_kelamin><unit_organisasi>U.O. KEMHAN</unit_organisasi><jenis_personil>PNS</jenis_personil><pangkat>PENATA III/C</pangkat><pangkat_corps>PENATA III/C </pangkat_corps><tmt_pangkat>2013-03-01</tmt_pangkat><angkatan_korps>PNS</angkatan_korps><sumber_pa_gol_3>UJIAN DINAS</sumber_pa_gol_3><tmt_pa_gol_3>2005-04-01</tmt_pa_gol_3><kategori_pangkat>III/C</kategori_pangkat><jabatan>PENYUSUN BAHAN DOKUMENTASI SUBBAG TU PERPUSTAKAAN PUSAT PERPUSTAKAAN UNHA</jabatan><satker>UNHAN KEMHAN</satker><kode_jabatan>ANGGOTA</kode_jabatan><tmt_jabatan>2014-12-31</tmt_jabatan><eselon_jabatan>99</eselon_jabatan><kategori>ORGANIK</kategori><tmt_tni>1990-05-01</tmt_tni><tmt_kemhan>1989-03-01</tmt_kemhan><agama>ISLAM</agama><file_foto_1>foto/196705261989031002.jpg</file_foto_1><file_foto_2>foto/030201931.jpg</file_foto_2><riwayat_pangkat><pangkat><pangkat>CAPEG II/A</pangkat><tmt_pkt>1989-03-01</tmt_pkt><no_skep>SKEP/852V/1989</no_skep><tgl_skep>1989-05-22</tgl_skep></pangkat><pangkat><pangkat>PENGATUR MUDA II/A</pangkat><tmt_pkt>1990-05-01</tmt_pkt><no_skep>SKEP/438IV/1990</no_skep><tgl_skep>1990-04-06</tgl_skep></pangkat><pangkat><pangkat>PENGATUR MUDA TK.I  II/B</pangkat><tmt_pkt>1993-04-01</tmt_pkt><no_skep>03.09/01338/KEP/IV/1993</no_skep><tgl_skep>1993-03-17</tgl_skep></pangkat><pangkat><pangkat>PENGATUR II/C</pangkat><tmt_pkt>1997-04-01</tmt_pkt><no_skep>03.09./00003/KEP/IV/1997</no_skep><tgl_skep>1997-03-04</tgl_skep></pangkat><pangkat><pangkat>PENGATUR TK.I II/D</pangkat><tmt_pkt>2001-04-01</tmt_pkt><no_skep>03.09.73/017/KEP/IV/2001</no_skep><tgl_skep>2001-05-31</tgl_skep></pangkat><pangkat><pangkat>PENATA MUDA III/A</pangkat><tmt_pkt>2005-04-01</tmt_pkt><no_skep>SKEP/160/III/2005</no_skep><tgl_skep>2005-03-14</tgl_skep></pangkat><pangkat><pangkat>PENATA MUDA TK.I III/B</pangkat><tmt_pkt>2009-04-01</tmt_pkt><no_skep>KEP MENHAN NOMOR : KEP/34/III/2009</no_skep><tgl_skep>2009-04-01</tgl_skep></pangkat><pangkat><pangkat>PENATA III/C</pangkat><tmt_pkt>2013-03-01</tmt_pkt><no_skep>KEP MENHAN NOMOR : KEP/279/2013</no_skep><tgl_skep>2013-03-27</tgl_skep></pangkat></riwayat_pangkat><riwayat_jabatan><jabatan><jabatan>TURMINSIUN PNS SUBBAGSAHLURJA BAGPERS ROUM SETJEN</jabatan><tmt_jab>1998-09-01</tmt_jab><no_skep>SKEP/1121/IX/1998</no_skep><tgl_skep>1998-09-14</tgl_skep></jabatan><jabatan><jabatan>TURMIN SAHLURJA SUBBAGSAHLURJA BAGBINKARPEG ROPEG</jabatan><tmt_jab>2001-03-01</tmt_jab><no_skep>SKEP/278/III/2001</no_skep><tgl_skep>2001-03-28</tgl_skep></jabatan><jabatan><jabatan>ANGGOTA SUBBAGSAHLURJA BAGKARPEG ROPEG SETJEN DEPHAN</jabatan><tmt_jab>2006-03-01</tmt_jab><no_skep>SKEP/201/III/2006</no_skep><tgl_skep>2006-03-27</tgl_skep></jabatan><jabatan><jabatan>Anggota Subbag Pampersmat Bagpam Roum Setjen Dephan</jabatan><tmt_jab>2008-03-03</tmt_jab><no_skep>SKEP/159/III/2008</no_skep><tgl_skep>2008-03-12</tgl_skep></jabatan><jabatan><jabatan>Anggota Puskop Setjen Dephan</jabatan><tmt_jab>2009-02-10</tmt_jab><no_skep>SKEP MENHAN NO : KEP/16/II/2009</no_skep><tgl_skep>2009-02-13</tgl_skep></jabatan><jabatan><jabatan>PENGOLAH DATA SISFO HUMAS SUBBAGLIPUTPUB BAGBRA PUSKOMPUBLIK KEMHAN</jabatan><tmt_jab>2010-05-17</tmt_jab><no_skep>KEP/321/V/2010</no_skep><tgl_skep>2010-05-20</tgl_skep></jabatan><jabatan><jabatan>ANGGOTA ROUM ROUM SETJEN KEMHAN</jabatan><tmt_jab>2011-04-01</tmt_jab><no_skep>KEP/526/VII/2011</no_skep><tgl_skep>2012-03-15</tgl_skep></jabatan><jabatan><jabatan>PENYIAP ADMINISTRASI DEKAN SPS MANAJEMEN PERTAHANAN UNHAN KEMHAN</jabatan><tmt_jab>2012-03-14</tmt_jab><no_skep>KEP/189/III/2012</no_skep><tgl_skep>2012-03-15</tgl_skep></jabatan><jabatan><jabatan>PROTOKOL SUBBAG RUMGA BAG LOG DAN RUMGA BIRO UMUM UNHAN KEMHAN</jabatan><tmt_jab>2013-03-15</tmt_jab><no_skep>KEP/237/III/2013</no_skep><tgl_skep>2013-03-18</tgl_skep></jabatan><jabatan><jabatan>PENYUSUN WABKU SUBBAG TU LPPM UNHAN KEMHAN</jabatan><tmt_jab>2013-09-22</tmt_jab><no_skep>KEP/727/VII/2013</no_skep><tgl_skep>2013-07-26</tgl_skep></jabatan><jabatan><jabatan>PENYUSUN BAHAN DOKUMENTASI SUBBAG TU PERPUSTAKAAN PUSAT PERPUSTAKAAN UNHA UNHAN KEMHAN</jabatan><tmt_jab>2014-12-31</tmt_jab><no_skep>Kep/1492/XII/2014</no_skep><tgl_skep>2014-12-18</tgl_skep></jabatan></riwayat_jabatan><riwayat_pendidikan><pendidikan_umum><pendidikan><nama_dik>SEKOLAH DASAR</nama_dik><tahun_lulus>1981</tahun_lulus></pendidikan><pendidikan><nama_dik>SEKOLAH LANJUTAN TINGKAT PERTAMA (SLTP)</nama_dik><tahun_lulus>1984</tahun_lulus></pendidikan><pendidikan><nama_dik>SEKOLAH LANJUTAN TINGKAT ATAS (SLTA)</nama_dik><tahun_lulus>1987</tahun_lulus></pendidikan><pendidikan><nama_dik>SARJANA (S1)</nama_dik><tahun_lulus>2012</tahun_lulus></pendidikan></pendidikan_umum><pendidikan_pembentukan><pendidikan><nama_dik>SUS MENGETIK</nama_dik><tahun_lulus>1989</tahun_lulus></pendidikan><pendidikan><nama_dik>LATPRAJAB</nama_dik><tahun_lulus>1989</tahun_lulus></pendidikan><pendidikan><nama_dik>DIK LAT PIM TK IV</nama_dik><tahun_lulus>2005</tahun_lulus></pendidikan><pendidikan><nama_dik>TOT BHS INDONESIA</nama_dik><tahun_lulus>2007</tahun_lulus></pendidikan><pendidikan><nama_dik>PELATIHAN METODOLOGI PENELITIAN</nama_dik><tahun_lulus>2014</tahun_lulus></pendidikan></pendidikan_pembentukan></riwayat_pendidikan><riwayat_penugasan></riwayat_penugasan><riwayat_tanda_jasa><tanda_jasa><nama_tanda_jasa>SATYALANCANA KARYA SATYA X TAHUN</nama_tanda_jasa><no_skep>KEPPRES RI NO.23/TK/2007</no_skep><tgl_skep>2007-06-07</tgl_skep></tanda_jasa><tanda_jasa><nama_tanda_jasa>SATYALANCANA KARYA SATYA XX TAHUN</nama_tanda_jasa><no_skep>KEPPRES RI NOMOR 62/TK/2010</no_skep><tgl_skep>2010-12-01</tgl_skep></tanda_jasa></riwayat_tanda_jasa><riwayat_bahasa><bahasa><nama_bahasa>JAWA</nama_bahasa><keterangan>AKTIF</keterangan></bahasa><bahasa><nama_bahasa>SUNDA</nama_bahasa><keterangan>AKTIF</keterangan></bahasa><bahasa></bahasa></riwayat_bahasa><riwayat_keluarga><keluarga><nama_keluarga>TUTI BUDIYATI</nama_keluarga><jenis_kelamin>PEREMPUAN</jenis_kelamin><tgl_lahir>1965-02-01</tgl_lahir><hubungan>ISTRI</hubungan></keluarga><keluarga><nama_keluarga>GINANJAR MAULANA PRASETYA</nama_keluarga><jenis_kelamin>LAKI-LAKI</jenis_kelamin><tgl_lahir>1992-05-20</tgl_lahir><hubungan>ANAK</hubungan></keluarga><keluarga><nama_keluarga>AMELIA AUDINA RAHMAWATI</nama_keluarga><jenis_kelamin>PEREMPUAN</jenis_kelamin><tgl_lahir>1996-05-29</tgl_lahir><hubungan>ANAK</hubungan></keluarga></riwayat_keluarga></personil_kemhan>
