<personil_kemhan><nopeg>197001161994031001</nopeg><nip>030228122</nip><nrp_nip>197001161994031001</nrp_nip><nama>MUNI</nama><gelar>S.Sos., M.M.</gelar><tempat_lahir>Sindangjaya</tempat_lahir><tgl_lahir>1970-01-16</tgl_lahir><jenis_kelamin>LAKI-LAKI</jenis_kelamin><unit_organisasi>U.O. KEMHAN</unit_organisasi><jenis_personil>PNS</jenis_personil><pangkat>PENATA TK.I III/D</pangkat><pangkat_corps>PENATA TK.I III/D </pangkat_corps><tmt_pangkat>2014-10-01</tmt_pangkat><angkatan_korps>PNS</angkatan_korps><sumber_pa_gol_3>PENYESUAIAN IJASAH</sumber_pa_gol_3><tmt_pa_gol_3>2002-10-01</tmt_pa_gol_3><kategori_pangkat>III/D</kategori_pangkat><jabatan>KASUBBAG PROGGAR BAGREN ROREN DAN KU</jabatan><satker>UNHAN KEMHAN</satker><kode_jabatan>STRUKTURAL</kode_jabatan><tmt_jabatan>2013-02-25</tmt_jabatan><eselon_jabatan>IV</eselon_jabatan><kategori>ORGANIK</kategori><tmt_tni>1995-06-01</tmt_tni><tmt_kemhan>1994-03-01</tmt_kemhan><agama>ISLAM</agama><file_foto_1>foto/197001161994031001.jpg</file_foto_1><file_foto_2>foto/030228122.jpg</file_foto_2><riwayat_pangkat><pangkat><pangkat>CAPEG II/A</pangkat><tmt_pkt>1994-03-01</tmt_pkt><no_skep>Skep/1343/IX/1994</no_skep><tgl_skep>1994-09-05</tgl_skep></pangkat><pangkat><pangkat>PENGATUR MUDA II/A</pangkat><tmt_pkt>1995-06-01</tmt_pkt><no_skep>Skep/531/V/1995</no_skep><tgl_skep>1995-05-16</tgl_skep></pangkat><pangkat><pangkat>PENGATUR MUDA TK.I  II/B</pangkat><tmt_pkt>1998-04-01</tmt_pkt><no_skep>KA. BAKN NOMOR : 03-09/00013/KEP/IV/1998</no_skep><tgl_skep>1998-04-17</tgl_skep></pangkat><pangkat><pangkat>PENATA MUDA III/A</pangkat><tmt_pkt>2002-10-01</tmt_pkt><no_skep>Skep/323/II/2003</no_skep><tgl_skep>2003-02-06</tgl_skep></pangkat><pangkat><pangkat>PENATA MUDA TK.I III/B</pangkat><tmt_pkt>2006-10-01</tmt_pkt><no_skep>Skep/619/VIII/2006</no_skep><tgl_skep>2006-08-24</tgl_skep></pangkat><pangkat><pangkat>PENATA III/C</pangkat><tmt_pkt>2010-10-01</tmt_pkt><no_skep>KEP MENHAN NOMOR : KEP/642/IX/2010</no_skep><tgl_skep>2010-09-14</tgl_skep></pangkat><pangkat><pangkat>PENATA TK.I III/D</pangkat><tmt_pkt>2014-10-01</tmt_pkt><no_skep>KEP/1122/IX/</no_skep><tgl_skep>2014-09-01</tgl_skep></pangkat></riwayat_pangkat><riwayat_jabatan><jabatan><jabatan>TURMIN KOMP SUBBAGSUNREN BAGREN ROORTALA SETJEN DH</jabatan><tmt_jab>2001-03-01</tmt_jab><no_skep>SKEP/304/IV/2001</no_skep><tgl_skep>2001-04-03</tgl_skep></jabatan><jabatan><jabatan>TURMIN KOMP SUBBAGSUNREN BAGREN ROORTALA</jabatan><tmt_jab>2001-03-01</tmt_jab><no_skep>SPRIN/044A/V/2001</no_skep><tgl_skep>2001-05-30</tgl_skep></jabatan><jabatan><jabatan>Turmin Sunren Subbag Sunren Bagren Ro. Ortala Setjen Deohan</jabatan><tmt_jab>2005-06-01</tmt_jab><no_skep>Skep/454/VI/2005</no_skep><tgl_skep>2005-06-06</tgl_skep></jabatan><jabatan><jabatan>Anggota Subbag Proggar Roren Setjen Dephan</jabatan><tmt_jab>2006-02-01</tmt_jab><no_skep>Skep/91/II/2006</no_skep><tgl_skep>2006-02-23</tgl_skep></jabatan><jabatan><jabatan>PENYUSUN PROGAR BAGRENGAR ROREN SETJEN KEMHAN</jabatan><tmt_jab>2010-07-15</tmt_jab><no_skep>KEP/417/VI/2010</no_skep><tgl_skep>2010-06-24</tgl_skep></jabatan><jabatan><jabatan>KASUBBAG STANDKOMJAB BAG LEM ROREN SETJEN KEMHAN</jabatan><tmt_jab>2011-02-10</tmt_jab><no_skep>KEP MENHAN NO : KEP/93/II/2011</no_skep><tgl_skep>2011-02-10</tgl_skep></jabatan><jabatan><jabatan>KASUBBAG PROGGAR BAG RENGAR ROREN SETJEN KEMHAN</jabatan><tmt_jab>2011-07-11</tmt_jab><no_skep>KEP/549/VII/2011</no_skep><tgl_skep>2011-07-21</tgl_skep></jabatan><jabatan><jabatan>KASUBBAG EVPROGAR BAG LAKGAR ROREN SETJEN KEMHAN</jabatan><tmt_jab>2012-08-01</tmt_jab><no_skep>KEP/606/VII/2012</no_skep><tgl_skep>2012-07-27</tgl_skep></jabatan><jabatan><jabatan>KASUBBAG EVPROGAR BAG LAKGAR ROREN SETJEN KEMHAN</jabatan><tmt_jab>2012-08-01</tmt_jab><no_skep>KEP/606/VII/2012</no_skep><tgl_skep>2012-07-27</tgl_skep></jabatan><jabatan><jabatan>KASUBBAG PROGGAR BAGREN ROREN DAN KU UNHAN KEMHAN</jabatan><tmt_jab>2013-02-25</tmt_jab><no_skep>KEP/170/II/2013</no_skep><tgl_skep>2013-02-25</tgl_skep></jabatan></riwayat_jabatan><riwayat_pendidikan><pendidikan_umum><pendidikan><nama_dik>SEKOLAH DASAR</nama_dik><tahun_lulus>1984</tahun_lulus></pendidikan><pendidikan><nama_dik>SEKOLAH LANJUTAN TINGKAT PERTAMA (SLTP)</nama_dik><tahun_lulus>1988</tahun_lulus></pendidikan><pendidikan><nama_dik>SEKOLAH LANJUTAN TINGKAT ATAS (SLTA)</nama_dik><tahun_lulus>1991</tahun_lulus></pendidikan><pendidikan><nama_dik>SARJANA (S1)</nama_dik><tahun_lulus>2002</tahun_lulus></pendidikan><pendidikan><nama_dik>PASCA SARJANA (S2)</nama_dik><tahun_lulus>2006</tahun_lulus></pendidikan></pendidikan_umum><pendidikan_pembentukan><pendidikan><nama_dik>TAR P-4 Pola 25 Jam</nama_dik><tahun_lulus>1994</tahun_lulus></pendidikan><pendidikan><nama_dik>Latprajab Tk. II</nama_dik><tahun_lulus>1994</tahun_lulus></pendidikan><pendidikan><nama_dik>SUS HAR KOMPUTER</nama_dik><tahun_lulus>1998</tahun_lulus></pendidikan><pendidikan><nama_dik>SUS MIKRO KOMPUTER</nama_dik><tahun_lulus>1998</tahun_lulus></pendidikan><pendidikan><nama_dik>Ujian Penyesuaian Pangkat</nama_dik><tahun_lulus>2002</tahun_lulus></pendidikan><pendidikan><nama_dik>DIK LAT PIM TK IV</nama_dik><tahun_lulus>2003</tahun_lulus></pendidikan><pendidikan><nama_dik>SUSDASJEMEN KEMHAN</nama_dik><tahun_lulus>2010</tahun_lulus></pendidikan><pendidikan><nama_dik>SUSRENGAR</nama_dik><tahun_lulus>2013</tahun_lulus></pendidikan></pendidikan_pembentukan></riwayat_pendidikan><riwayat_penugasan></riwayat_penugasan><riwayat_tanda_jasa><tanda_jasa><nama_tanda_jasa>SATYALANCANA KARYA SATYA X TAHUN</nama_tanda_jasa><no_skep>KEPPRES RI NOMOR 047/TK/TAHUN 2005</no_skep><tgl_skep>2005-07-11</tgl_skep></tanda_jasa></riwayat_tanda_jasa><riwayat_bahasa><bahasa><nama_bahasa>JAWA</nama_bahasa><keterangan>AKTIF</keterangan></bahasa><bahasa><nama_bahasa>SUNDA</nama_bahasa><keterangan>AKTIF</keterangan></bahasa><bahasa><nama_bahasa>INGGRIS</nama_bahasa><keterangan>PASIF</keterangan></bahasa></riwayat_bahasa><riwayat_keluarga><keluarga><nama_keluarga>SUHARNI .S.Sos</nama_keluarga><jenis_kelamin>PEREMPUAN</jenis_kelamin><tgl_lahir>1970-01-01</tgl_lahir><hubungan>ISTRI</hubungan></keluarga><keluarga><nama_keluarga>FADILLAH DESSYANA PUTRI</nama_keluarga><jenis_kelamin>PEREMPUAN</jenis_kelamin><tgl_lahir>1998-12-02</tgl_lahir><hubungan>ANAK</hubungan></keluarga><keluarga><nama_keluarga>FAHMI AMRY SAPUTRA</nama_keluarga><jenis_kelamin>LAKI-LAKI</jenis_kelamin><tgl_lahir>2005-11-14</tgl_lahir><hubungan>ANAK</hubungan></keluarga><keluarga><nama_keluarga>FARADIBA LALY RAMADHANY</nama_keluarga><jenis_kelamin>PEREMPUAN</jenis_kelamin><tgl_lahir>2008-09-03</tgl_lahir><hubungan>ANAK</hubungan></keluarga></riwayat_keluarga></personil_kemhan>
