<personil_kemhan><nopeg>195803281992032001</nopeg><nip>030217096</nip><nrp_nip>195803281992032001</nrp_nip><nama>RETNO INDRIYOWATI</nama><gelar>S.E.</gelar><tempat_lahir>Jakarta</tempat_lahir><tgl_lahir>1958-03-28</tgl_lahir><jenis_kelamin>PEREMPUAN</jenis_kelamin><unit_organisasi>U.O. KEMHAN</unit_organisasi><jenis_personil>PNS</jenis_personil><pangkat>PEMBINA IV/A</pangkat><pangkat_corps>PEMBINA IV/A </pangkat_corps><tmt_pangkat>2016-03-01</tmt_pangkat><angkatan_korps>PNS</angkatan_korps><sumber_pa_gol_3>CAPEG SARJANA</sumber_pa_gol_3><tmt_pa_gol_3>1992-03-01</tmt_pa_gol_3><kategori_pangkat>IV/A</kategori_pangkat><jabatan>KASUBBAG ANALISIS HUKUM BAG BANKUM</jabatan><satker>ROKUM SETJEN KEMHAN</satker><kode_jabatan>STRUKTURAL</kode_jabatan><tmt_jabatan>2014-12-31</tmt_jabatan><eselon_jabatan>IV</eselon_jabatan><kategori>ORGANIK</kategori><tmt_tni>1993-06-01</tmt_tni><tmt_kemhan>1992-03-01</tmt_kemhan><agama>ISLAM</agama><file_foto_1>foto/195803281992032001.jpg</file_foto_1><file_foto_2>foto/030217096.jpg</file_foto_2><riwayat_pangkat><pangkat><pangkat>CAPEG III/A</pangkat><tmt_pkt>1992-03-01</tmt_pkt><no_skep>SKEP/1136/VIII/1992</no_skep><tgl_skep>1992-08-18</tgl_skep></pangkat><pangkat><pangkat>PENATA MUDA III/A</pangkat><tmt_pkt>1993-06-01</tmt_pkt><no_skep>SKEP/1453/V/1993</no_skep><tgl_skep>1993-05-27</tgl_skep></pangkat><pangkat><pangkat>PENATA MUDA TK.I III/B</pangkat><tmt_pkt>1996-04-01</tmt_pkt><no_skep>SKEP/393/IV/1996</no_skep><tgl_skep>1996-05-08</tgl_skep></pangkat><pangkat><pangkat>PENATA III/C</pangkat><tmt_pkt>2000-04-01</tmt_pkt><no_skep>SKEP/478/VI/2000</no_skep><tgl_skep>2000-06-27</tgl_skep></pangkat><pangkat><pangkat>PENATA TK.I III/D</pangkat><tmt_pkt>2004-04-01</tmt_pkt><no_skep>SKEP/84/II/2004</no_skep><tgl_skep>2004-02-20</tgl_skep></pangkat><pangkat><pangkat>PEMBINA IV/A</pangkat><tmt_pkt>2016-03-01</tmt_pkt><no_skep>000128/KEP/AV/1210/2015</no_skep><tgl_skep>2016-03-01</tgl_skep></pangkat></riwayat_pangkat><riwayat_jabatan><jabatan><jabatan>PSB TK-II/JIANTA MONSUMDANAS BAGANEV ROPAM SET DHK</jabatan><tmt_jab>1995-04-01</tmt_jab><no_skep>SKEP/205/III/1995</no_skep><tgl_skep>1995-03-15</tgl_skep></jabatan><jabatan><jabatan>PSB TK.IIBANG SUBBAG EVBANG BAG TU  ROPAM BUMN</jabatan><tmt_jab>1999-01-01</tmt_jab><no_skep>SKEP/26/I/1999</no_skep><tgl_skep>1999-01-15</tgl_skep></jabatan><jabatan><jabatan>PEMB SUBBAG TK.I/LAKLIT SUBBAG LITDAK BAGPAMPERS</jabatan><tmt_jab>2000-11-01</tmt_jab><no_skep>SKEP/1103/XI/2000</no_skep><tgl_skep>2000-11-15</tgl_skep></jabatan><jabatan><jabatan>PSB TKI/REN SUBBAG RENMINRO BAG YANKUM ROKUM</jabatan><tmt_jab>2001-03-01</tmt_jab><no_skep>SKEP/260/III/2001</no_skep><tgl_skep>2001-03-22</tgl_skep></jabatan><jabatan><jabatan>ARSIPARIS PRATAMA</jabatan><tmt_jab>2001-12-01</tmt_jab><no_skep>SKEP/1016/XII/2001</no_skep><tgl_skep>2001-12-24</tgl_skep></jabatan><jabatan><jabatan>Anggota Subbag Yanmin Bagkum Bagbakum Biro Hukum Setjen Dephan</jabatan><tmt_jab>2007-09-01</tmt_jab><no_skep>SKEP/735/IX/2007</no_skep><tgl_skep>2007-09-20</tgl_skep></jabatan><jabatan><jabatan>Kasubbag Yanmin Bagkum Rohukum Setjen Dephan</jabatan><tmt_jab>2009-03-30</tmt_jab><no_skep>KEP/48/III/2009</no_skep><tgl_skep>2009-03-30</tgl_skep></jabatan><jabatan><jabatan>KASUBBAG LUHKUM PUBLIK BAG LUHKUM ROKUM SETJEN KEMHAN</jabatan><tmt_jab>2010-09-28</tmt_jab><no_skep>KEP/681/IX/2010</no_skep><tgl_skep>2010-09-28</tgl_skep></jabatan><jabatan><jabatan>KASUBBAG KONSULTASI BAG HATKUM ROKUM SETJEN KEMHAN</jabatan><tmt_jab>2014-03-10</tmt_jab><no_skep>KEP/229/III/2014</no_skep><tgl_skep>2014-03-05</tgl_skep></jabatan></riwayat_jabatan><riwayat_pendidikan><pendidikan_umum><pendidikan><nama_dik>SEKOLAH DASAR</nama_dik><tahun_lulus>1971</tahun_lulus></pendidikan><pendidikan><nama_dik>SEKOLAH LANJUTAN TINGKAT PERTAMA (SLTP)</nama_dik><tahun_lulus>1974</tahun_lulus></pendidikan><pendidikan><nama_dik>SEKOLAH LANJUTAN TINGKAT ATAS (SLTA)</nama_dik><tahun_lulus>1977</tahun_lulus></pendidikan><pendidikan><nama_dik>SARJANA (S1)</nama_dik><tahun_lulus>1986</tahun_lulus></pendidikan></pendidikan_umum><pendidikan_pembentukan><pendidikan><nama_dik>TAR P-4 45 JAM</nama_dik><tahun_lulus>1992</tahun_lulus></pendidikan><pendidikan><nama_dik>LATPRAJAB TK.III</nama_dik><tahun_lulus>1993</tahun_lulus></pendidikan><pendidikan><nama_dik>TAR P-4 100 JAM</nama_dik><tahun_lulus>1997</tahun_lulus></pendidikan><pendidikan><nama_dik>DIK LAT PIM TK IV</nama_dik><tahun_lulus>1998</tahun_lulus></pendidikan><pendidikan><nama_dik>DIK LAT PIM TK III</nama_dik><tahun_lulus>2000</tahun_lulus></pendidikan><pendidikan><nama_dik>SUS WASRIK DHK</nama_dik><tahun_lulus>2000</tahun_lulus></pendidikan><pendidikan><nama_dik>DIK LAT ADA BARANG &amp; JASA</nama_dik><tahun_lulus>2001</tahun_lulus></pendidikan><pendidikan><nama_dik>SUS WASRIK DHK</nama_dik><tahun_lulus>2006</tahun_lulus></pendidikan><pendidikan><nama_dik>WORKSHOP ESELON IV &quot;SISTEM PERTAHANAN NEGARA&quot; </nama_dik><tahun_lulus>2010</tahun_lulus></pendidikan></pendidikan_pembentukan></riwayat_pendidikan><riwayat_penugasan></riwayat_penugasan><riwayat_tanda_jasa><tanda_jasa><nama_tanda_jasa>SATYALANCANA KARYA SATYA X TAHUN</nama_tanda_jasa><no_skep>KEPPRES RI NO. 040/TK/TAH</no_skep><tgl_skep>2003-07-31</tgl_skep></tanda_jasa></riwayat_tanda_jasa><riwayat_bahasa></riwayat_bahasa><riwayat_keluarga><keluarga><nama_keluarga>ZUL AZHAR</nama_keluarga><jenis_kelamin>LAKI-LAKI</jenis_kelamin><tgl_lahir>1969-03-19</tgl_lahir><hubungan>SUAMI</hubungan></keluarga><keluarga><nama_keluarga>MUTIA REZHA HADIANTI</nama_keluarga><jenis_kelamin>PEREMPUAN</jenis_kelamin><tgl_lahir>2004-03-20</tgl_lahir><hubungan>ANAK</hubungan></keluarga></riwayat_keluarga></personil_kemhan>
