<personil_kemhan><nopeg>196505071990032002</nopeg><nip>030207674</nip><nrp_nip>196505071990032002</nrp_nip><nama>NINA MARLIANA</nama><gelar>S.E.</gelar><tempat_lahir>Cimahi</tempat_lahir><tgl_lahir>1965-05-07</tgl_lahir><jenis_kelamin>PEREMPUAN</jenis_kelamin><unit_organisasi>U.O. KEMHAN</unit_organisasi><jenis_personil>PNS</jenis_personil><pangkat>PENATA III/C</pangkat><pangkat_corps>PENATA III/C </pangkat_corps><tmt_pangkat>2009-04-01</tmt_pangkat><angkatan_korps>PNS</angkatan_korps><sumber_pa_gol_3>UJIAN DINAS</sumber_pa_gol_3><kategori_pangkat>III/C</kategori_pangkat><jabatan>KASI ONP SUBDIT OI</jabatan><satker>DIT ANSTRA DITJEN STRAHAN KEMHAN</satker><kode_jabatan>STRUKTURAL</kode_jabatan><tmt_jabatan>2013-06-03</tmt_jabatan><eselon_jabatan>IV</eselon_jabatan><kategori>ORGANIK</kategori><tmt_tni>1991-07-01</tmt_tni><tmt_kemhan>1990-03-01</tmt_kemhan><agama>ISLAM</agama><file_foto_1>foto/196505071990032002.jpg</file_foto_1><file_foto_2>foto/030207674.jpg</file_foto_2><riwayat_pangkat><pangkat><pangkat>CAPEG II/B</pangkat><tmt_pkt>1990-03-01</tmt_pkt><no_skep>SKEP/III8/VI/1990</no_skep><tgl_skep>1990-03-01</tgl_skep></pangkat><pangkat><pangkat>PENGATUR MUDA TK.I  II/B</pangkat><tmt_pkt>1991-07-01</tmt_pkt><no_skep>SKEP/904/VI/1991</no_skep><tgl_skep>1991-06-21</tgl_skep></pangkat><pangkat><pangkat>PENGATUR II/C</pangkat><tmt_pkt>1993-04-01</tmt_pkt><no_skep>SKEP/03-09/00335/KEP/IV/1993</no_skep><tgl_skep>1993-03-13</tgl_skep></pangkat><pangkat><pangkat>PENGATUR TK.I II/D</pangkat><tmt_pkt>1997-04-01</tmt_pkt><no_skep>SKEP/03.09/00004/KEP/IV/1997</no_skep><tgl_skep>1997-03-04</tgl_skep></pangkat><pangkat><pangkat>PENATA MUDA III/A</pangkat><tmt_pkt>2001-04-01</tmt_pkt><no_skep>SKEP/530/VIII/2001</no_skep><tgl_skep>2001-08-15</tgl_skep></pangkat><pangkat><pangkat>PENATA MUDA TK.I III/B</pangkat><tmt_pkt>2005-04-01</tmt_pkt><no_skep>SKEP/160/III/2005</no_skep><tgl_skep>2005-03-14</tgl_skep></pangkat><pangkat><pangkat>PENATA III/C</pangkat><tmt_pkt>2009-04-01</tmt_pkt><no_skep>KEP MENHAN NOMOR : KEP/34/III/2009</no_skep><tgl_skep>2009-03-01</tgl_skep></pangkat></riwayat_pangkat><riwayat_jabatan><jabatan><jabatan>ANGG TU AHLI MENHANKAM BID POLDAGRI</jabatan><tmt_jab>1993-04-01</tmt_jab><no_skep>SPRIN/128/CII/1993</no_skep><tgl_skep>1993-12-31</tgl_skep></jabatan><jabatan><jabatan>TURMINKU &amp; TURBUKU III SUBBAG RENMINRO ROHUBANLEM</jabatan><tmt_jab>1998-10-01</tmt_jab><no_skep>SKEP/1199/X/1998</no_skep><tgl_skep>1998-10-12</tgl_skep></jabatan><jabatan><jabatan>TURMIN SA SUBBAGMINU SA BAG TU PIMPINAN ROTU</jabatan><tmt_jab>2001-03-01</tmt_jab><no_skep>SKEP/250/III/2001</no_skep><tgl_skep>2001-03-21</tgl_skep></jabatan><jabatan><jabatan>AJUN ARSIPARIS MADYA</jabatan><tmt_jab>2001-12-01</tmt_jab><no_skep>SKEP/1056/XII/2001</no_skep><tgl_skep>2001-12-31</tgl_skep></jabatan><jabatan><jabatan>Anggota Subbag Minro Bagbanumpim Rotu Setjen Dephan</jabatan><tmt_jab>2006-03-01</tmt_jab><no_skep>Sprin/52/IV/2006</no_skep><tgl_skep>2006-04-24</tgl_skep></jabatan><jabatan><jabatan>Arsiparis Pelaksana Lanjutan Rotu Setjen Dephan</jabatan><tmt_jab>2009-04-01</tmt_jab><no_skep>Kep Menhan Nomor : KEP/195/X/2009</no_skep><tgl_skep>2009-10-26</tgl_skep></jabatan><jabatan><jabatan>KASI OP SUBDIT OI DIT ANSTRA DITJEN STRAHAN KEMHAN</jabatan><tmt_jab>2010-09-28</tmt_jab><no_skep>KEP MENHAN NOMOR : KEP/681/IX/2010</no_skep><tgl_skep>2010-09-28</tgl_skep></jabatan><jabatan><jabatan>KASI ONP SUBDIT OI DIT ANSTRA DITJEN STRAHAN KEMHAN</jabatan><tmt_jab>2013-06-03</tmt_jab><no_skep>KEP/531/VI/2013</no_skep><tgl_skep>2013-06-05</tgl_skep></jabatan></riwayat_jabatan><riwayat_pendidikan><pendidikan_umum><pendidikan><nama_dik>SEKOLAH DASAR</nama_dik><tahun_lulus>1977</tahun_lulus></pendidikan><pendidikan><nama_dik>SEKOLAH LANJUTAN TINGKAT PERTAMA (SLTP)</nama_dik><tahun_lulus>1981</tahun_lulus></pendidikan><pendidikan><nama_dik>SEKOLAH LANJUTAN TINGKAT ATAS (SLTA)</nama_dik><tahun_lulus>1984</tahun_lulus></pendidikan><pendidikan><nama_dik>SARJANA MUDA (D.III)</nama_dik><tahun_lulus>1989</tahun_lulus></pendidikan></pendidikan_umum><pendidikan_pembentukan><pendidikan><nama_dik>LATPRAJAB TK II</nama_dik><tahun_lulus>1991</tahun_lulus></pendidikan><pendidikan><nama_dik>SUS MIN PERS</nama_dik><tahun_lulus>1993</tahun_lulus></pendidikan><pendidikan><nama_dik>SUS MIN PERS</nama_dik><tahun_lulus>1993</tahun_lulus></pendidikan><pendidikan><nama_dik>UJIAN DINAS</nama_dik><tahun_lulus>1996</tahun_lulus></pendidikan><pendidikan><nama_dik>ADUM</nama_dik><tahun_lulus>2001</tahun_lulus></pendidikan><pendidikan><nama_dik>SUS PEMANDU ACARA</nama_dik><tahun_lulus>2003</tahun_lulus></pendidikan><pendidikan><nama_dik>SEMINAR KEARSIPAN LIPI</nama_dik><tahun_lulus>2004</tahun_lulus></pendidikan><pendidikan><nama_dik>SOSIALISASI JABFUNG ARSIPARIS</nama_dik><tahun_lulus>2004</tahun_lulus></pendidikan><pendidikan><nama_dik>TAR KESEKRETARIATAN</nama_dik><tahun_lulus>2006</tahun_lulus></pendidikan><pendidikan><nama_dik>SOSIALISASI KEPPRES PENGADAAN BARANG DAN JASA</nama_dik><tahun_lulus>2006</tahun_lulus></pendidikan><pendidikan><nama_dik>PELATIHAN MC &amp; KEPROTOKOLAN (BINA KUALITAS)</nama_dik><tahun_lulus>2007</tahun_lulus></pendidikan><pendidikan><nama_dik>SEMINAR ENTREPEURSHIP</nama_dik><tahun_lulus>2008</tahun_lulus></pendidikan><pendidikan><nama_dik>SEMINAR HAM &amp; HANNEG</nama_dik><tahun_lulus>2008</tahun_lulus></pendidikan><pendidikan><nama_dik>SEMINAR OPTIMALISASI KINERJA PNS DEPHAN</nama_dik><tahun_lulus>2008</tahun_lulus></pendidikan></pendidikan_pembentukan></riwayat_pendidikan><riwayat_penugasan></riwayat_penugasan><riwayat_tanda_jasa><tanda_jasa><nama_tanda_jasa>SATYALANCANA KARYA SATYA X TAHUN</nama_tanda_jasa><no_skep>KEPPRES NO.65/TK/2001</no_skep><tgl_skep>2001-01-01</tgl_skep></tanda_jasa></riwayat_tanda_jasa><riwayat_bahasa><bahasa><nama_bahasa>JAWA</nama_bahasa><keterangan>AKTIF</keterangan></bahasa><bahasa><nama_bahasa>SUNDA</nama_bahasa><keterangan>AKTIF</keterangan></bahasa></riwayat_bahasa><riwayat_keluarga><keluarga><nama_keluarga>RONNY RIDWAN</nama_keluarga><jenis_kelamin>LAKI-LAKI</jenis_kelamin><tgl_lahir>1964-01-12</tgl_lahir><hubungan>SUAMI</hubungan></keluarga><keluarga><nama_keluarga>RANDY LAZUARDI</nama_keluarga><jenis_kelamin>LAKI-LAKI</jenis_kelamin><tgl_lahir>1992-08-18</tgl_lahir><hubungan>ANAK</hubungan></keluarga><keluarga><nama_keluarga>ADELLA MAWARSARI</nama_keluarga><jenis_kelamin>PEREMPUAN</jenis_kelamin><tgl_lahir>1999-06-06</tgl_lahir><hubungan>ANAK</hubungan></keluarga></riwayat_keluarga></personil_kemhan>
