<personil_kemhan><nopeg>196506261991101001</nopeg><nip>030213889</nip><nrp_nip>196506261991101001</nrp_nip><nama>EDDY NIRWANTO</nama><tempat_lahir>Jakarta</tempat_lahir><tgl_lahir>1965-06-26</tgl_lahir><jenis_kelamin>LAKI-LAKI</jenis_kelamin><unit_organisasi>U.O. KEMHAN</unit_organisasi><jenis_personil>PNS</jenis_personil><pangkat>PENGATUR II/C</pangkat><pangkat_corps>PENGATUR II/C </pangkat_corps><tmt_pangkat>2011-04-01</tmt_pangkat><angkatan_korps>PNS</angkatan_korps><kategori_pangkat>II/C</kategori_pangkat><jabatan>KURIR SUBBAG TU BIRO BAGTALA</jabatan><satker>ROREN SETJEN KEMHAN</satker><kode_jabatan>ANGGOTA</kode_jabatan><tmt_jabatan>2014-12-31</tmt_jabatan><eselon_jabatan>99</eselon_jabatan><kategori>ORGANIK</kategori><tmt_tni>1993-07-01</tmt_tni><tmt_kemhan>1991-10-01</tmt_kemhan><agama>ISLAM</agama><file_foto_1>foto/196506261991101001.jpg</file_foto_1><file_foto_2>foto/030213889.jpg</file_foto_2><riwayat_pangkat><pangkat><pangkat>CAPEG I/B</pangkat><tmt_pkt>1991-10-01</tmt_pkt><no_skep>SKEP/1987/X/1991</no_skep><tgl_skep>1991-10-21</tgl_skep></pangkat><pangkat><pangkat>JURU MUDA TK. I  I/B</pangkat><tmt_pkt>1993-07-01</tmt_pkt><no_skep>SKEP/1543/VI/1993</no_skep><tgl_skep>1993-06-03</tgl_skep></pangkat><pangkat><pangkat>JURU I/C</pangkat><tmt_pkt>1995-04-01</tmt_pkt><no_skep>03-09/04488/KEP/IV/1995</no_skep><tgl_skep>1995-05-11</tgl_skep></pangkat><pangkat><pangkat>JURU TK.I  I/D</pangkat><tmt_pkt>1999-04-01</tmt_pkt><no_skep>KA. BAKN NO. 03-09/045/KEP/IV/1999</no_skep><tgl_skep>1999-08-09</tgl_skep></pangkat><pangkat><pangkat>PENGATUR MUDA II/A</pangkat><tmt_pkt>2003-04-01</tmt_pkt><no_skep>Skep/681/V/2003</no_skep><tgl_skep>2003-05-08</tgl_skep></pangkat><pangkat><pangkat>PENGATUR MUDA TK.I  II/B</pangkat><tmt_pkt>2007-04-01</tmt_pkt><no_skep>Skep/174/III/2007</no_skep><tgl_skep>2007-03-09</tgl_skep></pangkat><pangkat><pangkat>PENGATUR II/C</pangkat><tmt_pkt>2011-04-01</tmt_pkt><no_skep>KEP/187/III/2011</no_skep><tgl_skep>2011-03-22</tgl_skep></pangkat></riwayat_pangkat><riwayat_jabatan><jabatan><jabatan>ANGGOTA BAGKU ROUM SETJEN</jabatan><tmt_jab>1989-06-01</tmt_jab><no_skep>SPRIN/842/VI/1989</no_skep><tgl_skep>1989-06-09</tgl_skep></jabatan><jabatan><jabatan>Anggota Subbag Dalprog Lap Bagran Roum Setjen Dephankam</jabatan><tmt_jab>1991-02-01</tmt_jab><no_skep>Sprin/235/II/1991</no_skep><tgl_skep>1991-02-07</tgl_skep></jabatan><jabatan><jabatan>ANGGOTA BAGREN ROUM SETJEN</jabatan><tmt_jab>1991-10-01</tmt_jab><no_skep>SKEP/1987/X/1991</no_skep><tgl_skep>1991-10-01</tgl_skep></jabatan><jabatan><jabatan>Caraka Subbag Renminro Baglem Ro. Ortala Setjen Dephan</jabatan><tmt_jab>2001-08-01</tmt_jab><no_skep>Skep/625/IX/2001</no_skep><tgl_skep>2001-09-03</tgl_skep></jabatan><jabatan><jabatan>CARAKA  SUBBAG RENMINRO BAGLEM RO ORTALA</jabatan><tmt_jab>2005-06-01</tmt_jab><no_skep>SKEP/454/VI/2005</no_skep><tgl_skep>2005-06-06</tgl_skep></jabatan><jabatan><jabatan>Anggota Subbag Minro Bag Lem Roren Setjen Dephan</jabatan><tmt_jab>2006-02-01</tmt_jab><no_skep>Skep/91/II/2006</no_skep><tgl_skep>2006-02-23</tgl_skep></jabatan><jabatan><jabatan>CARAKA SUBBAG MINRO BAGLEM  ROREN SETJEN KEMHAN</jabatan><tmt_jab>2010-06-17</tmt_jab><no_skep>KEP/417/VI/010</no_skep><tgl_skep>2010-06-24</tgl_skep></jabatan><jabatan><jabatan>KURIR SUBBAG TU BIRO BAGTAA ROREN SETJEN KEMHAN</jabatan><tmt_jab>2011-04-01</tmt_jab><no_skep>KEP/283/IV/2011</no_skep><tgl_skep>2011-04-19</tgl_skep></jabatan><jabatan><jabatan>KURIR SUBBAG TU BIRO BAGTALA ROREN SETJEN KEMHAN</jabatan><tmt_jab>2014-12-31</tmt_jab><no_skep>KEP/1485/XII/2014</no_skep><tgl_skep>2014-12-18</tgl_skep></jabatan></riwayat_jabatan><riwayat_pendidikan><pendidikan_umum><pendidikan><nama_dik>SEKOLAH DASAR</nama_dik><tahun_lulus>1982</tahun_lulus></pendidikan><pendidikan><nama_dik>SEKOLAH LANJUTAN TINGKAT PERTAMA (SLTP)</nama_dik><tahun_lulus>1991</tahun_lulus></pendidikan></pendidikan_umum><pendidikan_pembentukan><pendidikan><nama_dik>SUS MENGETIK</nama_dik><tahun_lulus>1987</tahun_lulus></pendidikan><pendidikan><nama_dik>Latprajab</nama_dik><tahun_lulus>1992</tahun_lulus></pendidikan><pendidikan><nama_dik>P-4</nama_dik><tahun_lulus>1992</tahun_lulus></pendidikan></pendidikan_pembentukan></riwayat_pendidikan><riwayat_penugasan></riwayat_penugasan><riwayat_tanda_jasa><tanda_jasa><nama_tanda_jasa>SATYALANCANA KARYA SATYA X TAHUN</nama_tanda_jasa><no_skep>KEPPRES RI NO. 063/TK/TAHUN 2002</no_skep><tgl_skep>2002-09-23</tgl_skep></tanda_jasa><tanda_jasa><nama_tanda_jasa>SATYALANCANA KARYA SATYA XX TAHUN</nama_tanda_jasa><no_skep>KEPPRES RI NO. 62/TK/TAHUN 2012</no_skep><tgl_skep>2012-08-06</tgl_skep></tanda_jasa></riwayat_tanda_jasa><riwayat_bahasa><bahasa><nama_bahasa>SUNDA</nama_bahasa><keterangan>AKTIF</keterangan></bahasa></riwayat_bahasa><riwayat_keluarga><keluarga><nama_keluarga>Iis Nurhaenah</nama_keluarga><jenis_kelamin>PEREMPUAN</jenis_kelamin><tgl_lahir>1968-02-09</tgl_lahir><hubungan>ISTRI</hubungan></keluarga><keluarga><nama_keluarga>Fitri Eka Anggraini</nama_keluarga><jenis_kelamin>PEREMPUAN</jenis_kelamin><tgl_lahir>1996-02-20</tgl_lahir><hubungan>ANAK</hubungan></keluarga></riwayat_keluarga></personil_kemhan>
