<personil_kemhan><nopeg>21950039301074</nopeg><nip>21950039301074</nip><nrp_nip>21950039301074</nrp_nip><nama>WILOGO SIWI PAMUNGKAS</nama><tempat_lahir>Purworejo</tempat_lahir><tgl_lahir>1974-10-07</tgl_lahir><jenis_kelamin>LAKI-LAKI</jenis_kelamin><unit_organisasi>U.O. KEMHAN</unit_organisasi><jenis_personil>TNI</jenis_personil><pangkat>KAPTEN</pangkat><pangkat_corps>KAPTEN INF</pangkat_corps><tmt_pangkat>2015-04-01</tmt_pangkat><angkatan_korps>TNI AD</angkatan_korps><sumber_pa_gol_3>SECAPA REG</sumber_pa_gol_3><tmt_pa_gol_3>2007-12-08</tmt_pa_gol_3><kategori_pangkat>KAPTEN</kategori_pangkat><jabatan>PENGOLAH BAHAN JAB STRUKTURAL ESELON IV KEBAWAH &amp; JAB FUNGSIONAL SUBBAGJAB BAGKARPEG</jabatan><satker>ROPEG SETJEN KEMHAN</satker><kode_jabatan>ANGGOTA</kode_jabatan><tmt_jabatan>2014-12-31</tmt_jabatan><eselon_jabatan>99</eselon_jabatan><kategori>ORGANIK</kategori><tmt_tni>1995-03-17</tmt_tni><tmt_kemhan>2008-08-15</tmt_kemhan><agama>ISLAM</agama><file_foto_1>foto/21950039301074.jpg</file_foto_1><file_foto_2>foto/21950039301074.jpg</file_foto_2><riwayat_pangkat><pangkat><pangkat>SERDA</pangkat><tmt_pkt>1995-03-17</tmt_pkt><no_skep>SKEP/1062-21/II/1995</no_skep><tgl_skep>1995-03-17</tgl_skep></pangkat><pangkat><pangkat>SERTU</pangkat><tmt_pkt>1999-10-01</tmt_pkt><no_skep>SKEP/3085-21/VIII/1999</no_skep><tgl_skep>1999-10-01</tgl_skep></pangkat><pangkat><pangkat>SERKA</pangkat><tmt_pkt>2003-10-01</tmt_pkt><no_skep>SKEP/2007-21/VIII/2003</no_skep><tgl_skep>2003-10-01</tgl_skep></pangkat><pangkat><pangkat>LETDA</pangkat><tmt_pkt>2007-12-08</tmt_pkt><no_skep>KEPPRES/48/TNI/2007</no_skep><tgl_skep>2007-12-06</tgl_skep></pangkat><pangkat><pangkat>LETTU</pangkat><tmt_pkt>2011-04-01</tmt_pkt><no_skep>KEP/53/III/2011</no_skep><tgl_skep>2011-03-21</tgl_skep></pangkat><pangkat><pangkat>KAPTEN</pangkat><tmt_pkt>2015-04-01</tmt_pkt><no_skep>KEP/119/III/2015</no_skep><tgl_skep>2015-03-23</tgl_skep></pangkat><pangkat></pangkat></riwayat_pangkat><riwayat_jabatan><jabatan><jabatan>PAMA MABES TNI (UNTUK DEPHAN RI)</jabatan><tmt_jab>2008-06-19</tmt_jab><no_skep>Kep Kasad/98/VI/2008</no_skep><tgl_skep>2008-06-17</tgl_skep></jabatan><jabatan><jabatan>TENAGA FUNGSIONAL GOL. VIII ROPEG SETJEN KEMHAN</jabatan><tmt_jab>2008-08-15</tmt_jab><no_skep>SKEP MENHAN/439/VIII/2008</no_skep></jabatan><jabatan><jabatan>PENGOLAH BAHAN JAB ES IV &amp; NON STRUKTURAL SUBBAGJAB A BAGKARPEG ROPEG SETJEN KEMHAN</jabatan><tmt_jab>2011-04-01</tmt_jab><no_skep>Kep/281/IV/2011</no_skep><tgl_skep>2011-04-19</tgl_skep></jabatan><jabatan><jabatan>PENGOLAH BAHAN JAB STRUKTURAL ESELON IV KEBAWAH &amp; JAB FUNGSIONAL SUBBAGJAB BAGKARPEG ROPEG SETJEN KEMHAN</jabatan><tmt_jab>2014-12-31</tmt_jab><no_skep>KEP/1485/XII/2014</no_skep><tgl_skep>2014-12-18</tgl_skep></jabatan><jabatan><jabatan>PAMA PUSSENIF KODIKLATAD (DIKSARCAB)</jabatan><no_skep>Kep Kasad/73-21/II/2008</no_skep><tgl_skep>2008-02-04</tgl_skep></jabatan></riwayat_jabatan><riwayat_pendidikan><pendidikan_umum><pendidikan><nama_dik>SEKOLAH DASAR</nama_dik><tahun_lulus>1987</tahun_lulus></pendidikan><pendidikan><nama_dik>SEKOLAH LANJUTAN TINGKAT PERTAMA (SLTP)</nama_dik><tahun_lulus>1990</tahun_lulus></pendidikan><pendidikan><nama_dik>SEKOLAH LANJUTAN TINGKAT ATAS (SLTA)</nama_dik><tahun_lulus>1993</tahun_lulus></pendidikan></pendidikan_umum><pendidikan_pembentukan><pendidikan><nama_dik>DIKJURBAIF</nama_dik><tahun_lulus>1995</tahun_lulus></pendidikan><pendidikan><nama_dik>SECABA_PK</nama_dik><tahun_lulus>1995</tahun_lulus></pendidikan><pendidikan><nama_dik>SUS OPERATOR KOMPUTER</nama_dik><tahun_lulus>1997</tahun_lulus></pendidikan><pendidikan><nama_dik>SUSKAT JARINGAN INTERNET</nama_dik><tahun_lulus>1999</tahun_lulus></pendidikan><pendidikan><nama_dik>SECAPA REG</nama_dik><tahun_lulus>2007</tahun_lulus></pendidikan><pendidikan><nama_dik>COMBAT INTEL</nama_dik><tahun_lulus>2008</tahun_lulus></pendidikan><pendidikan><nama_dik>SESARCABIF</nama_dik><tahun_lulus>2008</tahun_lulus></pendidikan><pendidikan><nama_dik>SUSDAS JEMENHAN</nama_dik><tahun_lulus>2008</tahun_lulus></pendidikan><pendidikan><nama_dik>SUSPATIH INFANTERI</nama_dik><tahun_lulus>2008</tahun_lulus></pendidikan><pendidikan><nama_dik>DIK LAPA 1</nama_dik><tahun_lulus>2013</tahun_lulus></pendidikan></pendidikan_pembentukan></riwayat_pendidikan><riwayat_penugasan></riwayat_penugasan><riwayat_tanda_jasa><tanda_jasa><nama_tanda_jasa>SATYALANCANA KESETIAAN VIII TAHUN</nama_tanda_jasa><no_skep>SKEP KASAD/304/IX/2006</no_skep><tgl_skep>2006-09-11</tgl_skep></tanda_jasa><tanda_jasa><nama_tanda_jasa>SATYALANCANA KESETIAAN XVI TAHUN</nama_tanda_jasa><no_skep>KEPPRES NO. 79/TK/TAHUN 2012</no_skep><tgl_skep>2012-09-18</tgl_skep></tanda_jasa></riwayat_tanda_jasa><riwayat_bahasa><bahasa><nama_bahasa>JAWA</nama_bahasa><keterangan>AKTIF</keterangan></bahasa><bahasa><nama_bahasa>INDONESIA</nama_bahasa><keterangan>AKTIF</keterangan></bahasa></riwayat_bahasa><riwayat_keluarga><keluarga><nama_keluarga>DEWI HERAWATI</nama_keluarga><jenis_kelamin>PEREMPUAN</jenis_kelamin><tgl_lahir>1981-02-02</tgl_lahir><hubungan>ISTRI</hubungan></keluarga><keluarga><nama_keluarga>Athallah Nakilaya Dullaya W</nama_keluarga><jenis_kelamin>PEREMPUAN</jenis_kelamin><tgl_lahir>2007-08-29</tgl_lahir><hubungan>ANAK</hubungan></keluarga><keluarga><nama_keluarga>Anindya Maheswari W</nama_keluarga><jenis_kelamin>PEREMPUAN</jenis_kelamin><tgl_lahir>2011-05-27</tgl_lahir><hubungan>ANAK</hubungan></keluarga><keluarga><nama_keluarga>Andhara Kirana Mahestri W.</nama_keluarga><jenis_kelamin>PEREMPUAN</jenis_kelamin><tgl_lahir>2012-10-05</tgl_lahir><hubungan>ANAK</hubungan></keluarga></riwayat_keluarga></personil_kemhan>
